ProductID,Current_Hotness,Peak_Hotness,Avg_Hotness,Current_Trend,Current_Views,Peak_CheckIn_Views,Latest_Snapshot,ProductName,Active_View_Intervals,Modification_Count,Last_Modified_At,Peak_CheckIn_Date,Demand_Score
46,0.36578270837663135,0.36578270837663135,0.36578270837663135,0.5298260082629287,36.0,36.0,2026-08-18 20:47:57,Chiva Bangkok Hotel,15,0,,2026-08-18,25.98
59,0.4500950412150579,0.4998630007253088,0.4500950412150579,0.5107384032302297,787.0,318.0,2026-08-18 17:21:38,Hotel Indigo Bangkok Wireless Road By IHG,23,3,2026-08-18 15:36:48,2026-08-21,29.82
74,0.30998959259964165,0.3365516435679761,0.30998959259964165,0.5192808211674576,32.0,8.0,2026-08-18 22:03:44,Easy Planet Bangkok Surawong,32,0,,2026-09-07,24.37
75,0.35713975379782664,0.3775702258801691,0.35713975379782664,0.50689875841427,1296.0,259.0,2026-08-18 17:49:59,The Grand Sathorn Hotel,43,0,,2026-09-09,27.3
79,0.44969632612134963,0.4532303334774412,0.44969632612134963,0.5104004387590154,472.0,283.0,2026-08-18 01:17:03,Ratchada Point Hotel,12,1,2026-08-18 01:02:44,2026-08-19,29.07
80,0.4380756362830372,0.4380756362830372,0.4380756362830372,0.5136124796880128,214.0,214.0,2026-08-18 01:02:44,iCheck inn Residence Sathorn,5,0,,2026-08-18,28.17
89,0.3919809889359254,0.3919809889359254,0.3919809889359254,0.5044203725384018,465.0,465.0,2026-08-18 19:05:06,Graceland Bangkok by Grace Hotel Bangkok,14,3,2026-08-18 19:05:06,2026-09-16,26.73
98,0.3960485841031936,0.3960485841031936,0.3960485841031936,0.5146298530637932,249.0,249.0,2026-08-18 12:51:07,Tara Garden,8,0,,2026-08-24,26.68
118,0.5430969932024615,0.5441551989377827,0.5430969932024615,0.5220231613142935,1305.0,446.0,2026-08-18 05:00:04,La Petite Salil Sukhumvit 11,21,3,2026-08-18 03:15:35,2026-09-01,33.98
149,0.39605977684322147,0.43378089814527926,0.39605977684322147,0.5108031576485577,6068.0,460.0,2026-08-18 17:21:38,Tara Lake Hotel,149,14,2026-08-18 17:07:13,2026-08-20,36.99
220,0.49545412826662905,0.49842017760300067,0.49545412826662905,0.5126985887088544,1157.0,661.0,2026-08-18 12:36:04,Atrium Boutique Resort,34,4,2026-08-18 10:34:59,2026-08-20,32.43
232,0.44237323771815723,0.44237323771815723,0.44237323771815723,0.5082641019142771,814.0,814.0,2026-08-18 18:20:34,FX Hotel Metrolink Makkasan,8,1,2026-08-18 16:35:56,2026-09-11,28.74
237,0.45372789287523596,0.455090208802236,0.45372789287523596,0.5139661357212351,521.0,288.0,2026-08-18 10:34:59,Grand Howard Hotel Bangkok,16,2,2026-08-18 08:47:02,2026-08-19,29.52
253,0.30855682331236073,0.30855682331236073,0.30855682331236073,0.508507056920145,24.0,24.0,2026-08-18 21:03:06,Maruay Garden Hotel,8,0,,2026-09-07,22.92
263,0.4657756257113494,0.4790684641715475,0.4657756257113494,0.5182183496509651,8236.0,879.0,2026-08-18 04:28:56,NH Bangkok Sukhumvit Boulevard,80,10,2026-08-18 02:46:12,2026-09-12,37.85
267,0.4144301858399276,0.43216819824425906,0.4144301858399276,0.5034659079546284,629.0,246.0,2026-08-18 18:04:18,The Twin Towers Hotel,26,5,2026-08-18 17:34:59,2026-08-23,28.3
269,0.42622471912528836,0.43563760213765623,0.42622471912528836,0.5068257407431161,2269.0,1201.0,2026-08-18 19:20:48,Holiday Inn Bangkok Silom by IHG,50,8,2026-08-18 18:20:34,2026-08-21,30.99
296,0.4343767299832298,0.4744888407609409,0.4343767299832298,0.5151820598948624,10068.0,1485.0,2026-08-18 20:32:59,Novotel Bangkok Bangna,149,19,2026-08-18 19:05:06,2026-08-25,41.01
302,0.47679440882042334,0.48302885885982233,0.47679440882042334,0.5065969358066628,4309.0,1093.0,2026-08-18 22:03:44,Ambassador Bangkok,42,2,2026-08-18 01:46:03,2026-08-24,33.85
317,0.414365363263342,0.4767712242499612,0.414365363263342,0.5146265941963111,7472.0,1298.0,2026-08-18 23:48:42,Avana Hotel and Convention Center,302,39,2026-08-18 23:03:17,2026-08-22,46.12
345,0.3722861775393727,0.4214446853951892,0.3722861775393727,0.5084619888503527,510.0,294.0,2026-08-18 17:49:59,Gold Orchid Bangkok,21,1,2026-08-18 16:06:39,2026-08-21,26.39
347,0.4111223382878191,0.4130261919107551,0.4111223382878191,0.5041991837681696,245.0,132.0,2026-08-18 03:29:22,Trinity Silom Hotel,14,3,2026-08-18 03:29:22,2026-08-26,27.36
380,0.4068035312406046,0.41244076841730337,0.4068035312406046,0.5082150757266987,268.0,117.0,2026-08-18 18:20:34,Forum Park Hotel,28,5,2026-08-18 18:20:34,2026-08-29,27.97
387,0.38052246327518224,0.38095324797274954,0.38052246327518224,0.5121331858288948,255.0,88.0,2026-08-18 12:06:15,Riverside Bangkok Hotel,24,0,,2026-09-14,26.79
404,0.4031453993604495,0.45360790141183915,0.4031453993604495,0.5062273177779613,10774.0,6306.0,2026-08-18 22:32:31,FuramaXclusive Sathorn Hotel Bangkok,84,7,2026-08-18 18:49:55,2026-09-07,36.83
408,0.4188046032517402,0.4549408057778607,0.4188046032517402,0.509147879860169,2202.0,412.0,2026-08-18 23:48:42,Citadines Sukhumvit 16 Bangkok,61,7,2026-08-18 23:19:38,2026-08-19,31.24
429,0.38110481689527664,0.3968913197778617,0.38110481689527664,0.5114853434918847,577.0,299.0,2026-08-18 13:51:17,La Petite Salil Sukhumvit 8,16,0,,2026-09-02,26.6
434,0.4785392882896561,0.5076271378189122,0.4785392882896561,0.5129948192903433,2327.0,536.0,2026-08-18 16:21:17,Vabua Asotel Bangkok,56,6,2026-08-18 01:17:03,2026-08-26,33.54
455,0.46964029443736344,0.54347011065471,0.46964029443736344,0.5129359191331515,5721.0,1573.0,2026-08-18 21:48:45,The Heritage Silom Hotel,62,8,2026-08-18 21:31:44,2026-08-29,35.51
463,0.3718313538299311,0.3718313538299311,0.3718313538299311,0.506603509868169,101.0,101.0,2026-08-18 13:37:28,Miracle Suvarnabhumi Airport,8,0,,2026-08-19,25.46
476,0.40691515007231177,0.4106905578416491,0.40691515007231177,0.5062398912628623,1190.0,781.0,2026-08-18 18:20:34,Happihaus Hotel Bangkok,30,8,2026-08-18 17:49:59,2026-08-18,28.58
480,0.40407949440211816,0.40624342629476207,0.40407949440211816,0.5125926104111327,859.0,221.0,2026-08-18 23:48:42,Thongta Resort Suvarnabhumi,12,0,,2026-08-23,27.52
484,0.3987850200496181,0.3987850200496181,0.3987850200496181,0.5140522425360172,494.0,494.0,2026-08-18 17:49:59,The Heritage Hotel Sathorn,9,0,,2026-08-24,26.97
496,0.35655210646127145,0.38317184381566205,0.35655210646127145,0.5160778487885254,469.0,242.0,2026-08-18 19:20:48,TUI BLUE Maduzi Hotel Bangkok,16,0,,2026-09-16,25.65
499,0.4446849667805854,0.46828320954204466,0.4446849667805854,0.5108891383169196,843.0,441.0,2026-08-18 16:06:39,Amanta Hotel & Residence Ratchada,12,0,,2026-09-16,29.1
500,0.3562325514025493,0.3585625911405023,0.3562325514025493,0.5062285006283657,1429.0,735.0,2026-08-18 16:21:17,La Petite Salil Sukhumvit Thonglor 1,16,2,2026-08-18 16:21:17,2026-09-09,26.01
503,0.48124589620832386,0.5284691246067887,0.48124589620832386,0.5107628836359173,2815.0,1349.0,2026-08-18 23:32:45,The Victory Executive Residences,47,5,2026-08-18 23:03:17,2026-08-23,33.45
511,0.33393117294734986,0.33393117294734986,0.33393117294734986,0.51483538028106,8.0,8.0,2026-08-18 17:07:13,Clef Hotel Bangkok,8,0,,2026-08-18,24.05
517,0.27331192880478417,0.27331192880478417,0.27331192880478417,0.5048066321474477,8.0,8.0,2026-08-18 19:34:59,P2 Boutique Hotel,8,0,,2026-09-07,21.42
522,0.45478183708677317,0.536933850964349,0.45478183708677317,0.5120160565755126,7063.0,1103.0,2026-08-18 20:17:46,Club Mahindra Mac Boutique Hotel,141,18,2026-08-18 18:36:06,2026-08-18,39.57
571,0.3065943128191153,0.32983953090021567,0.3065943128191153,0.5174266811965877,25.0,17.0,2026-08-18 23:48:42,The Imperial River House Resort Chiang Rai,16,0,,2026-09-06,23.41
579,0.4208465388658263,0.43686264241959194,0.4208465388658263,0.5180616458186853,257.0,143.0,2026-08-18 19:20:48,Royal Panerai Hotel Chiangmai,24,2,2026-08-18 17:34:59,2026-08-19,28.52
592,0.3368604036876473,0.3376461821320642,0.3368604036876473,0.5344582731073206,21.0,7.0,2026-08-18 16:35:56,Royal Peninsula Hotel Chiangmai,21,0,,2026-08-24,25.2
624,0.3213617320425757,0.3213617320425757,0.3213617320425757,0.5031015288141002,8.0,8.0,2026-08-18 14:05:44,The Imperial Resort & Sports Club Chiang Mai,8,1,2026-08-18 13:05:37,2026-08-18,23.31
657,0.3255182608421041,0.3255182608421041,0.3255182608421041,0.5061773303215453,8.0,8.0,2026-08-18 14:05:44,CH Hotel Chiang Mai,8,1,2026-08-18 13:05:37,2026-08-18,23.54
679,0.35849931589554834,0.35849931589554834,0.35849931589554834,0.5209995906959876,31.0,31.0,2026-08-18 20:17:46,S17 @ Nimman Hotel,8,0,,2026-08-18,25.17
681,0.2532594407956833,0.2532594407956833,0.2532594407956833,0.5065188815666168,8.0,8.0,2026-08-18 11:20:03,Cmor Hotel Chiang Mai By RECALL,8,0,,2026-09-08,20.66
703,0.39135783593308854,0.3936149491233899,0.39135783593308854,0.5064021035078793,713.0,254.0,2026-08-18 16:50:50,We Valley Boutique Hotel,21,2,2026-08-18 16:35:56,2026-08-22,27.24
716,0.31090486103119175,0.3148039505860363,0.31090486103119175,0.5076017499924408,261.0,103.0,2026-08-18 10:48:41,Thipurai Beach Hotel,24,0,,2026-09-14,23.92
717,0.38570236215597165,0.38570236215597165,0.38570236215597165,0.5093497861938947,186.0,186.0,2026-08-18 15:51:26,Royal Pavilion Hua Hin,6,0,,2026-08-19,26.02
718,0.4143617327129756,0.4143617327129756,0.4143617327129756,0.50724575971749,149.0,149.0,2026-08-18 18:20:34,Asia Cha Am Hotel,8,3,2026-08-18 18:20:34,2026-08-23,27.2
722,0.44886985334944574,0.4577642419901082,0.44886985334944574,0.5097040701571978,421.0,281.0,2026-08-18 15:51:26,The Regent Cha Am Beach Resort,20,3,2026-08-18 14:05:44,2026-08-22,29.38
730,0.4060602306943444,0.4357590711810436,0.4060602306943444,0.5094374582795056,2536.0,669.0,2026-08-18 23:48:42,Hinn Namm Hotel,140,15,2026-08-18 22:17:43,2026-08-19,34.8
743,0.37066427506375604,0.37066427506375604,0.37066427506375604,0.5116838412691387,50.0,50.0,2026-08-18 22:48:21,The Sea-Cret Hua Hin,8,0,,2026-09-12,25.48
746,0.4177547084371822,0.459977172333449,0.4177547084371822,0.5083803865379751,1835.0,875.0,2026-08-18 22:03:44,ibis Huahin,46,4,2026-08-18 21:03:06,2026-08-19,30.23
747,0.3846957278840442,0.4724667827704276,0.3846957278840442,0.5092159080674631,1900.0,889.0,2026-08-18 23:48:42,Baan Grood Arcadia Resort and Spa,56,7,2026-08-18 20:47:57,2026-08-18,29.45
750,0.3404126002597713,0.36260980197790393,0.3404126002597713,0.5318660490897463,38.0,22.0,2026-08-18 23:32:45,Riche Hua Hin Hotel,31,0,,2026-08-18,25.79
764,0.3833142643991739,0.45138818538668785,0.3833142643991739,0.5069996593875452,6769.0,1599.0,2026-08-18 23:48:42,Huahin Grand Hotel & Plaza,115,8,2026-08-18 23:03:17,2026-08-19,35.16
824,0.3829535787066248,0.401628542143406,0.3829535787066248,0.5148558178261499,8247.0,1027.0,2026-08-18 23:48:42,Sugar Marina Resort - ART - Karon Beach,68,0,,2026-09-05,33.89
826,0.3545900119158072,0.3553870986460988,0.3545900119158072,0.512758326414938,2334.0,621.0,2026-08-18 14:49:01,Royal Phuket City,76,4,2026-08-18 14:49:01,2026-09-05,29.56
860,0.38342289878053437,0.393270352671811,0.38342289878053437,0.51170532820323,2268.0,541.0,2026-08-18 07:44:55,Sino House Phuket,27,1,2026-08-18 06:44:16,2026-09-02,28.25
912,0.4537554945076052,0.5417965098177892,0.4537554945076052,0.5194791777583231,8439.0,2132.0,2026-08-18 18:49:55,Bhukitta Boutique Hotel Phuket,77,14,2026-08-18 17:07:13,2026-08-26,37.37
961,0.44603598914600534,0.4546173076095953,0.44603598914600534,0.511400917245512,1621.0,811.0,2026-08-18 23:19:38,Deevana Patong Resort & Spa,22,2,2026-08-18 06:44:16,2026-09-01,30.12
1050,0.3886572419220351,0.43693240051657556,0.3886572419220351,0.5129434759929353,5422.0,1330.0,2026-08-18 21:16:11,Sugar Palm Residence,76,5,2026-08-18 19:34:59,2026-09-03,32.78
1051,0.42479342708184303,0.4575207870780528,0.42479342708184303,0.5109644589629133,9114.0,779.0,2026-08-18 09:00:50,Sugar Marina Resort-SURF-Kata Beach,99,0,,2026-09-02,37.53
1065,0.4913677511288086,0.4932747293276453,0.4913677511288086,0.513212112303774,1463.0,1424.0,2026-08-18 10:48:41,Cassia Phuket,9,0,,2026-08-26,31.24
1197,0.3009695034129127,0.3009695034129127,0.3009695034129127,0.5082146480401962,52.0,13.0,2026-08-18 15:22:55,The Mangrove by Blu Monkey Resort,52,4,2026-08-18 14:05:44,2026-09-05,24.78
1223,0.5241434507437075,0.5245112127682335,0.5241434507437075,0.5103883904698874,912.0,466.0,2026-08-18 01:59:49,iCheckinn Phuket Town,16,2,2026-08-18 01:59:49,2026-08-28,32.5
1286,0.3775141368350895,0.38018240737139347,0.3775141368350895,0.5079051798956336,226.0,128.0,2026-08-18 19:34:59,The Tama Hotel,14,0,,2026-08-20,26.08
1367,0.42458729146584584,0.42458729146584584,0.42458729146584584,0.509852934206015,206.0,206.0,2026-08-18 17:34:59,The Heritage Grand Khon Kaen Hotel and Convention,8,1,2026-08-18 15:51:26,2026-08-22,27.7
1368,0.45879209290613615,0.46039691001318395,0.45879209290613615,0.50579754786397,1278.0,463.0,2026-08-18 18:49:55,Kosa Hotel Khon Kaen,24,2,2026-08-18 17:07:13,2026-08-26,30.41
1369,0.3838043784913269,0.412780073458918,0.3838043784913269,0.5051515542747145,250.0,221.0,2026-08-18 15:22:55,Charoen Thani Khon Kean,13,0,,2026-08-19,26.24
1371,0.33730287692040956,0.33730287692040956,0.33730287692040956,0.5076328589137681,11.0,11.0,2026-08-18 18:36:06,Glacier Hotel Khon Kaen,8,1,2026-08-18 18:04:18,2026-08-18,24.04
1374,0.32722989189622,0.32722989189622,0.32722989189622,0.5339391048089083,8.0,8.0,2026-08-18 18:04:18,Wareerak Hot Spring & Wellness,8,0,,2026-08-24,24.16
1382,0.3881752165924091,0.4124115823150732,0.3881752165924091,0.5107916317509303,261.0,102.0,2026-08-18 21:48:45,Sima Thani Hotel,24,4,2026-08-18 21:31:44,2026-08-29,27.07
1385,0.350616430805341,0.36025599671520914,0.350616430805341,0.5075137698697185,99.0,75.0,2026-08-18 19:20:48,The Imperial Hotel and Convention Centre Korat,18,0,,2026-08-21,25.11
1395,0.40802316737597416,0.4222813395398955,0.40802316737597416,0.5111948124173192,626.0,332.0,2026-08-18 23:48:42,Twin Lotus Hotel Nakhon Si Thammarat,45,13,2026-08-18 23:19:38,2026-09-08,29.12
1508,0.3833487448770228,0.3833487448770228,0.3833487448770228,0.5257314251124795,19.0,19.0,2026-08-18 23:48:42,Sunday JA Plus Hotel,13,1,2026-08-18 23:32:45,2026-08-18,26.5
1514,0.37090891853270364,0.4274302940106936,0.37090891853270364,0.5107225427644714,4535.0,994.0,2026-08-18 23:48:42,Windmill Resort Hotel,92,8,2026-08-18 22:48:21,2026-09-15,32.27
1530,0.3783536277040991,0.38317002198122585,0.3783536277040991,0.506543379950359,5321.0,1835.0,2026-08-18 23:48:42,Centara Pattaya Hotel,50,1,2026-08-18 23:03:17,2026-09-07,30.91
1559,0.40539118199711244,0.46190048728512584,0.40539118199711244,0.5084786287658966,5511.0,820.0,2026-08-18 22:48:21,Mood Hotel Pattaya,141,13,2026-08-18 22:32:31,2026-08-25,36.59
1621,0.3841495089033365,0.41470935041944046,0.3841495089033365,0.5063119400513941,1932.0,373.0,2026-08-18 18:04:18,Awa Resort Koh Chang,47,5,2026-08-18 17:07:13,2026-09-11,28.95
1632,0.32638797255788227,0.32638797255788227,0.32638797255788227,0.5349673445886715,8.0,8.0,2026-08-18 23:48:42,Mercure Koh Chang Hideaway,8,0,,2026-08-18,24.15
1647,0.3816414148571284,0.42526814197995755,0.3816414148571284,0.509120569860385,1274.0,235.0,2026-08-18 20:17:46,The Dewa Koh Chang,72,1,2026-08-18 18:36:06,2026-09-01,29.73
1648,0.4068530509692086,0.4540737764756079,0.4068530509692086,0.5100976979947704,3502.0,261.0,2026-08-18 23:48:42,Tolani Resort Koh Kood,119,9,2026-08-18 22:48:21,2026-08-27,34.4
1657,0.32713226467725726,0.32713226467725726,0.32713226467725726,0.5301365623131342,8.0,8.0,2026-08-18 17:07:13,River Kwai Hotel,8,0,,2026-08-18,24.08
1658,0.3145171412441724,0.3145171412441724,0.3145171412441724,0.4947263133176931,8.0,8.0,2026-08-18 13:37:28,Pung Waan Resort and Spa,8,1,2026-08-18 12:51:07,2026-08-18,22.87
1762,0.331193069155719,0.3546693489382028,0.331193069155719,0.5109702297146032,89.0,45.0,2026-08-18 10:48:41,The Park Hotel Phitsanulok,15,0,,2026-08-18,24.25
1763,0.35300255740290254,0.3632222608039169,0.35300255740290254,0.5096625686368909,201.0,76.0,2026-08-18 18:49:55,Ayara Grand Palace Hotel,39,1,2026-08-18 13:05:37,2026-08-20,26.34
1767,0.40404593712615366,0.40910008437239315,0.40404593712615366,0.5137432065675157,686.0,167.0,2026-08-18 16:50:50,Ruean Phae Royal Park Hotel,35,8,2026-08-18 16:35:56,2026-09-16,28.56
1770,0.3329957475388168,0.4185383030116425,0.3329957475388168,0.5097538515058948,124.0,62.0,2026-08-18 21:03:06,Grand Riverside Hotel Phitsanulok,32,2,2026-08-18 16:21:17,2026-08-27,25.15
1772,0.3580640032101287,0.38506588714849893,0.3580640032101287,0.5086381283224943,478.0,166.0,2026-08-18 14:49:01,The Imperial Hotel and Convention Centre Phitsanulok,28,0,,2026-08-18,26.15
1773,0.3781582722746029,0.37873558909831306,0.3781582722746029,0.5118775333189585,128.0,66.0,2026-08-18 03:15:35,Topland Hotel Phitsanulok,14,0,,2026-09-15,26.13
1790,0.3645140882487645,0.37538558583232845,0.3645140882487645,0.5103279705977459,328.0,170.0,2026-08-18 11:50:18,Thumrin Thana Hotel,28,0,,2026-08-18,26.35
1841,0.35429666356186057,0.3896616965887443,0.35429666356186057,0.5079521484603335,891.0,447.0,2026-08-18 22:48:21,Tohsang Heritage Ubonratchathani Hotel,62,2,2026-08-18 22:32:31,2026-08-20,27.9
1844,0.4355714647030462,0.4594890320663877,0.4355714647030462,0.5107192364092373,2070.0,1082.0,2026-08-18 23:48:42,Sunee Grand Hotel,62,7,2026-08-18 22:32:31,2026-08-20,31.91
1855,0.3510740941457861,0.3588061770151573,0.3510740941457861,0.5084614517589651,175.0,38.0,2026-08-18 00:02:04,Lamai Buri Resort,6,0,,2026-09-10,24.61
1899,0.3274828319472218,0.3274828319472218,0.3274828319472218,0.5325395390733317,35.0,7.0,2026-08-18 23:48:42,The Sea Koh Samui Resort & Residences by Tolani,20,0,,2026-08-23,24.75
1996,0.37908768106204316,0.3796245631849466,0.37908768106204316,0.5002482942055355,279.0,142.0,2026-08-18 00:32:16,Homm Chura Samui,6,2,2026-08-18 00:32:16,2026-09-12,25.63
2025,0.33598866110210224,0.33598866110210224,0.33598866110210224,0.5091280245022958,199.0,199.0,2026-08-18 10:05:15,Chaweng Noi Pool Villa,8,0,,2026-09-07,24.13
2051,0.38717203428867214,0.38717203428867214,0.38717203428867214,0.5336693644889651,47.0,47.0,2026-08-18 14:05:44,President Hotel Udonthani,13,2,2026-08-18 13:37:28,2026-08-18,26.82
2052,0.4443447219451233,0.4443447219451233,0.4443447219451233,0.504048027396735,599.0,599.0,2026-08-18 14:36:30,Kantary Hotel Ayutthaya,7,1,2026-08-18 14:05:44,2026-08-25,28.56
2056,0.41307043606315097,0.41307043606315097,0.41307043606315097,0.5122202008416671,39.0,39.0,2026-08-18 11:50:18,Krungsri River Hotel,8,3,2026-08-18 11:20:03,2026-08-29,27.18
2063,0.3418311723160418,0.35195291583090216,0.3418311723160418,0.5207853868398553,52.0,36.0,2026-08-18 23:03:17,Navarat Heritage Hotel,18,0,,2026-09-01,25.0
2091,0.4058978549647154,0.43579212231552067,0.4058978549647154,0.5191236973273718,429.0,226.0,2026-08-18 22:32:31,Crystal Hotel Hat Yai,37,5,2026-08-18 15:36:48,2026-08-24,28.69
2106,0.3574900874359772,0.3574900874359772,0.3574900874359772,0.5090370254828257,14.0,14.0,2026-08-18 00:02:04,One Fu Hotel,1,0,,2026-08-17,24.54
2127,0.3396409811701625,0.36026019286194144,0.3396409811701625,0.512790752758441,80.0,65.0,2026-08-18 20:32:59,Soda Resort,23,1,2026-08-18 13:05:37,2026-08-19,25.01
2135,0.3717968201487072,0.38281302548035384,0.3717968201487072,0.5112302912671881,36.0,24.0,2026-08-18 14:49:01,Chaisaeng Palace Hotel,13,0,,2026-08-29,25.75
2138,0.40728388607045124,0.40728388607045124,0.40728388607045124,0.5145507957049174,96.0,96.0,2026-08-18 12:21:35,Koranaree Courtyard Boutique Hotel,11,2,2026-08-18 12:06:15,2026-08-19,27.18
2140,0.39612841789437425,0.39612841789437425,0.39612841789437425,0.5297294956440427,43.0,43.0,2026-08-18 18:36:06,The Imperial Narathiwat Hotel,13,0,,2026-08-28,27.1
3325,0.40793483923017304,0.4096476864761551,0.40793483923017304,0.5091857924238794,1028.0,533.0,2026-08-18 17:07:13,Modena by Fraser Bangkok,16,2,2026-08-18 15:51:26,2026-08-26,27.9
3332,0.39923180439240463,0.39923180439240463,0.39923180439240463,0.5329618881093897,8.0,8.0,2026-08-18 16:35:56,Ray Hotel Buriram,7,0,,2026-08-18,26.98
3333,0.4037119241545682,0.4092996522727159,0.4037119241545682,0.510524431867193,193.0,80.0,2026-08-18 12:36:04,Jintana Resort Buriram,31,3,2026-08-18 11:20:03,2026-08-18,27.99
4559,0.3531983268965142,0.40410907500660553,0.3531983268965142,0.5163281969174349,98.0,63.0,2026-08-18 23:48:42,Prachuap Grand Hotel,25,2,2026-08-18 10:05:15,2026-08-18,25.74
4560,0.3530634320445896,0.3530634320445896,0.3530634320445896,0.5093174723630569,41.0,41.0,2026-08-18 09:47:39,The Centris Hotel Phatthalung,8,0,,2026-08-19,24.72
4578,0.4635300255193193,0.516822697076801,0.4635300255193193,0.5166980624710419,569.0,346.0,2026-08-18 23:48:42,A-Te Chumphon Hotel,13,3,2026-08-18 23:32:45,2026-09-01,29.85
4581,0.42624236202148974,0.42624236202148974,0.42624236202148974,0.5118223805119821,60.0,60.0,2026-08-18 15:36:48,Prajaktra City Hostel,12,3,2026-08-18 15:36:48,2026-08-18,27.91
4604,0.3614361790475601,0.3614361790475601,0.3614361790475601,0.5083538767016885,18.0,18.0,2026-08-18 00:02:04,Golden Dragon Resort,1,0,,2026-08-17,24.68
4607,0.33925801011721557,0.33925801011721557,0.33925801011721557,0.5177657743153401,106.0,106.0,2026-08-18 16:50:50,Chainat Grand Hotel,11,0,,2026-08-18,24.53
4611,0.37161062364987035,0.431780457446909,0.37161062364987035,0.5102053522558245,2587.0,535.0,2026-08-18 23:48:42,PLAAI Prime Hotel Rayong,259,12,2026-08-18 23:32:45,2026-09-07,39.29
4627,0.35161383980589184,0.35161383980589184,0.35161383980589184,0.5239486525939262,74.0,74.0,2026-08-18 18:36:06,Dad D Resort by Lopburi Inn Resort,23,1,2026-08-18 18:20:34,2026-08-18,25.71
4628,0.35969746902762306,0.40170410507957727,0.35969746902762306,0.5170588980305043,84.0,12.0,2026-08-18 15:51:26,MDR Hotel,42,0,,2026-08-24,26.83
4636,0.37497361864191364,0.3782807063927072,0.37497361864191364,0.508589393216108,489.0,117.0,2026-08-18 00:32:16,Curve Boutique Hotel,15,0,,2026-08-22,26.2
4640,0.3626754110826307,0.3626754110826307,0.3626754110826307,0.5175901347154434,40.0,40.0,2026-08-18 14:49:01,Aramis Hotel Nakhon Sawan,17,3,2026-08-18 13:37:28,2026-08-19,25.71
4649,0.37789079869277425,0.37789079869277425,0.37789079869277425,0.5073734756940215,120.0,120.0,2026-08-18 23:48:42,Get Zleep Premium Budget Hotel,7,0,,2026-08-19,25.68
4664,0.2756233693662566,0.2756233693662566,0.2756233693662566,0.5090693623971224,4.0,4.0,2026-08-18 23:48:42,Uthai River Lake Resort,4,0,,2026-08-24,21.4
4671,0.2874371443199814,0.2874371443199814,0.2874371443199814,0.5130855491467685,1.0,1.0,2026-08-18 00:02:04,Ban Suan Resort Surin Prasat,1,0,,2026-08-17,21.81
4709,0.37204507492891326,0.3736267317614628,0.37204507492891326,0.5063748521059682,224.0,119.0,2026-08-18 18:49:55,Leluxe Residence,16,0,,2026-08-25,25.93
4718,0.36418217182192314,0.36418217182192314,0.36418217182192314,0.5110285928918797,14.0,14.0,2026-08-18 19:48:47,Baan Ingna Resort Chaiyaphoom,14,0,,2026-08-18,25.48
4720,0.3650927173018427,0.3650927173018427,0.3650927173018427,0.5193841252610988,6.0,6.0,2026-08-18 14:49:01,Dee Prom Hotel Chaiyaphum,6,0,,2026-08-18,25.29
4723,0.339532487041667,0.37597033272667907,0.339532487041667,0.5142845750881858,71.0,47.0,2026-08-18 21:03:06,Sugar Marina Hotel-AVIATOR-Phuket Airport,28,0,,2026-08-18,25.28
4726,0.396284139623602,0.4415039878826989,0.396284139623602,0.5161901200286777,471.0,161.0,2026-08-18 18:36:06,Trat City Hotel,35,1,2026-08-18 14:36:30,2026-08-20,28.17
4730,0.42685877919062265,0.42685877919062265,0.42685877919062265,0.5100981390635303,89.0,89.0,2026-08-18 14:05:44,Xen Hotel Nakhon Pathom,8,1,2026-08-18 12:21:35,2026-08-19,27.72
4732,0.37459246832896537,0.38763339098588717,0.37459246832896537,0.5083251939374666,416.0,206.0,2026-08-18 22:17:43,At Sakon Hotel,53,5,2026-08-18 22:03:44,2026-08-19,27.99
4733,0.36335849634733075,0.37922664961291225,0.36335849634733075,0.5110758321008637,157.0,87.0,2026-08-18 18:20:34,Sri U-Thong Grande Hotel,31,0,,2026-08-18,26.37
4737,0.33643395737647314,0.33643395737647314,0.33643395737647314,0.5070727825696799,44.0,44.0,2026-08-18 21:16:11,Sakaeo Garden Hotel,8,0,,2026-08-19,24.02
4740,0.3516948621468061,0.3853619393539197,0.3516948621468061,0.512265380314904,37.0,21.0,2026-08-18 23:48:42,Phakawan Hotel,10,1,2026-08-18 08:47:02,2026-08-31,24.82
4756,0.3963386366077806,0.4109711851573211,0.3963386366077806,0.5089427021139377,470.0,241.0,2026-08-18 19:05:06,Songphanburi Hotel,49,5,2026-08-18 17:34:59,2026-08-19,28.71
4766,0.32713226467725726,0.32713226467725726,0.32713226467725726,0.5301365623131342,8.0,8.0,2026-08-18 17:07:13,Duenshine Resort,8,0,,2026-08-18,24.08
4772,0.35368857809924636,0.46549038525371966,0.35368857809924636,0.5113287274489351,394.0,135.0,2026-08-18 23:48:42,Seeharaj Hotel Uttaradit,87,3,2026-08-18 22:17:43,2026-09-04,28.87
4854,0.5458129816800379,0.5469489915245237,0.5458129816800379,0.5280462127592244,1674.0,871.0,2026-08-18 14:49:01,Maple Hotel,14,2,2026-08-18 13:05:37,2026-09-01,34.08
4889,0.34770396740062076,0.34770396740062076,0.34770396740062076,0.5109853207783664,23.0,23.0,2026-08-18 19:20:48,Ariya Inn Hotel,15,0,,2026-08-18,24.88
4914,,,,,0.0,0.0,2026-08-18 11:35:49,Baan Nilawan Huahin Hotel,0,0,,2026-09-12,0.0
4945,0.2905720713326217,0.2905720713326217,0.2905720713326217,0.506675611708559,14.0,7.0,2026-08-18 01:59:49,Napatra Hotel Chiangmai,14,0,,2026-09-16,22.45
4976,0.32345186498093614,0.3429880406935424,0.32345186498093614,0.5076871406645762,80.0,48.0,2026-08-18 22:17:43,Bunjongburi Hotel,35,1,2026-08-18 19:05:06,2026-09-04,24.85
5092,0.41770466576349685,0.4213307639760508,0.41770466576349685,0.5028113969951382,114.0,27.0,2026-08-18 00:02:04,Recenta Suite Phuket Suanluang,5,0,,2026-08-27,27.08
21135,0.38022594827395306,0.38022594827395306,0.38022594827395306,0.507132780078242,91.0,91.0,2026-08-18 23:48:42,Mida Hotel Ngamwongwan Nonthaburi,5,0,,2026-08-20,25.65
21222,0.3436732348802717,0.34561640156318113,0.3436732348802717,0.5170202154607497,126.0,102.0,2026-08-18 15:22:55,KP Place,29,0,,2026-08-18,25.58
21230,0.3860447780806192,0.40420146842477894,0.3860447780806192,0.5126520366199474,123.0,109.0,2026-08-18 23:48:42,Faikid Amnat Charoen Hotel,16,1,2026-08-18 22:32:31,2026-08-19,26.55
21234,0.37115226634947085,0.381085601931411,0.37115226634947085,0.5120617905372595,785.0,170.0,2026-08-18 16:50:50,Don Chan Residence,44,0,,2026-08-24,27.71
21253,0.3562207057926802,0.3562207057926802,0.3562207057926802,0.5139309485553388,56.0,56.0,2026-08-18 14:05:44,S Ratchada Leisure Hotel,20,1,2026-08-18 11:50:18,2026-08-18,25.54
21308,0.39179145431489665,0.39179145431489665,0.39179145431489665,0.5278808153869312,16.0,16.0,2026-08-18 20:47:57,Suntara Wellness Resort and Hotel,8,0,,2026-08-18,26.63
21312,0.33907741683029746,0.33907741683029746,0.33907741683029746,0.5111372121011495,42.0,42.0,2026-08-18 11:04:55,The Impress Nan Hotel,8,0,,2026-08-21,24.2
21316,0.31375479085225455,0.3203197012823216,0.31375479085225455,0.5086905194390658,158.0,142.0,2026-08-18 23:48:42,De Hug Hotel And Residence,31,1,2026-08-18 13:05:37,2026-09-06,24.33
21320,0.37004400628828055,0.3929349987098159,0.37004400628828055,0.5092356904504699,592.0,222.0,2026-08-18 23:48:42,Meesuk Chiangrai Hotel,20,0,,2026-08-21,26.32
21359,0.3355399123926609,0.3376221547628951,0.3355399123926609,0.5300141566580179,24.0,12.0,2026-08-18 16:06:39,PS Hotel Saraburi,14,0,,2026-08-19,24.72
21378,0.40465159223512015,0.46413764445619965,0.40465159223512015,0.5106370256417254,2301.0,611.0,2026-08-18 16:35:56,Hug Nimman Hotel Chiang Mai,56,2,2026-08-18 11:50:18,2026-09-02,30.52
21380,0.30784755682865345,0.30784755682865345,0.30784755682865345,0.5083732330983585,68.0,68.0,2026-08-18 16:06:39,Royal Hills Golf Resort and Spa,14,0,,2026-09-09,23.21
21389,0.37001786157825045,0.4262441697182404,0.37001786157825045,0.5079147370238283,265.0,159.0,2026-08-18 16:50:50,42C The Chic Hotel,28,2,2026-08-18 16:06:39,2026-09-01,26.49
21395,0.36714415610960865,0.40304381586656146,0.36714415610960865,0.5145903961669106,112.0,75.0,2026-08-18 22:32:31,Laplaya Boutique Resort,22,1,2026-08-18 20:47:57,2026-08-23,26.12
21400,0.391506144198698,0.391506144198698,0.391506144198698,0.513733370495665,196.0,196.0,2026-08-18 14:49:01,Calypzo Bangkok,6,0,,2026-08-21,26.35
21416,0.31378446398544946,0.31378446398544946,0.31378446398544946,0.5095390989352393,8.0,8.0,2026-08-18 18:20:34,J & Y Lodge Hotel,8,0,,2026-09-11,23.14
21418,0.3982054822267088,0.4378941235504876,0.3982054822267088,0.50431951893118,848.0,490.0,2026-08-18 23:48:42,Metro point Bangkok,50,8,2026-08-18 22:17:43,2026-08-27,28.97
21421,0.2958541660720853,0.3051259835864709,0.2958541660720853,0.5131377382799269,22.0,8.0,2026-08-18 14:49:01,Siam Tara Palace Hotel,22,0,,2026-09-07,23.19
21430,0.3758461899266165,0.3758461899266165,0.3758461899266165,0.5067375221421049,315.0,315.0,2026-08-18 23:32:45,Avana Laemchabang Boutique Hotel,16,0,,2026-08-20,26.14
21435,0.4013574502457476,0.4079642504149138,0.4013574502457476,0.5145292943435,11724.0,3298.0,2026-08-18 20:47:57,Dara Hotel Phuket,89,12,2026-08-18 14:05:44,2026-09-03,37.74
21436,0.43794055435117446,0.43794055435117446,0.43794055435117446,0.5101137607798156,10.0,10.0,2026-08-18 00:19:00,Chour Palace Hotel,2,0,,2026-08-18,27.82
21441,0.36975397448340563,0.3785962137967548,0.36975397448340563,0.5148019768376813,149.0,96.0,2026-08-18 23:48:42,Royal Princess City Lamphun,23,2,2026-08-18 11:20:03,2026-08-18,26.3
21442,0.3991023404329721,0.4075386538515728,0.3991023404329721,0.5123205903012089,80.0,66.0,2026-08-18 13:05:37,Maihom Resort Dechatiwong Bridge,20,2,2026-08-18 12:51:07,2026-08-20,27.24
21443,0.3793492513261372,0.3793492513261372,0.3793492513261372,0.5373086654557669,24.0,24.0,2026-08-18 19:34:59,Trendy Hotel Nakhonpathom,9,0,,2026-08-18,26.37
21569,0.3526893442205783,0.35788637704700227,0.3526893442205783,0.5285853486193118,96.0,32.0,2026-08-18 19:48:47,Hansa JB Hotel Hat Yai,24,0,,2026-08-21,25.91
21582,0.352351724123665,0.38671733368648364,0.352351724123665,0.5091551739686712,324.0,170.0,2026-08-18 23:48:42,Alexander Hotel,23,0,,2026-09-07,25.6
21616,0.3392680382668581,0.3392680382668581,0.3392680382668581,0.5375033092081272,16.0,16.0,2026-08-18 11:35:49,Avalon Beach Resort Pattaya,10,0,,2026-08-22,24.82
21646,0.46440623633362177,0.5089392596565794,0.46440623633362177,0.5116107014361759,2097.0,453.0,2026-08-18 12:06:15,Summit Pavilion Hotel,43,5,2026-08-18 11:35:49,2026-08-29,32.17
21690,0.38857003413288055,0.4124589801809121,0.38857003413288055,0.5069646450104901,574.0,207.0,2026-08-18 23:48:42,Thipurai City Hotel,36,4,2026-08-18 23:19:38,2026-08-19,27.79
21697,0.42058783630944746,0.42813494009265524,0.42058783630944746,0.5155254552970066,311.0,110.0,2026-08-18 21:48:45,Dhevaraj Hotel,37,4,2026-08-18 20:04:15,2026-08-30,29.13
21699,0.3595318588497512,0.3595318588497512,0.3595318588497512,0.5070747225968613,29.0,29.0,2026-08-18 23:48:42,New Travel Lodge,4,0,,2026-08-27,24.74
21786,0.33397348275244276,0.33397348275244276,0.33397348275244276,0.5365413835684899,8.0,8.0,2026-08-18 13:05:37,Noble Place Chiang Mai,8,0,,2026-08-18,24.49
21797,0.42245880873954855,0.42245880873954855,0.42245880873954855,0.5111425566432798,62.0,62.0,2026-08-18 22:03:44,Golden City Rayong Hotel,8,1,2026-08-18 20:17:46,2026-08-20,27.55
21854,0.3101251090118438,0.3101251090118438,0.3101251090118438,0.5077470973293478,30.0,30.0,2026-08-18 06:44:16,P.P. Blue Sky Resort,8,0,,2026-09-12,22.97
21884,0.41441059327814944,0.45345483560564276,0.41441059327814944,0.510961954647092,283.0,216.0,2026-08-18 23:48:42,Napalai Hotel Udonthani,33,2,2026-08-18 14:49:01,2026-08-20,28.58
21903,0.35746554118097307,0.3604745892993767,0.35746554118097307,0.5101451595237521,116.0,77.0,2026-08-18 14:05:44,Monsane River Kwai Resort,14,0,,2026-08-22,25.26
21937,0.3828861558643823,0.4106330078069987,0.3828861558643823,0.5101578540342543,811.0,152.0,2026-08-18 23:48:42,Khonkaen Hotel,133,17,2026-08-18 23:32:45,2026-08-21,32.51
21970,0.43486100761176344,0.4577014063860114,0.43486100761176344,0.5077434722521296,26.0,16.0,2026-08-18 23:48:42,Kasemsarn Hotel Chanthaburi,5,3,2026-08-18 23:32:45,2026-08-19,27.81
21999,0.40021599111997314,0.4260416536145891,0.40021599111997314,0.5109119580581728,205.0,101.0,2026-08-18 23:48:42,PhoomThai Garden Hotel,36,2,2026-08-18 00:47:09,2026-08-18,28.11
22104,0.3586190496836814,0.37528645984431336,0.3586190496836814,0.5155238753156136,125.0,113.0,2026-08-18 19:34:59,Phuketa Hotel,16,0,,2026-08-19,25.51
22216,0.38874689541640345,0.38874689541640345,0.38874689541640345,0.5115358028930841,243.0,243.0,2026-08-18 14:05:44,Arawana Regency South Pattaya,7,0,,2026-08-21,26.27
22219,0.34077043013115327,0.3539554628262686,0.34077043013115327,0.5205581070900132,29.0,24.0,2026-08-18 23:48:42,The Piano Resort Khao Yai,17,0,,2026-08-18,24.89
22229,0.327009935146071,0.3559862626237125,0.327009935146071,0.5115666333018108,184.0,140.0,2026-08-18 22:32:31,Poonsook Resident Hotel Phitsanulok,39,0,,2026-09-07,25.33
22266,0.4257149621700495,0.4257149621700495,0.4257149621700495,0.5050119049864886,364.0,364.0,2026-08-18 18:04:18,I Style Hua Hin Hotel,8,1,2026-08-18 16:21:17,2026-08-29,27.74
22359,0.3205530651736646,0.3229956140465715,0.3205530651736646,0.5198037302682252,53.0,22.0,2026-08-18 04:13:53,Le Cassia Hotel,46,6,2026-08-18 03:29:22,2026-08-21,25.5
22412,0.28997333477046233,0.2938600449575842,0.28997333477046233,0.5042060169444231,36.0,8.0,2026-08-18 18:49:55,The Pago Design Hotel Phuket,36,0,,2026-09-07,23.47
22440,0.33009624461071885,0.33009624461071885,0.33009624461071885,0.5207101513642575,16.0,16.0,2026-08-18 17:49:59,Synsiri 5 Nawamin 96,8,0,,2026-08-18,24.02
22463,0.3523902569948971,0.3523902569948971,0.3523902569948971,0.5068868283027121,46.0,46.0,2026-08-18 19:05:06,Mayflower Grande Hotel Phitsanulok,8,0,,2026-08-23,24.65
22714,0.3883621802602359,0.40359084424682534,0.3883621802602359,0.5078760274721874,864.0,381.0,2026-08-18 22:48:21,BP Samila Beach Hotel And Resort,46,6,2026-08-18 22:32:31,2026-08-19,28.46
22858,0.3207058921587024,0.3238592453169146,0.3207058921587024,0.5273155679082948,14.0,7.0,2026-08-18 16:21:17,Initial HuaHin,14,0,,2026-08-24,24.07
22960,0.3171766589515359,0.3180865794099117,0.3171766589515359,0.5246815505697293,31.0,23.0,2026-08-18 13:51:17,Season Palace Hua Hin,27,0,,2026-08-18,24.52
23104,0.3670039418465983,0.3792172619029178,0.3670039418465983,0.5129593013698833,57.0,25.0,2026-08-18 13:37:28,Magic House Hostel,24,0,,2026-09-02,26.15
23139,0.33498961649364933,0.33498961649364933,0.33498961649364933,0.5264055698339087,12.0,12.0,2026-08-18 15:22:55,The Palms Residence,6,0,,2026-08-18,24.23
23231,0.35881950930394996,0.35881950930394996,0.35881950930394996,0.5291196904607569,94.0,94.0,2026-08-18 18:20:34,The Greenery Hotel,13,0,,2026-08-18,25.63
23246,0.38444039528958834,0.38444039528958834,0.38444039528958834,0.5217024894251419,22.0,22.0,2026-08-18 17:34:59,Hotel Zing Pattaya,11,2,2026-08-18 16:50:50,2026-08-18,26.36
23263,0.3283031554699654,0.32881256139626736,0.3283031554699654,0.5246009339207605,40.0,32.0,2026-08-18 14:05:44,Piman Garden Boutique Hotel,25,0,,2026-08-24,24.87
23278,0.3882184359579942,0.4443101529722117,0.3882184359579942,0.5089737753922131,868.0,566.0,2026-08-18 23:48:42,Dream D Residence Phetchaburi,39,4,2026-08-18 22:17:43,2026-08-22,28.14
23375,0.34272503668129223,0.3480455462263794,0.34272503668129223,0.509434420378302,766.0,301.0,2026-08-18 22:17:43,JL Bangkok Hotel,24,0,,2026-09-13,25.53
23548,0.35582749647494455,0.35610227038977144,0.35582749647494455,0.5120117874416715,1292.0,326.0,2026-08-18 13:22:18,Blue Carina Inn Hotel,32,0,,2026-09-09,26.81
23574,0.3984081596308077,0.45597495608550653,0.3984081596308077,0.5147131654885312,261.0,132.0,2026-08-18 13:22:18,Sabai Hotel Korat,23,1,2026-08-18 11:35:49,2026-08-22,27.51
23579,0.3980486490417848,0.41790312811855,0.3980486490417848,0.5109418259951816,900.0,330.0,2026-08-18 22:17:43,Synsiri Ladprao 130,24,2,2026-08-18 20:32:59,2026-09-02,27.85
23594,0.2799487675086177,0.2799487675086177,0.2799487675086177,0.506675611708559,6.0,6.0,2026-08-18 16:06:39,Pa Prai Villa At The Plantation,6,0,,2026-08-18,21.63
23748,0.4402218277906283,0.4402218277906283,0.4402218277906283,0.5114498906348991,337.0,337.0,2026-08-18 16:06:39,My Bed Ratchada Hotel,6,0,,2026-08-24,28.33
23769,0.38194417364612837,0.401876109831523,0.38194417364612837,0.5156801131372538,2109.0,314.0,2026-08-18 17:07:13,The Color Living Hotel,75,2,2026-08-18 14:05:44,2026-08-23,30.53
23788,0.43056431245134674,0.4916098557207121,0.43056431245134674,0.5131254355000331,3207.0,858.0,2026-08-18 23:48:42,Marsi Hotel,67,5,2026-08-18 14:36:30,2026-08-25,32.69
23807,0.4206032040459394,0.4206032040459394,0.4206032040459394,0.5236181811469707,12.0,12.0,2026-08-18 15:22:55,Siri Hotel Phuket,6,0,,2026-08-18,27.6
23839,0.4045252264274057,0.4248617606259576,0.4045252264274057,0.5303656718967813,32.0,24.0,2026-08-18 19:48:47,Phanomrungpuri Hotel Nangrong,16,1,2026-08-18 18:36:06,2026-08-19,27.59
23876,0.30999638299827653,0.30999638299827653,0.30999638299827653,0.5067258184698059,7.0,7.0,2026-08-18 14:36:30,Pung Waan Resort Sai Yoke,7,1,2026-08-18 13:05:37,2026-08-18,22.88
23907,0.403999123310578,0.410456032031203,0.403999123310578,0.5127085490979043,102.0,45.0,2026-08-18 12:51:07,Windsor Resort Hotel,27,8,2026-08-18 12:51:07,2026-08-20,27.8
23923,0.38479901295342456,0.3872967483143113,0.38479901295342456,0.5107278139465478,1384.0,821.0,2026-08-18 12:51:07,HTel Resort,38,3,2026-08-18 11:50:18,2026-09-05,28.3
23924,0.38580594149790315,0.4351997150065965,0.38580594149790315,0.5088433051736615,6775.0,1567.0,2026-08-18 21:03:06,Fishermen’s Harbour Urban Resort,98,3,2026-08-18 18:04:18,2026-08-22,34.47
23937,0.3721796206142562,0.3721796206142562,0.3721796206142562,0.5140788811036578,106.0,106.0,2026-08-18 14:49:01,Brique Hotel Chiangmai,6,0,,2026-08-19,25.53
25111,0.3605161961430447,0.387825669296145,0.3605161961430447,0.5104849583441581,314.0,116.0,2026-08-18 23:48:42,Bann Chompu Resort,87,2,2026-08-18 13:51:17,2026-08-20,29.07
25115,0.35999569717475016,0.35999569717475016,0.35999569717475016,0.519197084295703,32.0,32.0,2026-08-18 22:32:31,BaanKhun Chiangmai Hotel,16,0,,2026-08-18,25.59
25116,0.4867719670835632,0.48836051406707165,0.4867719670835632,0.5334028347345667,812.0,177.0,2026-08-18 10:19:49,Park 38 Hotel,40,5,2026-08-18 08:31:02,2026-09-08,32.58
25124,0.32769601503653245,0.39725711414655823,0.32769601503653245,0.5087302649838807,263.0,74.0,2026-08-18 23:19:38,Phanthong Hotel,117,1,2026-08-18 14:36:30,2026-08-29,29.16
25130,0.28001163497024145,0.28001163497024145,0.28001163497024145,0.5099569314813168,8.0,8.0,2026-08-18 17:07:13,SP3 Resort Hotel Nakhonnayok,8,0,,2026-08-20,21.8
25131,0.4558096827891053,0.4558096827891053,0.4558096827891053,0.5083242821712424,99.0,99.0,2026-08-18 23:48:42,R1 Nimman Hotel Chiangmai,2,1,2026-08-18 23:32:45,2026-08-21,28.56
25139,0.40226979029337034,0.40226979029337034,0.40226979029337034,0.5038863676997797,70.0,70.0,2026-08-18 14:05:44,Nanaburi Hotel,14,2,2026-08-18 13:22:18,2026-08-18,26.9
25149,0.32605736759561654,0.32605736759561654,0.32605736759561654,0.5334537607874121,6.0,6.0,2026-08-18 23:48:42,Fortune View Kong Nakhon Phanom,6,0,,2026-08-19,24.01
25150,0.33371977624847404,0.3516544751289447,0.33371977624847404,0.5255178910417257,16.0,8.0,2026-08-18 23:48:42,J.P. Emerald Hotel Yasothon,16,0,,2026-08-22,24.65
25154,0.3970366720026236,0.3970366720026236,0.3970366720026236,0.5111344354468611,60.0,60.0,2026-08-18 14:05:44,Nantrungjai Boutique Hotel,10,1,2026-08-18 12:36:04,2026-08-27,26.63
25155,0.41243564661220783,0.4180861796435966,0.41243564661220783,0.5086141924423833,281.0,119.0,2026-08-18 15:22:55,"Siamese Hotel Pattaya, BW Signature Collection by Best Western",18,3,2026-08-18 14:05:44,2026-08-24,27.72
25157,0.3552057898348979,0.370277518163198,0.3552057898348979,0.5118344862822387,203.0,148.0,2026-08-18 23:48:42,River Resort & Spa,36,0,,2026-08-19,26.33
25160,0.37271884896701984,0.3791041210775216,0.37271884896701984,0.5118465804487493,730.0,328.0,2026-08-18 19:48:47,MT Place,48,2,2026-08-18 10:34:59,2026-08-19,27.93
43559,0.31971922256089824,0.32696329595454393,0.31971922256089824,0.5265249307113509,16.0,8.0,2026-08-18 23:48:42,C Tower Hotel,16,0,,2026-08-22,24.11
43564,0.3695437754701824,0.3723655514787359,0.3695437754701824,0.5075497426188353,210.0,122.0,2026-08-18 20:32:59,First & Frang Hotel,16,0,,2026-08-29,25.84
43577,0.36795304611154794,0.36795304611154794,0.36795304611154794,0.5140046890381974,29.0,29.0,2026-08-18 14:49:01,Nim See Seng Hotel,14,0,,2026-08-18,25.7
43588,0.43246900690819695,0.4668341383306753,0.43246900690819695,0.5153294648300629,461.0,153.0,2026-08-18 20:32:59,TM Land Hotel,54,7,2026-08-18 20:04:15,2026-08-29,30.52
43599,0.3854609228658967,0.3854609228658967,0.3854609228658967,0.5134389649575388,181.0,181.0,2026-08-18 23:32:45,Brown House Hotel Udonthani,8,0,,2026-09-04,26.19
43602,0.3181302706747854,0.33556322763671503,0.3181302706747854,0.5070388010292496,208.0,200.0,2026-08-18 13:22:18,Yala Rama Hotel,16,0,,2026-08-19,23.77
43603,0.40604929802980966,0.44196172480837026,0.40604929802980966,0.5133385847798759,1164.0,288.0,2026-08-18 23:48:42,V-Verve Service Apartment,102,15,2026-08-18 20:17:46,2026-08-21,32.2
43605,0.31457861154289823,0.3454417465478947,0.31457861154289823,0.5082545497775336,131.0,55.0,2026-08-18 21:16:11,Soi 4 Service Residence,49,0,,2026-08-18,25.22
43609,0.3456630195151289,0.38943508525689047,0.3456630195151289,0.518632568943461,32.0,8.0,2026-08-18 21:48:45,Bright Hotel,32,0,,2026-08-21,25.78
43611,0.2966594787050991,0.3041807147145881,0.2966594787050991,0.5077146223901671,57.0,22.0,2026-08-18 22:17:43,Grand Southern Hotel Thungsong,29,0,,2026-08-19,23.47
43623,0.33428942721981,0.3412904156182628,0.33428942721981,0.5077789471789375,101.0,61.0,2026-08-18 19:34:59,Pruksa Thara Park & Resort Hotel,55,2,2026-08-18 17:49:59,2026-08-18,26.28
43625,0.412862301411706,0.43816739353171,0.412862301411706,0.5170298251812822,205.0,70.0,2026-08-18 19:05:06,P.N. Gold Resort,24,1,2026-08-18 18:20:34,2026-08-18,28.15
43629,0.3970271723597638,0.4007779106667111,0.3970271723597638,0.5120044044323908,352.0,209.0,2026-08-18 01:02:44,The Rubber Phuket Hotel,10,0,,2026-08-19,26.82
43630,0.3450968386557932,0.3815988901561893,0.3450968386557932,0.5216529491233992,39.0,31.0,2026-08-18 23:32:45,Tanisa Resort,16,0,,2026-08-31,25.04
43637,0.31212348508559357,0.32400222794379235,0.31212348508559357,0.5093856705334586,103.0,39.0,2026-08-18 19:34:59,Kanok Udom Place 3,37,0,,2026-08-18,24.54
43642,0.3022654046286183,0.3037642657867629,0.3022654046286183,0.5096415878537128,96.0,40.0,2026-08-18 23:03:17,Grand Charoonrat Hotel,40,0,,2026-08-19,24.3
43648,0.39013861816653844,0.4463722000395088,0.39013861816653844,0.5102097003420794,3592.0,306.0,2026-08-18 23:48:42,Triple B Boutique Residence,176,3,2026-08-18 12:51:07,2026-08-23,36.57
43649,0.32966609583512463,0.33738120483850437,0.32966609583512463,0.5153306611084311,113.0,71.0,2026-08-18 16:21:17,Karnmanee Place Hotel,39,1,2026-08-18 15:51:26,2026-08-18,25.47
43651,0.31489298729476695,0.31489298729476695,0.31489298729476695,0.5074149123512445,18.0,18.0,2026-08-18 15:22:55,PC Grand Palace Hotel,6,0,,2026-09-07,23.05
43652,0.2946789614206093,0.2976551932950782,0.2946789614206093,0.5084634976684009,48.0,16.0,2026-08-18 19:48:47,Sirichai Living,24,0,,2026-08-21,23.16
43657,0.421465466411137,0.5090862135539452,0.421465466411137,0.5189048350118917,516.0,424.0,2026-08-18 23:48:42,Saraburi Garden Resort,27,2,2026-08-18 23:32:45,2026-08-22,28.87
43659,0.3980586613379138,0.4134271826038794,0.3980586613379138,0.5130779292175207,252.0,212.0,2026-08-18 19:20:48,Cbd Hotel Suratthani,23,3,2026-08-18 19:20:48,2026-08-20,27.46
43661,0.32920626577848205,0.3296985893930078,0.32920626577848205,0.5079087381997122,55.0,29.0,2026-08-18 14:05:44,Chada View Kalasin,14,0,,2026-08-20,24.04
43663,0.3431481743016814,0.3431481743016814,0.3431481743016814,0.5058038071107396,47.0,47.0,2026-08-18 18:36:06,The Capital Hotel,8,0,,2026-08-20,24.26
43668,0.4057327376164478,0.4307325268285142,0.4057327376164478,0.51035360922933,2224.0,439.0,2026-08-18 21:03:06,Elite Residence Phitsanulok,147,13,2026-08-18 19:34:59,2026-08-22,34.96
43669,0.3334414085274298,0.3334414085274298,0.3334414085274298,0.506675611708559,8.0,8.0,2026-08-18 22:48:21,New Dhara Place Lomsak,8,0,,2026-09-14,23.87
43674,0.37132467128762564,0.3849940699077265,0.37132467128762564,0.5117815339520865,694.0,326.0,2026-08-18 16:50:50,The Grace Residence Surin,30,0,,2026-08-20,26.97
43675,0.44556064789051536,0.47093259198556287,0.44556064789051536,0.5106833491747581,899.0,542.0,2026-08-18 22:17:43,OMG Hotel Khonkean,33,3,2026-08-18 20:32:59,2026-08-19,30.19
43678,0.3331046268534058,0.3331046268534058,0.3331046268534058,0.5317782524060194,8.0,8.0,2026-08-18 13:22:18,Hotel La Villa Khonkaen,8,0,,2026-08-18,24.36
43679,0.31462512560465794,0.31462512560465794,0.31462512560465794,0.5071230816909741,70.0,70.0,2026-08-18 18:20:34,Luub Plern Resort,16,0,,2026-08-20,23.55
43726,0.46400707969278243,0.46969394375348156,0.46400707969278243,0.5144639177128859,9020.0,2137.0,2026-08-18 14:05:44,The Narathiwas Hotel & Residence Sathorn Bangkok,81,1,2026-08-18 00:32:16,2026-08-28,38.23
43728,0.38560537946668444,0.4055432423827053,0.38560537946668444,0.5075534603154456,1768.0,658.0,2026-08-18 16:21:17,Tubtim Siam Suvarnabhumi Hotel,52,5,2026-08-18 14:49:01,2026-08-27,29.18
43739,0.32677892977889056,0.32677892977889056,0.32677892977889056,0.5342383207325015,14.0,14.0,2026-08-18 23:32:45,The Phu Beach Hotel,14,0,,2026-08-19,24.45
43824,0.30149352604162954,0.3087169276825325,0.30149352604162954,0.50866828259252,40.0,20.0,2026-08-18 16:21:17,Phuthong Hotel,24,0,,2026-08-21,23.43
43826,0.3781437573235902,0.4009933622735013,0.3781437573235902,0.5154944629965855,163.0,107.0,2026-08-18 14:05:44,Srilamduan Hotel Srisaket,22,0,,2026-09-07,26.61
43827,0.4015733704906825,0.46423000162327044,0.4015733704906825,0.5098125703897017,1978.0,881.0,2026-08-18 23:48:42,Buri Sriphu Hotel,107,15,2026-08-18 23:48:42,2026-08-28,32.68
43830,0.33339513555434597,0.35007266144662247,0.33339513555434597,0.5072848582321987,90.0,30.0,2026-08-18 22:48:21,Hobby Hotel Uttaradit,46,0,,2026-08-22,25.78
43831,0.3524024362705495,0.36933700363879307,0.3524024362705495,0.5126566935216573,235.0,200.0,2026-08-18 22:48:21,Smile Resort Thungsong,28,0,,2026-08-19,25.86
43834,0.3274239650331582,0.3591471075267638,0.3274239650331582,0.5095972482459061,348.0,235.0,2026-08-18 23:48:42,Peamsuk Sweet Prachinburi,42,0,,2026-08-19,25.55
43837,0.423049123112549,0.42304912311254894,0.423049123112549,0.5404336208252011,78.0,26.0,2026-08-18 15:22:55,Boonjumnong Modern Apartment,27,6,2026-08-18 14:49:01,2026-08-21,29.1
43842,0.3569472608696162,0.407196988456764,0.3569472608696162,0.5169650033714555,166.0,129.0,2026-08-18 21:03:06,Rattana View Phitsanulok,46,4,2026-08-18 18:36:06,2026-08-18,26.97
43843,0.3238487107906066,0.3238487107906066,0.3238487107906066,0.5175517041172303,30.0,30.0,2026-08-18 18:49:55,At Ayutthaya Hotel,19,0,,2026-08-18,24.25
43845,0.3374046196989154,0.3723559460166528,0.3374046196989154,0.5077984241874455,429.0,335.0,2026-08-18 22:17:43,Grand Vissanu Hotel,56,2,2026-08-18 16:06:39,2026-08-19,26.65
43846,0.3520995019633162,0.3599592147752504,0.3520995019633162,0.5083554777761798,42.0,14.0,2026-08-18 14:05:44,Pramsuk Hotel Kabinburi,21,0,,2026-08-20,25.3
43847,0.3779062499736823,0.3828868310263816,0.3779062499736823,0.5155054280697056,285.0,183.0,2026-08-18 23:48:42,The Y Residence,19,0,,2026-08-19,26.53
43849,0.45698076942516075,0.48426699736619233,0.45698076942516075,0.5157504673551814,485.0,216.0,2026-08-18 20:17:46,Rattana Park Hotel,49,5,2026-08-18 20:17:46,2026-08-19,31.28
43850,0.3895033265814884,0.4834110932824945,0.3895033265814884,0.512447408890595,3276.0,715.0,2026-08-18 23:48:42,Ratchaphruek Pavilion,313,19,2026-08-18 23:19:38,2026-08-22,43.1
43851,0.3127798502399758,0.3290426161350449,0.3127798502399758,0.5171691783828261,71.0,12.0,2026-08-18 17:21:38,Prime Time Hotel Bang Saen,70,0,,2026-08-23,26.32
43854,0.37954514117135274,0.37954514117135274,0.37954514117135274,0.5249126825596048,8.0,8.0,2026-08-18 12:21:35,Hi Hotel Saraburi,8,0,,2026-08-18,26.08
43855,0.3237365013444071,0.3237365013444071,0.3237365013444071,0.5299671827538449,8.0,8.0,2026-08-18 21:03:06,Thara Cholapruek Resort,8,0,,2026-08-18,23.94
43856,0.4180082247670646,0.4446673157010642,0.4180082247670646,0.5148108227186051,1496.0,410.0,2026-08-18 19:20:48,Grand Pruksasiri Saraburi,88,11,2026-08-18 19:20:48,2026-08-19,32.22
43865,0.35531297939847023,0.35531297939847023,0.35531297939847023,0.5076038400075199,48.0,48.0,2026-08-18 14:49:01,Boonme Heritage Hotel,6,0,,2026-08-20,24.69
43868,0.32897608455429456,0.32897608455429456,0.32897608455429456,0.5119384098107846,79.0,79.0,2026-08-18 19:20:48,Akelada Hotel,16,0,,2026-08-18,24.23
43872,0.3519640496019989,0.3568823181253951,0.3519640496019989,0.5060409822532627,62.0,46.0,2026-08-18 20:32:59,Modern Love Resort Hotel,39,3,2026-08-18 19:48:47,2026-08-18,26.14
43873,0.30472882681307756,0.3121687248604981,0.30472882681307756,0.5027854093188863,29.0,21.0,2026-08-18 19:05:06,K Star Place,16,1,2026-08-18 17:49:59,2026-08-27,23.04
43879,0.3220117185539339,0.3252065811456634,0.3220117185539339,0.5208132574951857,48.0,16.0,2026-08-18 19:20:48,Rose Garden Hotel Ayutthaya,27,0,,2026-08-20,24.65
43880,0.27417194083024415,0.27417194083024415,0.27417194083024415,0.5068887035617532,4.0,4.0,2026-08-18 00:32:16,Whale Hotel Nakhon Pathom,3,0,,2026-09-07,21.25
43885,0.37615312245458316,0.4312163440686657,0.37615312245458316,0.5089428737179842,1198.0,439.0,2026-08-18 23:48:42,S Tara Grand Hotel,83,6,2026-08-18 19:05:06,2026-08-22,30.0
43886,0.4153218748810781,0.4309555342247579,0.4153218748810781,0.5100632342866329,51.0,38.0,2026-08-18 23:48:42,Prachuap Beach Hotel,10,1,2026-08-18 23:48:42,2026-08-19,27.33
43887,0.3024102585643564,0.3024102585643564,0.3024102585643564,0.50392925111468,8.0,8.0,2026-08-18 22:17:43,Suansin Lanna Hotel,8,2,2026-08-18 21:31:44,2026-08-18,22.57
43888,0.39044269153216066,0.39044269153216066,0.39044269153216066,0.5094800153944377,79.0,79.0,2026-08-18 14:05:44,Kaewsamui Resort,8,0,,2026-08-25,26.25
43894,0.3815965373650956,0.451438128134694,0.3815965373650956,0.5095611985607468,1552.0,244.0,2026-08-18 21:03:06,Wangtai Hotel,80,5,2026-08-18 19:20:48,2026-08-21,30.3
43897,0.3453822488639113,0.35304202786842026,0.3453822488639113,0.5116231852149542,206.0,82.0,2026-08-18 17:49:59,Roma Hotel Khonkaen,23,1,2026-08-18 03:45:52,2026-09-03,25.3
43903,0.3840441092780635,0.45198027317061074,0.3840441092780635,0.5095202585426231,79.0,71.0,2026-08-18 23:19:38,JRD Grand Place,16,2,2026-08-18 21:31:44,2026-08-20,26.38
43909,0.3463934616027413,0.3821373531855784,0.3463934616027413,0.5104273430098684,695.0,288.0,2026-08-18 20:04:15,Privacy Residence Lopburi,89,4,2026-08-18 19:05:06,2026-08-18,28.83
43911,0.3269382966528023,0.3269382966528023,0.3269382966528023,0.5146307501527332,16.0,16.0,2026-08-18 18:49:55,Sritrakul Place,10,1,2026-08-18 17:07:13,2026-08-18,23.87
43913,0.43116038837812776,0.43116038837812776,0.43116038837812776,0.5111943203073525,69.0,69.0,2026-08-18 22:03:44,U Place Korat,9,2,2026-08-18 22:03:44,2026-08-24,27.95
43917,0.3433928926626469,0.3630390126538266,0.3433928926626469,0.5106047808005829,580.0,93.0,2026-08-18 23:48:42,Win D Hotel,121,0,,2026-08-25,30.21
43918,0.39868046998219614,0.43356757147823854,0.39868046998219614,0.514744531005589,2019.0,657.0,2026-08-18 22:03:44,The Zenith Residence Hotel,136,11,2026-08-18 18:20:34,2026-08-19,34.11
43923,0.29437222846899047,0.2995336983529778,0.29437222846899047,0.510047152028278,48.0,16.0,2026-08-18 14:05:44,Sophia Hotel Prachinburi,24,0,,2026-08-20,23.18
43926,0.4215168437095133,0.4215168437095133,0.4215168437095133,0.5131572380451167,53.0,53.0,2026-08-18 12:51:07,Crystal Hotel Krabi,8,1,2026-08-18 11:04:55,2026-08-19,27.55
43929,0.33251717948248555,0.34799721664415456,0.33251717948248555,0.514992739922358,35.0,27.0,2026-08-18 20:47:57,RoomQuest Phanat Nikhom,16,0,,2026-08-20,24.4
43937,0.3700353870053754,0.39704709196846805,0.3700353870053754,0.5072643832696783,356.0,134.0,2026-08-18 19:20:48,P.A. Thani Hotel,51,9,2026-08-18 19:05:06,2026-08-18,27.65
43946,0.3011352606776731,0.3011352606776731,0.3011352606776731,0.5155157129709703,8.0,8.0,2026-08-18 10:34:59,Taksila Hotel Mahasarakham,8,0,,2026-08-31,22.75
43948,0.3387850054079363,0.36040123244263067,0.3387850054079363,0.5056101787972435,1009.0,569.0,2026-08-18 20:17:46,VILLA'S DAY Phitsanulok,43,3,2026-08-18 18:04:18,2026-08-20,26.37
43952,0.3173376262498008,0.3173376262498008,0.3173376262498008,0.5215749089858653,7.0,7.0,2026-08-18 16:35:56,Bluehouse Boutique Hotel,7,0,,2026-08-18,23.47
43953,0.36886686790162704,0.36886686790162704,0.36886686790162704,0.5083660651077979,90.0,90.0,2026-08-18 12:36:04,Hub De Leaf Rayong,8,0,,2026-08-21,25.37
63314,0.27468984127259277,0.27468984127259277,0.27468984127259277,0.5042355437828727,15.0,15.0,2026-08-18 18:36:06,At Muangploy Resort,14,1,2026-08-18 16:06:39,2026-08-18,21.77
63315,0.36327782560826266,0.41275107583457427,0.36327782560826266,0.5089760591475404,597.0,279.0,2026-08-18 23:48:42,Siva Royal Hotel,93,10,2026-08-18 23:32:45,2026-08-22,29.62
63375,0.37395286534944483,0.37550064703965597,0.37395286534944483,0.5079834256311666,212.0,121.0,2026-08-18 19:34:59,Loei Village Hotel,23,2,2026-08-18 03:45:52,2026-08-19,26.37
63377,0.3737936429918054,0.4332871752956083,0.3737936429918054,0.5083135493971315,1533.0,566.0,2026-08-18 19:48:47,L Hotel Khon Kaen,86,5,2026-08-18 19:48:47,2026-08-21,30.24
63391,0.373199472710348,0.43204910434961274,0.373199472710348,0.5130188548914667,501.0,150.0,2026-08-18 18:49:55,Porn 3 Hotel Khonkaen,71,4,2026-08-18 18:49:55,2026-08-21,28.96
63394,0.3337209387700646,0.3440923013872784,0.3337209387700646,0.5273993494531948,42.0,16.0,2026-08-18 23:32:45,The Pino Hotel Pakchong,20,0,,2026-08-26,24.9
63397,0.3494390895170961,0.3494390895170961,0.3494390895170961,0.5055288788430133,70.0,70.0,2026-08-18 18:04:18,Baan Payai Resort,8,0,,2026-08-24,24.52
63399,0.28827095479338644,0.308793177381384,0.28827095479338644,0.5099573549673946,24.0,8.0,2026-08-18 17:21:38,Juntra Resort Nakhon Nayok,24,0,,2026-08-25,22.92
63406,0.38605777866623164,0.40776255737880607,0.38605777866623164,0.5133675192618067,686.0,249.0,2026-08-18 21:31:44,G2 Hotel Group,83,11,2026-08-18 21:16:11,2026-08-21,30.18
63413,0.35281953669107197,0.38530439753919676,0.35281953669107197,0.518474900670883,56.0,24.0,2026-08-18 19:34:59,Tafah Residence sakon nakhon,26,0,,2026-08-19,25.79
63415,0.27802526842007336,0.2969665764615753,0.27802526842007336,0.5071257315812644,48.0,27.0,2026-08-18 23:48:42,Park Inn Saraburi,28,0,,2026-08-19,22.66
63417,0.3137836157206644,0.34488685398166086,0.3137836157206644,0.5082056649629811,249.0,225.0,2026-08-18 20:17:46,Bedroom 77,16,0,,2026-08-20,23.65
63419,0.29159710175240305,0.29159710175240305,0.29159710175240305,0.5101339639686457,11.0,11.0,2026-08-18 23:48:42,Green Apartment,11,0,,2026-08-18,22.41
63421,0.38963621844360663,0.44480815993587414,0.38963621844360663,0.5101150677192617,1027.0,351.0,2026-08-18 22:48:21,Nartsiri Hotel,100,7,2026-08-18 22:32:31,2026-08-22,31.29
63422,0.28246409565486835,0.28246409565486835,0.28246409565486835,0.5054561287141633,24.0,24.0,2026-08-18 23:32:45,Plychan Hotel,8,0,,2026-08-19,21.81
63427,0.34678207440624154,0.3856949821007146,0.34678207440624154,0.5090530303784501,170.0,79.0,2026-08-18 22:48:21,Amphawaree,30,2,2026-08-18 22:17:43,2026-08-19,25.62
63429,0.31290742349853146,0.32216430754945913,0.31290742349853146,0.5074001237215904,112.0,53.0,2026-08-18 19:05:06,The Rich Ubon Ratchathani,73,2,2026-08-18 17:21:38,2026-08-18,26.3
63431,0.3468876761211385,0.34725140778630376,0.3468876761211385,0.5132276417000288,283.0,158.0,2026-08-18 22:32:31,Excella Hotel,32,0,,2026-08-18,25.87
63435,0.40173374902200204,0.43052059969000805,0.40173374902200204,0.5065171586096023,1355.0,498.0,2026-08-18 23:48:42,Benjatara Boutique Resort,92,18,2026-08-18 21:16:11,2026-08-19,31.51
63436,0.34287300745042515,0.3641887799127657,0.34287300745042515,0.5135878340062023,126.0,111.0,2026-08-18 23:48:42,Ban Suan Dokmai,20,2,2026-08-18 14:36:30,2026-08-18,25.04
63444,0.3720002029549493,0.4060744153825409,0.3720002029549493,0.5237912239235687,41.0,28.0,2026-08-18 23:48:42,M2 Hotel Phayao,13,2,2026-08-18 23:32:45,2026-08-21,26.02
63445,0.31855303930534573,0.31855303930534573,0.31855303930534573,0.5101154057479801,6.0,6.0,2026-08-18 01:17:03,Rittiboon Vintage,4,0,,2026-08-18,23.14
63449,0.3699101753330487,0.3998896579427429,0.3699101753330487,0.519116180683249,277.0,189.0,2026-08-18 20:32:59,FIG Boutique Hotel,34,2,2026-08-18 18:04:18,2026-08-19,27.01
63450,0.3871601533892688,0.3953847451699201,0.3871601533892688,0.5115081674471115,310.0,116.0,2026-08-18 23:48:42,The Zen Hotel Yasothon,72,19,2026-08-18 14:05:44,2026-08-19,29.42
63451,0.3569387916484487,0.40266078463342214,0.3569387916484487,0.5099829168573639,198.0,134.0,2026-08-18 18:20:34,Greenpark Hotel Kamphaengpet,33,2,2026-08-18 18:20:34,2026-08-20,26.21
63455,0.293333803137575,0.3260941558497023,0.293333803137575,0.5075945200859198,158.0,63.0,2026-08-18 23:19:38,Wangnamyen Garden Hotel,60,0,,2026-08-18,24.91
63458,0.3667905535941213,0.3667905535941213,0.3667905535941213,0.5339696337064246,8.0,8.0,2026-08-18 17:49:59,P.A. Ville Hotel Nakhon Sawan,8,0,,2026-08-18,25.75
63463,0.3887471843491886,0.4053359228741523,0.3887471843491886,0.5113928359128238,313.0,124.0,2026-08-18 15:51:26,River Hotel Nakhon Pathom,55,10,2026-08-18 15:51:26,2026-08-18,28.66
63474,0.35907689287160893,0.36353387010562205,0.35907689287160893,0.508714119725713,195.0,111.0,2026-08-18 16:06:39,Pimann Inn Hotel,12,0,,2026-08-21,25.24
63477,0.40023338023887656,0.4038546488844142,0.40023338023887656,0.5093917063699585,661.0,416.0,2026-08-18 16:21:17,Riverine Place Hotel and Residence,14,2,2026-08-18 01:46:03,2026-08-24,27.28
63481,0.41621003931472,0.4422924515336324,0.41621003931472,0.5121919869649783,90.0,55.0,2026-08-18 17:21:38,Keeree Boutique Hotel,16,1,2026-08-18 05:27:37,2026-08-22,27.73
63568,0.2694357728846305,0.2741481068500097,0.2694357728846305,0.5074900465046834,16.0,8.0,2026-08-18 22:32:31,Srivara place Phetchabun,16,0,,2026-09-14,21.72
63571,0.4632636403607134,0.5357931877099578,0.4632636403607134,0.5189561511502676,565.0,255.0,2026-08-18 23:48:42,Serene Residence,52,8,2026-08-18 22:03:44,2026-08-19,31.79
63574,0.4237002143336643,0.4924981942946332,0.4237002143336643,0.5115752971046568,8469.0,2438.0,2026-08-18 23:32:45,The Nest Hotel Phichit,172,27,2026-08-18 23:32:45,2026-08-19,40.68
63575,0.2790316395084396,0.3053271892520685,0.2790316395084396,0.5077980822809729,74.0,34.0,2026-08-18 22:03:44,Tonrak Resort,43,0,,2026-08-20,23.46
63576,0.3786900765373197,0.4137472765872913,0.3786900765373197,0.5112612013174471,221.0,122.0,2026-08-18 17:49:59,Maneerote Hotel Surin,40,4,2026-08-18 10:34:59,2026-08-18,27.46
63583,0.28166009716995494,0.2854955473567887,0.28166009716995494,0.5070913436971162,21.0,7.0,2026-08-18 09:00:50,S. Somboon Place,21,0,,2026-08-20,22.45
63591,0.3286602514125346,0.3396832723130046,0.3286602514125346,0.5077364038846195,370.0,218.0,2026-08-18 13:51:17,The Resort Kabinburi,16,0,,2026-08-20,24.31
63594,0.356350783338624,0.3570141971166299,0.356350783338624,0.5092865237580808,107.0,55.0,2026-08-18 21:48:45,Diary Suite Hotel,16,0,,2026-08-20,25.29
63595,0.3150532990178139,0.33953452670300616,0.3150532990178139,0.5068499487465288,54.0,48.0,2026-08-18 21:48:45,Watthanasup Mansion,31,0,,2026-08-18,24.29
63599,0.32920243309969854,0.32920243309969854,0.32920243309969854,0.5222696648215315,16.0,16.0,2026-08-18 20:47:57,Korat Resort Hotel,9,0,,2026-08-18,24.06
63602,0.327482437535953,0.35616893209078054,0.327482437535953,0.5091358537761028,57.0,37.0,2026-08-18 15:22:55,Phitsanulok United Hotel,14,0,,2026-08-20,24.0
63604,0.32996652409624555,0.3484251141563484,0.32996652409624555,0.5075652041991932,225.0,140.0,2026-08-18 23:48:42,Phuglong Hotel Phayao,19,0,,2026-09-07,24.41
63609,0.3146744009833649,0.3367671806256407,0.3146744009833649,0.5075678199040692,38.0,24.0,2026-08-18 23:03:17,Orchid Place Hotel,16,0,,2026-08-19,23.54
63620,0.39379420270568977,0.4152779923815111,0.39379420270568977,0.5128441685372555,206.0,94.0,2026-08-18 18:04:18,The Zenery Hotel,25,2,2026-08-18 11:04:55,2026-08-19,27.35
63626,0.3267502194359362,0.37080520842094217,0.3267502194359362,0.5127812684082719,106.0,31.0,2026-08-18 22:03:44,Baan Phor Phan Hotel,27,0,,2026-09-12,24.71
63630,0.31964537986996877,0.33368178049776653,0.31964537986996877,0.5173594959626423,40.0,24.0,2026-08-18 22:17:43,Karin Hotel Udon Thani,40,0,,2026-08-19,25.11
63632,0.36966046330051944,0.36966046330051944,0.36966046330051944,0.5139715664100951,555.0,185.0,2026-08-18 20:04:15,Gallery Design Hotel Sisaket,87,6,2026-08-18 19:05:06,2026-08-26,29.65
63634,0.3458439615149088,0.352472818278588,0.3458439615149088,0.5124223421906179,50.0,31.0,2026-08-18 23:48:42,The Farm House Hotel,14,0,,2026-08-23,24.8
63638,0.425687095597708,0.4879743330017772,0.425687095597708,0.529266243494961,54.0,46.0,2026-08-18 18:36:06,Trat Center Hotel,16,1,2026-08-18 16:06:39,2026-08-19,28.43
63642,0.3340881790826104,0.3340881790826104,0.3340881790826104,0.5083463234443145,37.0,37.0,2026-08-18 08:31:02,Buriram Siri Resort,7,0,,2026-08-18,23.89
63647,0.3292901117081905,0.33231993718990965,0.3292901117081905,0.5105881204728132,80.0,62.0,2026-08-18 18:36:06,Baan Thana Boutique Hotel,31,0,,2026-08-18,24.95
63649,0.34492040526911966,0.3591920559969373,0.34492040526911966,0.5071212739964063,124.0,67.0,2026-08-18 11:50:18,Lee Hotel Suratthani,24,0,,2026-08-30,25.19
63652,0.4192510043195746,0.4463718029125735,0.4192510043195746,0.5130147393970779,108.0,58.0,2026-08-18 18:04:18,Belleville Hotel Phetchabun,16,1,2026-08-18 09:00:50,2026-08-19,27.88
63654,0.29966754119132805,0.3131632496842874,0.29966754119132805,0.5103852395696009,74.0,21.0,2026-08-18 19:48:47,Fahluang Residence,29,0,,2026-09-12,23.66
63656,0.3564519753954848,0.36973121203054693,0.3564519753954848,0.5089089808068437,92.0,51.0,2026-08-18 21:16:11,Kitlada Hotel Udon Thani,25,0,,2026-08-19,25.71
63660,0.34878016021587277,0.34878016021587277,0.34878016021587277,0.5118959825248094,37.0,37.0,2026-08-18 22:03:44,UDTEL Boutique Hotel Udonthani,8,0,,2026-08-20,24.6
63666,0.40403955878207826,0.44235974425925667,0.40403955878207826,0.5175786203033652,407.0,295.0,2026-08-18 23:48:42,Mandy Nok Hotel,47,3,2026-08-18 22:32:31,2026-08-19,29.06
63668,0.42131853790991014,0.4616067972941229,0.42131853790991014,0.512334328164249,364.0,108.0,2026-08-18 23:48:42,I Hotel Khonkaen,55,6,2026-08-18 22:48:21,2026-08-19,30.01
63670,0.362422131569737,0.3677036808132501,0.362422131569737,0.5102589345624182,778.0,206.0,2026-08-18 23:32:45,Laemchabang City Hotel,72,0,,2026-08-20,28.69
63672,0.3602906540983464,0.3617658155776606,0.3602906540983464,0.5132350689193305,58.0,35.0,2026-08-18 19:34:59,Madina Hotel Rayong,21,2,2026-08-18 18:49:55,2026-08-18,25.74
63676,0.42512792501660807,0.47743432283231396,0.42512792501660807,0.5106757563613565,1568.0,419.0,2026-08-18 23:48:42,Loft Mania Boutique Hotel,77,6,2026-08-18 22:03:44,2026-08-21,31.93
63681,0.40520686031382325,0.4052839790145725,0.40520686031382325,0.51769529904091,29.0,19.0,2026-08-18 23:48:42,City Park Hotel Phatthalung,14,2,2026-08-18 23:03:17,2026-08-23,27.26
63685,0.3781034666838235,0.39654773908901747,0.3781034666838235,0.5074936854805009,565.0,286.0,2026-08-18 16:35:56,14 Residence,19,1,2026-08-18 15:36:48,2026-08-25,26.54
63686,0.4124917669103737,0.4349905963592504,0.4124917669103737,0.5095873479154804,578.0,393.0,2026-08-18 23:48:42,The ICon 304 - C Building,47,9,2026-08-18 23:32:45,2026-08-20,29.34
63688,0.3958750646456124,0.40718318255981945,0.3958750646456124,0.5400616387909181,43.0,27.0,2026-08-18 11:04:55,Racha Residence Sriracha,27,1,2026-08-18 11:04:55,2026-08-18,27.98
63697,0.3854172900793069,0.41565455703213494,0.3854172900793069,0.5116554641575487,1021.0,195.0,2026-08-18 19:48:47,JK Living Hotel and Service Apartment,93,5,2026-08-18 13:51:17,2026-08-19,30.81
63698,0.3905782103203976,0.4467755952504545,0.3905782103203976,0.5106716726492161,448.0,134.0,2026-08-18 23:32:45,Hansanan Hotel Phitsanulok,44,4,2026-08-18 17:49:59,2026-08-27,28.26
63699,0.35205980336893816,0.42055753631318427,0.35205980336893816,0.5086737148241427,1437.0,882.0,2026-08-18 23:48:42,My Garden Serviced Apartment,34,2,2026-08-18 11:35:49,2026-08-20,26.78
63702,0.2864458855106946,0.2969140592902635,0.2864458855106946,0.5077487118639946,24.0,8.0,2026-08-18 19:05:06,Kongthongtip Resort,24,0,,2026-09-07,22.8
63707,0.3877991321584015,0.4032856342384675,0.3877991321584015,0.5173348342505233,125.0,79.0,2026-08-18 23:48:42,Space59 Hotel,20,0,,2026-08-23,26.91
63718,0.3789506735758918,0.3789506735758918,0.3789506735758918,0.509632195648496,132.0,132.0,2026-08-18 22:48:21,MD Grand Hotel,8,0,,2026-08-19,25.82
63720,0.30766160173741613,0.34894825157861087,0.30766160173741613,0.509823635890021,45.0,11.0,2026-08-18 15:36:48,Na Tub Thieng Boutique Resort,30,0,,2026-09-04,24.0
63722,0.3166325009517955,0.3166325009517955,0.3166325009517955,0.5117880010161351,39.0,39.0,2026-08-18 17:07:13,Golden Place Guesthouse,8,0,,2026-09-01,23.32
63723,0.3212721708496898,0.33999464259996104,0.3212721708496898,0.524475308498041,40.0,16.0,2026-08-18 17:49:59,Mammoth Resort,33,0,,2026-08-24,24.98
63731,0.3335600174027054,0.3570411079648603,0.3335600174027054,0.5080931804179786,690.0,216.0,2026-08-18 22:17:43,Grand Lopburi Hotel,129,4,2026-08-18 14:49:01,2026-08-19,30.23
63732,0.4003933794404324,0.43725521787756466,0.4003933794404324,0.5131037724967912,283.0,120.0,2026-08-18 22:03:44,Tharakiree Place Hotel,42,2,2026-08-18 20:17:46,2026-08-19,28.5
63734,0.41094969839353257,0.41094969839353257,0.41094969839353257,0.5267711664681717,24.0,24.0,2026-08-18 20:04:15,Chanalai Resort,10,2,2026-08-18 19:48:47,2026-08-18,27.48
63735,0.36957138440732495,0.37873034892707674,0.36957138440732495,0.5167560763492811,295.0,173.0,2026-08-18 23:48:42,Raya Grand Hotel,42,2,2026-08-18 20:04:15,2026-08-19,27.35
63737,0.42158373394052545,0.48473462348235963,0.42158373394052545,0.5250291914934039,802.0,464.0,2026-08-18 22:17:43,Panya Resort Hotel,34,2,2026-08-18 11:04:55,2026-08-20,29.51
63738,0.32728130023377533,0.33674594810504915,0.32728130023377533,0.5226399262275161,47.0,36.0,2026-08-18 20:32:59,Baan Suan Phet Resort,18,0,,2026-09-01,24.45
63739,0.40038552810136147,0.4380715276105551,0.40038552810136147,0.5116994262694929,724.0,250.0,2026-08-18 20:47:57,Tonwa Resort,64,9,2026-08-18 16:35:56,2026-08-19,29.81
63740,0.3945306371451274,0.43599945181811417,0.3945306371451274,0.5167897214794176,545.0,260.0,2026-08-18 18:20:34,Gallery Lake View Hotel,53,3,2026-08-18 18:20:34,2026-08-24,29.04
63745,0.2897451577243566,0.2897451577243566,0.2897451577243566,0.506675611708559,12.0,12.0,2026-08-18 23:48:42,Patchara Place,4,0,,2026-08-19,21.93
63749,0.35007579003959777,0.413941488293388,0.35007579003959777,0.5100837271691128,1288.0,635.0,2026-08-18 23:48:42,Leelawadee Resort Saraburi,85,10,2026-08-18 21:16:11,2026-08-27,29.13
63750,0.4259913826385546,0.45751425160300974,0.4259913826385546,0.504650661504394,2632.0,370.0,2026-08-18 23:19:38,Yellow Moon Pattaya,65,13,2026-08-18 21:31:44,2026-08-23,31.89
63771,0.36648788873213056,0.4276375516142514,0.36648788873213056,0.5109710415773312,1291.0,331.0,2026-08-18 23:48:42,T.P. Place Hotel,46,4,2026-08-18 23:48:42,2026-08-20,27.9
63773,0.39063404318269507,0.4046997899496808,0.39063404318269507,0.5099583786557959,448.0,175.0,2026-08-18 22:48:21,Grand Myhome Hotel,48,2,2026-08-18 10:19:49,2026-08-19,28.44
63774,0.3887352820673375,0.3887352820673375,0.3887352820673375,0.5360935564912662,8.0,8.0,2026-08-18 18:20:34,Kanokan Hotel,8,0,,2026-08-18,26.67
63786,0.39026658310226703,0.41886035621570206,0.39026658310226703,0.5085397425691603,123.0,66.0,2026-08-18 11:35:49,V Hotel Ubon Ratchathani,14,1,2026-08-18 09:47:39,2026-08-31,26.54
63795,0.3763805871079195,0.41699215459971506,0.3763805871079195,0.5091538532091168,315.0,98.0,2026-08-18 23:48:42,Maison de Cheer,49,7,2026-08-18 22:48:21,2026-08-19,27.82
63801,0.4283197947792689,0.4283197947792689,0.4283197947792689,0.5104858703192027,111.0,111.0,2026-08-18 23:48:42,Anchalee Garden Hotel,7,1,2026-08-18 22:17:43,2026-08-22,27.75
63807,0.3595024107071407,0.3969581173782368,0.3595024107071407,0.5099092121580412,490.0,203.0,2026-08-18 23:48:42,Klongrien Boutique Hatyai,74,4,2026-08-18 04:28:56,2026-09-07,28.49
63815,0.2842321756008766,0.2842321756008766,0.2842321756008766,0.506675611708559,4.0,4.0,2026-08-18 00:47:09,Chawlada Hotel,4,0,,2026-09-15,21.7
63821,0.31918230861926117,0.31918230861926117,0.31918230861926117,0.5260181659686859,6.0,6.0,2026-08-18 16:06:39,Haad Kaew Resort,6,0,,2026-08-18,23.58
63824,0.3750784839941713,0.3755621139686752,0.3750784839941713,0.5113066705103748,51.0,26.0,2026-08-18 10:34:59,Happy Room Airport Chiangrai,16,0,,2026-08-22,26.04
63828,0.3258359303966941,0.35930255072307354,0.3258359303966941,0.5090956274632231,230.0,80.0,2026-08-18 22:32:31,The D257 Hotel,36,0,,2026-08-19,25.11
63830,0.4091192050550242,0.4091192050550242,0.4091192050550242,0.5127597044813651,56.0,56.0,2026-08-18 11:20:03,Chansuda Lake View Hotel,8,2,2026-08-18 11:04:55,2026-08-18,27.04
63832,0.3478885552848223,0.36854066676714,0.3478885552848223,0.5330155015500131,22.0,15.0,2026-08-18 23:48:42,Fondness Hotel,22,0,,2026-08-18,25.66
63836,0.43574599457085317,0.4783122466636599,0.43574599457085317,0.5146686525884134,106.0,73.0,2026-08-18 17:34:59,Neca Complex Apartment,15,1,2026-08-18 15:36:48,2026-08-27,28.52
63839,0.2756041305146877,0.2756041305146877,0.2756041305146877,0.506675611708559,32.0,16.0,2026-08-18 23:19:38,King Thong Resort,16,0,,2026-08-21,21.96
63840,0.3245872276257381,0.3245872276257381,0.3245872276257381,0.5306421735862514,6.0,6.0,2026-08-18 14:49:01,Le Park Hotel Thung Song,6,0,,2026-08-18,23.89
63849,0.4430494470442688,0.4430494470442688,0.4430494470442688,0.5086243654803725,274.0,274.0,2026-08-18 18:20:34,Phrae Nakara Hotel,8,1,2026-08-18 16:35:56,2026-08-25,28.45
63889,0.4010263432642026,0.42537413446281525,0.4010263432642026,0.505802734477127,348.0,244.0,2026-08-18 17:34:59,Krabi Seabass Hotel,14,1,2026-08-18 15:51:26,2026-08-22,27.05
64941,0.32883074707883253,0.3301605469746893,0.32883074707883253,0.5093877495494779,58.0,32.0,2026-08-18 07:44:55,Good Home Udonthani,14,0,,2026-08-21,24.06
64950,0.3783418637359889,0.40663347938803224,0.3783418637359889,0.5140839928950275,238.0,100.0,2026-08-18 19:20:48,The Bliss Hotel Ubon,73,7,2026-08-18 19:05:06,2026-08-18,29.13
64952,0.36074468953101313,0.36074468953101313,0.36074468953101313,0.5408669928442323,43.0,43.0,2026-08-18 14:05:44,Grand Vista Hotel Chiangrai,8,0,,2026-08-18,25.66
64954,0.3809334268688347,0.3993773912399476,0.3809334268688347,0.5226749949219075,106.0,66.0,2026-08-18 18:20:34,KM Kwan Phayao Hotel,19,2,2026-08-18 17:49:59,2026-08-19,26.68
64956,0.38088696680898104,0.38088696680898104,0.38088696680898104,0.5302140463797673,16.0,8.0,2026-08-18 11:20:03,Baan Khue Wieng Resort Maesarieng,16,0,,2026-08-20,26.63
64959,0.35110742442255743,0.36552708794339933,0.35110742442255743,0.5122928860644574,54.0,24.0,2026-08-18 14:49:01,Ma Chic & Cozy,22,0,,2026-08-20,25.4
64971,0.30894116409521416,0.30894116409521416,0.30894116409521416,0.5094479283227575,4.0,4.0,2026-08-18 00:47:09,Hug Fang Hotel,4,0,,2026-08-22,22.74
64973,0.33190003066290474,0.35602523893955457,0.33190003066290474,0.5099059010814888,383.0,95.0,2026-08-18 22:32:31,The Mercy Hotel,67,0,,2026-08-22,26.98
64980,0.44278446046169134,0.44278446046169134,0.44278446046169134,0.5152818529046416,80.0,80.0,2026-08-18 11:04:55,K.N. Grand Hotel,8,1,2026-08-18 09:18:13,2026-08-18,28.46
64985,0.3629735392677238,0.3629735392677238,0.3629735392677238,0.5098928752777754,43.0,43.0,2026-08-18 00:47:09,Merdelong Hotel Phatthalung,4,0,,2026-08-21,24.94
65010,0.3671271828362551,0.3807543453148107,0.3671271828362551,0.5315568918953286,26.0,18.0,2026-08-18 23:19:38,Pornsiri Residence,26,0,,2026-08-18,26.6
65011,0.40407166647147436,0.455398044938429,0.40407166647147436,0.5112384585807179,198.0,109.0,2026-08-18 23:48:42,Aziss Boutique Hotel,20,1,2026-08-18 21:48:45,2026-08-19,27.48
65016,0.31818380412066366,0.31818380412066366,0.31818380412066366,0.5052533240174562,63.0,63.0,2026-08-18 19:20:48,O.U.M. Hotel,23,2,2026-08-18 14:49:01,2026-08-18,23.99
65036,0.41446297441070823,0.4257648381070152,0.41446297441070823,0.5239033367093431,102.0,86.0,2026-08-18 19:48:47,Nonsi Hotel Phitsanulok,16,1,2026-08-18 18:04:18,2026-08-19,27.9
65039,0.35550877216744037,0.375410164900826,0.35550877216744037,0.5175085046893835,378.0,99.0,2026-08-18 17:07:13,The Best Place,62,0,,2026-08-25,27.83
65041,0.36782928822665983,0.3732763825139524,0.36782928822665983,0.509531158433243,249.0,99.0,2026-08-18 23:48:42,The Sleep Phang-nga,25,0,,2026-08-19,26.28
65054,0.376030227777658,0.37716653185824245,0.376030227777658,0.5131712311091786,396.0,198.0,2026-08-18 23:19:38,AU Place Hotel,27,0,,2026-08-22,26.86
65067,0.35996660354942456,0.35996660354942456,0.35996660354942456,0.5070877556366262,405.0,405.0,2026-08-18 17:07:13,Theorie Hotel Sukhumvit 107,8,0,,2026-09-02,25.17
65360,0.2973999055109129,0.3150301982283879,0.2973999055109129,0.5076348958121052,21.0,13.0,2026-08-18 18:36:06,Sukhothai Porncharoen Resort&Spa,16,0,,2026-08-20,22.84
65427,0.33719726154759266,0.43354808311621584,0.33719726154759266,0.508207426755685,680.0,143.0,2026-08-18 23:48:42,Diamond Plaza Hotel Suratthani,67,3,2026-08-18 16:35:56,2026-08-24,27.34
65430,0.3831259273010072,0.4354860893818622,0.3831259273010072,0.5102217050227955,2293.0,756.0,2026-08-18 23:48:42,Som O House Hotel,176,25,2026-08-18 22:03:44,2026-08-21,35.51
65431,0.266643286687636,0.266643286687636,0.266643286687636,0.506675611708559,8.0,8.0,2026-08-18 12:51:07,Worachat House Lomsak,8,0,,2026-09-14,21.2
65437,0.35717893564397657,0.35717893564397657,0.35717893564397657,0.5120585906338309,50.0,50.0,2026-08-18 11:35:49,ABM Service Residence,8,0,,2026-08-26,24.95
65444,0.3045692856948487,0.3045692856948487,0.3045692856948487,0.5078807050543358,50.0,50.0,2026-08-18 08:31:02,Viranya Resort Buriram,7,0,,2026-08-18,22.71
65452,0.29569848092288015,0.3264569384644312,0.29569848092288015,0.5089827168620035,24.0,12.0,2026-08-18 21:48:45,Baan Issara Korat,20,0,,2026-08-19,23.0
65455,0.3802009705921708,0.41495158014999056,0.3802009705921708,0.5092658877148071,132.0,82.0,2026-08-18 14:05:44,Orchid Surin Hotel,16,1,2026-08-18 12:21:35,2026-08-19,26.26
65457,0.43490691382451246,0.5333373070635368,0.43490691382451246,0.5129772278107714,3341.0,920.0,2026-08-18 23:48:42,Centric Place Hotel,59,3,2026-08-18 22:17:43,2026-09-08,32.55
65458,0.3389096989506791,0.3553133247235261,0.3389096989506791,0.5141462570652577,171.0,69.0,2026-08-18 17:49:59,Charoenchit House Khon Kaen,24,0,,2026-08-18,25.12
65460,0.343006007796313,0.3753697039617485,0.343006007796313,0.5114759657838793,719.0,127.0,2026-08-18 13:22:18,Mukdaview Hotel,120,0,,2026-08-25,30.25
65466,0.32615884463993616,0.36948140971377547,0.32615884463993616,0.5097929269975171,446.0,63.0,2026-08-18 15:36:48,Leosor Hotel,48,0,,2026-09-01,25.86
65472,0.3539057871862023,0.3539057871862023,0.3539057871862023,0.5442699003867686,16.0,16.0,2026-08-18 17:34:59,We Grand Ever 9,8,0,,2026-08-19,25.44
65480,0.3484050962679314,0.35674101598753327,0.3484050962679314,0.5110421732026539,135.0,65.0,2026-08-18 12:21:35,P1 House Phitsanulok,24,0,,2026-08-20,25.41
65482,0.3063924482342729,0.3063924482342729,0.3063924482342729,0.5080356160204483,24.0,24.0,2026-08-18 13:37:28,Lertnimit Hotel Chaiyaphum,8,0,,2026-09-07,22.82
65488,0.309520150561109,0.309520150561109,0.309520150561109,0.5143585239442087,8.0,8.0,2026-08-18 11:04:55,The Zell Budget Hotel Buriram,8,0,,2026-08-18,23.06
65491,0.3227751481910358,0.3392140990965605,0.3227751481910358,0.5075892091039405,79.0,39.0,2026-08-18 18:04:18,Bed Hub Hotel,51,0,,2026-08-19,25.6
65502,0.36263325363095594,0.3746626971284564,0.36263325363095594,0.5103393461873068,61.0,39.0,2026-08-18 20:04:15,The Heart of Pai Resort,37,1,2026-08-18 14:05:44,2026-08-19,26.56
65508,0.3939181808495121,0.4097638638832791,0.3939181808495121,0.5132794804679541,1622.0,483.0,2026-08-18 14:49:01,Louis Tavern Hotel,38,3,2026-08-18 12:21:35,2026-09-14,28.85
65536,0.3812837629426567,0.4424472091570472,0.3812837629426567,0.5112061862624367,599.0,359.0,2026-08-18 23:48:42,Coco Beach Resort Bangsean,91,10,2026-08-18 17:49:59,2026-08-23,30.29
65541,0.3636250982767018,0.3636250982767018,0.3636250982767018,0.5157056225218039,14.0,14.0,2026-08-18 06:59:13,108 Hotel,7,0,,2026-08-27,25.21
65545,0.35695988660604006,0.4048311896847659,0.35695988660604006,0.510501863495617,230.0,78.0,2026-08-18 14:49:01,Bonito Chinos Hotel,39,2,2026-08-18 12:51:07,2026-08-19,26.53
65548,0.3091103364394283,0.3091103364394283,0.3091103364394283,0.5120744485381026,23.0,23.0,2026-08-18 12:06:15,Baan Pha Chan Resort,8,0,,2026-08-27,23.01
65552,0.3531757294241857,0.3531757294241857,0.3531757294241857,0.506899042088901,59.0,59.0,2026-08-18 19:05:06,Le Parc Wangnang Hotel,8,0,,2026-08-23,24.69
65568,0.30639454364801155,0.33836259327404833,0.30639454364801155,0.5074340847255117,37.0,29.0,2026-08-18 23:32:45,Samprasob Resort,16,0,,2026-08-26,23.21
65581,0.38134717008064917,0.41802523448842366,0.38134717008064917,0.5093625964649529,184.0,123.0,2026-08-18 12:51:07,Anna Nava Pakkret Hotel,14,0,,2026-09-05,26.24
65591,0.3390495914805129,0.35973525462971045,0.3390495914805129,0.5088633218528666,101.0,69.0,2026-08-18 10:19:49,Wiangwalee Hotel,11,0,,2026-08-18,24.34
65618,0.40308167742077267,0.46651615267983815,0.40308167742077267,0.5094580889950249,536.0,98.0,2026-08-18 23:48:42,Tamarind Garden Hotel,62,7,2026-08-18 17:07:13,2026-08-22,29.67
65621,0.33452510673863983,0.3668745322503355,0.33452510673863983,0.5126648993429533,224.0,98.0,2026-08-18 18:36:06,The Rice Hotel Roi Et,44,1,2026-08-18 12:21:35,2026-08-20,25.92
65643,0.3232708418178089,0.3419398665108338,0.3232708418178089,0.5264120527982337,24.0,8.0,2026-08-18 23:48:42,Tanzeno Hotel,20,0,,2026-08-20,24.45
65648,0.38982685078769863,0.38982685078769863,0.38982685078769863,0.5107187323844722,34.0,34.0,2026-08-18 21:03:06,Huen Hug Hod The Resort Chiang Mai,8,0,,2026-08-29,26.22
65651,0.3960839047650386,0.42980270209613625,0.3960839047650386,0.5135407156205032,889.0,341.0,2026-08-18 23:48:42,Yala Grand Palace Hotel,47,4,2026-08-18 15:22:55,2026-08-18,28.95
65653,0.27991815305778217,0.27991815305778217,0.27991815305778217,0.506675611708559,24.0,24.0,2026-08-18 18:49:55,Park Intown Hotel Pattani,16,0,,2026-08-18,22.13
65655,0.41836541215579365,0.445418006350408,0.41836541215579365,0.512233610700932,400.0,220.0,2026-08-18 21:31:44,Tai Shan Suites,44,7,2026-08-18 14:05:44,2026-08-19,29.37
65661,0.4210013939642816,0.4465658279595184,0.4210013939642816,0.5215074006365165,455.0,216.0,2026-08-18 20:47:57,Mantra Varee Hotel,28,2,2026-08-18 19:05:06,2026-08-20,28.91
65662,0.3649246507274214,0.3649246507274214,0.3649246507274214,0.5048643717725536,46.0,46.0,2026-08-18 20:17:46,Pen Ta Hug,26,7,2026-08-18 19:34:59,2026-08-18,25.99
65663,0.3339224907758901,0.3577950485808584,0.3339224907758901,0.5083170025891572,166.0,102.0,2026-08-18 16:21:17,Stone Head Hua Hin Hotel,21,0,,2026-08-19,24.65
65672,0.4140534904558756,0.46881270991580304,0.4140534904558756,0.5085593241831394,448.0,322.0,2026-08-18 14:05:44,Infinity Seesun Resort,14,0,,2026-08-22,27.69
77196,0.3703994137314193,0.4025643770692806,0.3703994137314193,0.5128483523702119,257.0,147.0,2026-08-18 23:48:42,Sawitree Place Ubon,42,5,2026-08-18 19:20:48,2026-09-12,27.28
107201,0.4194488719311251,0.4194488719311251,0.4194488719311251,0.5143976385187763,32.0,32.0,2026-08-18 12:36:04,Baan Ing Daan Amnat Charoen,8,1,2026-08-18 10:48:41,2026-08-18,27.48
109844,0.4131385169652504,0.46103934563398324,0.4131385169652504,0.5162525482760343,211.0,134.0,2026-08-18 21:16:11,Hataara Hua Hin,28,2,2026-08-18 19:20:48,2026-08-20,28.35
127749,0.38076338251287,0.38076338251287,0.38076338251287,0.5381531944390651,3.0,3.0,2026-08-18 23:48:42,Chaikanathani Hotel,1,0,,2026-08-19,26.04
137620,0.30723701002730197,0.30723701002730197,0.30723701002730197,0.5073856971967965,17.0,17.0,2026-08-18 20:32:59,Kumkaewudon Hotel,8,1,2026-08-18 18:49:55,2026-08-18,22.84
137889,0.3801827233210777,0.42623043497810087,0.3801827233210777,0.5138629387683012,165.0,79.0,2026-08-18 17:07:13,Dino Studio Kalasin Hotel,23,0,,2026-08-19,26.71
137898,0.34529527821376543,0.4343787548079823,0.34529527821376543,0.5129491068503941,215.0,97.0,2026-08-18 19:48:47,BR Grand Hotel Hatyai,47,1,2026-08-18 13:51:17,2026-08-20,26.5
137899,0.3961113771382603,0.4147647361120427,0.3961113771382603,0.5105688962088617,202.0,170.0,2026-08-18 23:48:42,We Terminal Hotel,16,2,2026-08-18 13:22:18,2026-08-19,26.96
137900,0.35313949547897333,0.35313949547897333,0.35313949547897333,0.5068799493760964,556.0,556.0,2026-08-18 05:17:43,Mytt Beach Hotel Pattaya,7,0,,2026-09-07,24.94
137905,0.28868314492951713,0.28868314492951713,0.28868314492951713,0.507077873465935,29.0,29.0,2026-08-18 18:04:18,Ananta Resort Phatthalung,16,0,,2026-08-18,22.49
137910,0.39543390958804747,0.44582587733572576,0.39543390958804747,0.5156896833020428,5485.0,758.0,2026-08-18 23:48:42,Promsook Apartment,108,11,2026-08-18 21:48:45,2026-08-23,34.71
137913,0.31787679992169765,0.31787679992169765,0.31787679992169765,0.5077074242218009,24.0,24.0,2026-08-18 20:32:59,Nampetch Condominium,16,1,2026-08-18 19:05:06,2026-08-18,23.67
137921,0.4120389645604403,0.4120389645604403,0.4120389645604403,0.509354442063771,195.0,195.0,2026-08-18 23:48:42,The Triple V Hotel,3,1,2026-08-18 23:19:38,2026-08-19,26.93
137923,0.34383909233855353,0.43468268235377444,0.34383909233855353,0.5094087155472907,277.0,138.0,2026-08-18 23:48:42,4D Residence Ratchaburi,14,1,2026-08-18 13:37:28,2026-08-19,24.79
137925,0.28230959875278266,0.28901506699087764,0.28230959875278266,0.5039845909558295,24.0,16.0,2026-08-18 19:48:47,Nicasio Hotel,16,1,2026-08-18 19:20:48,2026-08-26,22.17
137926,0.3755055139927436,0.40571414546879586,0.3755055139927436,0.514236500267034,1603.0,860.0,2026-08-18 23:48:42,Feel@Home Place,52,2,2026-08-18 18:04:18,2026-08-29,28.81
137945,0.2732955424659676,0.2732955424659676,0.2732955424659676,0.5066374821206414,8.0,8.0,2026-08-18 21:31:44,Sweet Dreams Guest House,8,0,,2026-08-21,21.46
137955,0.37311652387036115,0.37311652387036115,0.37311652387036115,0.5071027842885839,36.0,36.0,2026-08-18 06:27:51,The Coconut Hotel Lampang,7,0,,2026-08-20,25.43
137959,0.38361954451704794,0.4065444467524505,0.38361954451704794,0.5091549080175074,182.0,122.0,2026-08-18 21:31:44,Slive Hotel Surin,22,1,2026-08-18 19:48:47,2026-08-20,26.71
137966,0.3765100297869031,0.41318837550541687,0.3765100297869031,0.5166926563450654,5533.0,1318.0,2026-08-18 20:47:57,Blu Monkey Boutique Samkong (Formerly Blu Monkey Bed & Breakfast Phuket),124,1,2026-08-18 10:19:49,2026-09-02,34.78
137967,0.4115568894484476,0.44071076130930886,0.4115568894484476,0.5084359751455567,182.0,152.0,2026-08-18 18:04:18,The Original Orange Hotel,24,1,2026-08-18 12:06:15,2026-08-19,27.91
137976,0.35390441150128,0.37842992054981084,0.35390441150128,0.5069655671321317,305.0,129.0,2026-08-18 23:48:42,De V Loft Hotel,35,5,2026-08-18 20:04:15,2026-08-21,26.19
137977,0.3425299133926109,0.3425299133926109,0.3425299133926109,0.5091311238375692,29.0,29.0,2026-08-18 23:48:42,Regent Room Suratthani,5,0,,2026-09-05,24.15
137982,0.38449878314044444,0.38449878314044444,0.38449878314044444,0.5251333102524554,16.0,16.0,2026-08-18 15:22:55,Navela Hotel,6,0,,2026-08-19,26.19
137985,0.3390668957424226,0.3687024075317469,0.3390668957424226,0.5080349144072865,120.0,48.0,2026-08-18 19:20:48,Baan Saen Sabai Ratchaburi,44,0,,2026-08-18,25.95
137986,0.36685860761945277,0.3873257026518059,0.36685860761945277,0.5090946088227231,1343.0,414.0,2026-08-18 21:48:45,Hatyai Merridian Hotel,96,5,2026-08-18 20:17:46,2026-08-19,30.36
138005,0.38122401398301786,0.45496200134682513,0.38122401398301786,0.5097298019522107,2509.0,900.0,2026-08-18 21:48:45,Tonaoi Grand Hotel,96,9,2026-08-18 20:04:15,2026-08-24,31.64
138007,0.31701825991185484,0.318007954690184,0.31701825991185484,0.5196591151505434,42.0,6.0,2026-08-18 16:06:39,Central Place Angsila,42,0,,2026-08-29,25.15
138008,0.29670627270520844,0.29670627270520844,0.29670627270520844,0.5079972829935445,32.0,32.0,2026-08-18 23:03:17,Grand Flower Hotel,10,0,,2026-09-12,22.54
138013,0.30587376831668345,0.38704100510255574,0.30587376831668345,0.5096250923290492,37.0,19.0,2026-08-18 23:48:42,Green Park Hotel Mahasarakham,19,0,,2026-08-21,23.38
138021,0.37827325578864524,0.40117367206726195,0.37827325578864524,0.5100019543182753,246.0,94.0,2026-08-18 23:19:38,PSG hotel,29,1,2026-08-18 16:35:56,2026-08-24,26.9
138022,0.3098587816084155,0.3142725681404941,0.3098587816084155,0.5066315878532337,23.0,15.0,2026-08-18 09:31:34,Come Moon Loft Hotel,23,0,,2026-08-18,23.67
138040,0.3659221273500729,0.3705573898394431,0.3659221273500729,0.508331716560094,440.0,191.0,2026-08-18 23:48:42,Golden House Hotel Sakaeo,35,0,,2026-08-19,26.78
138045,0.35706143085634423,0.37598943461284173,0.35706143085634423,0.5099553382748474,332.0,108.0,2026-08-18 22:32:31,Banjan Stay,48,3,2026-08-18 20:47:57,2026-08-19,27.03
138057,0.41361686203794173,0.430758378519653,0.41361686203794173,0.5087939378863267,905.0,542.0,2026-08-18 23:03:17,Vasana Design Hotel Ayuutthaya,92,14,2026-08-18 21:16:11,2026-08-18,31.76
138068,0.37223680674850324,0.39886377506718124,0.37223680674850324,0.512027843100928,65.0,33.0,2026-08-18 19:20:48,Alisa Hotel Krabi,15,0,,2026-08-19,25.9
138072,0.40073120833754494,0.43575348353684085,0.40073120833754494,0.5057903324051999,1267.0,867.0,2026-08-18 22:32:31,J Park Hotel,63,13,2026-08-18 21:03:06,2026-08-19,29.99
138076,0.3248087625965949,0.33053656577837653,0.3248087625965949,0.5319845893823165,14.0,8.0,2026-08-18 23:48:42,The Rich Hotel Nakhonratchasima,14,0,,2026-08-19,24.33
138077,0.36748290112250004,0.37381170680571113,0.36748290112250004,0.5094041537770623,82.0,63.0,2026-08-18 22:48:21,Sweet Home Chiangkhan,16,0,,2026-08-21,25.72
138126,0.3861874257104361,0.4157895199573554,0.3861874257104361,0.5205598598983713,74.0,34.0,2026-08-18 22:17:43,H2 Hotel Sathorn,36,2,2026-08-18 17:21:38,2026-08-19,27.66
138146,0.42830340429022123,0.42994265071845983,0.42830340429022123,0.5079347208933093,169.0,95.0,2026-08-18 17:34:59,Aspira D' Andora Sukumvit 16,16,4,2026-08-18 17:34:59,2026-08-21,28.17
138155,0.3539816103176704,0.356410413170157,0.3539816103176704,0.5135889274850325,576.0,160.0,2026-08-18 01:59:49,Hotel Tide Phuket,28,0,,2026-09-04,26.15
139423,0.3273918031423317,0.33129711420590485,0.3273918031423317,0.5310555368415859,30.0,16.0,2026-08-18 20:32:59,Maiyai Resort Kamphangphet,24,0,,2026-08-19,24.91
139619,0.35412246292716626,0.35412246292716626,0.35412246292716626,0.49517177582099486,32.0,32.0,2026-08-18 18:20:34,The Loft @ Chiangrai,16,2,2026-08-18 17:34:59,2026-08-18,24.87
141853,0.40055200188036366,0.40159304645303673,0.40055200188036366,0.5250239535798098,176.0,88.0,2026-08-18 18:20:34,Panwalee Hotel,18,0,,2026-09-03,27.51
141857,0.34848133130432424,0.34970335625910864,0.34848133130432424,0.5084359031726096,43.0,31.0,2026-08-18 16:06:39,Family House Resort,13,0,,2026-08-19,24.77
141893,0.3794868471743977,0.38637444808795607,0.3794868471743977,0.5081174381681327,316.0,179.0,2026-08-18 18:20:34,Tempo Plus Mae Sot,24,0,,2026-08-25,26.71
142069,0.3551906722010789,0.36713425429582625,0.3551906722010789,0.5100768376607314,16.0,8.0,2026-08-18 13:22:18,25 Apartment,16,0,,2026-08-19,25.2
144113,0.3089487135250386,0.3273253557174556,0.3089487135250386,0.518361089324444,16.0,8.0,2026-08-18 19:20:48,Marlin Hotel Suratthani,16,0,,2026-09-12,23.52
152355,0.3390741041552559,0.37120251781812824,0.3390741041552559,0.5090045670636592,219.0,89.0,2026-08-18 23:03:17,Park View Yala,50,1,2026-08-18 13:37:28,2026-08-18,26.32
152363,0.3254588129446486,0.3560260628501558,0.3254588129446486,0.5105143584917339,80.0,72.0,2026-08-18 20:47:57,Jasmine Lodge Kamphaeng Phet,25,1,2026-08-18 19:48:47,2026-08-19,24.5
152369,0.3397976384312898,0.3397976384312898,0.3397976384312898,0.507237292884069,59.0,59.0,2026-08-18 04:28:56,Paksina Hotel,8,0,,2026-08-18,24.16
152374,0.3944415879331353,0.4417344087345537,0.3944415879331353,0.5115611045622269,2363.0,451.0,2026-08-18 23:48:42,Orchid Riverview Hotel,123,6,2026-08-18 23:19:38,2026-08-22,33.44
152386,0.3759186692965662,0.40484724203672384,0.3759186692965662,0.509698699317028,146.0,86.0,2026-08-18 11:20:03,Sinkiat Buri Hotel,31,5,2026-08-18 10:19:49,2026-08-31,26.83
152399,0.3363984891034436,0.3695155791794759,0.3363984891034436,0.5086415331021624,187.0,122.0,2026-08-18 17:07:13,Loft Village Nakhonnayok,15,0,,2026-08-20,24.47
152407,0.2821786075054722,0.2842321756008766,0.2821786075054722,0.5066109625383055,17.0,8.0,2026-08-18 23:48:42,Jumras Apartment,17,0,,2026-09-05,22.26
152409,0.3139363699829144,0.3139363699829144,0.3139363699829144,0.5087540908948283,131.0,131.0,2026-08-18 13:22:18,The Chainato Boutique Apartment,8,0,,2026-09-07,23.2
152410,0.3276713840744911,0.3276713840744911,0.3276713840744911,0.506675611708559,24.0,24.0,2026-08-18 21:16:11,Chainat Resort,8,0,,2026-08-18,23.65
152411,0.3334097512083791,0.36338701535112367,0.3334097512083791,0.5083404624382982,177.0,79.0,2026-08-18 23:48:42,Aoontawan Resort Songkhla,45,0,,2026-08-18,25.81
152418,0.335613209456583,0.3384993880655019,0.335613209456583,0.5066493281899241,112.0,92.0,2026-08-18 14:05:44,Trang Grand Hotel,18,0,,2026-08-27,24.5
152419,0.3763370127287469,0.40099329458118865,0.3763370127287469,0.509567645968902,115.0,66.0,2026-08-18 09:47:39,Sixty-Six Place,12,0,,2026-08-18,25.9
152420,0.3864595718671319,0.4205897837536415,0.3864595718671319,0.5114887534682309,439.0,188.0,2026-08-18 22:03:44,Pannara Hotel,43,4,2026-08-18 14:05:44,2026-08-18,28.05
152425,0.29281579807784075,0.3249671451163267,0.29281579807784075,0.5080543694917734,77.0,33.0,2026-08-18 19:05:06,Saveone Boutique Hotel Chumpae,55,0,,2026-08-18,24.61
152426,0.3081723026779166,0.3081723026779166,0.3081723026779166,0.511824057387759,32.0,32.0,2026-08-18 21:03:06,Intara Resort,9,0,,2026-08-19,23.02
152886,0.36899123339359596,0.3974506890029139,0.36899123339359596,0.5155400452241226,187.0,140.0,2026-08-18 23:48:42,Maihom Villa Hotel,58,5,2026-08-18 15:51:26,2026-08-18,28.02
152889,0.38564526839192026,0.3900756753931689,0.38564526839192026,0.5161300449202564,123.0,63.0,2026-08-18 16:21:17,The Myhome Resort,24,2,2026-08-18 12:21:35,2026-08-18,27.0
152893,0.35500371874860975,0.37443979552804596,0.35500371874860975,0.5103293711196997,246.0,87.0,2026-08-18 17:21:38,168 Studio @Ubon Ratchathani,37,0,,2026-08-18,26.36
152894,0.4313144974184332,0.4313144974184332,0.4313144974184332,0.5324526199151843,48.0,48.0,2026-08-18 18:36:06,Pocket Park Chaiyaphum,9,1,2026-08-18 16:50:50,2026-08-18,28.37
152895,0.277542757669141,0.277542757669141,0.277542757669141,0.5059679672788483,6.0,6.0,2026-08-18 15:51:26,The Loft Residence at Chaiyaphum,6,0,,2026-08-18,21.52
152902,0.4022172430899471,0.42627972086725757,0.4022172430899471,0.5101903108849339,541.0,239.0,2026-08-18 17:21:38,Rapeepan Ville Hotel,66,9,2026-08-18 16:21:17,2026-08-18,29.84
152907,0.3271078692874195,0.32794841834640803,0.3271078692874195,0.5295211787012732,14.0,7.0,2026-08-18 16:35:56,The SR Residence Lampang,14,0,,2026-08-19,24.37
152909,0.27976961279343787,0.27976961279343787,0.27976961279343787,0.5078950947029546,24.0,8.0,2026-08-18 11:50:18,Ruenrabeng Mountainview Khao Soidao,24,0,,2026-08-23,22.54
152937,0.3720650024514255,0.3720650024514255,0.3720650024514255,0.5099865241209052,111.0,111.0,2026-08-18 02:32:07,Taris Art Hotel,8,0,,2026-08-18,25.54
152941,0.41953867849683774,0.48196552825976685,0.41953867849683774,0.5117570987123244,634.0,345.0,2026-08-18 16:21:17,My Room By Sermsub,30,3,2026-08-18 14:36:30,2026-08-21,28.86
152976,0.32459516787732445,0.32459516787732445,0.32459516787732445,0.5056474745892876,21.0,21.0,2026-08-18 10:34:59,Praiyanan Place Hotel,8,2,2026-08-18 09:31:34,2026-08-31,23.5
174253,0.38523930373301835,0.40878698266993085,0.38523930373301835,0.5050105349600723,325.0,135.0,2026-08-18 23:48:42,The B Ranong Trend Hotel,17,1,2026-08-18 23:32:45,2026-08-23,26.54
174257,0.37105362388484664,0.41546583818821753,0.37105362388484664,0.5104282765986621,370.0,197.0,2026-08-18 23:48:42,The Charm Boutique Resort,31,3,2026-08-18 19:48:47,2026-08-24,26.79
174258,0.39850396374155117,0.408240718967928,0.39850396374155117,0.5099285736743456,169.0,89.0,2026-08-18 16:35:56,Bestiny Hotel and Restaurant Nongphai,35,5,2026-08-18 14:49:01,2026-08-20,27.95
177798,0.3117045403762531,0.3117045403762531,0.3117045403762531,0.5152163710780597,16.0,16.0,2026-08-18 18:20:34,Baan Ma Grood Hotel,16,0,,2026-08-18,23.56
177804,0.3362541095199345,0.34338217950755096,0.3362541095199345,0.5378387097890165,19.0,11.0,2026-08-18 23:48:42,Loft at Sima,19,0,,2026-08-19,25.15
177807,0.37027780917781106,0.3936130095935317,0.37027780917781106,0.5128909932099798,181.0,67.0,2026-08-18 23:48:42,Pranee Home Phangnga,50,3,2026-08-18 19:20:48,2026-08-20,27.62
177824,0.2619624575884732,0.28611636607710833,0.2619624575884732,0.5063028308666783,64.0,8.0,2026-08-18 21:48:45,Smooth Resident Apartment,64,0,,2026-08-31,23.77
177830,0.3630649939035111,0.42761897499998375,0.3630649939035111,0.5076947006300347,342.0,141.0,2026-08-18 17:07:13,The Zeit Riverkwai,31,1,2026-08-18 15:22:55,2026-08-20,26.4
177840,0.3513554706278354,0.36665347060288483,0.3513554706278354,0.5081725916940909,784.0,414.0,2026-08-18 22:17:43,Must Come Boutique Hotel,51,2,2026-08-18 21:31:44,2026-08-19,27.18
177842,0.300213310582928,0.300213310582928,0.300213310582928,0.5088428152210672,21.0,21.0,2026-08-18 02:32:07,Mee Bed and Breakfast,8,0,,2026-08-18,22.59
177848,0.33221928235006587,0.33221928235006587,0.33221928235006587,0.506675611708559,43.0,43.0,2026-08-18 18:49:55,Good Morning Hotel at Takuapa,15,0,,2026-09-05,24.18
177855,0.300666516319646,0.300666516319646,0.300666516319646,0.5120199920759302,15.0,15.0,2026-08-18 22:03:44,The Rich Residence Surat Thani,8,0,,2026-08-18,22.67
177859,0.36923161606390753,0.36923161606390753,0.36923161606390753,0.5060480710653154,71.0,71.0,2026-08-18 15:22:55,HULA HULA RESORT I truly tropical and fun wellness,6,0,,2026-08-19,25.23
177866,0.40611337771866257,0.4509234497161521,0.40611337771866257,0.505429382680168,581.0,282.0,2026-08-18 23:48:42,Praso Ratchada Private Residence,18,1,2026-08-18 11:35:49,2026-08-20,27.58
177878,0.3276713840744911,0.3276713840744911,0.3276713840744911,0.506675611708559,24.0,24.0,2026-08-18 17:21:38,Mee Place Kumpawapi,8,0,,2026-08-18,23.65
177882,0.34811073264445924,0.37704547107259107,0.34811073264445924,0.5087297326954241,1131.0,768.0,2026-08-18 23:19:38,CoCo Hotel,69,0,,2026-09-07,28.15
177896,0.349133284476714,0.35203862879376735,0.349133284476714,0.5068910787364332,827.0,182.0,2026-08-18 16:06:39,Stay with Nimman Chiang Mai,30,0,,2026-09-13,26.07
180822,0.39090691743332934,0.4109264113537146,0.39090691743332934,0.5083499038318272,3339.0,995.0,2026-08-18 23:03:17,Zak Residence,72,11,2026-08-18 21:31:44,2026-08-22,31.33
180927,0.3098595166692037,0.3098595166692037,0.3098595166692037,0.5088344331580138,24.0,24.0,2026-08-18 18:36:06,The Tempo Lopburi,14,0,,2026-08-20,23.27
180997,0.43602221784929834,0.4804662430335164,0.43602221784929834,0.5165591775302658,1809.0,648.0,2026-08-18 19:48:47,Glai Gan Place Hotel,99,9,2026-08-18 19:05:06,2026-08-19,33.7
180998,0.35456358530127874,0.3947296045779474,0.35456358530127874,0.5120979040373586,6873.0,948.0,2026-08-18 20:47:57,Ratana Hotel Rassada,196,0,,2026-09-02,38.14
181002,0.3427237162299077,0.34825632345038493,0.3427237162299077,0.5072899727880955,68.0,34.0,2026-08-18 15:51:26,The Win Hotel Bang Saphan,28,0,,2026-08-20,25.26
181022,0.3994174486380615,0.46208491689593445,0.3994174486380615,0.5156097837252549,234.0,132.0,2026-08-18 15:22:55,Fang Modern Hotel,16,2,2026-08-18 13:37:28,2026-08-20,27.21
181027,0.3152764853512751,0.3152764853512751,0.3152764853512751,0.524313077138461,7.0,7.0,2026-08-18 02:46:12,Suphan Wanwarn Resort,7,0,,2026-08-18,23.44
181436,0.3832280774574841,0.40722777970266294,0.3832280774574841,0.5188154709958677,91.0,70.0,2026-08-18 19:20:48,Cbd2 Hotel Suratthani,26,1,2026-08-18 17:34:59,2026-08-18,27.03
181447,0.32271057199618264,0.37270056768113097,0.32271057199618264,0.507008001240702,175.0,62.0,2026-08-18 23:48:42,Porynoon Hotel,95,3,2026-08-18 16:06:39,2026-08-18,27.8
181449,0.3742388211347802,0.3742388211347802,0.3742388211347802,0.5111705417678045,55.0,55.0,2026-08-18 19:48:47,The Park Nangrong Resort Buriram,18,2,2026-08-18 19:34:59,2026-08-18,26.11
181454,0.34348421560785436,0.34893960882326763,0.34348421560785436,0.5097445421570606,100.0,53.0,2026-08-18 19:20:48,WeRest Hotel,15,0,,2026-08-19,24.73
181456,0.3374408038652278,0.3374408038652278,0.3374408038652278,0.5075883593679009,32.0,32.0,2026-08-18 20:04:15,Krabi River Hotel,8,0,,2026-08-20,24.06
181465,0.38535196060349347,0.44087118609344333,0.38535196060349347,0.5154215056946369,3008.0,1100.0,2026-08-18 21:31:44,Seth Thee Residence Khonkaen,42,7,2026-08-18 16:06:39,2026-08-21,29.58
181483,0.32494227415200816,0.32494227415200816,0.32494227415200816,0.5303765693700242,8.0,8.0,2026-08-18 18:04:18,Crystal Nongkhai Hotel,8,0,,2026-08-18,24.0
181497,0.43341668563384006,0.47020798303855815,0.43341668563384006,0.5119272766594588,440.0,144.0,2026-08-18 19:48:47,Martina Hotel Surin,37,3,2026-08-18 17:21:38,2026-08-19,29.65
181511,0.34769702918656986,0.34769702918656986,0.34769702918656986,0.5116913554623416,1224.0,1224.0,2026-08-18 22:48:21,14 Place,22,0,,2026-09-07,25.95
181514,0.38792895833424557,0.38792895833424557,0.38792895833424557,0.5334482668271863,2545.0,2545.0,2026-08-18 21:03:06,Thung Song Resort,16,2,2026-08-18 10:19:49,2026-08-18,28.5
181525,0.3784338324669289,0.4156301959376651,0.3784338324669289,0.5113805156146329,664.0,169.0,2026-08-18 17:34:59,Seven Bee Boutique Hotel,63,6,2026-08-18 17:21:38,2026-09-16,28.84
181533,0.3390248152041376,0.37602645883385327,0.3390248152041376,0.5318154154658615,23.0,14.0,2026-08-18 23:48:42,Limon Villa Khao Yai,16,0,,2026-08-18,24.99
181551,0.3722589144968984,0.3781473312205066,0.3722589144968984,0.5084177001952518,317.0,136.0,2026-08-18 01:59:49,Charisma Residence,24,0,,2026-08-20,26.42
181552,0.3177821444611781,0.3268200694192934,0.3177821444611781,0.5190395751083274,40.0,16.0,2026-08-18 17:21:38,Phectlada Pavilion & Resort,40,0,,2026-08-19,25.07
181556,0.4121975366175873,0.4121975366175873,0.4121975366175873,0.5084568940476787,336.0,336.0,2026-08-18 23:48:42,Sunee Boutique Hotel,14,1,2026-08-18 22:17:43,2026-08-19,27.54
181563,0.3605524405032901,0.46537758622306125,0.3605524405032901,0.5273912120681105,69.0,37.0,2026-08-18 23:48:42,L Nimman Boutique Hotel,31,0,,2026-09-06,26.53
181569,0.3349734059567631,0.3349734059567631,0.3349734059567631,0.5094019712266853,17.0,17.0,2026-08-18 23:48:42,Prakai Resort Photharam,4,0,,2026-09-04,23.79
181573,0.33873283149956074,0.35020531074389466,0.33873283149956074,0.530398181096328,39.0,16.0,2026-08-18 22:17:43,The Siri Place Udonthani,28,1,2026-08-18 18:20:34,2026-08-19,25.55
181579,0.302632963252592,0.302632963252592,0.302632963252592,0.5161061549945873,8.0,8.0,2026-08-18 23:19:38,The Perfect Room Resort Satun,8,0,,2026-08-18,22.82
181581,0.40777132850389525,0.4286048850996297,0.40777132850389525,0.5154653760724555,347.0,85.0,2026-08-18 22:17:43,Namthong Nan Hotel,49,5,2026-08-18 20:32:59,2026-08-25,29.22
181593,0.3392646205645733,0.3529056840438666,0.3392646205645733,0.5090861632613591,163.0,57.0,2026-08-18 09:18:13,Fortune D Loei,32,2,2026-08-18 08:15:18,2026-08-25,25.42
181605,0.3476759426839878,0.35088327308491296,0.3476759426839878,0.5076737980669852,27.0,15.0,2026-08-18 15:22:55,Ban Sabai Dee Resort 2 Dan Sai,12,0,,2026-08-19,24.66
181609,0.4101601780698859,0.47441802163839836,0.4101601780698859,0.5110427851686553,494.0,220.0,2026-08-18 23:48:42,Green Hotel & Resort Khon Kaen,34,1,2026-08-18 23:32:45,2026-08-24,28.59
181618,0.31834316918324007,0.31834316918324007,0.31834316918324007,0.5086606283682725,21.0,21.0,2026-08-18 14:49:01,Chalermpan Resort Omkoi,14,0,,2026-08-18,23.6
181621,0.27872882813807126,0.27872882813807126,0.27872882813807126,0.5073948427251086,3.0,3.0,2026-08-18 00:32:16,Phavina Serviced Residence Rayong,3,0,,2026-09-07,21.45
181623,0.37017950059039245,0.40115182152499823,0.37017950059039245,0.5108928459124346,6124.0,1039.0,2026-08-18 17:21:38,Rio Monte Residence,74,6,2026-08-18 15:36:48,2026-09-11,32.32
181629,0.36335914378497064,0.36394048538374135,0.36335914378497064,0.5086319852204244,124.0,71.0,2026-08-18 17:49:59,Sakura Budget Hotel,14,0,,2026-08-24,25.47
181635,0.4213806913542282,0.4889398655252567,0.4213806913542282,0.5145277717846023,799.0,478.0,2026-08-18 23:48:42,Blue Rabbit Hotel Chanthaburi,46,7,2026-08-18 22:32:31,2026-08-19,29.88
181639,0.36320833431508587,0.38230058078526596,0.36320833431508587,0.515807897546199,116.0,56.0,2026-08-18 17:49:59,Phurinda Residence Saraburi,65,5,2026-08-18 14:05:44,2026-08-18,28.09
181641,0.4083681994586166,0.4286509593432996,0.4083681994586166,0.5074799946821867,230.0,142.0,2026-08-18 23:48:42,Rueanchorfa Hotel,41,6,2026-08-18 23:48:42,2026-08-18,28.63
181648,0.4616414443719794,0.4616414443719794,0.4616414443719794,0.5159603656074898,742.0,742.0,2026-08-18 20:32:59,Sp & K Apartment,8,1,2026-08-18 18:49:55,2026-08-20,29.62
181657,0.4304562894030279,0.4304562894030279,0.4304562894030279,0.5361869306050947,24.0,24.0,2026-08-18 13:51:17,Civilize Hotel Udon,8,1,2026-08-18 12:36:04,2026-08-21,28.35
181659,0.32262096299231835,0.32315428143943403,0.32262096299231835,0.5083036623642797,88.0,46.0,2026-08-18 16:06:39,Baan Gon Chompu Suanphueng,12,0,,2026-09-12,23.71
182808,0.3639020266628199,0.4083882729661649,0.3639020266628199,0.5150631805141622,503.0,186.0,2026-08-18 20:47:57,Ibiz Boutique Hotel,79,5,2026-08-18 19:20:48,2026-08-25,29.02
182814,0.4043154477963855,0.4043154477963855,0.4043154477963855,0.5070901282546807,560.0,560.0,2026-08-18 18:49:55,Tho Mai Resort,8,2,2026-08-18 18:20:34,2026-08-24,27.04
182820,0.40001734204608186,0.4381130606279885,0.40001734204608186,0.5094738231650956,388.0,281.0,2026-08-18 18:04:18,S.22 Hotel Suratthani,27,2,2026-08-18 12:36:04,2026-08-28,27.74
182822,0.31405209624342834,0.31405209624342834,0.31405209624342834,0.517867746930462,6.0,6.0,2026-08-18 15:51:26,Baan Im Oon,6,0,,2026-08-18,23.22
182831,0.37164630091942197,0.37740582340224577,0.37164630091942197,0.5102343643067331,1893.0,407.0,2026-08-18 21:48:45,The Vintage Residence Si Racha,80,2,2026-08-18 18:36:06,2026-08-23,30.12
182835,0.37029781970923575,0.4465683667383089,0.37029781970923575,0.5106283647138713,694.0,165.0,2026-08-18 23:48:42,Nadee 10 Resort & Hotel,71,3,2026-08-18 23:48:42,2026-09-13,28.91
182837,0.43447769224954674,0.4677009733302591,0.43447769224954674,0.5105242313132973,6109.0,1166.0,2026-08-18 22:17:43,The Riche Boutique Hotel,106,6,2026-08-18 21:03:06,2026-08-22,36.44
182840,0.28039342845987336,0.286360362897772,0.28039342845987336,0.5058039710836717,15.0,8.0,2026-08-18 20:04:15,Nonthong Resort & Hotel Non Din Daeng,15,0,,2026-08-18,22.07
182851,0.3135648351093122,0.3135648351093122,0.3135648351093122,0.5104240957912332,12.0,12.0,2026-08-18 00:19:00,Khong Chiam 2 Hotel Ubon,2,0,,2026-08-19,22.86
182863,0.4201336084938123,0.443669955059978,0.4201336084938123,0.512084343278373,498.0,234.0,2026-08-18 23:48:42,The Journey Hotel Laksi,33,3,2026-08-18 22:48:21,2026-08-26,28.96
182866,0.30944243022194895,0.30944243022194895,0.30944243022194895,0.5119517839655848,24.0,24.0,2026-08-18 10:48:41,Ban P'Tor Resort,8,0,,2026-09-01,23.02
182869,0.3078204918046782,0.3078204918046782,0.3078204918046782,0.5171687241867565,1.0,1.0,2026-08-18 00:02:04,Sabai at Chiangrai Hotel,1,0,,2026-08-17,22.71
182874,0.350944627163821,0.350944627163821,0.350944627163821,0.5158078614478812,85.0,85.0,2026-08-18 14:49:01,Zada Residence Korat,13,0,,2026-08-18,25.04
182876,0.304890130077443,0.3070858367801908,0.304890130077443,0.5097903285416382,77.0,36.0,2026-08-18 19:34:59,Ploencheewa Resort,30,0,,2026-08-19,23.9
182877,0.28876364936682186,0.28876364936682186,0.28876364936682186,0.5074701747002524,8.0,8.0,2026-08-18 10:48:41,VJP Hotel Ubon,8,0,,2026-08-18,22.1
182878,0.38039995102983926,0.38039995102983926,0.38039995102983926,0.5130104097043752,38.0,38.0,2026-08-18 18:20:34,Wongtawan Resort Tak,9,0,,2026-08-19,25.94
182883,0.31046114083393245,0.34815329899765346,0.31046114083393245,0.5074723020981879,176.0,103.0,2026-08-18 22:48:21,Khaveerush Place Chachoengsao,82,3,2026-08-18 17:34:59,2026-08-18,26.68
182886,0.326545537016679,0.32764768172315406,0.326545537016679,0.5224849825882475,29.0,17.0,2026-08-18 23:48:42,Je T'aime Trang,21,0,,2026-08-18,24.56
182901,0.350256726750402,0.3642295279801889,0.350256726750402,0.5081048243977037,601.0,317.0,2026-08-18 11:35:49,Two Fo House Kanchanaburi,16,0,,2026-08-22,25.32
182903,0.39101515787608304,0.4066792580049927,0.39101515787608304,0.5237684047626182,39.0,31.0,2026-08-18 22:48:21,Chueaprom Mansion Nakhonsithammarat,16,0,,2026-08-19,26.92
182913,0.266643286687636,0.266643286687636,0.266643286687636,0.506675611708559,6.0,6.0,2026-08-18 15:51:26,Hom Hug Resort,6,0,,2026-08-20,21.1
182914,0.32143707759737034,0.3414422392043886,0.32143707759737034,0.5085009783587784,105.0,58.0,2026-08-18 23:03:17,Farisa Garden Hotel Kalasin,55,0,,2026-08-19,25.78
182917,0.4282769681490891,0.5012922187875859,0.4282769681490891,0.5049640466435383,802.0,537.0,2026-08-18 17:34:59,Studio Residence Sukhumvit 71,15,0,,2026-08-30,28.45
182929,0.3087787510301795,0.3087787510301795,0.3087787510301795,0.5155079060970973,12.0,12.0,2026-08-18 14:49:01,Lullaby Residence Phayakkhaphum Phisai,6,0,,2026-08-18,22.96
182938,0.3286219526914821,0.3543492701955116,0.3286219526914821,0.5169311495052918,294.0,88.0,2026-08-18 17:07:13,Sirin Boutique Nakhonratchasima,40,0,,2026-09-15,25.62
182944,0.3334414085274298,0.3334414085274298,0.3334414085274298,0.506675611708559,8.0,8.0,2026-08-18 19:48:47,Socool Grand Hotel Nang Rong Buriram,8,0,,2026-08-19,23.87
182948,0.27909183786084385,0.2866227842691627,0.27909183786084385,0.5073454932432829,67.0,22.0,2026-08-18 23:48:42,Rabeangnum Resort Phichit,61,0,,2026-09-12,24.33
182960,0.3780891757228928,0.38213295282084125,0.3780891757228928,0.5246043380558614,70.0,56.0,2026-08-18 18:20:34,The Linux Garden Yala,31,1,2026-08-18 12:36:04,2026-08-18,27.17
182961,0.3820459427724161,0.415929238902993,0.3820459427724161,0.5161826526759374,79.0,31.0,2026-08-18 20:32:59,Irabbit Hotel Prachinburi,46,3,2026-08-18 19:48:47,2026-08-18,27.9
182969,0.28144803868899393,0.28144803868899393,0.28144803868899393,0.5061584183465314,8.0,8.0,2026-08-18 19:34:59,Poosamor Hotel Trang,8,0,,2026-08-18,21.78
182982,0.28862449063672335,0.3090565911898176,0.28862449063672335,0.5085742120520195,267.0,23.0,2026-08-18 20:17:46,Panorama Hotel Buriram,144,1,2026-08-18 18:49:55,2026-09-02,28.92
182983,0.3271537416115616,0.3271537416115616,0.3271537416115616,0.5322042484899461,8.0,8.0,2026-08-18 10:19:49,Fundee 1 Mansion,8,0,,2026-08-18,24.13
182993,0.44950112907190276,0.5460384556239553,0.44950112907190276,0.523903086302935,642.0,242.0,2026-08-18 21:31:44,Star Convention Hotel Rayong,33,2,2026-08-18 09:47:39,2026-08-27,30.46
182994,0.3963101818112056,0.3970815212562321,0.3963101818112056,0.5116379879071479,153.0,89.0,2026-08-18 00:19:00,Hoppers Place Donmueang Hostel,4,0,,2026-08-20,26.37
182999,,,,,0.0,0.0,2026-08-18 23:48:42,The U-Time Hotel,0,0,,2026-09-08,0.0
183001,0.36183690508655664,0.36183690508655664,0.36183690508655664,0.5129513749088657,152.0,152.0,2026-08-18 19:20:48,Sleeping Tree Hotel Fang,10,0,,2026-08-18,25.31
183003,0.3972823735980251,0.4232252537801668,0.3972823735980251,0.5106862387336503,676.0,440.0,2026-08-18 23:48:42,Skyview Hotel & Resort Buriram,28,3,2026-08-18 23:19:38,2026-08-18,27.88
183008,0.39547375471785284,0.42474682148053616,0.39547375471785284,0.5190109580498011,210.0,124.0,2026-08-18 22:17:43,Southgate Residence Hotel Chumphon,31,2,2026-08-18 20:32:59,2026-08-19,27.84
183010,0.37406227890495886,0.4586976568946819,0.37406227890495886,0.5178013671886178,193.0,43.0,2026-08-18 23:48:42,Bunprasop Garden Hotel,60,4,2026-08-18 22:48:21,2026-08-18,28.37
183011,0.31193667865686514,0.3201252568395369,0.31193667865686514,0.5203959132727547,46.0,22.0,2026-08-18 23:48:42,Sita Krabi Hotel,46,2,2026-08-18 14:49:01,2026-08-19,25.16
183014,0.33051576333902577,0.3804786087276447,0.33051576333902577,0.5055515651622073,181.0,71.0,2026-08-18 22:17:43,D11 Hotel Phitsanulok,32,1,2026-08-18 21:16:11,2026-08-19,25.01
183020,0.38811335245443646,0.4371474361761062,0.38811335245443646,0.5172199895625498,87.0,73.0,2026-08-18 18:20:34,Euro Boutique Hotel Chumphon,15,2,2026-08-18 16:35:56,2026-08-21,26.65
183023,0.36007341419012173,0.411440120538582,0.36007341419012173,0.506961182050196,408.0,306.0,2026-08-18 17:34:59,Samui City Hotel,21,3,2026-08-18 17:34:59,2026-08-22,25.81
183027,0.29574074396478245,0.311598048659694,0.29574074396478245,0.5118041442383302,46.0,30.0,2026-08-18 20:17:46,Nava tara resort Hotel,24,0,,2026-08-18,23.27
183037,0.44268338080049724,0.47402663488920666,0.44268338080049724,0.5094164487951566,554.0,230.0,2026-08-18 23:48:42,The Route Sriracha Hotel and Residence,18,0,,2026-08-20,29.11
183049,0.42184430656820177,0.4670822089302508,0.42184430656820177,0.5108331951134042,3865.0,730.0,2026-08-18 23:48:42,Blue Sky Residence Airport,198,38,2026-08-18 23:48:42,2026-08-25,39.09
183052,0.33088864242460525,0.33088864242460525,0.33088864242460525,0.5295703858181903,16.0,16.0,2026-08-18 22:03:44,Berich Hotel Tak,14,0,,2026-08-19,24.52
183053,0.352396398287025,0.352396398287025,0.352396398287025,0.5260511901944801,8.0,8.0,2026-08-18 13:51:17,Kosit One Hotel Bueang Sam Phan,8,0,,2026-08-25,25.01
183055,0.4170120976935748,0.45132540955484995,0.4170120976935748,0.5128019778749509,5714.0,2195.0,2026-08-18 23:48:42,Chantra Hotel Sakaeo,82,10,2026-08-18 21:48:45,2026-08-19,34.38
183058,0.4053784164477426,0.4053784164477426,0.4053784164477426,0.5177640226055708,120.0,120.0,2026-08-18 18:49:55,Morakot Hotel Chumphon,11,2,2026-08-18 18:49:55,2026-08-18,27.18
183062,0.2780674071529,0.27949332352864287,0.2780674071529,0.5068767603113171,17.0,10.0,2026-08-18 16:35:56,Laklada Hotel,17,0,,2026-08-18,22.1
183066,0.266643286687636,0.266643286687636,0.266643286687636,0.506675611708559,7.0,7.0,2026-08-18 06:14:00,Diary Resort Prathai,7,0,,2026-09-07,21.15
183069,0.3734981866736347,0.3834603653986996,0.3734981866736347,0.5032825727737652,1355.0,467.0,2026-08-18 16:21:17,Holiday Inn Express Bangkok Soi Soonvijai,21,3,2026-08-18 15:51:26,2026-09-13,26.85
183071,0.30119061258170376,0.3305692017647407,0.30119061258170376,0.5083917323872549,38.0,29.0,2026-08-18 13:37:28,Laekhon Nonbai,16,0,,2026-09-16,23.02
183073,0.41586631634039634,0.4457568354403425,0.41586631634039634,0.5122473542871543,126.0,54.0,2026-08-18 21:48:45,The Rooms Residence Pattani,22,1,2026-08-18 20:04:15,2026-08-30,28.03
183075,0.3755428478222225,0.4612011313492929,0.3755428478222225,0.5124249753799451,1625.0,551.0,2026-08-18 23:48:42,ATM Service Apartment Yala,94,3,2026-08-18 22:32:31,2026-08-20,30.84
183078,0.4021770813776453,0.4021770813776453,0.4021770813776453,0.508621472534609,225.0,225.0,2026-08-18 18:36:06,The 28th Hotel,31,3,2026-08-18 18:36:06,2026-08-28,27.91
183111,0.37021057362786153,0.37021057362786153,0.37021057362786153,0.530324336710298,22.0,22.0,2026-08-18 21:48:45,Toh Buk Seng Ayutthaya Hotel,14,0,,2026-08-18,26.11
183113,0.3282140754677192,0.3592713954486936,0.3282140754677192,0.5105602765165275,154.0,138.0,2026-08-18 21:16:11,Zen Garden Resort,23,1,2026-08-18 19:48:47,2026-08-21,24.56
183119,0.3205316901233188,0.3205316901233188,0.3205316901233188,0.5204074040485083,8.0,8.0,2026-08-18 18:04:18,Inpawa Boutique Hotel Khon Kaen,8,0,,2026-08-18,23.63
183123,0.3311296814094096,0.3311296814094096,0.3311296814094096,0.509732675570151,35.0,35.0,2026-08-18 16:35:56,PP Tel Hotel Phayakkhaphum,15,0,,2026-08-24,24.19
183139,0.34621636725623955,0.34621636725623955,0.34621636725623955,0.505923573892933,8.0,8.0,2026-08-18 13:51:17,Thanachon Resort Suphanburi,8,0,,2026-08-18,24.36
183141,0.35689947792048904,0.37180379341319636,0.35689947792048904,0.5086416130472045,240.0,92.0,2026-08-18 19:34:59,Monkham Village Hatyai,20,1,2026-08-18 17:49:59,2026-08-19,25.57
183154,0.3798106943594365,0.3964198498195085,0.3798106943594365,0.5112522503341965,254.0,186.0,2026-08-18 23:48:42,Easy Hotel 2 Lamphun,24,2,2026-08-18 10:19:49,2026-08-19,26.74
183160,0.39467726207782966,0.4513144962060625,0.39467726207782966,0.50889903234163,1302.0,393.0,2026-08-18 22:48:21,Aisana Hotel Korat,73,5,2026-08-18 16:50:50,2026-08-25,30.32
183161,0.32638797255788227,0.32638797255788227,0.32638797255788227,0.5349673445886715,48.0,8.0,2026-08-18 22:48:21,W Sotel Songkhla,48,0,,2026-08-29,26.13
183163,0.42942585616400986,0.42942585616400986,0.42942585616400986,0.5081586383334623,138.0,138.0,2026-08-18 18:04:18,Donchan Grand Hotel,9,1,2026-08-18 16:21:17,2026-08-20,27.86
183166,0.43686681426488255,0.4629084519936283,0.43686681426488255,0.514386114704613,421.0,149.0,2026-08-18 19:05:06,Baanpandin Resort,41,6,2026-08-18 18:49:55,2026-08-19,30.02
183170,0.3559372981826953,0.3565726932684141,0.3559372981826953,0.509143167127108,138.0,78.0,2026-08-18 20:17:46,Chanthaburi Center Hotel,16,0,,2026-08-22,25.29
183176,0.2995329151596734,0.2995329151596734,0.2995329151596734,0.506675611708559,32.0,16.0,2026-08-18 22:17:43,Piman Inn Grand Hotel Mahasarakham Borabue,16,0,,2026-09-07,22.92
183190,0.38213149694688625,0.4274191426536182,0.38213149694688625,0.5104542677753479,16175.0,5421.0,2026-08-18 22:17:43,Rumluek Bangkok,178,18,2026-08-18 21:48:45,2026-08-30,43.91
183191,0.29045518268451437,0.29284486225628614,0.29045518268451437,0.5075740380835421,24.0,16.0,2026-08-18 23:03:17,Little Home Resort Saraburi,16,0,,2026-08-19,22.57
183193,0.30937533933760053,0.30937533933760053,0.30937533933760053,0.5209816098776316,6.0,6.0,2026-08-18 15:36:48,M Grand Hotel Bueng Kan,6,0,,2026-08-20,23.09
183200,0.39950362139993,0.44219084081679955,0.39950362139993,0.5108266740439715,1310.0,660.0,2026-08-18 20:04:15,Narai Iyara Palace,119,18,2026-08-18 20:04:15,2026-08-18,32.8
183201,0.3618806691908803,0.3618806691908803,0.3618806691908803,0.5092242606011744,68.0,68.0,2026-08-18 01:46:03,Phimai Paradise Hotel,8,0,,2026-08-18,25.09
183207,0.3071849143386531,0.3071849143386531,0.3071849143386531,0.5076187301257421,64.0,64.0,2026-08-18 18:20:34,PakChong Phubade Hotel,8,0,,2026-09-07,22.87
183209,0.3475009347216183,0.41779935837407367,0.3475009347216183,0.51047490830584,622.0,279.0,2026-08-18 20:32:59,Myrrh Hotel Chanthaburi,66,3,2026-08-18 18:49:55,2026-08-20,27.71
183214,0.38452153191370436,0.38452153191370436,0.38452153191370436,0.5106090571709804,18.0,18.0,2026-08-18 14:49:01,The Royal Ville Kabinburi,6,0,,2026-08-18,25.9
183231,0.3996657994307508,0.3996657994307508,0.3996657994307508,0.5069013101528556,24.0,24.0,2026-08-18 15:22:55,AJ Residence,6,1,2026-08-18 14:05:44,2026-08-18,26.43
183245,0.3903947921045626,0.5193235246944631,0.3903947921045626,0.5173137538363091,314.0,242.0,2026-08-18 13:05:37,Huern Nana Jomsawan,65,3,2026-08-18 11:20:03,2026-08-18,29.33
183250,0.33491335949336254,0.33491335949336254,0.33491335949336254,0.5130332251502132,16.0,16.0,2026-08-18 14:05:44,Phurang Hill Resort Kanchanaburi,7,0,,2026-08-19,24.01
183254,0.36552789224223775,0.4015477420464567,0.36552789224223775,0.5141885274578187,568.0,273.0,2026-08-18 21:03:06,MeStyle Garage Hotel Bangkok,30,1,2026-08-18 03:45:52,2026-08-21,26.71
183259,0.2910660219655469,0.29154301876294425,0.2910660219655469,0.5088736145592831,47.0,28.0,2026-08-18 23:48:42,The Ele Hotel Ranong,14,0,,2026-08-22,22.53
183266,0.33869720924407903,0.33869720924407903,0.33869720924407903,0.5080135273188776,48.0,48.0,2026-08-18 05:00:04,Aileen Hotel,7,0,,2026-08-18,24.08
183279,0.2780098434993877,0.2780098434993877,0.2780098434993877,0.5065993296389509,24.0,8.0,2026-08-18 18:20:34,Vannamei Resort Phangnga,24,0,,2026-08-28,22.44
183282,0.31008531428674485,0.31008531428674485,0.31008531428674485,0.5072927726888647,42.0,42.0,2026-08-18 14:36:30,99 Park & Resort Pichai,7,0,,2026-08-18,22.92
183307,0.38139012935050776,0.38139012935050776,0.38139012935050776,0.5091165547500911,152.0,152.0,2026-08-18 13:22:18,The Canal 304 Hotel & Residence,8,0,,2026-08-19,25.92
183311,0.2762181687606812,0.2762181687606812,0.2762181687606812,0.506637470673755,16.0,16.0,2026-08-18 21:03:06,Prasobsuk Ville Hotel Kantharalak,16,0,,2026-09-07,21.97
183341,0.3754710013554764,0.41687001372427734,0.3754710013554764,0.509305672863888,162.0,63.0,2026-08-18 11:50:18,Rua Rasada Express,28,3,2026-08-18 11:50:18,2026-08-22,26.67
183347,0.34639699993822715,0.3503917475219728,0.34639699993822715,0.5101645889491866,52.0,36.0,2026-08-18 19:20:48,Phu Ngern Resort Nakhonphanom,16,0,,2026-08-22,24.87
183359,0.3336479505668439,0.3492833982248182,0.3336479505668439,0.5100442119984548,58.0,47.0,2026-08-18 21:03:06,At Sleep Nakhon Pathom,14,0,,2026-08-20,24.27
183360,0.31004524346748213,0.3351153014042201,0.31004524346748213,0.5080839949181125,164.0,93.0,2026-08-18 15:36:48,The Wisdom Residence Buengkan,30,0,,2026-08-20,24.13
183363,0.29297034908153674,0.3326028922964191,0.29297034908153674,0.506675611708559,30.0,24.0,2026-08-18 15:51:26,Pak Khat Rimkhong Resort,12,0,,2026-08-19,22.46
183365,0.3627258875631236,0.3627258875631236,0.3627258875631236,0.5144009232044756,8.0,8.0,2026-08-18 19:48:47,Baan Ton Jaeng,8,0,,2026-08-18,25.19
183367,0.39878695575192635,0.42362738544033823,0.39878695575192635,0.5327360376640574,901.0,53.0,2026-08-18 12:21:35,Easy Planet Bangkok Asoke,153,17,2026-08-18 12:21:35,2026-09-08,34.63
183370,0.3115247084479462,0.3329006168576246,0.3115247084479462,0.5088223033516162,135.0,79.0,2026-08-18 23:19:38,SC Resort Chachoengsao,63,3,2026-08-18 15:22:55,2026-08-20,25.8
183372,0.3421175868684568,0.3421175868684568,0.3421175868684568,0.5369661651938613,14.0,14.0,2026-08-18 17:21:38,ATK Garden Hills Hotel,8,0,,2026-08-20,24.82
183377,0.3429425882203946,0.34456359581813367,0.3429425882203946,0.507756283440385,48.0,12.0,2026-08-18 14:49:01,The Ikon Apartment,24,0,,2026-08-27,25.08
183382,0.4123152308391508,0.4123152308391508,0.4123152308391508,0.5422322567949489,51.0,51.0,2026-08-18 18:20:34,We World Boutique Hatyai,11,2,2026-08-18 18:20:34,2026-08-18,27.91
183386,0.3230462397630193,0.33561248416956,0.3230462397630193,0.5261920591937085,32.0,16.0,2026-08-18 18:04:18,Mamuangpaa Hillside Resort,25,0,,2026-08-18,24.69
183390,0.33053571357102385,0.34195296271646825,0.33053571357102385,0.5096240477566358,87.0,59.0,2026-08-18 18:36:06,Auychai Grand Hotel,36,0,,2026-08-18,25.23
183396,0.34734534002399264,0.34734534002399264,0.34734534002399264,0.5105792851957467,142.0,142.0,2026-08-18 22:48:21,Beloft Hotel Nakhonsithammarat,17,0,,2026-08-19,25.02
183404,0.3261322875865271,0.34465725368547057,0.3261322875865271,0.509526610865559,204.0,60.0,2026-08-18 22:03:44,O2 Hotel Lopburi,69,0,,2026-08-29,26.73
183409,0.3739352225922314,0.42060611125049946,0.3739352225922314,0.5086129762606947,294.0,164.0,2026-08-18 23:19:38,Thaimit Resort,27,3,2026-08-18 11:04:55,2026-08-19,26.63
183410,0.4484933959916606,0.4484933959916606,0.4484933959916606,0.5117811581814873,56.0,56.0,2026-08-18 23:48:42,Royal Land Maeklong Hotel,6,1,2026-08-18 22:32:31,2026-08-22,28.5
183414,0.36940911550205663,0.418272047668754,0.36940911550205663,0.5080515477409119,1381.0,196.0,2026-08-18 23:32:45,Clover Hotel Hatyai,79,1,2026-08-18 12:51:07,2026-08-25,29.63
183415,0.337562466804375,0.36523593747644356,0.337562466804375,0.5082325928621382,347.0,79.0,2026-08-18 19:48:47,Chaanburi Boutique Resort,66,1,2026-08-18 18:49:55,2026-09-07,27.1
183416,0.447679260045083,0.447679260045083,0.447679260045083,0.5135290699444977,156.0,156.0,2026-08-18 19:34:59,Evergreen Suite Hotel,10,1,2026-08-18 17:49:59,2026-08-19,28.76
183431,0.4359257835356568,0.5107881341821658,0.4359257835356568,0.5103850928856205,33297.0,2882.0,2026-08-18 23:48:42,Easy Planet Pattaya,236,12,2026-08-18 19:20:48,2026-08-27,59.19
183439,0.2910842189146011,0.2910842189146011,0.2910842189146011,0.5065507376193074,8.0,8.0,2026-08-18 19:34:59,Srisuphan Villa Hotel,8,0,,2026-08-18,22.17
183446,0.3423380533592704,0.3423380533592704,0.3423380533592704,0.5084520654601092,33.0,33.0,2026-08-18 11:50:18,V Place Residence,8,0,,2026-08-18,24.27
183448,0.28107308107086687,0.28107308107086687,0.28107308107086687,0.5089242388330575,7.0,7.0,2026-08-18 14:05:44,BaaiBaai Mansion,7,0,,2026-08-27,21.77
183450,0.37150675436885894,0.37150675436885894,0.37150675436885894,0.515592075168833,16.0,16.0,2026-08-18 19:48:47,Kradangnga Boutique Inn Khun Han,8,0,,2026-08-18,25.57
183459,0.390901515807399,0.397084187550555,0.390901515807399,0.5091275539373891,167.0,141.0,2026-08-18 08:31:02,Puranakhon Hotel,22,2,2026-08-18 03:00:10,2026-08-20,26.99
183462,0.42237523924440457,0.42237523924440457,0.42237523924440457,0.5056746828499057,35.0,35.0,2026-08-18 14:05:44,Eastpana 304 Executive Residence,7,1,2026-08-18 13:05:37,2026-08-18,27.37
183463,0.30767555123202783,0.30767555123202783,0.30767555123202783,0.5151529839138745,8.0,8.0,2026-08-18 19:48:47,168 Pattana Lopburi,8,0,,2026-08-18,23.01
183466,0.3801420802602902,0.3892239490486026,0.3801420802602902,0.5150882784584939,48.0,16.0,2026-08-18 20:47:57,297 Nature Residence,24,0,,2026-08-24,26.71
183467,0.33132064474248385,0.33132064474248385,0.33132064474248385,0.5255880535896945,12.0,12.0,2026-08-18 16:06:39,37 Nature House,7,0,,2026-08-18,24.11
183472,0.2818737155854989,0.2913602033087139,0.2818737155854989,0.5065226521008476,52.0,18.0,2026-08-18 23:48:42,DD Residence,35,0,,2026-08-19,23.15
183478,0.3231019768816614,0.3634182048841567,0.3231019768816614,0.5088655221870368,86.0,73.0,2026-08-18 23:48:42,Eco Inn Prime Nakhon Si Thammarat,14,0,,2026-08-19,23.84
183481,0.38880991446653046,0.42180538243943955,0.38880991446653046,0.5126324570985152,214.0,126.0,2026-08-18 12:51:07,Calivefornia 2016,16,2,2026-08-18 12:36:04,2026-08-18,26.72
183492,0.365379539569249,0.48575376905271206,0.365379539569249,0.509023599434966,4012.0,1633.0,2026-08-18 23:48:42,Blu Monkey Hotel Suratthani,130,14,2026-08-18 20:17:46,2026-08-19,33.56
183493,0.2862997128321788,0.2862997128321788,0.2862997128321788,0.5089227450114291,15.0,15.0,2026-08-18 18:04:18,Baan Rim Klong Guesthouse,15,0,,2026-08-18,22.37
183501,0.2842321756008766,0.2842321756008766,0.2842321756008766,0.506675611708559,4.0,4.0,2026-08-18 23:48:42,Suntisuk Place Prachinburi,4,0,,2026-08-26,21.7
183502,0.28441907984202114,0.28441907984202114,0.28441907984202114,0.5071613032697934,16.0,16.0,2026-08-18 23:32:45,Hi Chiangrai Hotel,8,0,,2026-09-06,21.92
183506,0.41871345897577983,0.4195956943582824,0.41871345897577983,0.5127541207413648,259.0,138.0,2026-08-18 12:06:15,The Seens Hotel Krabi,20,2,2026-08-18 10:19:49,2026-08-21,28.14
183557,0.38259347648429154,0.3851682335131954,0.38259347648429154,0.5091204309977215,217.0,121.0,2026-08-18 19:34:59,Sorin Boutique Hotel,30,2,2026-08-18 17:49:59,2026-08-20,27.08
183560,0.41481400681125047,0.41481400681125047,0.41481400681125047,0.4956865236748908,17.0,17.0,2026-08-18 23:48:42,Kantary Hotel Amata Bangpakong,5,2,2026-08-18 23:32:45,2026-08-27,26.76
183567,0.266643286687636,0.266643286687636,0.266643286687636,0.506675611708559,1.0,1.0,2026-08-18 00:02:04,River Loei Grandview Hotel,1,0,,2026-08-17,20.85
183577,0.2923344854561501,0.2923344854561501,0.2923344854561501,0.5095427486173882,7.0,7.0,2026-08-18 16:50:50,Rutna Resort Buriram,7,0,,2026-08-18,22.23
183586,0.40729031737751387,0.41544193085234765,0.40729031737751387,0.5115080037280584,84.0,56.0,2026-08-18 09:00:50,Central Park Hotel Singburi,14,1,2026-08-18 07:30:03,2026-08-22,27.26
183591,0.32868258505924414,0.32868258505924414,0.32868258505924414,0.5318772566662259,8.0,8.0,2026-08-18 11:35:49,Chiangkhong Green Inn Resident,8,0,,2026-08-18,24.18
183594,0.41164055251210574,0.4453118863671464,0.41164055251210574,0.5085335517243994,1469.0,444.0,2026-08-18 23:48:42,Sabai at Chumphae,36,2,2026-08-18 22:03:44,2026-08-21,29.28
183601,0.38072820015154085,0.38680903641254416,0.38072820015154085,0.509587508240406,406.0,230.0,2026-08-18 21:48:45,Le Park 23 Boutique Resort,24,0,,2026-08-20,26.84
183602,0.3455325668803718,0.3455325668803718,0.3455325668803718,0.5151764517171026,16.0,16.0,2026-08-18 18:49:55,Baan Klangdoi Homestay 1,9,0,,2026-08-18,24.57
183603,0.3587450086024187,0.360556466950399,0.3587450086024187,0.5099520076187235,92.0,68.0,2026-08-18 19:34:59,Ton Fang Hotel,12,0,,2026-08-19,25.19
183617,0.31288031476126943,0.3366794507994483,0.31288031476126943,0.5116232155163563,214.0,56.0,2026-08-18 15:36:48,Woraya Place Phrae,73,1,2026-08-18 13:37:28,2026-08-22,26.45
183623,0.3425821283827702,0.38169649543723716,0.3425821283827702,0.5296447287712893,200.0,24.0,2026-08-18 19:20:48,Fortune Buriram,73,0,,2026-08-28,27.99
183632,0.2905720713326217,0.2905720713326217,0.2905720713326217,0.506675611708559,2.0,2.0,2026-08-18 23:48:42,Chatrudee Park View Hotel Kalasin,2,0,,2026-09-05,21.86
183638,0.37787073786031494,0.41359961834609177,0.37787073786031494,0.5394400357486688,80.0,32.0,2026-08-18 20:32:59,The Resto Udonthani,36,1,2026-08-18 12:51:07,2026-08-19,27.71
183645,0.30705354041052757,0.30705354041052757,0.30705354041052757,0.5177105282197257,8.0,8.0,2026-08-18 01:59:49,Saabpaiboon Grand Resort Detudom,8,0,,2026-08-18,23.03
183647,0.4420879204263781,0.4501748945345882,0.4420879204263781,0.5074250497803703,1136.0,623.0,2026-08-18 13:37:28,White House Hotel Tak,16,3,2026-08-18 13:37:28,2026-08-23,29.3
183651,0.40748635998943944,0.4410849577222274,0.40748635998943944,0.5153252283065788,686.0,164.0,2026-08-18 23:48:42,Xanadu Hotel U Tapao,49,4,2026-08-18 09:47:39,2026-08-27,29.41
183654,0.40139910593387257,0.4180699292627912,0.40139910593387257,0.5116345730917867,486.0,212.0,2026-08-18 23:19:38,Simon Inn Saraburi,54,5,2026-08-18 21:31:44,2026-08-19,29.22
183668,0.35937106324846285,0.3903054794203508,0.35937106324846285,0.513258285759106,56.0,32.0,2026-08-18 19:05:06,North Inn Town Hotel,40,2,2026-08-18 17:34:59,2026-08-18,26.63
183672,0.4093904645656927,0.4093904645656927,0.4093904645656927,0.5070625504211472,619.0,619.0,2026-08-18 23:03:17,Banana Resort Sadao,16,1,2026-08-18 17:21:38,2026-08-22,27.67
183688,0.34049579655119555,0.3783435468675029,0.34049579655119555,0.5107125566396716,208.0,59.0,2026-08-18 11:50:18,DK Grand Chanthaburi Hotel,40,0,,2026-08-22,25.92
183691,0.27541400897718843,0.27541400897718843,0.27541400897718843,0.504115468958246,8.0,8.0,2026-08-18 22:17:43,Boontawee Boutique Home,8,0,,2026-08-18,21.49
183701,0.37389361268986304,0.38405140368447527,0.37389361268986304,0.5323358696261954,117.0,15.0,2026-08-18 23:32:45,Nano Place Hotel Sriracha,117,0,,2026-08-28,31.39
183703,0.39422242714280076,0.40480973193408154,0.39422242714280076,0.5091674285361436,186.0,84.0,2026-08-18 14:05:44,Greenfield Residence,31,4,2026-08-18 13:51:17,2026-08-19,27.58
183708,0.39171573342485605,0.41816319200016455,0.39171573342485605,0.5124110636517298,161.0,76.0,2026-08-18 22:48:21,Wisdom Hotel Samutsongkham,40,2,2026-08-18 20:17:46,2026-08-22,27.97
2000005,0.310974638900305,0.33771710219973344,0.310974638900305,0.5092391326397614,35.0,32.0,2026-08-18 23:48:42,Room 18 at PTT Wangchao,12,0,,2026-08-31,23.23
2000016,0.3621972837347,0.408121871139883,0.3621972837347,0.5079427761165448,124.0,82.0,2026-08-18 23:48:42,Honghub Sakon Hotel,24,4,2026-08-18 23:19:38,2026-08-19,25.89
2000017,0.38451906385595996,0.38451906385595996,0.38451906385595996,0.5185601278495787,7.0,7.0,2026-08-18 16:50:50,Luck Esan Loft,7,0,,2026-08-18,26.1
2000021,0.3513533001199626,0.36017520894854266,0.3513533001199626,0.4963452933681032,126.0,73.0,2026-08-18 22:17:43,Samrong Garden Resort,33,7,2026-08-18 20:47:57,2026-08-19,25.67
2000025,0.41864110465707594,0.41864110465707594,0.41864110465707594,0.5297303208904344,48.0,48.0,2026-08-18 18:36:06,Wish Hotel Ubonratchathani,11,2,2026-08-18 18:04:18,2026-08-19,27.91
2000031,0.3495095944064422,0.37861103029540233,0.3495095944064422,0.5204563136237265,64.0,55.0,2026-08-18 23:48:42,Fortune D Phitsanulok Hotel,44,5,2026-08-18 17:49:59,2026-08-18,26.58
2000033,0.287885849053072,0.287885849053072,0.287885849053072,0.5035886693229147,29.0,29.0,2026-08-18 15:51:26,Chiang Khum Tailue Resort,6,0,,2026-08-20,21.9
2000041,0.4371045753375687,0.45769628722294914,0.4371045753375687,0.5087323038677887,2455.0,881.0,2026-08-18 23:03:17,Rattanachol Hotel,137,11,2026-08-18 19:20:48,2026-08-18,35.83
2000044,0.3652773257070409,0.38468987394739795,0.3652773257070409,0.5071210318708683,776.0,357.0,2026-08-18 17:34:59,Maihom Resort Hotel Daowadung,46,0,,2026-08-20,27.47
2000046,0.3927990560421464,0.40977896722846113,0.3927990560421464,0.5115530980146318,829.0,533.0,2026-08-18 23:48:42,PS Resort Hatyai,45,7,2026-08-18 23:19:38,2026-08-22,28.64
2000051,0.2782156476291548,0.3158744762032879,0.2782156476291548,0.5073148727951364,149.0,48.0,2026-08-18 19:34:59,Prakaithong 3 Hotel  Sawang Daendin,85,0,,2026-08-18,25.52
2000059,0.3477978709637414,0.34931468423338485,0.3477978709637414,0.5081157435814018,181.0,99.0,2026-08-18 17:07:13,Tak Andaman Resort & Hotel,24,0,,2026-09-02,25.36
2000062,0.3998984997502851,0.4360383934724446,0.3998984997502851,0.5062646271042658,585.0,423.0,2026-08-18 23:48:42,Pattaya Modus Beachfront Resort,16,1,2026-08-18 02:46:12,2026-08-24,27.26
2000063,0.3321761622753223,0.3321761622753223,0.3321761622753223,0.5085134489315305,30.0,30.0,2026-08-18 21:31:44,Tanatnan Hotel,8,0,,2026-09-02,23.87
2000069,0.3494283818300932,0.3494283818300932,0.3494283818300932,0.5388949347485429,17.0,17.0,2026-08-18 14:49:01,Naiya Hotel Chiangrai,6,0,,2026-08-18,25.06
2000071,0.3763645170503613,0.389643887118161,0.3763645170503613,0.5086053176742431,350.0,210.0,2026-08-18 22:03:44,The Grace Amphawa Resort,36,1,2026-08-18 14:36:30,2026-08-26,27.2
2000076,0.3037200796294698,0.3037200796294698,0.3037200796294698,0.5099936327486825,10.0,10.0,2026-08-18 23:48:42,Baan Dala Hotel Mukdahan,4,0,,2026-08-29,22.55
2000105,0.42510309710574634,0.46220765265081687,0.42510309710574634,0.5051734529795806,4381.0,633.0,2026-08-18 18:04:18,Aspira One Sutthisan Hotel,64,7,2026-08-18 17:34:59,2026-09-02,32.87
2000106,0.3456928577693263,0.35650923029962495,0.3456928577693263,0.5086180361559626,215.0,83.0,2026-08-18 23:48:42,Holiday Inn & Suites Rayong City Centre,32,0,,2026-08-19,25.69
2000112,0.39345718489461495,0.39345718489461495,0.39345718489461495,0.5357103566752217,7.0,7.0,2026-08-18 16:21:17,Wanarom Residence Hotel,7,0,,2026-08-18,26.8
2000113,0.33745393548772035,0.34273118164321,0.33745393548772035,0.5132656031394727,108.0,48.0,2026-08-18 20:32:59,Yaibua Hotel,23,0,,2026-08-19,24.95
2000117,0.3399512824025596,0.3399512824025596,0.3399512824025596,0.5002153372234048,6.0,6.0,2026-08-18 15:22:55,Sunrise Lagoon Hotel and Golf,6,2,2026-08-18 15:22:55,2026-08-18,23.9
2000118,0.3988006691174492,0.3988006691174492,0.3988006691174492,0.5280741920557561,32.0,32.0,2026-08-18 19:05:06,Vieng Khong Hotel Mukdahan,17,2,2026-08-18 19:05:06,2026-08-18,27.36
2000119,0.34409965449037366,0.34409965449037366,0.34409965449037366,0.5083807404766432,8.0,8.0,2026-08-18 17:07:13,Wichaya Resort Sungmen,8,0,,2026-08-18,24.33
2000121,0.32295170074840385,0.32295170074840385,0.32295170074840385,0.5121920957638075,32.0,16.0,2026-08-18 17:34:59,Cheyenne Resort,18,0,,2026-08-19,24.06
2000132,0.2892010423919654,0.2892010423919654,0.2892010423919654,0.5072584738211512,9.0,9.0,2026-08-18 23:48:42,Candlelight Resort Buriram Ban Dan,5,0,,2026-08-19,21.96
2000146,0.40920514064125757,0.4121739346170692,0.40920514064125757,0.5100304610742046,760.0,410.0,2026-08-18 19:34:59,The Zleep Hotel Chonburi,40,6,2026-08-18 19:05:06,2026-08-19,28.98
2000160,0.34929836557882715,0.38778556677348164,0.34929836557882715,0.5166172776386199,248.0,55.0,2026-08-18 23:48:42,Wynnhouse Khaoyai,114,2,2026-08-18 14:05:44,2026-09-01,30.03
2000174,0.34442079524187075,0.34611977991385373,0.34442079524187075,0.5093995472761119,87.0,57.0,2026-08-18 21:16:11,Malinee Hotel,18,0,,2026-08-19,24.9
2000181,0.395398743864507,0.395398743864507,0.395398743864507,0.5067428701732813,162.0,162.0,2026-08-18 18:49:55,Tamsabai Hotel,12,4,2026-08-18 18:04:18,2026-08-22,26.63
2000184,0.2664366278052531,0.2664366278052531,0.2664366278052531,0.5073484531922758,9.0,9.0,2026-08-18 23:48:42,The Colour Hotel Yasothon,8,0,,2026-08-19,21.2
2000186,0.3652241958600335,0.3813048624601287,0.3652241958600335,0.513756586510845,1924.0,552.0,2026-08-18 23:03:17,Patikom Apartment,48,0,,2026-08-22,28.39
2000187,0.28657005163081994,0.302357014641652,0.28657005163081994,0.509360693468874,24.0,8.0,2026-08-18 12:06:15,Keereewan Apartment Phitsanulok,24,0,,2026-08-20,22.84
2000194,0.3064633098698685,0.3064633098698685,0.3064633098698685,0.5158013815055927,8.0,8.0,2026-08-18 18:20:34,Eireann Boutique Hotel,8,0,,2026-08-18,22.97
2000215,0.34886720079413336,0.41529265166259616,0.34886720079413336,0.5102375711693858,203.0,114.0,2026-08-18 22:32:31,Feungfah Litz,45,6,2026-08-18 14:49:01,2026-08-19,26.48
2000216,0.3440859649351638,0.3811247839168246,0.3440859649351638,0.510949660092748,490.0,326.0,2026-08-18 23:48:42,The Room Hotel Kamphaengphet,72,6,2026-08-18 16:50:50,2026-08-19,27.8
2000231,0.379915005120622,0.386834973758136,0.379915005120622,0.5180524926161629,584.0,144.0,2026-08-18 18:49:55,Romantic Khonkaen Hotel,40,0,,2026-08-25,27.86
2000240,0.3370859502684527,0.35389745791564925,0.3370859502684527,0.5168134326291361,64.0,56.0,2026-08-18 18:20:34,Kiangchan Resort Swi,14,0,,2026-08-19,24.54
2000262,0.32856280948370997,0.3476375594911149,0.32856280948370997,0.5110089712775225,88.0,51.0,2026-08-18 23:48:42,Ruencome Hotel Amnatcharoen,27,0,,2026-08-19,24.74
2000263,0.445125630455497,0.47834720133694747,0.445125630455497,0.5145196030156192,191.0,139.0,2026-08-18 21:03:06,Non C Park Hotel,14,4,2026-08-18 21:03:06,2026-08-26,28.89
2000265,0.4095649900253362,0.4287078227351076,0.4095649900253362,0.5073978197631361,312.0,209.0,2026-08-18 14:05:44,The Journey Hotel Bangna,11,0,,2026-08-26,27.26
2000276,0.3315349061039736,0.3315349061039736,0.3315349061039736,0.52445216276878,8.0,8.0,2026-08-18 18:36:06,Baan Bangwua Resort,8,0,,2026-08-18,24.15
2000277,0.3721956559053021,0.3801861594549238,0.3721956559053021,0.5076602457065769,102.0,71.0,2026-08-18 17:34:59,Bang Wua Garden Resort,16,0,,2026-08-25,25.88
2000292,0.4000610706146586,0.4732516366027627,0.4000610706146586,0.5108467395302217,875.0,275.0,2026-08-18 23:48:42,Irin Beach Cha-am,68,12,2026-08-18 23:48:42,2026-08-23,30.07
2000293,0.3249019109249984,0.4159268231470559,0.3249019109249984,0.525009766606088,192.0,32.0,2026-08-18 22:17:43,The Target Hotel Chiangrai,147,3,2026-08-18 20:32:59,2026-08-30,30.8
2000299,0.3616809542360669,0.4268253246567503,0.3616809542360669,0.5085050182633458,890.0,287.0,2026-08-18 23:48:42,Morage Hotel Phitsanulok,81,9,2026-08-18 20:17:46,2026-08-22,29.13
2000300,0.3464351450132105,0.3464351450132105,0.3464351450132105,0.5082983491944305,46.0,46.0,2026-08-18 01:02:44,A day in Phetchabun,5,0,,2026-08-18,24.3
2000301,0.3881441165519277,0.4614908145523988,0.3881441165519277,0.5113766540746908,1350.0,348.0,2026-08-18 23:48:42,Viewplace Hotel & Residence Ladprao 130,36,3,2026-08-18 13:37:28,2026-08-27,28.32
2000310,0.3563387761119031,0.3563387761119031,0.3563387761119031,0.511633887024216,40.0,40.0,2026-08-18 14:49:01,Nornchill Khaoyai,7,0,,2026-08-26,24.85
2000315,0.4410199685409611,0.4410199685409611,0.4410199685409611,0.5115681095319617,899.0,899.0,2026-08-18 18:04:18,130 Hotel & Residence Bangkok,16,2,2026-08-18 16:21:17,2026-08-27,29.19
2000320,0.4355281679190628,0.4462712657043145,0.4355281679190628,0.50604001516163,387.0,346.0,2026-08-18 23:48:42,Chunlee Grand Hotel,9,2,2026-08-18 23:48:42,2026-08-23,28.21
2000328,0.30861994739902154,0.30861994739902154,0.30861994739902154,0.5061733286813558,16.0,16.0,2026-08-18 13:37:28,Rimtarn Resort Mae Hong Son,8,2,2026-08-18 12:36:04,2026-08-18,22.87
2000335,0.2806748218536708,0.2806748218536708,0.2806748218536708,0.5073890738651028,24.0,24.0,2026-08-18 11:50:18,J2 Hotel Songkhla,12,0,,2026-08-18,21.98
2000337,0.30162213621868483,0.3424175980264689,0.30162213621868483,0.5072449089974261,242.0,50.0,2026-08-18 21:48:45,Banphunara Resort,94,0,,2026-08-24,26.95
2000339,0.3215048661724367,0.32794845501582,0.3215048661724367,0.5074897905621363,35.0,20.0,2026-08-18 20:32:59,Thai Garden Hotel Kamphaeng Phet,29,0,,2026-08-18,24.45
2000347,0.2841365953039029,0.30361579100223784,0.2841365953039029,0.5089555718619483,29.0,16.0,2026-08-18 23:48:42,The Click Resort,24,0,,2026-08-18,22.74
2000356,0.3312093960726257,0.361647877758047,0.3312093960726257,0.5167481724017204,72.0,32.0,2026-08-18 21:48:45,Sakura Boutique Hotel Pluakdaeng,43,0,,2026-08-24,25.73
2000366,0.29550210462878934,0.344135907294786,0.29550210462878934,0.5071554205068015,30.0,8.0,2026-08-18 16:06:39,View Mai Resort Thap Khlo,30,0,,2026-09-15,23.45
2000369,0.35852088945975924,0.38026370696654266,0.35852088945975924,0.5081051035066364,245.0,226.0,2026-08-18 23:48:42,Bosswin Home Resort,10,0,,2026-08-18,25.14
2000373,0.3793798268226513,0.3793798268226513,0.3793798268226513,0.5110841843941393,3.0,3.0,2026-08-18 00:02:04,Panlaan Boutique Resort,1,0,,2026-08-19,25.45
2000374,0.39437712177308687,0.42819757850863016,0.39437712177308687,0.5212495473119901,89.0,40.0,2026-08-18 19:20:48,Fun-D City View,22,2,2026-08-18 18:36:06,2026-08-19,27.33
2000377,0.2533378058666544,0.2533378058666544,0.2533378058666544,0.506675611708559,7.0,7.0,2026-08-18 02:46:12,RoomQuest Ratchada AI Hotel Opsian Technologies,7,0,,2026-09-07,20.61
2000379,0.4605995086483062,0.4605995086483062,0.4605995086483062,0.5122211760380787,186.0,186.0,2026-08-18 23:32:45,RoomQuest Don Muang Airport,9,1,2026-08-18 21:31:44,2026-08-31,29.22
2000516,0.32890378031191897,0.32890378031191897,0.32890378031191897,0.5058181114706696,13.0,13.0,2026-08-18 13:22:18,The Hotspring Beach Resort & Spa,8,0,,2026-08-18,23.67
2000519,0.363069566718146,0.363069566718146,0.363069566718146,0.5043873678322683,6.0,6.0,2026-08-18 00:19:00,Borsaen Villa,2,0,,2026-09-14,24.71
2000752,0.29217451702724084,0.29217451702724084,0.29217451702724084,0.509895507477449,16.0,8.0,2026-08-18 22:03:44,The Blooms Residence,16,0,,2026-09-09,22.68
2000850,0.32636797518046134,0.3521159045833734,0.32636797518046134,0.5105327044954173,302.0,88.0,2026-08-18 12:21:35,Thai Inter Hotel,32,0,,2026-09-15,25.01
2000861,0.42879833533702155,0.42879833533702155,0.42879833533702155,0.5067486803563254,129.0,129.0,2026-08-18 02:46:12,Blu Monkey Pooltara Krabi Hotel and Villas,7,2,2026-08-18 02:46:12,2026-08-18,27.71
2000885,0.34979354169896615,0.3894930039275325,0.34979354169896615,0.5122627529877775,294.0,141.0,2026-08-18 21:48:45,Punjadara Hotel,48,3,2026-08-18 21:48:45,2026-08-19,26.76
2000908,0.356208347556107,0.3598062402296406,0.356208347556107,0.5089111688722253,117.0,76.0,2026-08-18 23:48:42,Na That Panom Place Hotel,14,0,,2026-08-19,25.18
2001054,0.3266981645664272,0.38436217228379355,0.3266981645664272,0.5123262115889852,527.0,230.0,2026-08-18 23:03:17,Jasmine Resort Sriracha,64,0,,2026-08-22,26.76
2001141,0.352251470880613,0.3599150531000361,0.352251470880613,0.5353035790910924,31.0,18.0,2026-08-18 18:04:18,Siri Hotel,16,0,,2026-08-19,25.6
2001222,0.31844232601304207,0.3556659191633809,0.31844232601304207,0.5086664898578087,342.0,39.0,2026-08-18 20:17:46,Rinradee Place Buriram,128,0,,2026-09-07,29.38
2001379,0.31925805862108225,0.3402249694182058,0.31925805862108225,0.5112122781311431,63.0,55.0,2026-08-18 18:49:55,Swankaburi Boutique Hotel,16,0,,2026-08-19,23.81
2001500,0.3268958179432469,0.3268958179432469,0.3268958179432469,0.5095449060051865,8.0,8.0,2026-08-18 12:21:35,Panta Resort Thoeng,8,0,,2026-08-18,23.66
2001565,0.3422393553629487,0.3422393553629487,0.3422393553629487,0.5438515737479651,8.0,8.0,2026-08-18 17:21:38,Zing Resort & Spa,8,0,,2026-08-18,24.96
2001666,0.41484876477872273,0.41484876477872273,0.41484876477872273,0.5162807591032342,14.0,14.0,2026-08-18 23:48:42,Diamond Place Pathum Thani,4,1,2026-08-18 23:03:17,2026-08-19,27.12
2001678,0.32820921359538563,0.3449481117202387,0.32820921359538563,0.5324906792043517,84.0,24.0,2026-08-18 23:48:42,Mintara Hotel,51,0,,2026-08-20,26.32
2001941,0.3178076205965499,0.3230160640642081,0.3178076205965499,0.5071376970021634,76.0,24.0,2026-08-18 19:05:06,Baan Nannapas,32,0,,2026-08-26,24.47
2001943,0.3182592512094734,0.3221686656052573,0.3182592512094734,0.507616761895588,128.0,80.0,2026-08-18 13:05:37,Phitsanulok Orchid Hotel,16,0,,2026-09-05,23.74
2001988,0.44961805919373765,0.44961805919373765,0.44961805919373765,0.5107293788232208,196.0,196.0,2026-08-18 14:05:44,The Loft Resort Bangkok,7,1,2026-08-18 12:36:04,2026-08-19,28.66
2002011,0.326133688128312,0.33042911441242856,0.326133688128312,0.5153641249980758,22.0,14.0,2026-08-18 18:04:18,C2 Residence Hotel,16,0,,2026-08-19,24.15
2002114,0.3853608535155743,0.3998942522400607,0.3853608535155743,0.5090515697563951,2282.0,403.0,2026-08-18 18:04:18,Rambuttri House,50,15,2026-08-18 05:00:04,2026-08-25,29.41
2002124,0.4001654283164204,0.45866042913752364,0.4001654283164204,0.5108797557147289,288.0,183.0,2026-08-18 20:47:57,Central Place Hotel Rayong,38,6,2026-08-18 19:05:06,2026-08-19,28.26
2002133,0.37732894154681346,0.41168728535559773,0.37732894154681346,0.5134268278619453,371.0,166.0,2026-08-18 21:31:44,Preechana Hotel,53,9,2026-08-18 21:31:44,2026-08-20,28.18
2002144,0.35416163892141156,0.36322915709099746,0.35416163892141156,0.5089739348053594,326.0,105.0,2026-08-18 16:35:56,Huaymuang Apartment,36,0,,2026-08-21,26.3
2002203,0.37622502178837264,0.3817853299670622,0.37622502178837264,0.5223879849843622,49.0,7.0,2026-08-18 16:50:50,Weerawan Place,49,1,2026-08-18 15:51:26,2026-08-26,27.92
2002270,0.30319449698565115,0.30319449698565115,0.30319449698565115,0.5170017768840914,7.0,7.0,2026-08-18 16:21:17,Leelawadee Resort Sukhothai,7,0,,2026-08-18,22.81
2002290,0.3893431350511421,0.4099375509335138,0.3893431350511421,0.5072061464296187,275.0,119.0,2026-08-18 17:07:13,Baansuanramita Resort,48,4,2026-08-18 13:05:37,2026-08-19,28.23
2002543,0.4137143140781759,0.43464368025261496,0.4137143140781759,0.5075458857326459,646.0,395.0,2026-08-18 12:36:04,Pakchong Hotel,25,5,2026-08-18 11:04:55,2026-08-23,28.31
2002546,0.33026163840508643,0.33026163840508643,0.33026163840508643,0.5089685346854703,39.0,39.0,2026-08-18 13:05:37,Lumphawa Amphawa Resort,12,0,,2026-08-18,24.0
2002734,0.4394879769373503,0.49781535512165803,0.4394879769373503,0.5146451113025431,4179.0,669.0,2026-08-18 20:17:46,Sananwan Palace,119,12,2026-08-18 18:49:55,2026-08-25,36.2
2002765,0.38135525376007234,0.38135525376007234,0.38135525376007234,0.5048227735245222,8.0,8.0,2026-08-18 17:07:13,Siamgrand Hotel,8,1,2026-08-18 15:51:26,2026-08-18,25.75
2002767,0.41302429506148536,0.4315768359162206,0.41302429506148536,0.5135388570190442,438.0,183.0,2026-08-18 18:49:55,BT Grand Condotel,48,5,2026-08-18 17:07:13,2026-08-19,29.4
2003095,0.4070389256626889,0.45854146792960343,0.4070389256626889,0.5122367519619525,643.0,173.0,2026-08-18 20:04:15,Yenjit Resort Chachoengsao,59,3,2026-08-18 19:05:06,2026-08-21,29.8
2003250,0.33337640413293507,0.35107012783490016,0.33337640413293507,0.5365779852396269,56.0,32.0,2026-08-18 23:32:45,Sweet Inn Resort Hotel,37,0,,2026-08-18,25.91
2003274,0.38158965310420534,0.38158965310420534,0.38158965310420534,0.5095773519592074,286.0,286.0,2026-08-18 08:47:02,Dang Ky Ploen Tharnnam Resort,8,1,2026-08-18 08:47:02,2026-08-19,26.02
2003377,0.34657078997115925,0.34657078997115925,0.34657078997115925,0.4999879191593582,40.0,40.0,2026-08-18 00:32:16,Rangsit Apartment 1,3,1,2026-08-18 00:32:16,2026-08-20,24.03
2003448,0.3396837539268335,0.38970756163918097,0.3396837539268335,0.5057292224017175,241.0,233.0,2026-08-18 20:04:15,Sailom Premium Resort Det Udom,15,0,,2026-09-08,24.58
2003455,0.3132872532813593,0.3141892755401629,0.3132872532813593,0.5216408751586473,16.0,8.0,2026-08-18 13:22:18,AVA Hotel Phitsanulok,16,0,,2026-08-20,23.76
2003532,0.3703393146878487,0.3703393146878487,0.3703393146878487,0.50726107782775,109.0,109.0,2026-08-18 18:04:18,Bualinn Resort,23,3,2026-08-18 17:07:13,2026-08-18,26.15
2003698,0.37319491394929843,0.37319491394929843,0.37319491394929843,0.5173083475550112,14.0,14.0,2026-08-18 08:47:02,The State Resort,7,0,,2026-08-18,25.62
2003718,0.3173288157119204,0.3173288157119204,0.3173288157119204,0.5219411499778306,8.0,8.0,2026-08-18 22:32:31,BCP Hotel Banchang,8,0,,2026-08-18,23.53
2003966,0.46503990165314035,0.47058848238772993,0.46503990165314035,0.5065296209732204,1311.0,947.0,2026-08-18 21:48:45,100 Islands Resort and Spa,26,6,2026-08-18 21:48:45,2026-08-22,30.79
2004018,0.3227371210383415,0.3227371210383415,0.3227371210383415,0.5236295322181573,8.0,8.0,2026-08-18 20:32:59,Dee Dee Place Hotel,8,0,,2026-08-19,23.78
2004062,0.32628577788035734,0.32628577788035734,0.32628577788035734,0.5112174522865947,16.0,16.0,2026-08-18 13:22:18,Starwell Bali Resort,9,0,,2026-08-18,23.73
2004213,0.4173330961350513,0.4190248563251652,0.4173330961350513,0.5039506430208747,101.0,54.0,2026-08-18 00:19:00,Sakun Place,4,0,,2026-08-19,27.03
2004219,0.3498865808358485,0.40456659418744567,0.3498865808358485,0.5064952153277847,2877.0,838.0,2026-08-18 23:48:42,Hisoplace Hotel,39,6,2026-08-18 17:21:38,2026-08-25,27.76
2004575,0.41571454574479677,0.4608831891882052,0.41571454574479677,0.511613455161968,7380.0,2028.0,2026-08-18 22:03:44,Ben Residence,101,16,2026-08-18 19:20:48,2026-08-20,36.23
2004655,0.42708616661827253,0.4787517557316803,0.42708616661827253,0.5125715850239473,473.0,256.0,2026-08-18 14:49:01,Greenville Serviced Apartment,23,2,2026-08-18 12:51:07,2026-08-20,28.74
2004750,0.48800250152892016,0.4904745956646917,0.48800250152892016,0.5151939290128673,328.0,112.0,2026-08-18 17:34:59,Baan Maesot Boutique Resort,24,3,2026-08-18 15:51:26,2026-08-19,31.19
2004765,0.4386976838774694,0.4832730860560245,0.4386976838774694,0.5098771843488711,273.0,134.0,2026-08-18 14:49:01,Phuket Seaview Resotel,15,3,2026-08-18 13:05:37,2026-08-26,28.64
2004777,0.34624163313167683,0.34624163313167683,0.34624163313167683,0.5383819697203721,15.0,15.0,2026-08-18 17:07:13,Leelawadee Grand Hotel  Udonthani,8,0,,2026-08-18,25.02
2004802,0.31807789251873864,0.3195379583863355,0.31807789251873864,0.5267510072798608,16.0,8.0,2026-08-18 20:04:15,Le Bar Tarry Hotel,16,0,,2026-08-19,24.05
2004824,0.30420209506096263,0.30420209506096263,0.30420209506096263,0.515685951083841,8.0,8.0,2026-08-18 23:32:45,Nata Resort,8,0,,2026-08-19,22.88
2004846,0.3939960307492949,0.4492586929537972,0.3939960307492949,0.5133264969322692,814.0,309.0,2026-08-18 15:51:26,At Ease Suvarnabhumi Hotel,54,6,2026-08-18 15:36:48,2026-08-25,29.16
2004881,0.2849516026876277,0.2849516026876277,0.2849516026876277,0.508562242367878,7.0,7.0,2026-08-18 16:50:50,U-Siket Resort,7,0,,2026-08-18,21.92
2004902,0.3511238307439488,0.36046936351702796,0.3511238307439488,0.5146137535553351,71.0,39.0,2026-08-18 16:35:56,Jing Jit Hotel,28,0,,2026-08-20,25.75
2004910,0.35704289780108833,0.35704289780108833,0.35704289780108833,0.5062173754998174,78.0,78.0,2026-08-18 20:04:15,Phurafah Resort,10,0,,2026-08-20,24.94
2004950,0.40164830674600244,0.44434516568404736,0.40164830674600244,0.5131103417184945,1536.0,551.0,2026-08-18 23:48:42,Khao Rang Place,65,5,2026-08-18 23:03:17,2026-08-23,30.43
2004996,0.42281482541178717,0.4273941797840957,0.42281482541178717,0.5100290077575105,1498.0,833.0,2026-08-18 20:32:59,Colorize Boutique Hotel,50,2,2026-08-18 07:30:03,2026-08-19,30.46
2005024,0.28849353732812566,0.2932324923699386,0.28849353732812566,0.5088648594505621,144.0,22.0,2026-08-18 17:07:13,Veerasuda Condotel,72,0,,2026-08-31,25.32
2005102,0.3502642445274814,0.3502642445274814,0.3502642445274814,0.5085530261229629,62.0,62.0,2026-08-18 08:15:18,Ruentara Resort Buriram,7,0,,2026-08-18,24.56
2005210,0.3325945519413929,0.3325945519413929,0.3325945519413929,0.5346199542200376,8.0,8.0,2026-08-18 17:34:59,J Holiday Inn,8,0,,2026-08-18,24.39
2005327,0.30139245582872304,0.30139245582872304,0.30139245582872304,0.5076771573913275,8.0,8.0,2026-08-18 20:04:15,Ban Suan Pharwalai,8,0,,2026-08-18,22.61
2005336,0.3253516647574752,0.3511217846689345,0.3253516647574752,0.5118253631472444,192.0,32.0,2026-08-18 12:21:35,Delight Resort Korat,68,0,,2026-08-24,26.69
2005355,0.33344858758358337,0.33344858758358337,0.33344858758358337,0.4994404571067602,16.0,16.0,2026-08-18 13:37:28,The Lake Hotel Khon Kaen,8,1,2026-08-18 12:51:07,2026-08-18,23.73
2005402,0.37279053217450436,0.39437989951681157,0.37279053217450436,0.5118577575395924,1295.0,392.0,2026-08-18 23:32:45,V-Ocean Palace,127,7,2026-08-18 22:17:43,2026-08-18,32.14
2005527,0.4264540828586187,0.43062423181406473,0.4264540828586187,0.5196031387754404,361.0,162.0,2026-08-18 19:34:59,The Avail Hotel Ayutthaya,27,4,2026-08-18 19:34:59,2026-08-20,28.99
2005543,0.2997937898563021,0.2997937898563021,0.2997937898563021,0.5095128339597413,58.0,58.0,2026-08-18 18:49:55,Thansila Resort Buriram,16,0,,2026-09-07,23.0
2005574,0.3819394875868163,0.40570123361596255,0.3819394875868163,0.5117541122428805,104.0,61.0,2026-08-18 21:03:06,Seksub Place,24,4,2026-08-18 17:21:38,2026-08-19,26.75
2005587,0.3591949215499605,0.3771430243865684,0.3591949215499605,0.5031949609779218,292.0,115.0,2026-08-18 17:07:13,Dwella Suvarnabhumi Hotel,20,2,2026-08-18 15:51:26,2026-08-25,25.59
2005618,0.36581451269867693,0.39538097026648816,0.36581451269867693,0.5127027688023942,371.0,215.0,2026-08-18 14:49:01,Kanvela Resort,28,0,,2026-08-19,26.48
2005675,0.30066764276372415,0.30290251403287066,0.30066764276372415,0.5163235046601162,14.0,7.0,2026-08-18 14:05:44,Resort Railumpoo Farm and Camping,14,0,,2026-08-26,23.05
2005709,0.38785146639270907,0.38785146639270907,0.38785146639270907,0.5117820109812548,274.0,274.0,2026-08-18 15:22:55,Tamajun Hotel,6,0,,2026-08-23,26.21
2005727,0.3616766398901912,0.3616766398901912,0.3616766398901912,0.5083063967906867,115.0,115.0,2026-08-18 22:48:21,Chicken House Rayong,14,2,2026-08-18 22:48:21,2026-08-19,25.39
2005742,0.3584038576714969,0.38206005955420513,0.3584038576714969,0.5132030406722361,221.0,91.0,2026-08-18 23:48:42,The Bliss Loei Living Hotel,69,4,2026-08-18 19:05:06,2026-09-05,28.11
2005749,0.39930015523154977,0.39930015523154977,0.39930015523154977,0.5133355364931703,305.0,305.0,2026-08-18 23:03:17,Herry Residence,14,1,2026-08-18 21:16:11,2026-08-26,27.11
2005781,0.37789356971301963,0.37789356971301963,0.37789356971301963,0.5089050431945977,125.0,125.0,2026-08-18 16:35:56,Eco Inn Lite Ubon Ratchathani,7,0,,2026-08-20,25.71
2005857,0.3560314430968025,0.3663805802969633,0.3560314430968025,0.5074487373036748,222.0,122.0,2026-08-18 19:48:47,Narita@Amata Hotel,27,1,2026-08-18 17:34:59,2026-08-20,25.84
2005859,0.3586088251920676,0.3586088251920676,0.3586088251920676,0.5142957443566966,92.0,92.0,2026-08-18 11:35:49,Crystal Place Buayai,8,0,,2026-08-20,25.08
2005897,0.4027013975728555,0.4722769693731781,0.4027013975728555,0.5124526952668234,102.0,88.0,2026-08-18 12:06:15,Green Apple Villa,17,1,2026-08-18 08:47:02,2026-08-22,27.25
2005925,0.3326978958365824,0.34861037867073796,0.3326978958365824,0.5139907661106333,83.0,76.0,2026-08-18 16:21:17,Suksopha Resort,15,0,,2026-08-20,24.37
2006014,0.36790477098507895,0.3820253039816732,0.36790477098507895,0.5116872026482593,1013.0,506.0,2026-08-18 07:30:03,Jasaen Hotel,21,2,2026-08-18 05:58:18,2026-08-19,26.59
2006052,0.3535733592705734,0.37256632321548716,0.3535733592705734,0.5059510493769542,1205.0,944.0,2026-08-18 23:48:42,The Plimplace Hotel,65,2,2026-08-18 22:03:44,2026-09-07,28.16
2006096,0.4413514970117259,0.4580233865828115,0.4413514970117259,0.5219756135338963,76.0,40.0,2026-08-18 21:16:11,Coco View Hotel,21,1,2026-08-18 19:34:59,2026-08-18,29.17
2006214,0.39109525827972447,0.3942761545741177,0.39109525827972447,0.5167857179336499,1109.0,565.0,2026-08-18 23:48:42,Baanwaan Resort,14,0,,2026-08-23,27.33
2006226,0.3684219946503096,0.40933692594045956,0.3684219946503096,0.5085331454055902,308.0,155.0,2026-08-18 20:32:59,The Precious,24,2,2026-08-18 18:49:55,2026-08-24,26.27
2006288,0.33078411014490633,0.33078411014490633,0.33078411014490633,0.527488976846932,16.0,16.0,2026-08-18 10:19:49,Be My Guest Ubon Ratchathani,8,0,,2026-08-18,24.18
2006319,0.34098863199599133,0.34098863199599133,0.34098863199599133,0.508764123494689,231.0,231.0,2026-08-18 09:00:50,Rain Tree Khao Yai Hotel,7,0,,2026-09-04,24.3
2006352,0.4369850245261483,0.43815405761892945,0.4369850245261483,0.5041010951305552,942.0,498.0,2026-08-18 18:04:18,@115 By Rompo Mansion,16,2,2026-08-18 17:34:59,2026-08-22,28.91
2006389,0.4413657697451613,0.4413657697451613,0.4413657697451613,0.515433858265924,59.0,59.0,2026-08-18 20:04:15,Eitanic Resort Ratchaburi,9,1,2026-08-18 18:04:18,2026-08-26,28.44
2006421,0.33808540822230587,0.33808540822230587,0.33808540822230587,0.4995386815264635,9.0,9.0,2026-08-18 23:48:42,Connect Apartment,3,2,2026-08-18 23:48:42,2026-08-19,23.67
2006452,0.41697247528882425,0.45179703590236336,0.41697247528882425,0.5092385112465202,3513.0,946.0,2026-08-18 17:49:59,My Room Ratchaburi​,85,12,2026-08-18 16:35:56,2026-08-24,33.13
2006638,0.35921650277433437,0.36943717554558725,0.35921650277433437,0.5290598882693449,50.0,20.0,2026-08-18 23:48:42,Don Muang Hotel,46,1,2026-08-18 23:48:42,2026-08-19,27.23
2006774,0.2679100670451762,0.2679100670451762,0.2679100670451762,0.5069853988995426,8.0,8.0,2026-08-18 20:47:57,Pornpong Hotel Nan,8,0,,2026-08-18,21.25
2006816,0.3846981809442024,0.430463165429364,0.3846981809442024,0.510403189233476,3318.0,679.0,2026-08-18 23:48:42,185 Residence Khon Kaen,215,20,2026-08-18 21:16:11,2026-08-19,38.1
2006823,0.30466919147680205,0.3349118889316293,0.30466919147680205,0.5081460921127585,16.0,8.0,2026-08-18 23:48:42,Sombat Resort,16,0,,2026-08-20,23.14
2006916,0.3321502423167128,0.3321502423167128,0.3321502423167128,0.5326446104507868,8.0,8.0,2026-08-18 23:03:17,Urban-Bamboo  Nakhonratchasima,8,0,,2026-08-19,24.33
2006962,0.3687208229427206,0.3687208229427206,0.3687208229427206,0.5040956279770311,74.0,74.0,2026-08-18 15:22:55,Tetris Hotel,6,0,,2026-08-19,25.17
2006982,0.39030012040473316,0.39030012040473316,0.39030012040473316,0.512881081368915,143.0,143.0,2026-08-18 19:34:59,Fahproudfon Hotel,26,6,2026-08-18 19:34:59,2026-08-18,27.23
2006989,0.34424817115130885,0.3739080793656123,0.34424817115130885,0.5111789540190574,232.0,184.0,2026-08-18 21:31:44,Orchid Residence Suratthani,22,0,,2026-08-20,25.21
2007026,0.4183555640311285,0.4726526140590819,0.4183555640311285,0.5128456905549282,662.0,380.0,2026-08-18 23:48:42,The Vista Hotel By Satit Group,27,2,2026-08-18 13:05:37,2026-08-22,28.71
2007059,0.3119977911239417,0.3476513143235161,0.3119977911239417,0.5095378791319918,62.0,23.0,2026-08-18 20:04:15,Loei Panmiles Resort,42,0,,2026-08-25,24.76
2007066,0.30705265775296325,0.30705265775296325,0.30705265775296325,0.5196021496872609,8.0,8.0,2026-08-18 11:50:18,The Infinite Resort,8,0,,2026-08-19,23.07
2007119,0.3901625783140134,0.42068220565342296,0.3901625783140134,0.5101086680663875,863.0,570.0,2026-08-18 20:47:57,Chateau de bear Nakhonsawan,48,5,2026-08-18 12:06:15,2026-08-19,28.67
2007193,0.32290140296407344,0.32290140296407344,0.32290140296407344,0.5301758938980768,16.0,8.0,2026-08-18 12:06:15,Pailin Resort,16,0,,2026-08-21,24.31
2007227,0.3489268735496589,0.40970723415826543,0.3489268735496589,0.5105348132383573,171.0,100.0,2026-08-18 19:05:06,Two T Resort,39,5,2026-08-18 19:05:06,2026-08-18,26.18
2007470,0.3725110407542803,0.4061378961912874,0.3725110407542803,0.5117477614949039,589.0,146.0,2026-08-18 19:48:47,The Smart Hotel Hatyai,40,4,2026-08-18 19:48:47,2026-09-15,27.45
2007528,0.3621727359529263,0.37927663823641133,0.3621727359529263,0.5173046776641193,233.0,155.0,2026-08-18 21:48:45,Sea Land View Apartment @ Sriracha,20,0,,2026-08-23,25.95
2007537,0.3326636616655899,0.3326636616655899,0.3326636616655899,0.5383780371067228,8.0,8.0,2026-08-18 13:51:17,Baan Chanchay Hua-Hin,8,0,,2026-08-18,24.47
2007548,0.42663741147581075,0.504567857835608,0.42663741147581075,0.5055235602248425,737.0,244.0,2026-08-18 14:05:44,Benri sriracha Residence,27,5,2026-08-18 13:22:18,2026-08-21,28.94
2007588,0.32268633727797635,0.34881791733191386,0.32268633727797635,0.5064727686758378,95.0,61.0,2026-08-18 20:04:15,Sonrisa Sriracha Condominium,16,0,,2026-08-19,23.88
2007639,0.3441232980278062,0.3441232980278062,0.3441232980278062,0.5073892596024767,51.0,51.0,2026-08-18 10:19:49,Irak resort,8,0,,2026-08-20,24.33
2007657,0.3689034783481005,0.3689034783481005,0.3689034783481005,0.512695668520591,16.0,16.0,2026-08-18 20:04:15,The Circle Hotel,8,0,,2026-08-18,25.41
2007683,0.31120231055314673,0.3356565949115669,0.31120231055314673,0.5180694772793546,15.0,8.0,2026-08-18 17:07:13,J Residence Samut Prakan,15,0,,2026-09-02,23.55
2007725,0.4034734376461942,0.4034734376461942,0.4034734376461942,0.5122415151195118,462.0,462.0,2026-08-18 17:49:59,Rider bedroom hostel and cafe,10,2,2026-08-18 17:49:59,2026-08-20,27.15
2007815,0.4337557369205055,0.48168792629524887,0.4337557369205055,0.5112210615872268,617.0,250.0,2026-08-18 23:19:38,Ac Sport Center Hotel,60,13,2026-08-18 23:03:17,2026-08-22,30.88
2007830,0.41898845002962454,0.41898845002962454,0.41898845002962454,0.5163244570202647,640.0,640.0,2026-08-18 17:21:38,Summer Tree Hotel,8,0,,2026-08-24,27.86
2007896,0.4421059938775812,0.44342795750476216,0.4421059938775812,0.5055691605335073,2427.0,646.0,2026-08-18 23:32:45,Cacha Bed Heritage Hotel,32,0,,2026-08-26,30.82
2007960,0.36536730360777053,0.36536730360777053,0.36536730360777053,0.5139232665628674,208.0,208.0,2026-08-18 15:36:48,Vipat Bungkan Hotel,6,0,,2026-08-20,25.31
2008050,0.305524431682693,0.305524431682693,0.305524431682693,0.5159830932962673,7.0,7.0,2026-08-18 16:21:17,41Studio  Nakhon Phanom,7,0,,2026-08-18,22.89
2008215,0.4235197009325833,0.4235197009325833,0.4235197009325833,0.5110164422045731,173.0,173.0,2026-08-18 08:47:02,Levana Hotel Pattaya,7,1,2026-08-18 06:59:13,2026-08-28,27.61
2008217,0.34614177510381233,0.34614177510381233,0.34614177510381233,0.5142089475355206,8.0,8.0,2026-08-18 12:36:04,Won Place Khon Kaen,8,0,,2026-08-18,24.53
2008290,0.37918343773464197,0.37918343773464197,0.37918343773464197,0.5060417416182097,115.0,115.0,2026-08-18 15:22:55,Maneetel Krabi Beachfront,6,0,,2026-08-19,25.65
2008372,0.3640099630247712,0.37656623214982304,0.3640099630247712,0.5097638695527626,243.0,195.0,2026-08-18 15:22:55,Plaifa Resort Banrai,12,0,,2026-08-19,25.49
2008466,0.3373130111218664,0.3634136363600768,0.3373130111218664,0.514231382065713,156.0,140.0,2026-08-18 22:48:21,JJ @ chiangkhan,16,0,,2026-08-21,24.65
2008496,0.39760552594139464,0.4187477925083799,0.39760552594139464,0.5166079556942471,86.0,78.0,2026-08-18 18:20:34,Thongphaphum River,16,1,2026-08-18 16:35:56,2026-08-19,27.07
2008649,0.36312531234868217,0.37876834281804844,0.36312531234868217,0.5136443870973291,48.0,34.0,2026-08-18 18:49:55,Nata Resort Chanthaburi 2,16,0,,2026-08-27,25.61
2008838,0.3271744247947466,0.3271744247947466,0.3271744247947466,0.5011124524634006,8.0,8.0,2026-08-18 13:37:28,Anchan Laguna Hotel,8,1,2026-08-18 13:05:37,2026-08-18,23.51
2008850,0.35830847104336905,0.3624041459432676,0.35830847104336905,0.504401655423436,1143.0,760.0,2026-08-18 13:37:28,T Vintage Hotel,15,1,2026-08-18 01:30:45,2026-08-19,25.84
2008893,0.361348088535622,0.37307356815614084,0.361348088535622,0.5134139567005083,414.0,146.0,2026-08-18 22:32:31,The Pride Salaya,32,0,,2026-08-21,26.54
2008958,0.27973475302795736,0.27973475302795736,0.27973475302795736,0.5064752110193409,4.0,4.0,2026-08-18 01:02:44,The Habita Hatyai,4,0,,2026-09-16,21.52
2009053,0.37411624060183046,0.3832913185086687,0.37411624060183046,0.5220188042671783,106.0,90.0,2026-08-18 19:20:48,Burgundy Residence 304,33,3,2026-08-18 19:05:06,2026-08-19,27.08
2009098,0.3556949218049174,0.3587556491799791,0.3556949218049174,0.5111544847163902,707.0,205.0,2026-08-18 01:59:49,Phuket Chinoinn Hotel,32,0,,2026-09-02,26.44
2009155,0.38298733729839424,0.39167879194911565,0.38298733729839424,0.5136297751405056,530.0,259.0,2026-08-18 17:34:59,Bangsaphan Resort,30,0,,2026-08-20,27.38
2009169,0.40176578074539654,0.40176578074539654,0.40176578074539654,0.5074266918797818,77.0,77.0,2026-08-18 18:49:55,Baan Maesot PLUS,8,4,2026-08-18 18:04:18,2026-08-29,26.66
2009196,0.313996651073283,0.313996651073283,0.313996651073283,0.5028079264224278,14.0,14.0,2026-08-18 14:05:44,Katom Satu,8,1,2026-08-18 13:05:37,2026-08-18,23.02
2009226,0.3896206889627279,0.42725357376230033,0.3896206889627279,0.514061072363004,132.0,51.0,2026-08-18 14:49:01,Smile Place Chomthong,26,6,2026-08-18 13:51:17,2026-08-19,27.22
2009275,0.3634652499110186,0.3634652499110186,0.3634652499110186,0.5105664528232786,73.0,73.0,2026-08-18 10:19:49,Suwi Coco Ville Resort,8,0,,2026-08-18,25.18
2009406,0.3232528523509636,0.3232528523509636,0.3232528523509636,0.5057310311354083,32.0,32.0,2026-08-18 13:51:17,Sanfhan Resort Phatthalung,12,1,2026-08-18 12:21:35,2026-08-18,23.65
2009458,0.4373834789875788,0.48009613612300656,0.4373834789875788,0.5038091225253204,25134.0,2812.0,2026-08-18 23:48:42,Prince Palace Hotel Bangkok,159,39,2026-08-18 23:48:42,2026-09-02,50.44
2009469,0.35362689756887594,0.35362689756887594,0.35362689756887594,0.5101083830002213,38.0,38.0,2026-08-18 20:47:57,Thanburi Hotel,8,0,,2026-08-22,24.76
2009559,0.338793411545498,0.338793411545498,0.338793411545498,0.5103051874088491,51.0,51.0,2026-08-18 19:05:06,Chatsuree Boutique Resort,24,2,2026-08-18 11:50:18,2026-08-18,24.96
2009561,0.29333064355902394,0.2957470213758836,0.29333064355902394,0.5075052001665168,78.0,28.0,2026-08-18 12:21:35,Montara Hotel and Resort Korat,24,0,,2026-09-16,23.1
2009631,0.34039904660377096,0.3416597397019849,0.34039904660377096,0.5108999169750448,83.0,44.0,2026-08-18 14:05:44,Rimnam Photharam Resort,14,0,,2026-09-12,24.57
2009639,0.3868804117143388,0.43108120047991094,0.3868804117143388,0.5104225837750658,553.0,178.0,2026-08-18 23:48:42,Hotel Together,33,1,2026-08-18 20:32:59,2026-08-26,27.63
2009666,0.3263261427467675,0.3263261427467675,0.3263261427467675,0.5076745618845951,17.0,17.0,2026-08-18 23:48:42,Baan Lamoon Ratchaburi,5,0,,2026-08-20,23.46
2009681,0.3799955005467828,0.3799955005467828,0.3799955005467828,0.5139344755704806,98.0,98.0,2026-08-18 14:49:01,Chanta Boutique Place,14,0,,2026-08-18,26.22
2009738,0.3606318384623213,0.3606318384623213,0.3606318384623213,0.5111604140234494,93.0,93.0,2026-08-18 17:34:59,THE ALL 24 Luxury Residence,16,0,,2026-08-24,25.49
2009741,0.3326317488643221,0.3326317488643221,0.3326317488643221,0.5090150583539473,31.0,31.0,2026-08-18 11:04:55,The Bed Kolok Resort,7,0,,2026-08-18,23.85
2009764,0.3105692956053375,0.3105692956053375,0.3105692956053375,0.5157918234425326,8.0,8.0,2026-08-18 23:03:17,Siri Ratchada Bangkok,8,0,,2026-08-18,23.13
2009795,0.3437646695232302,0.3437646695232302,0.3437646695232302,0.5117109750838391,103.0,103.0,2026-08-18 20:47:57,Luck Swan Boutique,15,0,,2026-08-18,24.78
2009805,0.27830853706055586,0.27830853706055586,0.27830853706055586,0.5053269047784431,8.0,8.0,2026-08-18 20:17:46,The Green Hotel Rasi Salai,8,0,,2026-08-18,21.63
2009815,0.40864406589049485,0.41531666483063495,0.40864406589049485,0.5104750281153468,2232.0,886.0,2026-08-18 23:48:42,B-your home Hotel Donmueang Airport Bangkok,37,2,2026-08-18 16:35:56,2026-08-20,29.71
2009838,0.33354138553616763,0.34731874374270544,0.33354138553616763,0.5078147434794026,42.0,26.0,2026-08-18 13:51:17,Tawanchay Hotel Phatthalung,11,0,,2026-08-20,24.06
2009905,0.3523777309731404,0.3931073217863172,0.3523777309731404,0.5202839592966058,27.0,21.0,2026-08-18 15:36:48,Golf Inn Resort,14,0,,2026-08-29,25.2
2009920,0.3337499468201447,0.3758956237077108,0.3337499468201447,0.5082710017965364,202.0,166.0,2026-08-18 23:48:42,Oakwood Hotel & Residence Sri Racha,20,0,,2026-08-22,24.61
2009936,0.39411698174905924,0.3961161471289722,0.39411698174905924,0.5066099900551886,628.0,339.0,2026-08-18 19:05:06,The Royal P Phuket,18,0,,2026-08-23,27.15
2010085,0.36929486982078674,0.3704040810023652,0.36929486982078674,0.5065861945379314,67.0,42.0,2026-08-18 18:20:34,Chic Living Hotel,23,1,2026-08-18 17:07:13,2026-08-19,26.07
2010138,0.3701797363018145,0.41204894677277853,0.3701797363018145,0.5121749491970279,267.0,139.0,2026-08-18 19:20:48,Triple Z Hotel,31,2,2026-08-18 19:20:48,2026-08-22,26.73
2010153,0.5522511964491674,0.5522511964491674,0.5522511964491674,0.5334201101897889,177.0,177.0,2026-08-18 12:51:07,The Kannas Hotel & Serviced Apartment Chiangmai,8,1,2026-08-18 11:04:55,2026-08-20,33.26
2010187,0.3592326216933197,0.3592326216933197,0.3592326216933197,0.5094119847312502,78.0,78.0,2026-08-18 10:19:49,Chatsuree Mansion,8,0,,2026-08-18,25.0
2010201,0.3591224593744139,0.3609269713985554,0.3591224593744139,0.5117860430599034,540.0,323.0,2026-08-18 17:34:59,Anchalee Resort Bang Saphan,16,0,,2026-08-20,25.71
2010376,0.31697800131260806,0.31697800131260806,0.31697800131260806,0.5178481885881725,8.0,8.0,2026-08-18 17:34:59,Shanti-Retreat Hotel,8,0,,2026-08-18,23.43
2010510,0.3291526109927017,0.3755953735756484,0.3291526109927017,0.5067725519732178,830.0,595.0,2026-08-18 23:48:42,The Green Hotel 304,41,3,2026-08-18 16:21:17,2026-08-20,25.8
2010534,0.43166199691237067,0.4533637842948224,0.43166199691237067,0.5100261213256462,524.0,315.0,2026-08-18 14:05:44,Romance Hotel Sukhumvit 97,21,2,2026-08-18 12:36:04,2026-08-20,28.81
2010625,0.29593865313746676,0.29593865313746676,0.29593865313746676,0.5035886182533892,28.0,7.0,2026-08-18 01:59:49,Phuket Nonnita Boutique Resort,28,0,,2026-09-05,23.3
2010656,0.3542093090679992,0.37619370735092345,0.3542093090679992,0.509247587596849,307.0,179.0,2026-08-18 21:31:44,Wisdom Hotel and Residence,37,2,2026-08-18 20:32:59,2026-08-19,26.35
2010722,0.3976257132810104,0.42107784161613,0.3976257132810104,0.5083368956511897,216.0,133.0,2026-08-18 23:48:42,NongHan Grand hotel and resort,14,1,2026-08-18 22:32:31,2026-08-19,26.89
2010741,0.322977254343324,0.32398717061989035,0.322977254343324,0.5069096956641641,98.0,51.0,2026-08-18 00:19:00,T Pattaya Hotel,4,0,,2026-09-09,23.31
2010758,0.2732955424659676,0.2732955424659676,0.2732955424659676,0.5066374821206414,8.0,8.0,2026-08-18 20:04:15,AP Grand Residence & Hotel,8,0,,2026-09-14,21.46
2010777,0.3821808537120222,0.3821808537120222,0.3821808537120222,0.5248024113015182,20.0,20.0,2026-08-18 23:32:45,Green 2 Resort,9,0,,2026-08-18,26.24
2010790,0.37248580384340363,0.37248580384340363,0.37248580384340363,0.5059740679712288,131.0,131.0,2026-08-18 22:03:44,HUG Sakonnakhon,8,0,,2026-08-19,25.49
2010838,0.38480370942326975,0.4510087670377328,0.38480370942326975,0.5131023402064359,3738.0,603.0,2026-08-18 23:32:45,All Day Hostel @ BTS Bang Chak,72,5,2026-08-18 15:51:26,2026-09-08,31.42
2010846,0.3455771851591857,0.3550599165377405,0.3455771851591857,0.509643703332592,56.0,24.0,2026-08-18 19:34:59,PN Hotel Fang,48,0,,2026-08-18,26.4
2010858,0.39223752619351443,0.39223752619351443,0.39223752619351443,0.5243220516900898,12.0,12.0,2026-08-18 16:06:39,5 Chang Palace Hotel,6,0,,2026-08-18,26.48
2010883,0.40314485301813274,0.4172017008836674,0.40314485301813274,0.5090848092086473,284.0,170.0,2026-08-18 20:47:57,Neca Reiche Hotel,38,3,2026-08-18 19:05:06,2026-08-19,28.34
2010931,0.3908212387008313,0.3925916008589478,0.3908212387008313,0.5102378578303924,79.0,40.0,2026-08-18 22:17:43,ZLEEP D Hotel,22,2,2026-08-18 17:49:59,2026-08-18,26.96
2010951,0.4164968856773347,0.41719312735874,0.4164968856773347,0.5130971086036178,81.0,44.0,2026-08-18 14:36:30,De Princess Hotel Udonthani,14,4,2026-08-18 14:36:30,2026-08-21,27.66
2010997,0.3340613782547129,0.3340613782547129,0.3340613782547129,0.49957546714404316,8.0,8.0,2026-08-18 23:48:42,The Nest Hotel Korat,3,2,2026-08-18 23:48:42,2026-08-19,23.51
2011031,0.36031815787347676,0.36031815787347676,0.36031815787347676,0.5073895698439457,176.0,176.0,2026-08-18 19:48:47,Latisha Resort,9,0,,2026-08-24,25.11
2011032,0.34722088265558576,0.34722088265558576,0.34722088265558576,0.5348069608406324,20.0,20.0,2026-08-18 14:49:01,Sleepstation @pratunam,7,0,,2026-08-21,24.94
2011049,0.3958381958553707,0.4177245736782114,0.3958381958553707,0.5076120816672958,253.0,169.0,2026-08-18 23:48:42,Worita Cove Hotel,14,1,2026-08-18 18:04:18,2026-08-30,26.82
2011057,0.3305161793872837,0.33173205453111704,0.3305161793872837,0.5346585360610849,16.0,8.0,2026-08-18 21:48:45,Asleep by Lantana,16,0,,2026-08-23,24.71
2011095,0.365060412573009,0.365060412573009,0.365060412573009,0.5126927991570274,153.0,153.0,2026-08-18 20:32:59,Janjao Hotel,15,0,,2026-08-19,25.68
2011319,0.39680516163676166,0.4480218411494839,0.39680516163676166,0.5106428281962319,669.0,163.0,2026-08-18 20:17:46,Hiso Potato Resort,52,5,2026-08-18 20:04:15,2026-08-21,29.03
2011442,0.39428503425930367,0.4021344913478176,0.39428503425930367,0.5060584593505963,3740.0,872.0,2026-08-18 13:51:17,Uthaithani Resort,38,1,2026-08-18 13:37:28,2026-08-21,30.0
2011510,0.3943830646348695,0.3943830646348695,0.3943830646348695,0.5387408568204974,16.0,16.0,2026-08-18 22:48:21,Amman Unique Hotel Udonthani,9,0,,2026-08-28,27.0
2011526,0.37451297251319215,0.3811390066324801,0.37451297251319215,0.5082029194589446,283.0,181.0,2026-08-18 10:48:41,Darley Hotel Chiangmai,15,0,,2026-08-31,26.05
2011600,0.3521480882315036,0.35807483030114884,0.3521480882315036,0.5232542991065563,43.0,35.0,2026-08-18 18:36:06,Rommai Greenpark Boutique Hotel Resort,16,0,,2026-08-19,25.36
2011654,0.35825857749854306,0.35825857749854306,0.35825857749854306,0.5051779101390348,56.0,56.0,2026-08-18 22:48:21,Purada Mansion,16,1,2026-08-18 21:31:44,2026-08-18,25.25
2011666,0.4189479805653385,0.4189479805653385,0.4189479805653385,0.5082667073155613,95.0,95.0,2026-08-18 22:48:21,The Cheewin Hotel & Convention,9,2,2026-08-18 22:48:21,2026-08-19,27.42
2011669,0.3664491223200798,0.37479816243704667,0.3664491223200798,0.5131190534362875,335.0,131.0,2026-08-18 23:32:45,The Sept Korat,60,3,2026-08-18 18:04:18,2026-08-19,28.06
2011676,0.3681499536388268,0.38790025424703617,0.3681499536388268,0.5137002410490082,497.0,283.0,2026-08-18 18:20:34,Look at Home Lamphun,43,3,2026-08-18 18:20:34,2026-08-19,27.4
2011731,0.39369824571813233,0.42785921504661584,0.39369824571813233,0.5318423960945161,654.0,220.0,2026-08-18 20:47:57,Icon Park Hotel Chiang Mai,57,7,2026-08-18 20:04:15,2026-08-28,29.56
2011750,0.3925426448174388,0.42207672247336325,0.3925426448174388,0.5084957926392191,602.0,248.0,2026-08-18 18:36:06,Tanban Mansion,55,3,2026-08-18 16:50:50,2026-08-20,28.92
2011757,0.4298538179084628,0.47520480936010095,0.4298538179084628,0.5081956276943276,204.0,165.0,2026-08-18 20:04:15,Lima Lanna Hotel,16,2,2026-08-18 18:04:18,2026-08-20,28.26
2012032,0.3305043347234488,0.3305043347234488,0.3305043347234488,0.5182095898424982,8.0,8.0,2026-08-18 17:07:13,Bay Hotel Srinakarin,8,0,,2026-08-18,23.98
2012119,0.4615065577831208,0.4615065577831208,0.4615065577831208,0.5089784998064472,464.0,464.0,2026-08-18 15:51:26,RoomQuest Amphawa Floating Market Vaylasamran,6,0,,2026-08-24,29.21
2012123,0.36362593138597143,0.36362593138597143,0.36362593138597143,0.5148835879562117,71.0,71.0,2026-08-18 16:50:50,Tassana Place,7,0,,2026-08-20,25.23
2012145,0.4686846473270587,0.49385563485757905,0.4686846473270587,0.5159495360555653,269.0,184.0,2026-08-18 10:48:41,Sans Hotel,19,4,2026-08-18 10:48:41,2026-08-23,30.16
2012150,0.28467370266529696,0.28467370266529696,0.28467370266529696,0.5070917814854464,17.0,17.0,2026-08-18 20:32:59,The C hotel Amnatcharoen,16,0,,2026-08-18,22.32
2012244,0.3875978912414467,0.4374236456534377,0.3875978912414467,0.5069881501876892,661.0,265.0,2026-08-18 23:48:42,Sann Hotel,51,7,2026-08-18 21:16:11,2026-08-19,28.53
2012247,0.41614362138525696,0.4590706075158031,0.41614362138525696,0.5110668523276082,1578.0,330.0,2026-08-18 23:48:42,Somerset Harbourview Sri Racha,42,2,2026-08-18 06:59:13,2026-08-21,29.87
2012253,0.3408050839342702,0.3816862084547288,0.3408050839342702,0.5136313937655789,99.0,58.0,2026-08-18 23:48:42,Your Place Apartment Prachaup,53,0,,2026-08-20,26.56
2012323,0.3238013111456514,0.3238013111456514,0.3238013111456514,0.5055783385347249,14.0,14.0,2026-08-18 16:21:17,Happy Room-Stadium Chiangrai,13,0,,2026-08-18,23.71
2012371,0.335452593307005,0.335452593307005,0.335452593307005,0.5374390830016216,8.0,8.0,2026-08-18 19:05:06,COSI Pattaya Wong Amat Beach,8,0,,2026-08-19,24.56
2012379,0.3567381961057382,0.3567381961057382,0.3567381961057382,0.5115609498252882,8.0,8.0,2026-08-18 20:32:59,Tipviman Resort,8,0,,2026-08-18,24.9
2012395,0.333445133997773,0.333445133997773,0.333445133997773,0.5194628950458463,10.0,10.0,2026-08-18 17:34:59,Khok Samet Chun Hostel & Caffe,8,1,2026-08-18 17:34:59,2026-08-18,24.12
2012397,0.41226040073043463,0.49373196595920293,0.41226040073043463,0.5163464743505172,80.0,56.0,2026-08-18 21:48:45,Southern Airport Hotel,24,3,2026-08-18 21:31:44,2026-08-23,28.04
2012400,0.38844448452761693,0.38844448452761693,0.38844448452761693,0.5445454272492547,16.0,16.0,2026-08-18 20:32:59,SureStay by Best Western Bangkok Ramintra,13,0,,2026-08-18,27.07
2012461,0.35713771489290363,0.35713771489290363,0.35713771489290363,0.5107247595412441,64.0,64.0,2026-08-18 21:48:45,Boonbundal hotel,24,4,2026-08-18 21:16:11,2026-08-18,25.71
2012466,0.32550805934815036,0.3569569220748328,0.32550805934815036,0.5101703627015275,44.0,27.0,2026-08-18 23:48:42,Nantharom Hotel & Residence,20,0,,2026-08-18,24.23
2012478,0.4142162111584988,0.44698523993696965,0.4142162111584988,0.5111142437902501,822.0,434.0,2026-08-18 23:48:42,Porestva Hotel Sriracha,39,3,2026-08-18 15:22:55,2026-08-20,29.19
2012507,0.33521594844202157,0.33521594844202157,0.33521594844202157,0.5133107263488862,27.0,27.0,2026-08-18 14:49:01,BHIVE Hotel Nakhon Phanom,7,0,,2026-08-18,24.03
2012549,0.39350085159434484,0.48877608147865503,0.39350085159434484,0.5094759642315567,579.0,280.0,2026-08-18 20:32:59,2U Hotel Hatyai,26,1,2026-08-18 13:05:37,2026-08-29,27.55
2012692,0.4044247574786748,0.4686899703971011,0.4044247574786748,0.5106872024534086,450.0,240.0,2026-08-18 23:32:45,Holiday Inn Express Pattaya Central,46,10,2026-08-18 23:32:45,2026-08-19,28.91
2012750,0.3546106355102444,0.4041906207056962,0.3546106355102444,0.5073343282878324,53.0,17.0,2026-08-18 23:48:42,HOMM Boutique Hotel,14,1,2026-08-18 23:48:42,2026-08-27,25.05
2012783,0.35706724248223903,0.45059286229968437,0.35706724248223903,0.5091554115002995,326.0,95.0,2026-08-18 21:03:06,Manonta Budget Hotel,38,1,2026-08-18 18:36:06,2026-08-28,26.52
2012801,0.2944451514192298,0.3123527203721093,0.2944451514192298,0.5067294104900925,48.0,24.0,2026-08-18 21:03:06,S2@Uthai,30,0,,2026-08-19,23.41
2012834,0.2838099467773864,0.28989503799634264,0.2838099467773864,0.5084240743613954,32.0,16.0,2026-08-18 17:21:38,KTK Apartment,24,0,,2026-09-08,22.71
2012861,0.3617108248285953,0.44029991505452365,0.3617108248285953,0.5061745781774275,653.0,373.0,2026-08-18 17:21:38,Leelawalai Rest Hotel Chum Phae,30,4,2026-08-18 15:51:26,2026-08-18,26.45
3014259,0.3456854010484786,0.36903152433366393,0.3456854010484786,0.5101000434942862,1203.0,624.0,2026-08-18 19:34:59,Doth Hotel Ayutthaya,43,0,,2026-08-20,26.85
3014268,0.4268842171503667,0.4268842171503667,0.4268842171503667,0.515192232906646,77.0,77.0,2026-08-18 10:48:41,Chumphon Gardens Hotel,8,1,2026-08-18 09:00:50,2026-08-18,27.82
3014269,0.3451471931852728,0.3451471931852728,0.3451471931852728,0.5372547442674332,13.0,13.0,2026-08-18 18:36:06,Chumphon Palace Hotel,8,0,,2026-08-18,24.95
3014271,0.3532271002704915,0.3532271002704915,0.3532271002704915,0.5278227565991163,85.0,85.0,2026-08-18 19:34:59,Palm Sweet Resort,14,0,,2026-08-18,25.42
3014301,0.3325300303552088,0.3325300303552088,0.3325300303552088,0.5361043642193445,8.0,8.0,2026-08-18 18:20:34,Roomplace Chumphon,8,0,,2026-08-18,24.42
3014305,0.4009060282454504,0.4009060282454504,0.4009060282454504,0.511442722150212,38.0,38.0,2026-08-18 19:48:47,Ritzy House Hotel,9,2,2026-08-18 19:48:47,2026-08-18,26.73
3014312,0.3687046382759506,0.37770846386072154,0.3687046382759506,0.5204449789187373,176.0,42.0,2026-08-18 19:48:47,TK Residence Kalasin,80,0,,2026-08-19,29.17
3014377,0.35443288084605473,0.35443288084605473,0.35443288084605473,0.5136671546650872,8.0,8.0,2026-08-18 18:36:06,Palm Resort Satun,8,0,,2026-08-18,24.85
4191822,0.36989940024273466,0.36989940024273466,0.36989940024273466,0.508043488395232,20.0,20.0,2026-08-18 13:51:17,Baan Sabuy Jung,9,0,,2026-08-18,25.41
4204497,0.34278464728541674,0.34278464728541674,0.34278464728541674,0.531150787566112,32.0,32.0,2026-08-18 19:20:48,Aen Guy Boutique Hotel,13,0,,2026-08-18,24.99
4208110,0.30222140220681454,0.30222140220681454,0.30222140220681454,0.5058592195489386,16.0,16.0,2026-08-18 17:49:59,The Areaac,8,0,,2026-08-18,22.61
4220974,0.4267604754549594,0.4352358861713497,0.4267604754549594,0.5053165132066826,756.0,264.0,2026-08-18 11:20:03,U-Thong Hotel,30,5,2026-08-18 10:48:41,2026-08-18,29.1
4250204,0.33462026953097507,0.33462026953097507,0.33462026953097507,0.5247583765620517,7.0,7.0,2026-08-18 16:35:56,The O2 Resort,7,0,,2026-08-18,24.23
4251694,0.3274146754954766,0.3274146754954766,0.3274146754954766,0.5100450580006872,33.0,33.0,2026-08-18 17:21:38,The Singora Hotel,16,0,,2026-08-18,24.1
4252831,0.3584180804698205,0.39257439307863323,0.3584180804698205,0.5174781659898138,433.0,427.0,2026-08-18 16:06:39,48 Ville Donmuang Airport,14,0,,2026-08-22,25.63
4253076,0.34326186481759446,0.34326186481759446,0.34326186481759446,0.5102924871177271,24.0,24.0,2026-08-18 11:35:49,Morino Hotel Siracha,8,0,,2026-09-01,24.34
4258229,0.3493273875191272,0.4142710179352225,0.3493273875191272,0.5138760468374141,85.0,51.0,2026-08-18 16:50:50,Prompiman Sisaket Hotel,22,1,2026-08-18 13:37:28,2026-08-22,25.38
4267489,0.3932090157048067,0.4232305997488046,0.3932090157048067,0.5158893032728904,533.0,319.0,2026-08-18 20:32:59,Bansuan Resort Nakhonsawan,40,1,2026-08-18 16:21:17,2026-08-19,28.32
4276337,0.41655506725798225,0.43797676538085206,0.41655506725798225,0.5157207511180837,611.0,272.0,2026-08-18 17:07:13,Eco Inn Lite Chanthaburi,32,5,2026-08-18 17:07:13,2026-08-18,28.91
4287424,0.3736796976257685,0.3736796976257685,0.3736796976257685,0.5083065953812921,107.0,107.0,2026-08-18 08:15:18,La Viva Hotel Buriram,7,0,,2026-08-18,25.52
4312224,0.3903315846419547,0.42311693570592807,0.3903315846419547,0.5109222953903606,999.0,614.0,2026-08-18 23:48:42,PM Residence,37,4,2026-08-18 18:04:18,2026-08-19,28.24
4319810,0.32517369103166194,0.32517369103166194,0.32517369103166194,0.511149704757109,53.0,53.0,2026-08-18 01:02:44,K.M. House Krabi,5,0,,2026-08-18,23.51
4339884,0.30593164892647035,0.308568611406985,0.30593164892647035,0.507972421253175,32.0,18.0,2026-08-18 18:36:06,Panatara Hotel,16,0,,2026-08-21,23.2
4418035,0.32876780242638604,0.32876780242638604,0.32876780242638604,0.5099049947930766,112.0,112.0,2026-08-18 18:36:06,Samoar Riverside Hotel,16,0,,2026-08-18,24.2
4419364,0.30878329572471436,0.30878329572471436,0.30878329572471436,0.5167120198324562,6.0,6.0,2026-08-18 16:06:39,NC Resort and Spa,6,0,,2026-08-18,22.98
4419637,0.2806127084333442,0.2806127084333442,0.2806127084333442,0.5069886459920537,7.0,7.0,2026-08-18 14:05:44,SJK Boutique Hotel,7,0,,2026-08-18,21.71
4452111,0.3529870236861284,0.3529870236861284,0.3529870236861284,0.5070193605379915,77.0,77.0,2026-08-18 20:04:15,Kuapa Resort,10,0,,2026-08-20,24.8
4452690,0.32390610167134615,0.35799477882101294,0.32390610167134615,0.5075100173960823,148.0,133.0,2026-08-18 12:21:35,The Corn Resident Maesot,16,0,,2026-08-19,23.98
4490199,0.29032299104453024,0.29032299104453024,0.29032299104453024,0.5066327889224584,8.0,8.0,2026-08-18 20:17:46,Heritage Tropical Resort @ Muang Nakhon,8,0,,2026-08-18,22.14
4501484,0.30369385264539406,0.33949626394832794,0.30369385264539406,0.5071705927870201,41.0,22.0,2026-08-18 14:36:30,Thanakorn Garden Hotel,30,0,,2026-08-18,23.78
4502460,0.3111281909945459,0.3111281909945459,0.3111281909945459,0.5021109656295286,29.0,29.0,2026-08-18 19:05:06,BB&B Hotel,15,3,2026-08-18 18:04:18,2026-08-18,23.24
4509468,0.2820559661612286,0.2820559661612286,0.2820559661612286,0.5076284645925582,16.0,16.0,2026-08-18 20:32:59,Phuphan Resort & Sport Club,16,0,,2026-08-18,22.23
4516608,0.38674545924131803,0.38754839301227734,0.38674545924131803,0.5103352068836791,130.0,46.0,2026-08-18 08:47:02,Suanmaithara Resort and Spa,21,0,,2026-08-23,26.78
4525878,0.4046153627607056,0.4076000203088604,0.4046153627607056,0.5084767262695604,349.0,207.0,2026-08-18 17:34:59,Rangsiya Boutique Hotel,24,7,2026-08-18 17:21:38,2026-08-20,27.74
4526151,0.36970931562410203,0.3791041437000692,0.36970931562410203,0.5091060845118648,334.0,233.0,2026-08-18 23:48:42,Mybed Chonburi,21,0,,2026-08-24,26.2
4528246,0.4353430657196553,0.4361045975383801,0.4353430657196553,0.5074056743366002,736.0,379.0,2026-08-18 21:31:44,The Beachfront Hotel Phuket,16,2,2026-08-18 19:48:47,2026-08-22,28.79
4528906,0.37565531078118264,0.37565531078118264,0.37565531078118264,0.5098410507525661,114.0,114.0,2026-08-18 12:36:04,Blue Lagoon Hotel,8,0,,2026-08-19,25.68
4528923,0.3178501165157627,0.3661806449833445,0.3178501165157627,0.51672604412355,83.0,67.0,2026-08-18 22:32:31,Palette Bella B All Suites Bangkok Hotel,50,2,2026-08-18 14:05:44,2026-08-18,25.54
4529024,0.3380903152986781,0.35368585286186943,0.3380903152986781,0.5094760470048006,80.0,61.0,2026-08-18 21:03:06,At the Train Hotel Chiangmai,16,2,2026-08-18 20:17:46,2026-08-27,24.54
4533067,0.44643771603236926,0.44643771603236926,0.44643771603236926,0.5123688667403302,264.0,264.0,2026-08-18 20:04:15,Romruedee Resort,8,1,2026-08-18 18:20:34,2026-08-22,28.65
4536666,0.38565843200108046,0.460528719895264,0.38565843200108046,0.5076779946724111,527.0,226.0,2026-08-18 23:03:17,Collection O VResotel,30,1,2026-08-18 03:15:35,2026-09-07,27.36
4543013,0.32339563791633585,0.33122165298115835,0.32339563791633585,0.5115636348833104,53.0,32.0,2026-08-18 18:49:55,Chokphaiboon Apartment Pattani,29,0,,2026-08-18,24.62
4543017,0.4055834463694669,0.4329650503279047,0.4055834463694669,0.511942187124439,941.0,378.0,2026-08-18 18:49:55,K2 Green Hotel Suphan,71,11,2026-08-18 17:07:13,2026-08-19,30.5
4543023,0.3685739291898599,0.3694417453846416,0.3685739291898599,0.5087873945384758,198.0,106.0,2026-08-18 23:32:45,Proud Khaoyai,16,0,,2026-08-25,25.82
4543026,0.35089903508310605,0.35233320369337423,0.35089903508310605,0.5088400890032501,96.0,56.0,2026-08-18 14:49:01,K2 Living Hotel Uttaradit,24,1,2026-08-18 13:37:28,2026-08-20,25.44
4543029,0.35438095338881975,0.4037927930410473,0.35438095338881975,0.5119589282257736,82.0,32.0,2026-08-18 17:49:59,Lapatrada Resort,37,3,2026-08-18 17:34:59,2026-08-19,26.27
4543042,0.39203650449400385,0.4322422647979386,0.39203650449400385,0.5104325446784375,467.0,253.0,2026-08-18 23:48:42,Navakitel Design Hotel,31,2,2026-08-18 22:32:31,2026-08-21,27.69
4543048,0.35892873795874924,0.3688399633792504,0.35892873795874924,0.5088858385214033,751.0,578.0,2026-08-18 14:05:44,MeStyle Museum Hotel,22,3,2026-08-18 13:05:37,2026-09-08,26.06
4543050,0.3296316869182384,0.3480460021595855,0.3296316869182384,0.5054520339921911,30.0,22.0,2026-08-18 23:48:42,New Wanchai Hotel Pakchong,11,2,2026-08-18 16:21:17,2026-08-19,23.85
4543060,0.3469857103158069,0.3469857103158069,0.3469857103158069,0.5044197616502731,8.0,8.0,2026-08-18 19:34:59,Baan Mali Rimhkong,8,0,,2026-08-18,24.36
4543066,0.36228858029263444,0.40417870137177736,0.36228858029263444,0.5080406336833334,465.0,114.0,2026-08-18 23:48:42,Smile Park Hotel,46,1,2026-08-18 22:17:43,2026-08-23,27.18
4543072,0.33452592278178195,0.3531558924926505,0.33452592278178195,0.507940634015072,1002.0,809.0,2026-08-18 20:47:57,PP Inn,37,0,,2026-08-18,25.95
4543074,0.3393742228362061,0.4068616281489107,0.3393742228362061,0.5110428028605813,149.0,56.0,2026-08-18 18:20:34,Nibong Apartment,38,1,2026-08-18 00:02:04,2026-08-29,25.74
4543084,0.42433026971430793,0.42433026971430793,0.42433026971430793,0.5119134153822905,126.0,126.0,2026-08-18 16:06:39,Bander Hotel,6,0,,2026-08-19,27.58
4543085,0.2842321756008766,0.2842321756008766,0.2842321756008766,0.506675611708559,7.0,7.0,2026-08-18 23:48:42,Ban Idin Resort Huai Thap Than (Room on Request),7,0,,2026-08-18,21.85
4543087,0.28696906124277277,0.3072948357979096,0.28696906124277277,0.5118703169611909,13.0,8.0,2026-08-18 12:51:07,Worachat Boutique Hotel Lomsak,13,0,,2026-09-14,22.36
4543091,0.3765634515496077,0.3991097952997961,0.3765634515496077,0.500395952685782,2611.0,1358.0,2026-08-18 23:32:45,Green Happy Homestay Khuan Khanun,33,6,2026-08-18 18:36:06,2026-08-22,28.25
4543095,0.2721320315717346,0.2721320315717346,0.2721320315717346,0.5072754916976377,7.0,7.0,2026-08-18 16:21:17,On Ing Resort Thungsaliam,7,0,,2026-08-18,21.38
4543100,0.3550407487850578,0.3550407487850578,0.3550407487850578,0.5134675906894695,60.0,60.0,2026-08-18 20:17:46,ATK Hatyai Hotel,8,0,,2026-08-21,24.9
4543105,0.2904861264185547,0.2904861264185547,0.2904861264185547,0.5080951610874297,16.0,16.0,2026-08-18 20:04:15,Ruendokkaew Khlong Khlung,9,0,,2026-08-18,22.23
4543114,0.33366792872883794,0.33366792872883794,0.33366792872883794,0.5092646222898003,14.0,14.0,2026-08-18 12:51:07,Tonthong Resort Hotel,8,0,,2026-08-20,23.93
4543115,0.34038903168663176,0.3715889567770894,0.34038903168663176,0.5054435356667527,154.0,79.0,2026-08-18 23:48:42,Buathip Hotel,9,0,,2026-08-22,24.26
4543116,0.3560681688960232,0.37783592016140777,0.3560681688960232,0.508663453464213,388.0,183.0,2026-08-18 23:19:38,Araya Hotel Uttaradit,50,3,2026-08-18 14:36:30,2026-08-19,27.09
4543119,0.3274798120456997,0.3560343679655399,0.3274798120456997,0.507202447482102,36.0,15.0,2026-08-18 09:18:13,Baan Phuean Pranburi,23,0,,2026-08-18,24.39
4543120,0.3231565188025616,0.34300522291564794,0.3231565188025616,0.5092359560717059,170.0,31.0,2026-08-18 23:48:42,Daydream House,106,1,2026-08-18 19:34:59,2026-08-19,28.4
4543127,0.3486224284038858,0.37574245120266464,0.3486224284038858,0.5118226024355184,285.0,131.0,2026-08-18 22:17:43,Hotel Fuse Rayong,33,1,2026-08-18 21:48:45,2026-08-19,25.97
4543128,0.330239716306828,0.3368735271964713,0.330239716306828,0.5129663925446759,52.0,33.0,2026-08-18 23:48:42,Nokyungthong Hotel Si Thep,14,0,,2026-08-19,24.18
4543142,0.4691468054406995,0.4691468054406995,0.4691468054406995,0.5135520318883151,522.0,522.0,2026-08-18 01:59:49,Sleep Mai? Chiang Mai Airport Lifestyle Hotel,8,1,2026-08-18 00:19:00,2026-08-18,29.74
4543160,0.35461450288826885,0.35461450288826885,0.35461450288826885,0.5080674702842869,8.0,8.0,2026-08-18 23:48:42,Sitthinard Grandview Hotel,4,0,,2026-09-01,24.55
4560983,0.37133379756207896,0.3722756023080923,0.37133379756207896,0.516073628820783,2295.0,595.0,2026-08-18 15:22:55,Seabed Grand Hotel Phuket,56,0,,2026-09-04,29.29
4598762,0.3227949747544686,0.3227949747544686,0.3227949747544686,0.5210663346822101,7.0,7.0,2026-08-18 14:49:01,B-tel Chom Thong Resort Chiang Mai,7,0,,2026-08-18,23.68
4603163,0.411927886549793,0.42023259867446217,0.411927886549793,0.5110504238346151,347.0,237.0,2026-08-18 21:48:45,The Bed Hotel 101,40,5,2026-08-18 20:04:15,2026-08-18,28.86
4606456,0.2693661910426314,0.2857825161342684,0.2693661910426314,0.5058533354929365,84.0,14.0,2026-08-18 01:59:49,S.P. Garden Mansion,74,2,2026-08-18 01:59:49,2026-08-19,24.56
4606457,0.33474745950076773,0.33474745950076773,0.33474745950076773,0.5171180079594687,40.0,40.0,2026-08-18 17:49:59,Hotel Gahn Khaolak,16,0,,2026-08-18,24.54
4606462,0.3297007812536458,0.3387756752074804,0.3297007812536458,0.5150466115810585,38.0,22.0,2026-08-18 19:20:48,Ban Mai Resort Hotel Ayutthaya,24,0,,2026-08-19,24.69
4606472,0.3194200353769352,0.3328061997787416,0.3194200353769352,0.5091107612155772,147.0,95.0,2026-08-18 20:04:15,Three Bays Resort,18,0,,2026-08-23,23.93
4606475,0.3460152702874582,0.3460152702874582,0.3460152702874582,0.520783503093739,8.0,8.0,2026-08-18 18:04:18,Belle Grand Hotel Udon Thani,8,0,,2026-08-27,24.65
4606493,0.3348737602580292,0.37570951948924547,0.3348737602580292,0.5248936843428883,29.0,16.0,2026-08-18 23:48:42,Boondara Boutique Hotel,29,0,,2026-08-18,25.33
4606500,0.3398786010149484,0.3398786010149484,0.3398786010149484,0.5068466278492992,1.0,1.0,2026-08-18 00:02:04,Wanlapa Baanpuk,1,0,,2026-08-29,23.78
4606512,0.3115939216090674,0.3240503602236969,0.3115939216090674,0.5113568248603624,56.0,35.0,2026-08-18 19:48:47,Prangtip Resort,15,0,,2026-09-08,23.46
4606516,0.3586039399539154,0.36018365902772187,0.3586039399539154,0.5095000696837243,401.0,291.0,2026-08-18 23:32:45,Pairom Resort,24,0,,2026-08-27,25.95
4606529,0.34376417858729863,0.35178837741216157,0.34376417858729863,0.5194479642296979,64.0,28.0,2026-08-18 17:21:38,Pirom Lake and Resort,28,0,,2026-08-18,25.55
4606532,0.3590250314858677,0.3590250314858677,0.3590250314858677,0.5099621465179582,68.0,68.0,2026-08-18 13:51:17,EMory Resort Lopburi,17,0,,2026-08-18,25.43
4606550,0.2744264940219748,0.2744264940219748,0.2744264940219748,0.506675611708559,8.0,8.0,2026-08-18 23:32:45,Dookhao Chomklong Mongtalay Hotel,8,0,,2026-08-18,21.51
4606562,0.4433828983882018,0.476745038597028,0.4433828983882018,0.5095694411862377,1254.0,562.0,2026-08-18 23:48:42,Holiday Inn and Suites Siracha Laemchabang,63,7,2026-08-18 23:19:38,2026-08-20,31.76
4606567,0.325370834766587,0.325370834766587,0.325370834766587,0.5117008028328975,36.0,36.0,2026-08-18 13:51:17,Green Guesthouse Phanat Nikhom,16,0,,2026-08-20,24.05
4606570,0.4176943251989555,0.4256276529851439,0.4176943251989555,0.5148621602366967,278.0,125.0,2026-08-18 20:17:46,Sands Place Apartment,30,4,2026-08-18 18:36:06,2026-08-19,28.64
4606571,0.2842549896672542,0.2842549896672542,0.2842549896672542,0.5072733143012772,40.0,40.0,2026-08-18 23:03:17,Sukai Riverview,26,0,,2026-08-28,22.81
4632547,0.4030106534588773,0.43505575693377047,0.4030106534588773,0.5106229138879158,9925.0,1045.0,2026-08-18 18:20:34,VST Residence Thepharak,409,44,2026-08-18 18:20:34,2026-08-24,52.29
4637185,0.31231085688750504,0.31524865458407825,0.31231085688750504,0.5093752649530593,35.0,20.0,2026-08-18 23:48:42,Max Pavillage Bangkok,6,0,,2026-09-02,22.99
4640925,0.5103543065731111,0.5163025374959213,0.5103543065731111,0.506907653508222,663.0,384.0,2026-08-18 17:34:59,The Residence Hotel,18,5,2026-08-18 17:34:59,2026-08-20,31.83
4651618,0.3506372454199006,0.3506372454199006,0.3506372454199006,0.509241897080738,39.0,39.0,2026-08-18 23:48:42,3Season Hotel Chiangmai,4,0,,2026-09-06,24.43
4664624,0.3608079347015792,0.3743526671290884,0.3608079347015792,0.5077655492816723,1012.0,171.0,2026-08-18 21:03:06,House and Home Residence,81,3,2026-08-18 17:07:13,2026-08-22,29.16
4694703,0.28202413612000554,0.28202413612000554,0.28202413612000554,0.5049310827567303,8.0,8.0,2026-08-18 21:48:45,Baan Nantiya,8,0,,2026-08-18,21.78
4701295,0.3004390324542016,0.3004390324542016,0.3004390324542016,0.5161061549945873,8.0,8.0,2026-08-18 19:20:48,Makan Resort,8,0,,2026-08-21,22.74
4711584,0.3474299856581977,0.3585515746628666,0.3474299856581977,0.5130618270149624,148.0,74.0,2026-08-18 18:20:34,Tokyo Hotel Korat,24,1,2026-08-18 18:04:18,2026-08-20,25.42
4712096,0.38580091919623327,0.4327497650708506,0.38580091919623327,0.5065768645215797,179.0,115.0,2026-08-18 21:31:44,Innara Hotel Pattaya,15,1,2026-08-18 19:48:47,2026-09-12,26.4
4715567,0.3269448808105781,0.3269448808105781,0.3269448808105781,0.5296344558904843,8.0,8.0,2026-08-18 21:31:44,CK Resort Pattaya,8,0,,2026-08-18,24.07
4726353,0.36667385369452277,0.383771867394657,0.36667385369452277,0.5078072473561664,411.0,114.0,2026-08-18 16:35:56,ABIZZ Hotel Lampang,39,2,2026-08-18 16:21:17,2026-08-22,26.98
4727105,0.38132762728771624,0.38132762728771624,0.38132762728771624,0.5074262337031704,39.0,39.0,2026-08-18 13:05:37,Memo Bangsaen,8,0,,2026-08-19,25.82
4730681,0.3912607593867949,0.3912607593867949,0.3912607593867949,0.5089933261786184,14.0,14.0,2026-08-18 16:21:17,Baan Phuthadol,7,0,,2026-08-31,26.18
4755768,0.3318063771620072,0.3370415464473778,0.3318063771620072,0.5268783551848691,40.0,24.0,2026-08-18 20:04:15,PJ Loft Hotel,34,2,2026-08-18 19:34:59,2026-08-18,25.5
4757218,0.3093182226249686,0.3288199458340899,0.3093182226249686,0.5095062664261343,306.0,80.0,2026-08-18 20:32:59,Shanya Guesthouse,89,0,,2026-08-19,27.1
4763731,0.3653704774447187,0.3653704774447187,0.3653704774447187,0.5036618839992283,66.0,66.0,2026-08-18 15:51:26,The Park 304 Executive Serviced Apartment,6,1,2026-08-18 15:36:48,2026-08-20,25.02
4772382,0.42766022397221304,0.42766022397221304,0.42766022397221304,0.512346149125904,36.0,36.0,2026-08-18 12:36:04,Mitaree Hotel 1,9,1,2026-08-18 10:48:41,2026-08-19,27.82
4774113,0.31217896050454835,0.31217896050454835,0.31217896050454835,0.5101903771935851,39.0,39.0,2026-08-18 10:19:49,The Nine Mansion,8,0,,2026-08-18,23.11
4785680,0.2756041305146877,0.2756041305146877,0.2756041305146877,0.506675611708559,8.0,8.0,2026-08-18 23:48:42,The Canal Ratchaburi,4,0,,2026-08-20,21.36
4792662,0.32669057671063595,0.3466079471842649,0.32669057671063595,0.5087663747284042,337.0,80.0,2026-08-18 23:48:42,The Peak Songkhla,83,0,,2026-08-25,27.5
4793826,0.39686318674369625,0.39686318674369625,0.39686318674369625,0.5044321490344219,60.0,60.0,2026-08-18 03:15:35,Metha Palace,7,2,2026-08-18 03:15:35,2026-08-18,26.34
4795396,0.34623519439658146,0.34623519439658146,0.34623519439658146,0.5121192145963593,24.0,24.0,2026-08-18 19:34:59,BB Trang Hotel,10,0,,2026-08-18,24.6
4795615,0.31166328274661254,0.31166328274661254,0.31166328274661254,0.518247387397157,8.0,8.0,2026-08-18 17:07:13,Baan Nan B&B Hotel,8,0,,2026-08-18,23.23
4795618,0.2740006219720585,0.28445375974920856,0.2740006219720585,0.5069654622316918,57.0,16.0,2026-08-18 23:48:42,Centerplace Angthong,57,0,,2026-08-20,23.92
4795619,0.32008028789636267,0.32008028789636267,0.32008028789636267,0.5137089869464982,3.0,3.0,2026-08-18 23:48:42,Petchngam Home Resort,3,0,,2026-08-18,23.23
4795622,0.35459678904571484,0.4199047128608428,0.35459678904571484,0.5163983397956154,474.0,216.0,2026-08-18 20:17:46,SJ Miracle hotel Hatyai,60,9,2026-08-18 20:17:46,2026-08-19,27.73
4795635,0.31480747507700535,0.33549450359728256,0.31480747507700535,0.5068275390080855,561.0,348.0,2026-08-18 22:03:44,Baan Rak Resort Samroiyot,28,1,2026-08-18 13:22:18,2026-08-22,24.44
4800751,0.3701991020441026,0.3701991020441026,0.3701991020441026,0.5131721372089163,50.0,50.0,2026-08-18 23:48:42,Nakarin Hotel,16,2,2026-08-18 17:21:38,2026-08-19,25.88
4806353,0.3506723321831756,0.35758679832416124,0.3506723321831756,0.5272924001884083,37.0,11.0,2026-08-18 23:48:42,Salee Boutique Hotel,37,0,,2026-08-28,26.4
4817086,0.38253922840488125,0.38253922840488125,0.38253922840488125,0.5071101721831303,72.0,72.0,2026-08-18 09:00:50,The Resort Kamphaengphet,7,0,,2026-08-18,25.83
4826148,0.2729823661687502,0.2729823661687502,0.2729823661687502,0.5059719867560337,20.0,20.0,2026-08-18 18:04:18,Mananchaya Resort,14,1,2026-08-18 17:07:13,2026-08-18,21.74
4846862,0.278306351669116,0.278306351669116,0.278306351669116,0.5065463648790659,8.0,8.0,2026-08-18 20:32:59,Somdet Hotel,8,0,,2026-08-19,21.66
4848054,0.3602583950843085,0.3737670673042649,0.3602583950843085,0.5114632860442017,522.0,246.0,2026-08-18 21:03:06,PLAAI Play Hotel,53,0,,2026-08-19,27.54
4848992,0.3661062821633175,0.43717198170921745,0.3661062821633175,0.5110700209266813,461.0,214.0,2026-08-18 19:34:59,Xotel,61,3,2026-08-18 19:34:59,2026-08-25,28.13
4849575,0.41037002057569766,0.4331710857562731,0.41037002057569766,0.5084581442910211,1443.0,377.0,2026-08-18 22:48:21,L2 Hotel,98,7,2026-08-18 13:05:37,2026-08-24,32.24
4849657,0.3901017896117574,0.42899436695705173,0.3901017896117574,0.5289890581260273,208.0,72.0,2026-08-18 21:48:45,Sunday Chateau En Ville - Pattaya,52,4,2026-08-18 21:03:06,2026-08-18,28.85
4850333,0.3558099144864996,0.36571861550425233,0.3558099144864996,0.5084751192625886,559.0,216.0,2026-08-18 19:48:47,La Mai Hotel Chiang Mai,47,0,,2026-09-07,27.04
4850501,0.3364290490152639,0.3720491564330222,0.3364290490152639,0.5076618801312037,16.0,8.0,2026-08-18 23:48:42,Creston Grand,12,1,2026-08-18 23:32:45,2026-09-03,24.21
4851257,0.33151320435495624,0.414186351292005,0.33151320435495624,0.5097062788191927,272.0,62.0,2026-08-18 21:16:11,Hotel Kuretakeso Thailand Sriracha,54,5,2026-08-18 20:32:59,2026-08-19,26.26
4853363,0.39930836524938423,0.39930836524938423,0.39930836524938423,0.5118143572498213,9.0,9.0,2026-08-18 14:05:44,De Vine House,7,0,,2026-08-28,26.56
4853815,0.29978390081745826,0.3016513484056243,0.29978390081745826,0.512079041768323,16.0,8.0,2026-08-18 18:04:18,Lampang Residence,16,0,,2026-08-19,23.02
4854509,0.3843403480636857,0.4966601617933524,0.3843403480636857,0.5101458252606059,4549.0,1150.0,2026-08-18 23:48:42,Heaven Hotel Chachoengsao,167,9,2026-08-18 20:17:46,2026-08-19,36.48
4856321,0.38550296289987834,0.38550296289987834,0.38550296289987834,0.5315056799594512,24.0,24.0,2026-08-18 11:50:18,Hormuenlee Resort Sangkhla Buri,10,0,,2026-08-18,26.55
4857587,0.33365895292995845,0.34449978908616735,0.33365895292995845,0.5079730534702546,312.0,183.0,2026-08-18 22:03:44,O2 Hotel Sakonnakhon,51,2,2026-08-18 19:48:47,2026-08-19,26.19
4857602,0.35693591223157933,0.358496866609503,0.35693591223157933,0.5082073254574012,228.0,80.0,2026-08-18 00:19:00,Pirst Land Resort Sakrachom,6,0,,2026-08-26,24.87
4857609,0.2898312792219227,0.2918445417055693,0.2898312792219227,0.5081951698517012,44.0,16.0,2026-08-18 23:48:42,Tonjik Resort,36,0,,2026-08-19,23.54
4857619,0.27962426240407495,0.297803006502614,0.27962426240407495,0.506877395936534,26.0,16.0,2026-08-18 23:48:42,Nornnabdao Homestay,26,2,2026-08-18 13:22:18,2026-08-18,22.61
4857627,,,,,1.0,1.0,2026-08-18 23:48:42,Ban Larn Tawan Resort Thoen,1,0,,2026-08-18,0.05
4857639,0.29739323443716437,0.29739323443716437,0.29739323443716437,0.5084325806118649,19.0,19.0,2026-08-18 23:19:38,Phrao Boutique Hotel,10,0,,2026-09-07,22.56
4857640,0.3240380266284242,0.3240380266284242,0.3240380266284242,0.5302140463797673,8.0,8.0,2026-08-18 20:32:59,Fortune Saengchan Beach Rayong,8,0,,2026-08-28,23.96
4857645,0.3609908312651241,0.4202231829122308,0.3609908312651241,0.5114435086481239,763.0,168.0,2026-08-18 23:48:42,B Hotel Khonkaen,81,2,2026-08-18 22:03:44,2026-08-21,29.09
4857650,0.2926006772217058,0.3016446599206257,0.2926006772217058,0.507870461799712,48.0,16.0,2026-08-18 19:34:59,Suksawad Place Apartment,30,0,,2026-08-20,23.36
4857654,0.2712905563306278,0.2712905563306278,0.2712905563306278,0.506941414707693,16.0,16.0,2026-08-18 20:04:15,Unsapcharoen Resort,9,0,,2026-08-20,21.44
4857667,0.29219688261265253,0.30570702121139715,0.29219688261265253,0.5083625227177097,39.0,8.0,2026-08-18 14:49:01,The Hi Place Roiet,39,0,,2026-09-15,23.79
4857673,0.2854749981378771,0.2854749981378771,0.2854749981378771,0.5061614288607772,8.0,8.0,2026-08-18 20:32:59,Khanu Jaidee Resort,8,0,,2026-08-19,21.94
4857676,0.3095851889547557,0.3095851889547557,0.3095851889547557,0.5161442845825049,16.0,16.0,2026-08-18 19:05:06,Chadaporn Hotel Mae Chaem,8,0,,2026-08-18,23.11
4857677,0.3769658705249599,0.4088968955776157,0.3769658705249599,0.505935080179491,1404.0,717.0,2026-08-18 17:21:38,Poh Rak Resort,46,9,2026-08-18 13:22:18,2026-08-20,28.29
4857688,0.3842823570753231,0.43404670947437457,0.3842823570753231,0.5085091591192228,1022.0,472.0,2026-08-18 11:04:55,Constancy Jomtien Pattaya Hotel,30,2,2026-08-18 09:18:13,2026-08-22,27.62
4857703,0.331840715309668,0.331840715309668,0.331840715309668,0.51190131504316,21.0,21.0,2026-08-18 15:51:26,Saransuk Grand V.I.P,6,0,,2026-08-18,23.82
4857724,0.3832969848324977,0.38399574698043865,0.3832969848324977,0.5104863562422113,230.0,222.0,2026-08-18 23:03:17,The Rich Ratchapruek Hotel & Residence,16,0,,2026-08-19,26.46
4857732,0.38067407129572056,0.4010960339994612,0.38067407129572056,0.5125257404069467,80.0,24.0,2026-08-18 19:20:48,Big House Hotel Wiang Pa Pao,32,0,,2026-08-20,27.09
4857747,0.3460396348645065,0.36074147217852104,0.3460396348645065,0.5101824657974312,428.0,145.0,2026-08-18 23:48:42,Grand Forest,45,0,,2026-08-21,26.5
4857751,0.34262351820372083,0.3500503585937984,0.34262351820372083,0.5051699244607999,98.0,90.0,2026-08-18 23:48:42,Tonpho Resort Banpong,11,2,2026-08-18 12:51:07,2026-08-21,24.41
4857758,,,,,0.0,0.0,2026-08-18 12:36:04,The Cape Boutique Hotel,0,0,,2026-08-29,0.0
4857763,0.4345953219823103,0.4345953219823103,0.4345953219823103,0.5120610008042281,359.0,359.0,2026-08-18 13:51:17,Sapvilai Hotel Phayakkhaphum Phisai,8,2,2026-08-18 13:51:17,2026-09-05,28.23
4857765,0.29253978849871,0.29253978849871,0.29253978849871,0.5162912390200661,2.0,2.0,2026-08-18 23:48:42,Chan Place Hotel,2,0,,2026-08-19,22.13
4857771,0.3630596993906248,0.3630596993906248,0.3630596993906248,0.5167496648001169,8.0,8.0,2026-08-18 19:05:06,Maneesangkha Hotel Surin,8,0,,2026-08-18,25.25
4857776,0.3361432502972662,0.35716945569463576,0.3361432502972662,0.5073333245254628,1011.0,438.0,2026-08-18 15:36:48,Piangpuk Ban Pong,38,3,2026-08-18 14:49:01,2026-08-20,26.06
4859024,0.40586127827838964,0.42974865544357443,0.40586127827838964,0.5073762905323647,621.0,252.0,2026-08-18 11:35:49,56 Surawong Hotel,31,5,2026-08-18 10:19:49,2026-08-20,28.27
4860206,0.41517565098015274,0.4154319527100302,0.41517565098015274,0.5242070975628458,112.0,56.0,2026-08-18 20:04:15,Midtown Sukhothai Resort,32,6,2026-08-18 19:48:47,2026-08-20,28.72
4860653,0.38107032843623295,0.38663247048767524,0.38107032843623295,0.5025731330575548,626.0,277.0,2026-08-18 18:36:06,Kaya Heritage Hotel,24,3,2026-08-18 18:20:34,2026-08-21,26.84
4861280,0.34849683248792274,0.350766545005031,0.34849683248792274,0.516286071769137,50.0,35.0,2026-08-18 22:48:21,AK Terrace Hotel,15,0,,2026-08-19,25.03
4862544,0.4223844227172439,0.4733807015367176,0.4223844227172439,0.5134649813144377,1108.0,395.0,2026-08-18 21:16:11,Mest Hotel,67,8,2026-08-18 21:16:11,2026-08-28,31.11
4862770,0.35656224592423164,0.4405844969365977,0.35656224592423164,0.5156769251919585,1819.0,726.0,2026-08-18 23:48:42,Casa Coco Hotel,191,13,2026-08-18 23:03:17,2026-08-19,35.01
4863030,0.41600485429692546,0.41846036180566876,0.41600485429692546,0.5129056640293789,761.0,458.0,2026-08-18 22:17:43,Mandarin Eastville Pattaya,32,2,2026-08-18 11:20:03,2026-08-19,28.92
4863481,0.3613732910986223,0.38672465357377883,0.3613732910986223,0.5110105916162861,540.0,330.0,2026-08-18 19:05:06,Ocean Gold Card Ayutthaya,24,0,,2026-08-20,26.17
4866348,0.37856086180006726,0.3816158774879141,0.37856086180006726,0.5111557879363545,448.0,193.0,2026-08-18 22:32:31,TT Residence​,38,4,2026-08-18 21:31:44,2026-08-20,27.49
4867257,0.361770753621534,0.36714176046080615,0.361770753621534,0.5114936601942793,368.0,210.0,2026-08-18 21:03:06,Grand PL Hotel,24,0,,2026-08-29,26.1
4870354,0.4772746537734973,0.4772746537734973,0.4772746537734973,0.5118484634992944,27.0,27.0,2026-08-18 23:48:42,Novotel Marina Sriracha,1,1,2026-08-18 23:48:42,2026-08-22,29.39
4872890,0.4155378099991488,0.4155378099991488,0.4155378099991488,0.5219421886918968,39.0,39.0,2026-08-18 11:04:55,The Great Winter,8,2,2026-08-18 10:48:41,2026-08-18,27.47
4879476,0.348468414960022,0.3555682105263439,0.348468414960022,0.5143161255970182,189.0,133.0,2026-08-18 23:48:42,CS Klongtoey Grand Resort,26,0,,2026-08-23,25.61
4879880,0.4005726882922549,0.45755278562421214,0.4005726882922549,0.5105672700103288,2374.0,143.0,2026-08-18 22:32:31,Grand Sappaya Hotel by Lotus Valley Golf,191,7,2026-08-18 15:22:55,2026-08-26,37.0
4880658,0.285093675985727,0.28680001412242756,0.285093675985727,0.50693270313245,32.0,16.0,2026-08-18 21:03:06,Maingam Resort Uthaitani,16,0,,2026-08-20,22.34
4880985,0.3429341146507288,0.4419528933773661,0.3429341146507288,0.5134299306532899,296.0,170.0,2026-08-18 23:48:42,Monte Maesot Hotel,49,3,2026-08-18 19:20:48,2026-08-26,26.56
4881885,0.3418757147382946,0.3510045914450202,0.3418757147382946,0.5112295428490855,99.0,64.0,2026-08-18 19:48:47,Mon-Dee Minihotel,27,1,2026-08-18 19:05:06,2026-08-18,25.28
4883053,0.39835229009683853,0.45963063446402436,0.39835229009683853,0.5092349176455602,2504.0,387.0,2026-08-18 23:48:42,Best Western Plus Nexen Pattaya,53,7,2026-08-18 23:48:42,2026-09-12,30.21
4883158,0.36014241266661895,0.40119070250021627,0.36014241266661895,0.5091946852089059,363.0,121.0,2026-08-18 22:03:44,Bluebed Hotel,61,4,2026-08-18 20:32:59,2026-08-18,27.79
4883665,0.29013258536328373,0.29013258536328373,0.29013258536328373,0.5040994891727706,8.0,8.0,2026-08-18 00:47:09,Daowngern Hotel Chumphae,4,0,,2026-08-18,21.89
4883670,0.3248129877309623,0.3524407052495075,0.3248129877309623,0.5068075650245667,68.0,26.0,2026-08-18 19:34:59,Plaitawan Apartment,54,0,,2026-08-18,25.81
4883673,0.3073011197638708,0.3436048365092402,0.3073011197638708,0.5086186802175259,24.0,16.0,2026-08-18 21:16:11,Bansuankhwan Resort Banmuang,16,0,,2026-08-20,23.26
4883674,0.27368428274630296,0.27368428274630296,0.27368428274630296,0.5066374821206414,16.0,16.0,2026-08-18 12:21:35,Roz Villa Resorts Khemarat,8,0,,2026-08-25,21.48
4883676,0.3365245521658083,0.35424330436426776,0.3365245521658083,0.5095823019164739,48.0,32.0,2026-08-18 20:17:46,Sripoonsuk Resort Sukhothai,36,0,,2026-08-18,25.44
4883783,0.27386844391140963,0.27386844391140963,0.27386844391140963,0.5033636082060312,8.0,8.0,2026-08-18 14:05:44,Baan Suan Wassana Buriram,8,2,2026-08-18 13:05:37,2026-08-18,21.42
4883813,0.3586053545187675,0.3586053545187675,0.3586053545187675,0.5143164089116133,8.0,8.0,2026-08-18 20:32:59,Tawee Resort,8,0,,2026-08-19,25.03
4883815,0.3192842554391114,0.3192842554391114,0.3192842554391114,0.508605694431545,109.0,109.0,2026-08-18 23:19:38,Tharin Hotel Ra Node,8,0,,2026-08-24,23.4
4883816,0.3198723304163773,0.35635732298372813,0.3198723304163773,0.5066088849297032,10.0,6.0,2026-08-18 00:19:00,The Nature Place Resort,4,0,,2026-08-18,23.13
4883826,0.396953068570297,0.396953068570297,0.396953068570297,0.515272195878778,45.0,45.0,2026-08-18 20:17:46,Plai Tien Villa Resort Nong Phok,9,2,2026-08-18 20:17:46,2026-08-19,26.65
4883835,0.40081180565989455,0.43938849673330216,0.40081180565989455,0.5173040595130205,777.0,376.0,2026-08-18 18:36:06,Blu Monkey Hub & Hotel Ranong,41,3,2026-08-18 14:49:01,2026-08-23,28.85
4883844,0.32116826061964193,0.32116826061964193,0.32116826061964193,0.5085582239376646,7.0,7.0,2026-08-18 23:48:42,The Loft House Sakaeo,3,0,,2026-08-29,23.17
4883849,0.3810052076720837,0.42036423536291895,0.3810052076720837,0.5115514670294259,1603.0,342.0,2026-08-18 20:32:59,My Gardens Hotel,67,4,2026-08-18 18:49:55,2026-09-14,29.71
4883863,0.37115971022923433,0.38321226155178884,0.37115971022923433,0.5136883768921517,52.0,24.0,2026-08-18 23:32:45,R2 Hotel Nakhon Phanom,32,2,2026-08-18 22:48:21,2026-08-20,26.72
4883872,0.37697692729744114,0.43977054322438314,0.37697692729744114,0.5101939121866964,1746.0,762.0,2026-08-18 23:19:38,The Chess hotel,126,11,2026-08-18 23:03:17,2026-08-19,32.49
4883884,0.40058143898597476,0.40571097747054713,0.40058143898597476,0.5107824549750823,547.0,341.0,2026-08-18 19:34:59,Phangkhon Inn,16,1,2026-08-18 18:49:55,2026-08-20,27.35
4883896,0.3424213584773503,0.3424213584773503,0.3424213584773503,0.5127974341916871,29.0,29.0,2026-08-18 20:32:59,Khun Pui Pool and Villa,8,0,,2026-08-18,24.36
4883900,0.39639104306058015,0.4151732954864373,0.39639104306058015,0.5092698209749564,337.0,133.0,2026-08-18 17:21:38,KOCO Hotel,38,4,2026-08-18 17:21:38,2026-08-25,28.1
4883902,0.3218553486891579,0.3440339692068299,0.3218553486891579,0.5127332393546726,75.0,23.0,2026-08-18 15:22:55,Greenhills Resort,39,0,,2026-08-20,25.08
4883903,0.321313564199161,0.321313564199161,0.321313564199161,0.506675611708559,16.0,16.0,2026-08-18 19:34:59,Paisalee Hill Resort,8,0,,2026-08-18,23.39
4883908,0.27667024583587463,0.27667024583587463,0.27667024583587463,0.507243666067907,39.0,39.0,2026-08-18 17:21:38,Phuri Place Hotel Borabue,8,0,,2026-08-19,21.63
4884023,0.3869738868426852,0.4412299983116427,0.3869738868426852,0.5089149174807142,371.0,183.0,2026-08-18 17:21:38,The Cottage Hotel Udon Thani,18,2,2026-08-18 15:36:48,2026-08-25,26.76
4884119,0.3324873389738531,0.3324873389738531,0.3324873389738531,0.5362322948580368,8.0,8.0,2026-08-18 11:50:18,Khum Suk Resort,8,0,,2026-08-18,24.42
4884190,0.3783541427652535,0.4074283567795561,0.3783541427652535,0.5103323502131722,131.0,85.0,2026-08-18 23:48:42,Dee Hotel Phayao,28,3,2026-08-18 23:32:45,2026-08-19,26.79
4884270,0.414904621859994,0.46139445293327963,0.414904621859994,0.5135014119853871,313.0,297.0,2026-08-18 23:48:42,Sweet Home Resort,16,1,2026-08-18 22:03:44,2026-08-22,27.84
4884346,0.2965114471634908,0.2965114471634908,0.2965114471634908,0.5057764356080068,16.0,16.0,2026-08-18 23:19:38,Thammachart Resort,8,0,,2026-08-18,22.38
4884348,0.2859467634651585,0.29929815843136437,0.2859467634651585,0.5035852604433859,16.0,8.0,2026-08-18 20:17:46,Amp In Resort Khao Suan Kwang,16,1,2026-08-18 19:34:59,2026-08-20,22.3
4884349,0.4189244574591963,0.4189244574591963,0.4189244574591963,0.50951952628442,64.0,64.0,2026-08-18 04:28:56,Livist Resort Phetchabun,7,1,2026-08-18 03:00:10,2026-08-26,27.33
4884369,0.35193676542346697,0.35193676542346697,0.35193676542346697,0.5068143994848968,12.0,12.0,2026-08-18 23:32:45,Phimaiburi Apartment,8,0,,2026-08-24,24.61
4884370,0.3158086941166228,0.33925427409577635,0.3158086941166228,0.507802648586192,247.0,231.0,2026-08-18 18:04:18,Yala My house Hotel,24,0,,2026-08-19,24.11
4884376,0.3300744667827784,0.37680099201231376,0.3300744667827784,0.5083332697610262,122.0,69.0,2026-08-18 17:49:59,Baanpromsuk Takfa,48,2,2026-08-18 16:50:50,2026-08-18,25.79
4884391,0.367810968258792,0.3762091895372069,0.367810968258792,0.5129414136487955,122.0,71.0,2026-08-18 23:48:42,Baankoonmae Boulevard Hotel  Kuchinarai,26,2,2026-08-18 23:19:38,2026-09-07,26.32
4884392,0.363499673310922,0.4447003819124422,0.363499673310922,0.5110033366739618,201.0,80.0,2026-08-18 21:48:45,Greenway Resort,75,3,2026-08-18 20:47:57,2026-08-20,28.55
4884394,0.35815738742851694,0.4025102157671052,0.35815738742851694,0.5141428473481248,124.0,53.0,2026-08-18 23:32:45,Phu-Nga Hotel,24,1,2026-08-18 16:50:50,2026-08-20,25.86
4884419,0.39600749411028924,0.42220037564359814,0.39600749411028924,0.5159502728659887,489.0,274.0,2026-08-18 20:32:59,Bliq Hotel Chanthaburi,37,4,2026-08-18 18:49:55,2026-09-10,28.26
4884434,0.39768299332813056,0.4070979794647093,0.39768299332813056,0.5095161666743487,743.0,175.0,2026-08-18 23:48:42,KOS Hotel Suvarnabhumi Airport,20,2,2026-08-18 23:48:42,2026-08-26,27.52
4884497,0.33458275612191346,0.3350787524955475,0.33458275612191346,0.5134563388662672,85.0,70.0,2026-08-18 23:48:42,Riverton Hotel,17,0,,2026-08-20,24.53
4884532,0.3315220492439832,0.3336051960267439,0.3315220492439832,0.5108149418737138,73.0,37.0,2026-08-18 19:20:48,Phuwiang Grand Hotel,33,0,,2026-08-20,25.13
4884536,0.30936070848597674,0.30936070848597674,0.30936070848597674,0.5151856075192475,8.0,8.0,2026-08-18 17:21:38,La Reina Maroc Hotel,8,0,,2026-08-18,23.07
4884544,0.4211473025760183,0.4380745220583076,0.4211473025760183,0.5097865857529622,1530.0,506.0,2026-08-18 23:48:42,Rangsit Residence,77,10,2026-08-18 22:17:43,2026-08-24,31.73
4884578,0.33963949163622875,0.33963949163622875,0.33963949163622875,0.502355853021175,8.0,8.0,2026-08-18 20:47:57,Suwaluck Apartment,8,0,,2026-08-18,24.03
4884579,0.26962100851352294,0.26962100851352294,0.26962100851352294,0.505027923462629,8.0,8.0,2026-08-18 21:16:11,Baan Chomphu Pakchong,8,0,,2026-08-18,21.28
4884581,0.3459083731174007,0.3459083731174007,0.3459083731174007,0.506675611708559,24.0,24.0,2026-08-18 15:51:26,Samyod Mountain Resort Khemarat,6,0,,2026-08-18,24.28
4884590,0.281180630216927,0.2998172474100041,0.281180630216927,0.5071836838423518,80.0,44.0,2026-08-18 22:48:21,Grand Garden Resort Prachinburi,52,0,,2026-08-18,23.98
4884591,0.3440161712478245,0.39266552033800334,0.3440161712478245,0.5199785921202353,120.0,24.0,2026-08-18 19:20:48,Chat Residence,80,0,,2026-08-22,28.14
4884594,0.36471366994770565,0.36471366994770565,0.36471366994770565,0.5096165725169581,40.0,40.0,2026-08-18 14:05:44,The Win Home Phanom Dong Rak (Room on Request),8,0,,2026-08-18,25.2
4884602,0.30531256896736125,0.308182602594877,0.30531256896736125,0.5065806139706123,24.0,8.0,2026-08-18 12:21:35,Chang Thong Lodge,24,0,,2026-08-25,23.53
4884611,0.3334414085274298,0.3334414085274298,0.3334414085274298,0.506675611708559,8.0,8.0,2026-08-18 09:31:34,Khirimat Resort,8,0,,2026-08-18,23.87
4884615,0.3954509947721875,0.3954509947721875,0.3954509947721875,0.516774452108271,40.0,40.0,2026-08-18 23:03:17,Top Residence Surat Thani,9,2,2026-08-18 23:03:17,2026-08-18,26.62
4884620,0.36670486809209085,0.3826242423513158,0.36670486809209085,0.5105513617859696,275.0,200.0,2026-08-18 23:48:42,The Charlotte Smart Hotel Lopburi,49,6,2026-08-18 23:32:45,2026-08-24,27.44
4884628,0.30087020665274006,0.30087020665274006,0.30087020665274006,0.5085715746318674,50.0,50.0,2026-08-18 02:46:12,Suk Hua Non Thoen,8,0,,2026-08-22,22.63
4884630,0.2914664433778442,0.2914664433778442,0.2914664433778442,0.5089782005996196,12.0,12.0,2026-08-18 23:48:42,C Pattana Apartment Sakaeo,12,0,,2026-08-18,22.43
4884633,0.3123180525472712,0.3349247669846869,0.3123180525472712,0.5087987148437075,153.0,45.0,2026-08-18 23:48:42,At Sugar Palm Sa Kaeo,62,4,2026-08-18 18:36:06,2026-08-20,25.79
4884636,0.3541073387204381,0.35473084223098666,0.3541073387204381,0.5148954881566732,534.0,267.0,2026-08-18 17:34:59,Sairung Resort,16,1,2026-08-18 17:34:59,2026-08-20,25.57
4884640,0.2813713285989321,0.2813713285989321,0.2813713285989321,0.5051989361792444,16.0,16.0,2026-08-18 18:49:55,Getin Hotel & Restaurant,9,0,,2026-08-18,21.81
4884641,0.2868835577280304,0.30727556573254944,0.2868835577280304,0.5081007797420577,92.0,52.0,2026-08-18 23:48:42,Suksamraan Village Sakeo,62,0,,2026-08-18,24.72
4884642,0.34680553166604355,0.3501818730752042,0.34680553166604355,0.5120172274418776,113.0,83.0,2026-08-18 23:48:42,BaanLita,21,0,,2026-08-19,25.21
4884643,0.3579116821551329,0.41379694525452804,0.3579116821551329,0.5089211378874643,385.0,135.0,2026-08-18 23:48:42,Fun Hotel Rayong,39,1,2026-08-18 22:17:43,2026-08-21,26.63
4884654,0.30467335912962507,0.30467335912962507,0.30467335912962507,0.5173256379889829,24.0,8.0,2026-08-18 11:50:18,Prawdao Khitchakut Resort,24,0,,2026-08-23,23.72
4884784,0.4061743699373169,0.4241067653120741,0.4061743699373169,0.5094871736468427,134.0,79.0,2026-08-18 00:32:16,VELA Dhi Udon Thani,5,0,,2026-08-31,26.76
4884785,0.4010803488988149,0.4010803488988149,0.4010803488988149,0.5110449048209174,51.0,51.0,2026-08-18 13:51:17,Relax Resort Banphotpisai,8,0,,2026-08-19,26.69
4884787,0.3846152587383824,0.4014070561875291,0.3846152587383824,0.5131241632634616,429.0,248.0,2026-08-18 23:48:42,Ananzitra Hotel,34,0,,2026-08-19,27.57
4884841,0.3306873346572968,0.3306873346572968,0.3306873346572968,0.5002989060669606,13.0,13.0,2026-08-18 23:48:42,The Chill Resort at Korat,3,2,2026-08-18 23:48:42,2026-08-19,23.39
4884873,0.2780098434993877,0.2780098434993877,0.2780098434993877,0.5065993296389509,8.0,8.0,2026-08-18 14:05:44,Light House Trang,8,0,,2026-08-18,21.65
4884874,0.35460514592891945,0.37557801945176905,0.35460514592891945,0.5081627596365803,178.0,162.0,2026-08-18 18:20:34,NonNee Lampang Hotel,32,1,2026-08-18 11:20:03,2026-08-19,26.02
4884915,0.3565421292605642,0.3565421292605642,0.3565421292605642,0.5072009776249696,111.0,111.0,2026-08-18 02:46:12,Avarin Resort,7,0,,2026-08-20,24.81
4884916,0.37872594725247205,0.40387483826946075,0.37872594725247205,0.510236492368969,257.0,118.0,2026-08-18 21:48:45,NK Residence Sakon Nakhon,47,6,2026-08-18 21:16:11,2026-08-19,27.81
4884948,0.42704860012828555,0.5324318835594593,0.42704860012828555,0.5101954918967145,572.0,259.0,2026-08-18 23:48:42,Rabbit Hotel Phimai,61,5,2026-08-18 23:19:38,2026-08-18,30.61
4884978,0.32173970721791123,0.3483751019486148,0.32173970721791123,0.5100481193073572,24.0,16.0,2026-08-18 19:20:48,Supornhome Hotel Trakan Phuet Phon,23,0,,2026-08-18,24.21
4884979,0.3352885041371729,0.3386712899334937,0.3352885041371729,0.5071049963502278,1026.0,625.0,2026-08-18 23:48:42,The Chill House,30,0,,2026-08-20,25.64
4884980,0.3161627906786262,0.3485662330877928,0.3161627906786262,0.5084272323824846,131.0,57.0,2026-08-18 23:48:42,Baron Resort Sakaeo,67,3,2026-08-18 17:34:59,2026-08-19,26.17
4884983,0.293280084660228,0.293280084660228,0.293280084660228,0.5033499429310786,12.0,12.0,2026-08-18 16:06:39,Nayung Resort Na Yung,6,0,,2026-08-18,22.1
4884985,0.28620749070343593,0.28620749070343593,0.28620749070343593,0.5097208451163774,7.0,7.0,2026-08-18 16:35:56,The punn,7,0,,2026-08-18,21.99
4884986,0.3657721938735138,0.4009800448550077,0.3657721938735138,0.5200929368975015,61.0,20.0,2026-08-18 15:36:48,One Budget Hotel Chiangrai Airport,38,2,2026-08-18 11:04:55,2026-08-18,26.93
4884994,0.2937160437551416,0.2937160437551416,0.2937160437551416,0.5088168441111287,8.0,8.0,2026-08-18 17:07:13,Promporn Boutique Hotel,8,0,,2026-08-18,22.32
4885004,0.3783450532355903,0.4079466869926282,0.3783450532355903,0.506921831671379,321.0,103.0,2026-08-18 17:34:59,Hotel Dawa,46,11,2026-08-18 16:35:56,2026-08-18,27.71
4885005,0.3044995134323533,0.3044995134323533,0.3044995134323533,0.5093009171952824,24.0,24.0,2026-08-18 23:48:42,Parada Ayutthaya,13,1,2026-08-18 23:19:38,2026-08-18,23.02
4885017,0.3413709294788557,0.3413709294788557,0.3413709294788557,0.5121253489529005,32.0,16.0,2026-08-18 12:06:15,JP Grand Hotel,18,0,,2026-08-21,24.8
4885023,0.39118774439360393,0.43119553114043796,0.39118774439360393,0.5093505132061112,1767.0,804.0,2026-08-18 23:19:38,Conbrio Resort & Sport Club,71,11,2026-08-18 19:05:06,2026-08-20,30.37
4885061,0.29290630495942993,0.29290630495942993,0.29290630495942993,0.5054099314038026,30.0,30.0,2026-08-18 15:51:26,Baan Kannika Nakhon Sawan,14,0,,2026-08-20,22.53
4885062,0.3335815912693757,0.3526633427921121,0.3335815912693757,0.5076168587144143,80.0,56.0,2026-08-18 19:05:06,Tien Thong Apartment Kaeng Khoi,33,0,,2026-08-21,25.16
4885077,0.2773238478525971,0.2834110802099386,0.2773238478525971,0.5061173789243778,36.0,15.0,2026-08-18 19:20:48,The Eight Resort,36,0,,2026-08-18,23.0
4885080,0.4306934301887198,0.45480710676895103,0.4306934301887198,0.5092485132296788,1235.0,531.0,2026-08-18 13:51:17,Prem Mansion U Thong,25,2,2026-08-18 10:48:41,2026-08-21,29.38
4885085,0.32648118067139786,0.33045474285718723,0.32648118067139786,0.5103797898460176,347.0,137.0,2026-08-18 12:36:04,Blu Monkey Hub and Hotel Chanthaburi,24,0,,2026-09-08,24.65
4885088,0.2799487675086177,0.2799487675086177,0.2799487675086177,0.506675611708559,24.0,3.0,2026-08-18 23:48:42,Sukmak Apartment,24,0,,2026-08-28,22.52
4885092,0.29679285771760294,0.3303114324612082,0.29679285771760294,0.5073731854858271,312.0,206.0,2026-08-18 15:22:55,Ranong Gable,30,0,,2026-08-21,23.67
4885095,0.3123527203721093,0.3123527203721093,0.3123527203721093,0.506675611708559,16.0,8.0,2026-08-18 18:20:34,In Box Guesthouse Maesariang,16,0,,2026-08-19,23.42
4885097,0.31736847317563766,0.3334593230191431,0.31736847317563766,0.5123252121503966,73.0,51.0,2026-08-18 23:48:42,Big Elephant Hotel,22,0,,2026-08-18,24.06
4885124,0.2857596765408012,0.2871954689657628,0.2857596765408012,0.5079314881972781,24.0,8.0,2026-08-18 19:05:06,Baan Din Thong Ayutthaya,24,0,,2026-08-20,22.78
4885132,0.3348272175883104,0.3979912965872034,0.3348272175883104,0.5087328749089229,293.0,95.0,2026-08-18 23:19:38,Neo Hotel Khonkaen,48,0,,2026-08-18,26.09
4885234,0.44619310721321875,0.4585351622987731,0.44619310721321875,0.5093973971563711,1646.0,402.0,2026-08-18 16:21:17,Marsi Hotel @ Bangchak,45,3,2026-08-18 06:27:51,2026-08-24,31.22
4885266,0.30878489400710135,0.30878489400710135,0.30878489400710135,0.5137752247536629,8.0,8.0,2026-08-18 18:20:34,Pakchong Center Poshtel,8,0,,2026-08-18,23.02
4886320,0.29181688234789666,0.29472415336012403,0.29181688234789666,0.5053064377631582,20.0,12.0,2026-08-18 21:48:45,Ampai Resort,14,0,,2026-09-05,22.48
4887243,0.3542170912680606,0.3542170912680606,0.3542170912680606,0.501685289626812,6.0,6.0,2026-08-18 15:22:55,Sweet Home Resort Wangsammo,6,0,,2026-08-18,24.5
4887248,0.27190044943957714,0.27732890521277087,0.27190044943957714,0.5048866869400019,35.0,27.0,2026-08-18 23:32:45,Tontan Resort Naklang,16,0,,2026-08-18,21.78
4887250,0.36435022089153185,0.39643747879052876,0.36435022089153185,0.5094617406965727,1073.0,397.0,2026-08-18 19:48:47,The Garden Resort Lopburi,70,1,2026-08-18 09:31:34,2026-08-24,28.83
4887254,0.266643286687636,0.266643286687636,0.266643286687636,0.506675611708559,8.0,8.0,2026-08-18 13:05:37,Baan Kanta Resort Si Thep,8,0,,2026-08-20,21.2
4887269,0.46685583643896156,0.46685583643896156,0.46685583643896156,0.5130959120794015,506.0,506.0,2026-08-18 11:20:03,Home At 9,9,2,2026-08-18 11:20:03,2026-08-19,29.68
4890153,0.3590795424708424,0.3807892484914669,0.3590795424708424,0.5127208448039848,73.0,42.0,2026-08-18 23:48:42,JB Place Hotel Ban Phaeng,22,0,,2026-09-07,25.74
4892396,0.26472343891925126,0.26472343891925126,0.26472343891925126,0.5066374821206414,8.0,8.0,2026-08-18 23:48:42,Homeroom hostel,8,0,,2026-08-19,21.12
4896864,0.27759504843907823,0.27759504843907823,0.27759504843907823,0.507800163404719,8.0,8.0,2026-08-18 13:22:18,Muang Thong Resort Phu Khiao,8,0,,2026-08-18,21.66
4896866,0.2949252871520961,0.2949252871520961,0.2949252871520961,0.5082015112736026,16.0,16.0,2026-08-18 13:05:37,The Beaf Bueng Sam Phan,9,0,,2026-08-18,22.41
4896884,0.27743958226456505,0.27743958226456505,0.27743958226456505,0.506390618494719,8.0,8.0,2026-08-18 17:21:38,LA Place,8,0,,2026-08-20,21.62
4896886,0.3114431388269752,0.3279361148988368,0.3114431388269752,0.5090221683580457,111.0,89.0,2026-08-18 19:48:47,Baan Thamthong Lamnarai Resort,54,4,2026-08-18 19:34:59,2026-08-18,25.35
4896890,0.2533378058666544,0.2533378058666544,0.2533378058666544,0.506675611708559,8.0,8.0,2026-08-18 13:05:37,MG Thungsong,8,0,,2026-08-18,20.66
4896904,0.33730934153612835,0.3397045576854154,0.33730934153612835,0.5125931774663455,46.0,23.0,2026-08-18 11:35:49,Green Resort Chumpuang,20,0,,2026-08-20,24.75
4896907,0.3636079410755991,0.3636079410755991,0.3636079410755991,0.5114881131784059,7.0,7.0,2026-08-18 16:50:50,Ban Dung Grand Hotel,7,0,,2026-08-18,25.12
4896913,0.4016165258426835,0.4128914455157966,0.4016165258426835,0.5122956707414241,408.0,305.0,2026-08-18 23:48:42,ABIZZ Hotel Kwan Phayao,54,9,2026-08-18 23:32:45,2026-08-19,29.2
4896919,0.26447096819067106,0.26447096819067106,0.26447096819067106,0.506675611708559,24.0,24.0,2026-08-18 18:20:34,Lomsak Garden Home,16,0,,2026-09-14,21.51
4896922,0.35181254652444593,0.37348530536744123,0.35181254652444593,0.5095800442482273,280.0,73.0,2026-08-18 13:51:17,Kiirin House Banpong,68,5,2026-08-18 13:37:28,2026-08-21,27.76
4896923,0.29609868155453195,0.31450473282635455,0.29609868155453195,0.5094929754721221,82.0,29.0,2026-08-18 19:05:06,Terra Villa Resort,49,0,,2026-08-29,24.48
4896927,0.2804550340552442,0.3063252449004253,0.2804550340552442,0.5072630079106785,40.0,16.0,2026-08-18 21:31:44,Pan On Residence Pluakdaeng,33,0,,2026-08-21,23.0
4896930,0.3123527203721093,0.3123527203721093,0.3123527203721093,0.506675611708559,3.0,3.0,2026-08-18 23:48:42,Pornchai Hotel and Resort Sophisai,3,0,,2026-08-20,22.78
4901456,0.398488024755982,0.43087698818508524,0.398488024755982,0.5114256626388,340.0,140.0,2026-08-18 22:17:43,PLAAI Plus Hotel Rayong,28,3,2026-08-18 20:32:59,2026-08-22,27.74
4902623,0.31603466275658,0.31603466275658,0.31603466275658,0.5252510640591634,8.0,8.0,2026-08-18 17:07:13,M2 Hotel Waterside,8,0,,2026-08-18,23.54
4902939,0.3219915603622545,0.3441554859597753,0.3219915603622545,0.5148584579388387,21.0,14.0,2026-08-18 15:51:26,Crystal Place Prathai,20,0,,2026-08-19,24.17
4906095,0.3762338786939596,0.41219692354718507,0.3762338786939596,0.5332024046048215,37.0,16.0,2026-08-18 23:48:42,Le Lert Hotel Ratchaburi,22,2,2026-08-18 11:35:49,2026-08-19,26.81
4908057,0.41665235944605217,0.435455027852466,0.41665235944605217,0.5085603824465705,192.0,98.0,2026-08-18 14:36:30,Poolrada Boutique Hotel,20,2,2026-08-18 13:05:37,2026-08-18,27.93
4911719,0.2799487675086177,0.2799487675086177,0.2799487675086177,0.506675611708559,24.0,8.0,2026-08-18 12:36:04,The Motifs Eco Hotel,24,0,,2026-09-08,22.52
4914009,0.35285881513082584,0.36068665110263354,0.35285881513082584,0.5085681948165026,169.0,95.0,2026-08-18 22:32:31,Hotel Scarlett,34,0,,2026-08-19,26.05
4914111,0.3671767895141528,0.3671767895141528,0.3671767895141528,0.5086269249542584,138.0,138.0,2026-08-18 20:47:57,NKW Resort,19,3,2026-08-18 11:20:03,2026-08-18,25.87
4914116,0.28474535857617583,0.28474535857617583,0.28474535857617583,0.5082243835592767,7.0,7.0,2026-08-18 14:05:44,Ing Loei Place,7,0,,2026-08-18,21.9
4914130,0.2713479251597205,0.2713479251597205,0.2713479251597205,0.5071897945563408,8.0,8.0,2026-08-18 18:49:55,S.B. Hotel Kantharalak,8,0,,2026-08-18,21.39
4914132,0.28065410051009804,0.281689850464859,0.28065410051009804,0.5040640725693205,9.0,3.0,2026-08-18 23:48:42,Bannsuanpan Resort,9,1,2026-08-18 23:48:42,2026-08-21,21.75
4914141,0.2799487675086177,0.2799487675086177,0.2799487675086177,0.506675611708559,7.0,7.0,2026-08-18 03:45:52,Chai Khao Homestay,7,0,,2026-08-19,21.68
4914143,0.2960716906181823,0.2960716906181823,0.2960716906181823,0.507031523220444,14.0,14.0,2026-08-18 15:51:26,Rider Resort Nakhonsawan,13,0,,2026-08-20,22.63
4914149,0.337616507044198,0.33822511243229514,0.337616507044198,0.5088552165935948,494.0,126.0,2026-08-18 00:47:09,Tour De Phuket,16,0,,2026-09-02,24.76
4914151,0.3227371210383415,0.3227371210383415,0.3227371210383415,0.5236295322181573,8.0,8.0,2026-08-18 20:32:59,Leelawadee Place  Udonthani (Key deposit 200 THB),8,0,,2026-08-19,23.78
4914153,0.2970018830337717,0.3259560914073657,0.2970018830337717,0.5063140058880655,34.0,14.0,2026-08-18 23:48:42,The Pano Thepsatit,24,0,,2026-08-18,23.2
4914172,0.32982469021300453,0.32982469021300453,0.32982469021300453,0.5125716789544184,92.0,23.0,2026-08-18 12:36:04,Reunngam Resort Rongkham,32,0,,2026-08-21,25.06
4914173,0.28421607692817097,0.2987726927541131,0.28421607692817097,0.5081991001130209,54.0,23.0,2026-08-18 15:22:55,Parknaisong Hotel,23,0,,2026-08-19,22.69
4914175,0.30056943901514427,0.30056943901514427,0.30056943901514427,0.5087128111323307,24.0,24.0,2026-08-18 17:07:13,Idin Place Hotel Somdet,8,0,,2026-09-11,22.6
4915539,0.3123527203721093,0.3123527203721093,0.3123527203721093,0.506675611708559,4.0,4.0,2026-08-18 00:47:09,Hugna Resort Wanonniwat,4,0,,2026-08-19,22.83
4915540,0.30567385024995236,0.30567385024995236,0.30567385024995236,0.5099539789506898,72.0,72.0,2026-08-18 13:37:28,Nan Arena Place,8,0,,2026-08-27,22.86
4915542,0.2799487675086177,0.2799487675086177,0.2799487675086177,0.506675611708559,1.0,1.0,2026-08-18 00:02:04,Nicha Resort Charoensin,1,0,,2026-08-17,21.38
4915548,0.3129693700859481,0.3129693700859481,0.3129693700859481,0.5200555152714815,8.0,8.0,2026-08-18 11:35:49,D5 Hotel Map Pong,8,0,,2026-08-20,23.32
4915551,0.30390350085859735,0.30491135777763123,0.30390350085859735,0.508626803134739,24.0,16.0,2026-08-18 17:34:59,D5 Gold Hotel Nong Kakha,17,1,2026-08-18 17:21:38,2026-08-19,23.17
4915554,0.314842012892261,0.3497352582759043,0.314842012892261,0.5058625038264251,14.0,8.0,2026-08-18 16:06:39,Sayfon Resort Soeng Sang,14,0,,2026-08-29,23.4
4915555,0.30926017937270533,0.30926017937270533,0.30926017937270533,0.5081044927157476,8.0,8.0,2026-08-18 22:48:21,C-House,8,0,,2026-08-18,22.93
4915558,0.2957226796559551,0.3093379029446604,0.2957226796559551,0.506399737501577,61.0,32.0,2026-08-18 23:48:42,Tonmaiyai Resort Khon Buri,26,0,,2026-08-19,23.26
4915564,0.36332044719256346,0.36332044719256346,0.36332044719256346,0.5157347606311277,8.0,8.0,2026-08-18 10:48:41,Baan Premsiri,8,0,,2026-08-18,25.24
4915580,0.4050129568079625,0.4522871935597402,0.4050129568079625,0.5104820974697031,377.0,135.0,2026-08-18 10:19:49,Top inn Hotel Mahasarakham,32,0,,2026-08-24,28.2
4915587,0.3278882486876672,0.3278882486876672,0.3278882486876672,0.5071093409349111,23.0,23.0,2026-08-18 18:36:06,Star Home Hod,8,0,,2026-08-18,23.66
4915626,0.2924679396164049,0.2924679396164049,0.2924679396164049,0.5076294124233511,16.0,16.0,2026-08-18 23:03:17,The 24 Hotel Saraburi,8,0,,2026-08-19,22.25
4915636,0.38166285411242357,0.39946299343608443,0.38166285411242357,0.5199468992198114,64.0,32.0,2026-08-18 12:36:04,House Number 3,25,0,,2026-08-18,26.93
4915645,0.38719895626921513,0.44563566777983155,0.38719895626921513,0.5097145477480395,3137.0,580.0,2026-08-18 23:48:42,Metro Ratchada 36,124,6,2026-08-18 13:05:37,2026-09-05,33.63
4915665,0.35290183427140653,0.3964442386158624,0.35290183427140653,0.5079035343443308,341.0,258.0,2026-08-18 23:03:17,The Seaport Mahachai,32,0,,2026-08-19,26.04
4915666,0.309264634492575,0.309264634492575,0.309264634492575,0.5172973527464905,8.0,8.0,2026-08-18 01:46:03,Parima Hotel,8,0,,2026-08-18,23.11
4915670,0.3433387901951009,0.3433387901951009,0.3433387901951009,0.5168321582237559,33.0,33.0,2026-08-18 11:35:49,Viva Central Korat,8,0,,2026-08-26,24.48
4915671,0.2832420032068861,0.28876204100811914,0.2832420032068861,0.5083373023613997,16.0,8.0,2026-08-18 23:32:45,Chaba Resort Sa Kaeo,16,0,,2026-08-20,22.29
4915675,0.37967680502814044,0.37967680502814044,0.37967680502814044,0.5075948842102874,390.0,390.0,2026-08-18 03:59:04,The Gold Living Life,7,0,,2026-08-24,25.92
4915676,0.3277100185911922,0.3341750575265611,0.3277100185911922,0.5088206406613468,384.0,182.0,2026-08-18 17:07:13,SK Pavilion By Non at Pitlok Hotel,56,0,,2026-08-20,26.25
4918010,0.32106845296045494,0.34360239577813045,0.32106845296045494,0.5076704129875156,53.0,21.0,2026-08-18 22:48:21,The Cozy Hostel Loei Wang Saphung,40,0,,2026-08-19,24.98
4918020,0.27645602206600994,0.32933421774451543,0.27645602206600994,0.5070075415355351,334.0,77.0,2026-08-18 18:20:34,Rare Loei Hotel,93,0,,2026-08-19,25.95
4918038,0.34370002451706744,0.3554440956780631,0.34370002451706744,0.5091920307110801,261.0,159.0,2026-08-18 14:05:44,M Resort Songkhla,25,0,,2026-09-09,25.31
4918039,0.2793918980298528,0.3088458310269375,0.2793918980298528,0.5079789591721559,42.0,6.0,2026-08-18 15:51:26,Siam House Inter Place,42,0,,2026-08-24,23.41
4918047,0.4164224112041779,0.4371293697514989,0.4164224112041779,0.5181827773063159,553.0,500.0,2026-08-18 15:51:26,Baan Kiita,13,1,2026-08-18 14:05:44,2026-08-22,27.99
4918048,0.28269395068432396,0.28269395068432396,0.28269395068432396,0.5088938070899941,8.0,8.0,2026-08-18 13:51:17,Loei Buri Hotel by Alphatel,8,0,,2026-08-18,21.88
4918055,0.28001163497024145,0.28001163497024145,0.28001163497024145,0.5099569314813168,8.0,8.0,2026-08-18 17:07:13,SP2 Hotel,8,0,,2026-08-20,21.8
4918063,0.4135632131619736,0.4594740961422528,0.4135632131619736,0.515198063902654,1712.0,580.0,2026-08-18 23:48:42,Thongchen Residence,78,9,2026-08-18 23:19:38,2026-08-20,31.69
4918071,0.32601213343393737,0.32601213343393737,0.32601213343393737,0.510365686290712,20.0,20.0,2026-08-18 22:03:44,No.89 Boutique Hotel,8,0,,2026-09-05,23.65
4918075,0.36330508608078566,0.4120212801258608,0.36330508608078566,0.528688277305793,71.0,27.0,2026-08-18 22:48:21,K2 Green Kanchanaburi,49,4,2026-08-18 17:07:13,2026-08-19,27.54
4918085,0.37408042710040057,0.41347610369537724,0.37408042710040057,0.5064081727228418,181.0,154.0,2026-08-18 12:36:04,ThanaVille Resort,16,1,2026-08-18 09:31:34,2026-09-01,25.98
4918094,0.37818966261067827,0.37818966261067827,0.37818966261067827,0.5123176882091384,37.0,37.0,2026-08-18 18:04:18,Peakpoint Home,13,3,2026-08-18 18:04:18,2026-08-18,26.03
4918097,0.37063551901342384,0.37063551901342384,0.37063551901342384,0.5077777504398489,139.0,139.0,2026-08-18 12:51:07,One Budget Hotel Chiangrai Stadium,8,0,,2026-08-25,25.46
4918100,0.2732955424659676,0.2732955424659676,0.2732955424659676,0.5066374821206414,8.0,8.0,2026-08-18 23:32:45,Pa Tio Garden,8,0,,2026-08-19,21.46
4918103,0.3123527203721093,0.3123527203721093,0.3123527203721093,0.506675611708559,8.0,8.0,2026-08-18 20:04:15,The Minitel Hotel Bangsaphan,8,0,,2026-08-19,23.02
4918105,0.30353424095610404,0.30516809269940987,0.30353424095610404,0.5105489603557256,48.0,25.0,2026-08-18 12:06:15,Rodsarin Garden Resort 2,16,0,,2026-08-18,23.16
4918110,0.3802243278586581,0.43318228532554615,0.3802243278586581,0.504455472305819,18441.0,7155.0,2026-08-18 23:48:42,101 Hotel Roi Et,98,12,2026-08-18 18:49:55,2026-08-22,41.17
4918122,0.34979012373673,0.34979012373673,0.34979012373673,0.5062104973023133,65.0,65.0,2026-08-18 14:49:01,Wiangkham Resort Photharam,6,0,,2026-08-29,24.45
4918141,0.3501957404854556,0.3550045634269339,0.3501957404854556,0.5072942540414914,110.0,23.0,2026-08-18 10:34:59,Rinchalee Resort,62,0,,2026-08-19,27.25
4920152,0.32438190895033037,0.32438190895033037,0.32438190895033037,0.5079214300531714,23.0,23.0,2026-08-18 10:19:49,Dream Factory Hotel & Rooftop Bar,8,0,,2026-08-27,23.54
4920292,0.3262799349848238,0.34705787449351705,0.3262799349848238,0.5071789164885896,120.0,71.0,2026-08-18 23:48:42,O.K. Resort Banpong Ratchaburi,29,1,2026-08-18 13:05:37,2026-09-03,24.68
4920293,0.38555708098915575,0.38788899361026546,0.38555708098915575,0.5156142309282497,1899.0,508.0,2026-08-18 15:22:55,The Oceanic Sportel,24,0,,2026-09-05,28.05
4920295,0.2883266730769099,0.2883266730769099,0.2883266730769099,0.5047508400235989,8.0,8.0,2026-08-18 20:32:59,Tonrak Resort Saraburi,8,0,,2026-08-18,22.02
4920314,0.28186604045099756,0.28186604045099756,0.28186604045099756,0.5042835917258478,6.0,6.0,2026-08-18 15:51:26,Saranya Resort Nongkhai,6,0,,2026-08-18,21.66
4920315,0.2752221986206168,0.27601790321925884,0.2752221986206168,0.5065463133680521,15.0,8.0,2026-08-18 21:16:11,Kondee Resort,15,0,,2026-09-07,21.88
4920317,0.3239528549340653,0.3239528549340653,0.3239528549340653,0.5032649191905075,8.0,8.0,2026-08-18 19:05:06,Pua Pattra Hotel,8,0,,2026-08-18,23.42
4920332,0.3321104742370803,0.3321104742370803,0.3321104742370803,0.5112571738229065,38.0,38.0,2026-08-18 21:03:06,Wicket White Villa,24,1,2026-08-18 19:34:59,2026-08-18,24.71
4920334,0.3160607832187052,0.34237964482109656,0.3160607832187052,0.5092263317053003,109.0,73.0,2026-08-18 23:19:38,Yousabai Bungkan,31,0,,2026-08-19,24.41
4920335,0.33323355589779935,0.3334414085274298,0.33323355589779935,0.506259906449298,2.0,1.0,2026-08-18 00:02:04,Green House Resort Bungkan,2,0,,2026-08-19,23.55
4920336,0.3560270830883404,0.38354278871568603,0.3560270830883404,0.5115942051564323,153.0,119.0,2026-08-18 20:32:59,Prathaiburi Hotel and Resort,37,0,,2026-08-19,26.37
4920352,,,,,0.0,0.0,2026-08-18 23:48:42,S3 Hua Hin Hotel,0,0,,2026-08-28,0.0
4920357,0.3776772010352434,0.3776772010352434,0.3776772010352434,0.5151007666713814,22.0,22.0,2026-08-18 13:51:17,Ruenbua Residence Warin Chamrap,9,0,,2026-09-11,25.86
4920366,0.3978191295793076,0.47993827862285793,0.3978191295793076,0.5086339575631833,4541.0,619.0,2026-08-18 23:48:42,Travelodge Phuket Town,93,11,2026-08-18 22:32:31,2026-09-12,33.36
4920368,0.3945175696128744,0.4363942457609606,0.3945175696128744,0.5043706040462274,241.0,126.0,2026-08-18 13:51:17,A Day Hotel Roiet,21,2,2026-08-18 13:51:17,2026-08-19,27.04
4920369,0.32686484641750146,0.32686484641750146,0.32686484641750146,0.506366252207825,52.0,52.0,2026-08-18 20:04:15,Modern Green Resort Dan Khun Thot,20,0,,2026-08-18,24.21
4920372,0.3634398246188671,0.37810661387995115,0.3634398246188671,0.50730523597854,272.0,96.0,2026-08-18 12:51:07,Chayapark Resort,27,0,,2026-08-18,26.17
4920375,0.3229967807116524,0.3229967807116524,0.3229967807116524,0.5137883773517485,8.0,8.0,2026-08-18 17:49:59,Jw Hotel Khonkaen,8,0,,2026-08-18,23.59
4920383,0.3630145704961044,0.3630145704961044,0.3630145704961044,0.5157106420389571,8.0,8.0,2026-08-18 20:32:59,M Place Phan,8,0,,2026-08-18,25.23
4920386,0.3494703816174301,0.3494703816174301,0.3494703816174301,0.5066872281346738,25.0,25.0,2026-08-18 17:34:59,Banna Resort Nong Song Hong,8,0,,2026-08-19,24.52
4920397,0.3519458313100919,0.3559643542319629,0.3519458313100919,0.5107284313605042,136.0,48.0,2026-08-18 19:48:47,Pak Ping Ing Doi Resort Sukhothai,51,0,,2026-08-20,26.87
4920399,0.3336707468485033,0.33390008516957675,0.3336707468485033,0.5062736198228275,27.0,21.0,2026-08-18 23:48:42,Maeprik Valley Resort Mae Suai,15,0,,2026-08-18,24.22
4920401,0.3121066727602238,0.3211141741028683,0.3121066727602238,0.5085464944645783,230.0,104.0,2026-08-18 10:48:41,Hill Hug Home Resort,26,0,,2026-08-21,24.06
4920405,0.31050367488597036,0.325425150319682,0.31050367488597036,0.5163968565131691,19.0,8.0,2026-08-18 19:34:59,The Lantern Hatyai,19,0,,2026-08-20,23.69
4920410,0.3094284997268269,0.3094284997268269,0.3094284997268269,0.5076763232564059,8.0,8.0,2026-08-18 21:48:45,Intra place Hotel Sakon Nakhon,8,0,,2026-08-18,22.93
4920421,0.27158968896142627,0.27653609123521655,0.27158968896142627,0.506418520284668,15.0,8.0,2026-08-18 21:48:45,SR Extra Boutique Hotel,15,0,,2026-08-24,21.73
4920434,0.3626682314668429,0.3626682314668429,0.3626682314668429,0.509638433187211,16.0,16.0,2026-08-18 10:48:41,Baan Ingdoi Phitsanulok,8,0,,2026-08-18,25.1
4920441,0.3133146858016306,0.361647877758047,0.3133146858016306,0.5131509900415053,30.0,21.0,2026-08-18 23:48:42,The Bliss Boutique Trang,30,0,,2026-09-07,24.28
4920442,0.3039583396400934,0.3394519742970143,0.3039583396400934,0.5079604498136651,13.0,8.0,2026-08-18 19:20:48,Plaifah Greenview Resort Dankhunthod,10,0,,2026-08-18,22.81
4920444,0.3007472284268474,0.3007472284268474,0.3007472284268474,0.5044861994203206,8.0,8.0,2026-08-18 19:05:06,Budsababun Resort Dankhunthot,8,0,,2026-08-18,22.52
4920449,0.3190226499342046,0.325658201193091,0.3190226499342046,0.5063095500449569,31.0,15.0,2026-08-18 16:50:50,S.R. Sunshine Hotel,31,0,,2026-08-18,24.42
4920465,0.2748402182722752,0.2748402182722752,0.2748402182722752,0.5078807050543358,8.0,8.0,2026-08-18 08:31:02,SB Mansion,7,0,,2026-08-18,21.5
4920466,0.31122733372093525,0.31122733372093525,0.31122733372093525,0.511516103055928,12.0,12.0,2026-08-18 15:36:48,Phaivarin Resort,7,0,,2026-08-18,23.03
4920467,0.28405093253027325,0.29415433007096065,0.28405093253027325,0.5091458366180838,23.0,8.0,2026-08-18 16:35:56,Baan Pieng Phen Phichit,23,0,,2026-09-07,22.68
4920470,0.2789170255156229,0.2789170255156229,0.2789170255156229,0.5061899201473247,8.0,8.0,2026-08-18 20:47:57,Namjhum  Resort Maesai,8,0,,2026-08-18,21.68
4920471,0.320842288261872,0.3459083731174007,0.320842288261872,0.5071797924406598,117.0,32.0,2026-08-18 23:19:38,Niyom STN Hotel Udon Thani,61,0,,2026-08-24,26.03
4920472,0.30023854820900153,0.30023854820900153,0.30023854820900153,0.50821678614211,24.0,24.0,2026-08-18 20:47:57,Damoon reosrt,10,0,,2026-08-18,22.68
4920475,0.26395549981189736,0.26395549981189736,0.26395549981189736,0.5066222302854744,6.0,6.0,2026-08-18 15:36:48,Chaiyaburi Hotel,6,0,,2026-08-20,20.99
4920480,0.35032136154182075,0.35032136154182075,0.35032136154182075,0.5151013607315956,28.0,28.0,2026-08-18 18:49:55,Morinaka Craftfe & Poshtel,15,0,,2026-08-18,25.07
4920499,0.275582813017907,0.275582813017907,0.275582813017907,0.5066329767149976,2.0,2.0,2026-08-18 00:02:04,KP Resort Burirum,1,0,,2026-08-17,21.21
4920528,0.2963775902097555,0.2963775902097555,0.2963775902097555,0.508322968058824,8.0,8.0,2026-08-18 17:07:13,Krue Khao View Resort Banphaeng,8,0,,2026-08-18,22.42
4920555,0.323711754257531,0.33835130451004786,0.323711754257531,0.5114231963048214,207.0,153.0,2026-08-18 23:03:17,Wasu Resort,23,0,,2026-08-19,24.43
4920574,0.3157100869287622,0.3157100869287622,0.3157100869287622,0.5243174213302751,8.0,8.0,2026-08-18 22:48:21,Sport Inn Chiang Rai,8,0,,2026-08-18,23.51
4920586,0.3937205841874175,0.41714842976223915,0.3937205841874175,0.5082778328563606,287.0,228.0,2026-08-18 17:34:59,Baan Phitcha Pranburi,16,0,,2026-08-20,26.87
4920598,0.3334414085274298,0.3334414085274298,0.3334414085274298,0.506675611708559,7.0,7.0,2026-08-18 16:35:56,Suan Yim Yam Resort,7,0,,2026-08-19,23.82
4920600,0.2815562123260043,0.2815562123260043,0.2815562123260043,0.4999259071281853,16.0,16.0,2026-08-18 20:17:46,Na Na Resort Nam Phong,8,1,2026-08-18 19:34:59,2026-08-20,21.66
4920605,0.3297154461577999,0.3511303133267741,0.3297154461577999,0.5071792672755373,406.0,103.0,2026-08-18 20:32:59,Smile Resort Kamphaengphet,137,4,2026-08-18 11:50:18,2026-08-19,30.28
4920606,0.28173488934625696,0.28173488934625696,0.28173488934625696,0.5082181602519209,7.0,7.0,2026-08-18 03:00:10,"SP Resort - Wichian Buri, Phetchabun",7,0,,2026-09-09,21.78
4920613,0.4051142753723383,0.4581025952018497,0.4051142753723383,0.5121948445978587,220.0,107.0,2026-08-18 09:47:39,The Vita Plus Hotel Hatyai,26,2,2026-08-18 07:44:55,2026-08-20,27.85
4920618,0.31317123099937555,0.31317123099937555,0.31317123099937555,0.5158769653606454,16.0,16.0,2026-08-18 18:04:18,Sinsiri Hostel,8,0,,2026-08-18,23.25
4920619,0.4298677860184892,0.4895509605267016,0.4298677860184892,0.5099168987200497,2315.0,527.0,2026-08-18 18:49:55,VST Punnawithi,54,3,2026-08-18 18:49:55,2026-08-25,31.42
4920622,0.3464428885209339,0.3464428885209339,0.3464428885209339,0.5099094516921806,64.0,64.0,2026-08-18 23:19:38,Laguna Grand Hotel & Spa Songkhla,8,0,,2026-09-06,24.49
4920639,0.35414724091218824,0.36251997997002217,0.35414724091218824,0.5055145132349839,1510.0,1227.0,2026-08-18 02:46:12,Silver Place,13,0,,2026-08-22,25.82
4920640,0.3197545035340722,0.3271647832207073,0.3197545035340722,0.5073910115566904,87.0,71.0,2026-08-18 23:03:17,Sudarat House and Resort,27,0,,2026-08-30,24.31
4920643,0.3611935114640661,0.38601678613052415,0.3611935114640661,0.5134453047716623,572.0,103.0,2026-08-18 16:06:39,The Model Garden Hotel,65,1,2026-08-18 10:48:41,2026-08-24,28.24
4920648,0.31988832934855754,0.3203148613118494,0.31988832934855754,0.5086457543055962,123.0,42.0,2026-08-18 00:47:09,SC garden date palm & resort,12,0,,2026-09-11,23.63
4920651,0.35792491987270897,0.3850120862111684,0.35792491987270897,0.513294436262199,194.0,87.0,2026-08-18 21:48:45,Tripper Hotel Ubon,70,0,,2026-08-18,28.12
4920659,0.27582099512786373,0.27582099512786373,0.27582099512786373,0.5071093409349111,15.0,15.0,2026-08-18 14:05:44,Modern Home Resort Consarn,8,0,,2026-08-24,21.58
4920673,0.32382142092646793,0.3578558687809612,0.32382142092646793,0.5083788906597992,609.0,258.0,2026-08-18 18:49:55,The Boss Place Tha Khantho,92,0,,2026-09-02,27.99
4920693,,,,,1.0,1.0,2026-08-18 23:48:42,Foxtail Resort Lam Plai Mat,1,0,,2026-08-18,0.05
4920695,0.3371764973147817,0.3459406549747814,0.3371764973147817,0.518224168930424,39.0,20.0,2026-08-18 23:48:42,Ruen Chom Dao Ratchaburi,19,0,,2026-08-20,24.8
4920701,0.3379752830805421,0.33928184140434176,0.3379752830805421,0.5088131562874779,278.0,99.0,2026-08-18 23:48:42,Glory Wabi Sabi Hotel,18,0,,2026-09-02,24.74
4920707,0.26846568359487244,0.27220792827049356,0.26846568359487244,0.5058728584748382,16.0,8.0,2026-08-18 18:49:55,Jasmine Terrace Udon thani,16,0,,2026-08-25,21.65
4920708,0.3888711334934387,0.3888711334934387,0.3888711334934387,0.511693949043424,46.0,46.0,2026-08-18 00:19:00,Manhattan Pattaya Hotel,2,0,,2026-08-19,25.91
4920709,0.37845384960880296,0.37845384960880296,0.37845384960880296,0.5168502301689291,44.0,44.0,2026-08-18 10:34:59,Kieng Loeng Resort,20,2,2026-08-18 01:59:49,2026-09-12,26.48
4920710,0.3422210834798684,0.3551589579933311,0.3422210834798684,0.5162560637530101,75.0,55.0,2026-08-18 23:48:42,Haksabai Hotel Chiangrai,36,5,2026-08-18 10:05:15,2026-08-18,25.82
4920711,0.44308835471225383,0.44308835471225383,0.44308835471225383,0.5105254721076071,318.0,318.0,2026-08-18 23:48:42,Pattanagete Place Apartment,8,2,2026-08-18 22:17:43,2026-08-19,28.52
4920722,0.30864829318017123,0.3219217115882481,0.30864829318017123,0.509420014434517,172.0,81.0,2026-08-18 12:51:07,Phomthong Hotel Ang Thong,24,0,,2026-08-20,23.81
4920724,0.30858258747780776,0.3284456351997072,0.30858258747780776,0.516233440152555,65.0,22.0,2026-08-18 23:48:42,GRAND PA Hotel&Resort,44,2,2026-08-18 20:04:15,2026-08-18,24.86
4920737,0.36985913428450135,0.44897309743049196,0.36985913428450135,0.5119901497655401,326.0,148.0,2026-08-18 23:48:42,The Bedrooms Maeklong Hotel and Serviced Apartment,54,2,2026-08-18 20:47:57,2026-08-19,27.87
4920752,0.3043657133853233,0.32248139223172256,0.3043657133853233,0.517275113684466,32.0,8.0,2026-08-18 23:48:42,Baanromdee 1,32,0,,2026-08-22,24.1
4920753,0.3135029708872342,0.33715950937216077,0.3135029708872342,0.5075007584162677,770.0,622.0,2026-08-18 22:48:21,Mintara Phetburi,36,0,,2026-08-22,24.91
4920755,0.34884581949420207,0.442301092938592,0.34884581949420207,0.5326289879001392,126.0,78.0,2026-08-18 14:05:44,Siri Hotel Lamphun,56,2,2026-08-18 12:36:04,2026-08-18,27.42
4920756,0.35033805697017734,0.3606424747992725,0.35033805697017734,0.5075124585369346,55.0,15.0,2026-08-18 14:05:44,B-Live Hotel & Apartment,55,0,,2026-08-18,26.89
4920761,0.27261469407037425,0.27261469407037425,0.27261469407037425,0.5074995588535515,8.0,8.0,2026-08-18 22:17:43,Keingtawan Resort,8,0,,2026-08-18,21.45
4920762,0.302290681124158,0.302290681124158,0.302290681124158,0.5090237316551611,53.0,53.0,2026-08-18 18:04:18,Bosston Hotel,10,0,,2026-09-09,22.79
4920769,0.2744264940219748,0.2744264940219748,0.2744264940219748,0.506675611708559,8.0,8.0,2026-08-18 19:20:48,Green Village Resort Hotel,8,0,,2026-08-19,21.51
4920803,0.3085097354248559,0.3085097354248559,0.3085097354248559,0.5082977263166804,24.0,24.0,2026-08-18 18:04:18,Kanthong Resort,17,0,,2026-08-18,23.35
4920804,0.30529102943647163,0.30529102943647163,0.30529102943647163,0.508419562910255,164.0,164.0,2026-08-18 20:47:57,Sakura Resort Bowin,17,0,,2026-08-19,23.31
4920826,0.3440525993927134,0.3646754356869097,0.3440525993927134,0.516211611957382,142.0,30.0,2026-08-18 21:31:44,Double J Hotel Chiang Mai,86,3,2026-08-18 14:05:44,2026-08-18,28.38
4920830,0.402014832874119,0.4270249175059744,0.402014832874119,0.528613848313302,25.0,13.0,2026-08-18 23:48:42,Aiyara Riverine Hotel Nakhon Phanom,8,1,2026-08-18 23:32:45,2026-08-19,27.06
4920834,0.3694805085174422,0.3694805085174422,0.3694805085174422,0.5370912921385208,8.0,8.0,2026-08-18 11:04:55,Marina House MUAYTHAI Ta-iad Phuket,8,0,,2026-08-19,25.92
4920835,0.2926298438415142,0.29474503130511787,0.2926298438415142,0.5070988252211303,50.0,22.0,2026-08-18 14:05:44,JU Apartment,44,0,,2026-08-18,24.03
4920836,0.36519421976164124,0.38609002582134216,0.36519421976164124,0.519103194365398,366.0,103.0,2026-08-18 23:48:42,SR Grand Hotel Chiang Mai,188,20,2026-08-18 23:19:38,2026-08-18,34.4
4920839,0.28612414954816984,0.28612414954816984,0.28612414954816984,0.5068381804680356,8.0,8.0,2026-08-18 18:04:18,Kornwee Resort,8,0,,2026-08-18,21.98
4920844,0.34637868732748545,0.36020458316675924,0.34637868732748545,0.5079073559167079,2310.0,681.0,2026-08-18 22:17:43,Nalay Noi Boutique Resort,53,2,2026-08-18 10:48:41,2026-08-18,27.99
4920860,0.3507889198737475,0.3853808569683197,0.3507889198737475,0.5080182017586821,884.0,385.0,2026-08-18 19:20:48,The Garden Home Resort Suphan Buri,53,3,2026-08-18 19:20:48,2026-08-18,27.31
4920882,0.3138623443022961,0.35329819458261746,0.3138623443022961,0.5066821328963061,12.0,6.0,2026-08-18 15:22:55,Niyom STN Hotel 2 (Ban Phue District),12,0,,2026-09-07,23.28
4920885,0.3782092003865005,0.41041510535559117,0.3782092003865005,0.514502178633166,176.0,70.0,2026-08-18 16:35:56,Good Nine Hotel,24,2,2026-08-18 16:35:56,2026-08-19,26.7
4920890,0.43181463135754344,0.470543958628929,0.43181463135754344,0.5093807136028863,59.0,54.0,2026-08-18 14:49:01,The Finn Hotel,7,1,2026-08-18 13:22:18,2026-08-20,27.84
4920893,0.27879511210177976,0.27879511210177976,0.27879511210177976,0.508049964458522,48.0,48.0,2026-08-18 23:32:45,Banna Resort Amnart Charoen,17,0,,2026-08-19,22.17
4920895,0.3480272488674738,0.3480272488674738,0.3480272488674738,0.5076349049241743,132.0,132.0,2026-08-18 18:49:55,Dawee Resort Nakhon Si Thammarat,31,3,2026-08-18 15:36:48,2026-08-18,25.67
4920896,0.3491794855934305,0.3664383148420597,0.3491794855934305,0.5076523107453625,648.0,625.0,2026-08-18 23:48:42,The Resort Hotel at Photharam,25,2,2026-08-18 18:49:55,2026-08-20,25.73
4920904,0.3369201389825263,0.3369201389825263,0.3369201389825263,0.507428425216774,181.0,181.0,2026-08-18 22:48:21,Nature Nut Resort,8,2,2026-08-18 21:48:45,2026-08-19,24.13
4920911,0.2744264940219748,0.2744264940219748,0.2744264940219748,0.506675611708559,8.0,8.0,2026-08-18 17:07:13,Moose Hotel Nimman,8,0,,2026-09-14,21.51
4920913,0.32220670754609304,0.3517728458808737,0.32220670754609304,0.5086549126359894,48.0,16.0,2026-08-18 23:32:45,Luan Charoen Condo Ang thong,41,0,,2026-08-20,25.1
4920925,0.3536293700293356,0.4163298152845085,0.3536293700293356,0.5078819606276851,1003.0,282.0,2026-08-18 23:48:42,One Budget Hotel Chiangrai Soi Sawan,119,3,2026-08-18 17:49:59,2026-09-12,30.72
4920929,0.3680231518499849,0.3871015651521457,0.3680231518499849,0.5081686144467619,101.0,51.0,2026-08-18 21:03:06,Baanna Place,26,5,2026-08-18 20:17:46,2026-08-18,26.22
4920938,0.2889566513056897,0.2889566513056897,0.2889566513056897,0.5085514536130868,11.0,11.0,2026-08-18 20:17:46,Yuliang Resort,8,0,,2026-08-18,22.13
4920942,0.34241882323968287,0.34241882323968287,0.34241882323968287,0.5054668544610782,8.0,8.0,2026-08-18 20:17:46,Nada Residence,8,0,,2026-08-18,24.2
4920945,0.30379970291680247,0.3043830727489077,0.30379970291680247,0.5102166842831184,36.0,14.0,2026-08-18 21:31:44,Beelive Hotel Surin,22,0,,2026-09-16,23.45
4920954,0.3749862531252275,0.3755921735498911,0.3749862531252275,0.5064105838701264,867.0,412.0,2026-08-18 23:19:38,Newman Hotel Donmuaeng,32,0,,2026-08-21,27.21
4920959,0.3676417587621181,0.3676417587621181,0.3676417587621181,0.5149646051715125,24.0,24.0,2026-08-18 15:22:55,12 The Residence Hotel & Apartment,6,0,,2026-09-07,25.31
4920962,0.41134556579215065,0.4418260052039703,0.41134556579215065,0.519750789780109,1785.0,540.0,2026-08-18 20:32:59,Baan Suwanna Khon Kaen,40,3,2026-08-18 12:36:04,2026-08-21,29.88
4920969,0.2667689479716368,0.26777423824364316,0.2667689479716368,0.5066798483294388,72.0,8.0,2026-08-18 13:22:18,Nicha Resort Phayao,72,0,,2026-08-31,24.37
4920974,0.41000957154125184,0.4241731451815987,0.41000957154125184,0.5104826752148497,217.0,138.0,2026-08-18 23:48:42,Pillow Inn Chachoengsao,14,2,2026-08-18 22:32:31,2026-08-19,27.42
4920976,0.3283269124340645,0.34325481673852354,0.3283269124340645,0.5074203341788943,83.0,31.0,2026-08-18 23:19:38,Nana Residence,62,0,,2026-08-19,26.36
4920978,0.3197364463447445,0.3197364463447445,0.3197364463447445,0.5083844848891728,112.0,112.0,2026-08-18 23:48:42,Sky & Star Loft,8,0,,2026-09-15,23.42
4920980,0.355893201713463,0.3900450871547367,0.355893201713463,0.5089451077469368,1183.0,847.0,2026-08-18 21:48:45,Nam Pueng Resort Phatthalung,41,1,2026-08-18 17:34:59,2026-08-22,27.13
4920981,0.30754556746242073,0.30754556746242073,0.30754556746242073,0.5086160985547014,32.0,32.0,2026-08-18 19:34:59,Waewwaw Garden Resort,19,0,,2026-08-18,23.42
4920985,0.3054518425242131,0.321994073712757,0.3054518425242131,0.507356121222155,20.0,16.0,2026-08-18 23:48:42,Calinton Hotel,10,0,,2026-08-18,22.87
4920988,0.3732526202273174,0.42843952222162407,0.3732526202273174,0.5107625122316507,1072.0,272.0,2026-08-18 16:06:39,Ratchapruek DC Resort Angthong,54,5,2026-08-18 10:34:59,2026-08-25,28.43
4920989,0.28214419683246145,0.28214419683246145,0.28214419683246145,0.5051712041816421,8.0,8.0,2026-08-18 17:21:38,Chinburi Resort Si sa ket,8,0,,2026-08-18,21.79
4920991,0.4089896760452272,0.4184308404009796,0.4089896760452272,0.5130164409242853,110.0,62.0,2026-08-18 21:48:45,Golden Nest Hotel Suvarnabhumi,19,4,2026-08-18 21:16:11,2026-09-01,27.62
4921004,0.28525560043014897,0.28525560043014897,0.28525560043014897,0.5033418995847263,16.0,16.0,2026-08-18 11:20:03,Ton Palm Resort Li,8,0,,2026-08-18,21.88
4921008,0.3427269029144179,0.3427269029144179,0.3427269029144179,0.5245857319617675,24.0,24.0,2026-08-18 17:49:59,Morakot Resort Phatthana Nikhom,24,0,,2026-08-18,25.39
4921009,0.3324857210155774,0.3324857210155774,0.3324857210155774,0.5094604354054145,4.0,4.0,2026-08-18 00:02:04,Ingna Resort Chanuman,1,0,,2026-08-17,23.54
4921012,0.3430343198553949,0.3631183581622466,0.3430343198553949,0.5157782016518766,22.0,14.0,2026-08-18 22:17:43,Super Highway Hotel,16,0,,2026-08-19,24.83
4921024,0.319963240238696,0.362883637255973,0.319963240238696,0.5106994614627299,96.0,68.0,2026-08-18 16:50:50,Lerdsup Hotel,26,0,,2026-08-21,24.34
4921032,0.3860482224927922,0.4363515859691983,0.3860482224927922,0.5101011662677639,2293.0,871.0,2026-08-18 23:03:17,The Pride Hotel Phitsanulok,88,2,2026-08-18 21:16:11,2026-08-20,31.32
4921036,0.3422445638044949,0.3436114537692167,0.3422445638044949,0.5102234497895594,155.0,54.0,2026-08-18 13:22:18,Nao Ta Chuang Resort Thungsong,24,0,,2026-09-11,25.16
4921038,0.34303049791909623,0.35462419803883183,0.34303049791909623,0.5128425954662041,1780.0,355.0,2026-08-18 20:32:59,314 Art Hotel Nakhonsawan,64,0,,2026-08-19,28.18
4921053,0.358875241269919,0.37674880048593473,0.358875241269919,0.4973536942788054,2845.0,466.0,2026-08-18 20:17:46,Wellness Stay & Hotel Sukhumvit 107,64,14,2026-08-18 17:21:38,2026-09-04,29.14
4921054,0.26994890363525986,0.26994890363525986,0.26994890363525986,0.5033823487993799,11.0,11.0,2026-08-18 22:48:21,Baan Ingna Resort Sikhio,8,0,,2026-08-20,21.26
4921058,0.3459700541484304,0.35403519488137186,0.3459700541484304,0.5218047720666916,46.0,15.0,2026-08-18 14:36:30,The Space Hotel Lampang,46,0,,2026-08-21,26.55
4921059,0.3734797778457054,0.39869054370064416,0.3734797778457054,0.508716897204091,459.0,383.0,2026-08-18 23:48:42,Greenplace Sikhio,49,3,2026-08-18 16:35:56,2026-08-18,27.79
4921060,0.28679598196352085,0.28679598196352085,0.28679598196352085,0.5052497273026016,45.0,45.0,2026-08-18 21:16:11,Green View Apartment Sikhio,19,1,2026-08-18 20:47:57,2026-08-18,22.53
4921064,0.38315916504762665,0.3919148667597276,0.38315916504762665,0.5091251824289675,1024.0,561.0,2026-08-18 18:04:18,PT Grand Hotel,34,3,2026-08-18 03:00:10,2026-08-18,27.79
4921067,0.27718763076529623,0.2799487675086177,0.27718763076529623,0.506675611708559,9.0,8.0,2026-08-18 12:51:07,San Sabai Resort,9,0,,2026-08-18,21.67
4921070,0.3297665368245846,0.3297665368245846,0.3297665368245846,0.5347087479076577,8.0,8.0,2026-08-18 14:05:44,Best Western Nada Don Mueang Airport Hotel,8,0,,2026-08-22,24.28
4921083,0.27303137809462047,0.27873818669192907,0.27303137809462047,0.503676801219958,16.0,8.0,2026-08-18 18:04:18,Kanrawee Place Lampang,16,0,,2026-08-19,21.79
4921088,0.3002037451433926,0.3257064776787771,0.3002037451433926,0.509226414453201,87.0,71.0,2026-08-18 18:36:06,Teethan Resort,36,0,,2026-08-18,24.01
4921090,0.36601768527711126,0.3819644011143116,0.36601768527711126,0.5086649646481675,1119.0,388.0,2026-08-18 23:19:38,AT Apartment,50,0,,2026-08-24,27.93
4921092,0.31205717879761574,0.3238713707056149,0.31205717879761574,0.5177297516167153,30.0,22.0,2026-08-18 19:48:47,Yello Block Roi Et,17,0,,2026-08-20,23.69
4921096,0.38029408057703323,0.42713321997954845,0.38029408057703323,0.5077160303332816,3418.0,1864.0,2026-08-18 22:03:44,Suntree Residence Sakon Nakhon,61,5,2026-08-18 15:22:55,2026-08-19,30.4
4921104,0.31622962256858844,0.34874028796709233,0.31622962256858844,0.5074984212618174,64.0,51.0,2026-08-18 23:48:42,Merry Spa and Resort Trang,9,0,,2026-08-19,23.28
4921112,0.3906049289324297,0.4019547138873321,0.3906049289324297,0.5122682059890955,441.0,117.0,2026-08-18 17:34:59,N24 Chonburi,66,4,2026-08-18 07:59:54,2026-08-20,29.36
4921119,0.3922728902443684,0.457313090959507,0.3922728902443684,0.5077592468157992,4205.0,1511.0,2026-08-18 21:03:06,Bongkod Hotel,104,9,2026-08-18 15:22:55,2026-08-22,33.46
4921120,0.3611573023793146,0.3795650723075154,0.3611573023793146,0.5148319403621257,716.0,258.0,2026-08-18 16:35:56,Sananwan Hometel,47,0,,2026-08-25,27.47
4921121,0.3443519516637236,0.4054091074161689,0.3443519516637236,0.5119664108395013,736.0,580.0,2026-08-18 23:48:42,Sleep hotel Chachoengsao,16,1,2026-08-18 23:19:38,2026-08-28,25.24
4921125,0.2752227296644849,0.2838021726413338,0.2752227296644849,0.5070904465008663,3.0,2.0,2026-08-18 00:02:04,Rai chao Aey Chatturat,2,0,,2026-08-17,21.25
4921127,0.372203498531363,0.372203498531363,0.372203498531363,0.5120167560520603,60.0,60.0,2026-08-18 18:36:06,Rungthip Resort,16,1,2026-08-18 18:36:06,2026-08-18,25.95
4921129,0.36935438491135875,0.40731254630051106,0.36935438491135875,0.5126139071033615,169.0,84.0,2026-08-18 23:48:42,Wellington Hotel Prachuapkhirikhan,22,2,2026-08-18 23:48:42,2026-09-05,26.2
4921135,0.44693353191720653,0.4549100893238802,0.44693353191720653,0.5137865460844582,653.0,287.0,2026-08-18 20:47:57,Chanapat Hotel,24,3,2026-08-18 19:05:06,2026-08-21,29.72
4921137,0.31739381017724483,0.31739381017724483,0.31739381017724483,0.508086053636521,45.0,45.0,2026-08-18 12:51:07,Baansuanloongpom Sangkhlaburi,8,0,,2026-08-23,23.28
4921140,0.38445251703437144,0.38445251703437144,0.38445251703437144,0.5161606951274721,56.0,56.0,2026-08-18 10:05:15,Mark and Minnie Bangsaphan Resort,17,1,2026-08-18 01:59:49,2026-08-18,26.57
4921156,0.4172118572254524,0.45612162743802326,0.4172118572254524,0.5185786673162998,317.0,158.0,2026-08-18 20:47:57,Klaang Muang Hotel Rayong,30,2,2026-08-18 19:05:06,2026-08-20,28.72
4921158,0.42559486851958,0.4526662138001276,0.42559486851958,0.5067677952685676,2323.0,540.0,2026-08-18 21:03:06,Glory Boutique Suites,88,14,2026-08-18 19:48:47,2026-08-24,32.86
4921159,0.34711415022550424,0.3670103252340588,0.34711415022550424,0.5098629084228942,108.0,100.0,2026-08-18 23:48:42,Anantaya Chiangmai Boutique Hotel,15,0,,2026-08-19,24.88
4921162,0.30806337963023317,0.30806337963023317,0.30806337963023317,0.5079494472057126,42.0,42.0,2026-08-18 17:21:38,Field Town Apartment,8,0,,2026-08-20,22.9
4921172,0.3528640371460518,0.3611507510269107,0.3528640371460518,0.45543155256675194,1806.0,1545.0,2026-08-18 13:05:37,Fah Prathan Boutique Resort,9,1,2026-08-18 12:36:04,2026-08-20,24.75
4921191,0.3004390324542016,0.3004390324542016,0.3004390324542016,0.5161061549945873,8.0,8.0,2026-08-18 14:05:44,Check-in Resort Chainat,8,0,,2026-08-21,22.74
4921194,0.40529249399730627,0.4402769054229517,0.40529249399730627,0.5105441437760849,3702.0,945.0,2026-08-18 21:16:11,The Neuf Ratchada,116,15,2026-08-18 21:16:11,2026-09-15,34.32
4921226,0.3523619637073491,0.35369673872806695,0.3523619637073491,0.5077462134534223,986.0,557.0,2026-08-18 23:32:45,All Times Hotel,29,1,2026-08-18 12:06:15,2026-08-19,26.26
4921227,0.3960222367022611,0.42729875313997623,0.3960222367022611,0.5104760949737825,421.0,119.0,2026-08-18 12:06:15,The Pillows Boutique Hotel,30,2,2026-08-18 08:15:18,2026-09-01,27.77
4921230,0.3526037757417231,0.3636089006867934,0.3526037757417231,0.512766815586084,116.0,89.0,2026-08-18 12:06:15,A Hotel Cozy,18,0,,2026-08-19,25.31
4921233,0.3328805108769197,0.3328805108769197,0.3328805108769197,0.5055538164075387,1.0,1.0,2026-08-18 00:02:04,Mali House Sakon Nakhon,1,0,,2026-08-18,23.48
4921234,0.3327264770061527,0.3327264770061527,0.3327264770061527,0.5112739959330732,2.0,2.0,2026-08-18 00:02:04,Baan Bussaba Hotel Trang,1,0,,2026-08-19,23.58
4921261,0.2778391702953759,0.2778391702953759,0.2778391702953759,0.5071897945563408,8.0,8.0,2026-08-18 11:35:49,My House Mueang Phrae,8,0,,2026-08-18,21.65
4921274,0.27730626823969307,0.28244237549081913,0.27730626823969307,0.5049713501320263,31.0,24.0,2026-08-18 23:32:45,N&N Resort Nong Bua Lamphu,29,0,,2026-08-19,22.63
4921276,0.3276713840744911,0.3276713840744911,0.3276713840744911,0.506675611708559,18.0,18.0,2026-08-18 15:36:48,Baan Suan Sai Nam Moei,6,0,,2026-08-18,23.54
4921277,0.26277709732403753,0.26277709732403753,0.26277709732403753,0.5065463648790659,8.0,8.0,2026-08-18 13:05:37,Thanawan Resort Wichian Buri Phetchabun,8,0,,2026-08-20,21.04
4921289,0.2971013109550862,0.2971013109550862,0.2971013109550862,0.5194962077391709,1.0,1.0,2026-08-18 00:02:04,Baan Thung Home Stay Surin,1,0,,2026-08-17,22.32
4921302,0.3886517773017823,0.4371560303962826,0.3886517773017823,0.5099150475453901,1246.0,556.0,2026-08-18 20:32:59,SOPISA boutique hotel Ayutthaya,57,2,2026-08-18 16:50:50,2026-08-20,29.28
4921314,0.342496561380774,0.37868193029463965,0.342496561380774,0.5100909449140597,698.0,394.0,2026-08-18 17:49:59,Morocc Hotel Chachoengsao,49,3,2026-08-18 16:35:56,2026-08-19,26.72
4921336,0.4572193927398546,0.4906569854217084,0.4572193927398546,0.5061081051337875,17485.0,3001.0,2026-08-18 23:48:42,Ascott Embassy Sathorn Bangkok,285,30,2026-08-18 22:48:21,2026-08-23,52.85
4921347,0.3863323111022147,0.42614093874157466,0.3863323111022147,0.5099314315276423,277.0,167.0,2026-08-18 23:48:42,S. Sriracha Hotel and Residence,25,4,2026-08-18 21:03:06,2026-08-31,27.04
4921349,0.36432304395016973,0.3671931278870431,0.36432304395016973,0.5104451602076582,1714.0,590.0,2026-08-18 19:05:06,Arthitaya Green Nature Hotel & Lakkhana Poolside Resort,66,12,2026-08-18 17:07:13,2026-09-15,29.04
4921366,0.2777331820601943,0.2777331820601943,0.2777331820601943,0.5049488963641229,6.0,6.0,2026-08-18 15:36:48,Pohsang Maeom Resort,6,0,,2026-08-18,21.51
4921373,0.2808013318926597,0.2808013318926597,0.2808013318926597,0.5083807404766432,8.0,8.0,2026-08-18 10:34:59,Good For You Resort Pak Khat,8,0,,2026-08-18,21.8
4921378,0.30719159774882393,0.32217820666881863,0.30719159774882393,0.5134255484714109,32.0,15.0,2026-08-18 17:21:38,Tonfern Hotel Khonkaen,24,0,,2026-09-07,23.75
4921405,0.27601790321925884,0.27601790321925884,0.27601790321925884,0.5064170150275452,8.0,8.0,2026-08-18 11:04:55,Chokchai Mansion Bang Bua Thong,8,0,,2026-09-07,21.57
4921413,0.320629595606068,0.3289064708400267,0.320629595606068,0.5091001983409469,47.0,39.0,2026-08-18 12:36:04,Nordic Resort & Cafe Sriracha,17,0,,2026-08-18,23.87
4921421,0.3657764338402432,0.41462411597326776,0.3657764338402432,0.512529986884695,470.0,159.0,2026-08-18 23:48:42,Manomon Residence,104,13,2026-08-18 21:16:11,2026-08-20,30.25
4921432,0.3671412775840512,0.37531897477948023,0.3671412775840512,0.51013302863285,29.0,16.0,2026-08-18 20:04:15,T-OneHome,16,0,,2026-08-18,25.69
4921438,0.32506366441222145,0.3651101970040468,0.32506366441222145,0.5087208667405908,165.0,157.0,2026-08-18 22:32:31,V Square Serviced Apartment,16,0,,2026-08-20,24.06
4921450,0.4550078525098099,0.4623550272597654,0.4550078525098099,0.5146245567610392,967.0,499.0,2026-08-18 01:59:49,Phuket Emerald Beach Resort,16,1,2026-08-18 00:32:16,2026-09-01,29.86
4921453,0.3433890596837005,0.3665943790499102,0.3433890596837005,0.5412543368195977,10.0,8.0,2026-08-18 13:05:37,Goodday Hotel Khon Kaen,9,0,,2026-08-21,25.01
4921456,0.2875008249636807,0.3123527203721093,0.2875008249636807,0.5065285422177264,82.0,31.0,2026-08-18 15:22:55,The Betel Hotel Trat,60,2,2026-08-18 14:36:30,2026-08-18,24.61
4921766,0.3335349925612884,0.3335349925612884,0.3335349925612884,0.5112936109576902,28.0,28.0,2026-08-18 11:04:55,Chanthana Boutique Hotel,8,0,,2026-08-18,23.98
4921910,0.3494639451678838,0.35382582128586265,0.3494639451678838,0.50864409830547,281.0,109.0,2026-08-18 22:03:44,Impact Challenger Muang Thong Thani Apartment,24,0,,2026-08-22,25.49
4921964,0.37051658776804824,0.39170985480627085,0.37051658776804824,0.5087547477625447,133.0,97.0,2026-08-18 17:21:38,Khaohom Resort,17,0,,2026-08-20,25.91
4922295,0.4318037854384895,0.4755109563408621,0.4318037854384895,0.5105777794371148,1453.0,532.0,2026-08-18 19:20:48,Sealight Hotel Songkhla,39,7,2026-08-18 19:20:48,2026-08-22,30.26
4922299,0.3067176924536454,0.3079469542336312,0.3067176924536454,0.5180079700478128,16.0,8.0,2026-08-18 17:34:59,Shinjo Grand Boutique,16,0,,2026-09-03,23.42
4922505,0.32100454309159254,0.32100454309159254,0.32100454309159254,0.5283793503701132,8.0,8.0,2026-08-18 17:21:38,Mymemory Mueang Loei,8,0,,2026-08-18,23.8
4922548,0.33260012597423555,0.33260012597423555,0.33260012597423555,0.5097713364713853,31.0,31.0,2026-08-18 23:48:42,Sena House Lamlukka Klong2,8,1,2026-08-18 22:03:44,2026-08-19,23.91
4922552,0.32410629943137503,0.33122266653678095,0.32410629943137503,0.5116798898359715,40.0,29.0,2026-08-18 23:03:17,YSW Hotel,24,1,2026-08-18 21:16:11,2026-08-20,24.4
4922557,0.40088140077854917,0.40088140077854917,0.40088140077854917,0.51791270388244,46.0,46.0,2026-08-18 06:44:16,Ramada Graand Swiss Sukhumvit 11,8,2,2026-08-18 06:44:16,2026-09-07,26.81
4922559,0.34440522173925475,0.3498229711707524,0.34440522173925475,0.5115708899540008,73.0,64.0,2026-08-18 23:48:42,Korner Grand Hotel,26,0,,2026-08-18,25.32
4922560,0.32159029309220494,0.38862272773893525,0.32159029309220494,0.518987026204405,127.0,65.0,2026-08-18 19:48:47,Geen Hotel Chonburi,72,2,2026-08-18 18:36:06,2026-08-18,26.84
4922564,0.2874296946541133,0.3072948357979096,0.2874296946541133,0.511818594949156,21.0,8.0,2026-08-18 22:32:31,Tha Phon Residence,21,0,,2026-09-14,22.77
4922577,0.2752817339814019,0.3031504003927953,0.2752817339814019,0.5062260321151174,101.0,21.0,2026-08-18 18:49:55,Sherlyn Hotel&Cafe,95,1,2026-08-18 16:35:56,2026-08-18,25.84
4922578,0.33850115504996553,0.3454139746768083,0.33850115504996553,0.5062838335722317,216.0,142.0,2026-08-18 20:32:59,Red Heritage Hotel,27,2,2026-08-18 14:49:01,2026-08-18,25.12
4922581,0.29273302088519443,0.29273302088519443,0.29273302088519443,0.5035264463492418,8.0,8.0,2026-08-18 14:05:44,Montara Resort Korat,8,0,,2026-08-18,22.18
4922596,0.42957981919848703,0.45809665046317943,0.42957981919848703,0.5102933627934972,930.0,258.0,2026-08-18 15:36:48,Spark Hotel - MRT Queen Sirikit,26,3,2026-08-18 13:51:17,2026-08-21,29.22
4922630,0.2831836374269384,0.2831836374269384,0.2831836374269384,0.5001733393213025,7.0,7.0,2026-08-18 16:21:17,Baan Khun Yai Wianghaeng,7,1,2026-08-18 15:22:55,2026-08-18,21.68
4922632,0.28645394688447007,0.30088448251993766,0.28645394688447007,0.5091091638594898,26.0,12.0,2026-08-18 23:48:42,Phetkham Resort,21,0,,2026-08-20,22.68
4922648,0.43871276843512763,0.43871276843512763,0.43871276843512763,0.5196348452047796,38.0,38.0,2026-08-18 19:20:48,Sumran Resort Dan Khun Thot,10,2,2026-08-18 19:20:48,2026-08-19,28.45
4922657,0.3350785176358949,0.3350785176358949,0.3350785176358949,0.5017188825310074,90.0,90.0,2026-08-18 23:48:42,City Room Terminal 10,5,1,2026-08-18 23:48:42,2026-08-20,23.74
4922660,0.3210998124944302,0.3210998124944302,0.3210998124944302,0.5274556663088071,7.0,7.0,2026-08-18 23:48:42,EXII Hotel,7,0,,2026-08-20,23.74
4922677,0.39020177453697624,0.39020177453697624,0.39020177453697624,0.5122825453955298,30.0,30.0,2026-08-18 13:37:28,Baan Ploen Hotel,8,0,,2026-08-27,26.26
4922681,0.3762851613298094,0.3917135001197523,0.3762851613298094,0.5094572376849887,1279.0,280.0,2026-08-18 20:32:59,Ezy Inn,139,8,2026-08-18 16:06:39,2026-08-20,32.81
4922687,0.3924487686668354,0.47972002173946743,0.3924487686668354,0.5123912839125985,716.0,306.0,2026-08-18 23:48:42,We Resident Hotel,45,2,2026-08-18 22:32:31,2026-08-19,28.58
4922688,0.3458887601362689,0.3730474538184793,0.3458887601362689,0.5134343824648409,86.0,39.0,2026-08-18 23:48:42,iCheck inn Darisa Ngamwongwan,8,0,,2026-09-02,24.55
4922699,0.33743967761566684,0.344947331445004,0.33743967761566684,0.5084813961252581,461.0,27.0,2026-08-18 13:22:18,Inbhirom Resort,200,0,,2026-08-23,33.72
4922712,0.42288411364284934,0.42288411364284934,0.42288411364284934,0.510823281023949,117.0,117.0,2026-08-18 23:03:17,One Chumphon Hotel,8,1,2026-08-18 21:16:11,2026-08-20,27.59
4922714,0.31845760663141437,0.31845760663141437,0.31845760663141437,0.5068013418188552,18.0,18.0,2026-08-18 16:06:39,Anya Resort Charoensin,9,0,,2026-08-18,23.33
4922716,0.4286878579553637,0.4286878579553637,0.4286878579553637,0.5121544130833339,135.0,135.0,2026-08-18 19:48:47,The Peach Hotel Phetchaburi,17,5,2026-08-18 19:34:59,2026-08-19,28.3
4922732,0.2972816791118047,0.2972816791118047,0.2972816791118047,0.5114373106775681,16.0,16.0,2026-08-18 18:49:55,The Home Khao Luang,10,0,,2026-08-18,22.62
4922733,0.33929522597422546,0.33994229998009967,0.33929522597422546,0.5397918747768322,14.0,7.0,2026-08-18 14:05:44,Blue Hippo Hotel,14,0,,2026-08-28,25.06
4922746,0.30008301246576335,0.3029444310728427,0.30008301246576335,0.5080550311205062,149.0,57.0,2026-08-18 01:59:49,Aleena Apartment,24,0,,2026-08-20,23.43
4922753,0.28832630600681874,0.28832630600681874,0.28832630600681874,0.5078642740362835,4.0,4.0,2026-08-18 00:47:09,16 Singha Resort,4,0,,2026-08-22,21.89
4922756,0.35066750744362996,0.37419339425494547,0.35066750744362996,0.510368832637172,213.0,107.0,2026-08-18 21:03:06,Fin Rim Nan Homestay,18,0,,2026-09-07,25.24
4922757,0.35248295017489956,0.4260102929925721,0.35248295017489956,0.5108836296758678,991.0,308.0,2026-08-18 16:50:50,D-2 Home Chanthaburi,74,8,2026-08-18 16:50:50,2026-08-20,28.53
4922771,0.3873129200033462,0.43063962918388243,0.3873129200033462,0.5123694894124217,323.0,112.0,2026-08-18 23:48:42,The Lodge @ Min Residence,36,4,2026-08-18 23:19:38,2026-08-20,27.69
4922774,0.4267394755910636,0.4267394755910636,0.4267394755910636,0.5084318830057738,5.0,5.0,2026-08-18 23:48:42,The Bloc @ Sea Hotel,1,1,2026-08-18 23:48:42,2026-08-22,27.29
4922778,0.374890357938759,0.37573294754486763,0.374890357938759,0.5089755869369419,1796.0,477.0,2026-08-18 01:59:49,Hotel Midtown Ratsada,32,4,2026-08-18 01:59:49,2026-09-02,27.82
4922780,0.2695218772604296,0.27527905840601685,0.2695218772604296,0.507243987964587,24.0,8.0,2026-08-18 12:21:35,Baan Chang Resort Rayong,24,0,,2026-08-23,22.11
4924338,0.4390365724437981,0.4593055604940365,0.4390365724437981,0.5144468837134735,577.0,344.0,2026-08-18 18:49:55,Get Sleep @Tha Sala,16,2,2026-08-18 17:07:13,2026-09-01,28.98
4926749,0.3457506998349601,0.3747820059676055,0.3457506998349601,0.5096005377751415,155.0,146.0,2026-08-18 12:36:04,Nest n Rest Hotel,16,0,,2026-08-19,24.9
4931455,0.40343890156975054,0.45309064348440736,0.40343890156975054,0.5115039203400047,1294.0,771.0,2026-08-18 22:17:43,HT9 Hotel,43,3,2026-08-18 12:51:07,2026-09-07,29.25
4932284,0.2976922011282641,0.3066900527885017,0.2976922011282641,0.5096325531533901,49.0,41.0,2026-08-18 18:49:55,Alto Hotel M - Maesot,17,0,,2026-08-28,22.96
4932291,0.42301313547865005,0.4771349298982816,0.42301313547865005,0.5097989937090649,3136.0,959.0,2026-08-18 20:17:46,Cozy Blu Suvarnabhumi,51,5,2026-08-18 18:36:06,2026-08-26,31.49
4932292,0.40733585856830457,0.44107519943518814,0.40733585856830457,0.5077015703141299,4091.0,897.0,2026-08-18 19:20:48,The Bed's 304,155,12,2026-08-18 18:36:06,2026-08-20,36.48
4932332,0.3769849811232964,0.3857036838228871,0.3769849811232964,0.5081795036726843,429.0,109.0,2026-08-18 20:04:15,S Club & Hotel,34,3,2026-08-18 18:36:06,2026-08-18,27.16
4932338,0.32308777567262237,0.32308777567262237,0.32308777567262237,0.515323481537531,40.0,40.0,2026-08-18 18:49:55,Wangkaew Hotel Phitsanulok,15,0,,2026-08-18,23.99
4932360,0.3416179002911484,0.3416179002911484,0.3416179002911484,0.5172973527464905,16.0,8.0,2026-08-18 23:19:38,IKKYU2 Angthong,16,0,,2026-08-20,24.8
4932516,0.30596027789305064,0.3253123771291517,0.30596027789305064,0.5198325870308844,32.0,16.0,2026-08-18 23:48:42,Riva Vista Riverfront Resort Chiangrai,32,0,,2026-08-18,24.22
4932614,0.34740315603559413,0.39871304684444486,0.34740315603559413,0.5091208366820175,694.0,179.0,2026-08-18 21:31:44,Novotel Rayong Star Convention Centre,70,3,2026-08-18 18:49:55,2026-08-28,27.92
4932734,0.2820905947992512,0.2820905947992512,0.2820905947992512,0.5080841313096138,51.0,17.0,2026-08-18 23:48:42,Villa Mahaphrom Hotel,33,0,,2026-09-09,23.09
4932854,0.37580579968685424,0.44089542096306045,0.37580579968685424,0.5111651531570491,490.0,233.0,2026-08-18 23:48:42,HOMA Si Racha,78,5,2026-08-18 13:22:18,2026-09-07,29.36
4932864,0.30850856150822425,0.30850856150822425,0.30850856150822425,0.5081126228320737,15.0,15.0,2026-08-18 17:07:13,The Nine Bed & Restaurant,15,1,2026-08-18 13:22:18,2026-08-18,23.25
4932887,0.3246289548588778,0.3246289548588778,0.3246289548588778,0.5109530346730903,18.0,18.0,2026-08-18 10:48:41,Raisubsomboon Resort,8,0,,2026-09-01,23.61
4932892,0.3361365466863851,0.34622901444901566,0.3361365466863851,0.508241086938169,40.0,10.0,2026-08-18 23:48:42,Hotel Wizpark Ratchada,16,0,,2026-09-06,24.42
4932895,0.3678854797141749,0.3925300058750851,0.3678854797141749,0.5119752319706099,576.0,499.0,2026-08-18 20:32:59,Kritsada mansion Hatyai,57,6,2026-08-18 20:32:59,2026-08-19,28.09
4932970,0.3182808290459571,0.32081124195198946,0.3182808290459571,0.5246883978170496,15.0,8.0,2026-08-18 14:49:01,Morning Home,15,0,,2026-08-18,23.97
4933114,0.32778341004419953,0.32778341004419953,0.32778341004419953,0.5082407564349731,16.0,16.0,2026-08-18 17:21:38,De Botan Bangna,8,0,,2026-08-18,23.68
4933118,0.3564181156113323,0.404183028577765,0.3564181156113323,0.5109909083636389,282.0,68.0,2026-08-18 23:19:38,Marble Arch De Loei Hotel,56,3,2026-08-18 22:48:21,2026-08-21,27.38
4933126,0.3365930857805679,0.3365930857805679,0.3365930857805679,0.5088292166881357,174.0,174.0,2026-08-18 22:32:31,THE NINE PLACE Chaeng Sanit,30,1,2026-08-18 00:32:16,2026-08-18,25.21
4933137,0.29649316885657245,0.29649316885657245,0.29649316885657245,0.5100099191349747,8.0,8.0,2026-08-18 17:49:59,Cho Ying Charoen Resort 2,8,0,,2026-08-18,22.46
4933170,0.39115473010676016,0.44854014792983654,0.39115473010676016,0.5127123676723221,1255.0,923.0,2026-08-18 23:48:42,C Hotel Bangna,76,3,2026-08-18 19:20:48,2026-09-07,30.37
4933204,0.4014695511087746,0.4512738212195776,0.4014695511087746,0.5114324022125388,5293.0,612.0,2026-08-18 23:48:42,The Spring Srinakarin Hotel,137,8,2026-08-18 23:48:42,2026-08-20,36.17
4933366,0.37884320967808877,0.39638381948590523,0.37884320967808877,0.5111527010580731,1190.0,1046.0,2026-08-18 20:04:15,Ruen Khunlek Kansinee,60,9,2026-08-18 19:20:48,2026-08-20,29.03
4933460,0.31770982129525055,0.31770982129525055,0.31770982129525055,0.5173332540091775,7.0,7.0,2026-08-18 16:21:17,Aownoi Bay Resort,7,0,,2026-08-18,23.4
4933493,0.3864745969351108,0.410309847480491,0.3864745969351108,0.5131686846390258,838.0,318.0,2026-08-18 20:47:57,BlueTel Re'sidencE Bangkok IMPACT,43,6,2026-08-18 20:32:59,2026-08-20,28.33
4933531,0.29008076559748736,0.29008076559748736,0.29008076559748736,0.5069256461694271,8.0,8.0,2026-08-18 17:21:38,The One House,8,0,,2026-08-18,22.14
4933918,0.3865167235868821,0.3901060489210612,0.3865167235868821,0.5063356489004409,648.0,283.0,2026-08-18 19:20:48,Loft 202 Hotel,24,0,,2026-08-21,27.15
4934069,0.4076917742946676,0.41484407953852626,0.4076917742946676,0.5087997457975478,315.0,133.0,2026-08-18 23:48:42,Payaa Hotel,46,10,2026-08-18 19:20:48,2026-08-18,28.92
4934076,0.3672063071435922,0.3672063071435922,0.3672063071435922,0.5090957933966157,36.0,36.0,2026-08-18 17:49:59,Navasiriplace,8,0,,2026-08-21,25.28
4934085,0.38257111656391934,0.3865919179949161,0.38257111656391934,0.505800980991454,204.0,82.0,2026-08-18 20:04:15,La Pino Hotel,24,1,2026-08-18 19:48:47,2026-08-29,26.71
4934152,0.40028280827290763,0.43044829302740995,0.40028280827290763,0.5190531054340244,324.0,154.0,2026-08-18 23:48:42,Is Am Are Stay Boutique,29,1,2026-08-18 09:47:39,2026-08-23,28.01
4934260,0.38529787922288367,0.385903386655677,0.38529787922288367,0.5130803122059305,737.0,376.0,2026-08-18 17:49:59,Icare Residence & Hotel,16,0,,2026-09-03,26.9
4934654,0.31351003006692213,0.31351003006692213,0.31351003006692213,0.5081774949465947,36.0,36.0,2026-08-18 10:48:41,Sabaidee Resort Satun,8,0,,2026-08-29,23.12
4934694,0.3711059092617147,0.3711059092617147,0.3711059092617147,0.5116866055449435,16.0,16.0,2026-08-18 12:21:35,Wattanawan Hotel,8,1,2026-08-18 12:21:35,2026-08-18,25.48
4934772,0.3243787730371606,0.3277730200206925,0.3243787730371606,0.5132288000261428,26.0,9.0,2026-08-18 18:04:18,Siam One Nine Hotel,24,0,,2026-08-20,24.43
4935230,0.3542935909376818,0.36450324458830924,0.3542935909376818,0.5153874196216562,70.0,30.0,2026-08-18 23:48:42,Banponginn Hotel,40,2,2026-08-18 13:22:18,2026-08-20,26.48
4935433,0.3578856536982195,0.3720316165485499,0.3578856536982195,0.5178287157703192,445.0,145.0,2026-08-18 17:49:59,The Wish Hotel,47,0,,2026-08-19,27.24
4935440,0.421097748232494,0.4299881041723924,0.421097748232494,0.5069653879093547,262.0,89.0,2026-08-18 23:48:42,Holiday Inn Express & Suites Bangkok Central Pier,30,4,2026-08-18 12:51:07,2026-08-25,28.61
4935444,0.295067069634008,0.30899641528124383,0.295067069634008,0.511107984875288,14.0,8.0,2026-08-18 20:32:59,888 Resort,14,0,,2026-08-18,22.72
4935461,0.33943476768057973,0.34230869849538687,0.33943476768057973,0.5119770398173762,63.0,57.0,2026-08-18 12:36:04,Pae Por Piang,9,0,,2026-08-21,24.29
4935476,0.3731815449373691,0.38137246269010816,0.3731815449373691,0.525550676663262,1256.0,288.0,2026-08-18 14:49:01,Bluegelato House & Hostel,35,0,,2026-08-20,27.9
4935487,0.31805837526406344,0.31805837526406344,0.31805837526406344,0.5263419297939546,8.0,8.0,2026-08-18 18:20:34,BureeSateng Hotel,8,0,,2026-08-18,23.65
4935523,0.2997559799262029,0.2997559799262029,0.2997559799262029,0.5057896926951101,4.0,4.0,2026-08-18 00:02:04,Lithai Guest House Phitsanulok Hotel,1,0,,2026-09-07,22.16
4935981,0.42474127773613285,0.48884802308268044,0.42474127773613285,0.5180081281203713,3238.0,923.0,2026-08-18 20:32:59,BB House & Resort Khon Kaen,69,8,2026-08-18 18:49:55,2026-08-22,32.67
4936033,0.34204336551364056,0.3471354445312031,0.34204336551364056,0.5080714798233152,133.0,82.0,2026-08-18 21:31:44,Kireeya Villa,17,0,,2026-08-21,24.75
4936076,0.3348678450486391,0.38371143173897104,0.3348678450486391,0.5078044327777477,344.0,259.0,2026-08-18 23:48:42,Matini Premium @ Klong 1,21,0,,2026-08-23,24.78
4936239,0.3881748459158171,0.4087600664837263,0.3881748459158171,0.5122312263323465,139.0,71.0,2026-08-18 12:36:04,Kittrongvill Resort,24,1,2026-08-18 11:20:03,2026-08-18,27.03
4936361,0.3989812380994394,0.3989812380994394,0.3989812380994394,0.5128980823218613,115.0,115.0,2026-08-18 19:20:48,Barista Hotel Uttaradit,24,1,2026-08-18 10:05:15,2026-08-18,27.46
4936660,0.38718515132674325,0.43236321651032716,0.38718515132674325,0.5127147325389171,511.0,238.0,2026-08-18 18:36:06,Chor Grande Resort,52,4,2026-08-18 17:21:38,2026-08-19,28.59
4936661,0.28371871047844544,0.28371871047844544,0.28371871047844544,0.5055085273241408,26.0,26.0,2026-08-18 12:06:15,Smile Resort Mukdahan,8,0,,2026-08-18,21.87
4936663,0.2744264940219748,0.2744264940219748,0.2744264940219748,0.506675611708559,19.0,8.0,2026-08-18 15:36:48,Kratae Resort,19,0,,2026-08-25,22.05
4937179,0.38888664788240807,0.3896123119536979,0.38888664788240807,0.5144965745933885,559.0,191.0,2026-08-18 19:48:47,One Budget Hotel Chiangrai Phahonyothin,96,16,2026-08-18 19:34:59,2026-08-25,30.88
4937186,0.29203895664004387,0.2966199176544938,0.29203895664004387,0.5072340668578784,56.0,24.0,2026-08-18 23:32:45,Kinbox Estate,24,0,,2026-09-08,23.03
4937187,0.3473709528173084,0.3473709528173084,0.3473709528173084,0.5133732443957991,8.0,8.0,2026-08-18 18:20:34,Pillow Inn Phayao,8,0,,2026-08-18,24.56
4939979,0.37478789088093023,0.37878757570612437,0.37478789088093023,0.5072889931825277,545.0,299.0,2026-08-18 18:49:55,Khampu Resident,24,2,2026-08-18 09:18:13,2026-08-18,26.64
4940141,0.32606753644588105,0.32606753644588105,0.32606753644588105,0.5077487249243162,29.0,29.0,2026-08-18 12:21:35,Aivarata Resort,8,0,,2026-08-18,23.61
4942047,0.36224147961470876,0.37232227713208155,0.36224147961470876,0.5095317820595142,1205.0,1121.0,2026-08-18 16:35:56,The 29 Place,15,2,2026-08-18 11:35:49,2026-08-26,26.14
4943052,0.40229507816630256,0.42701356846971505,0.40229507816630256,0.5123601244046669,150.0,91.0,2026-08-18 00:47:09,Nak Suban Place,8,1,2026-08-18 00:47:09,2026-08-19,26.82
4945677,0.4455785514367148,0.46104895928936857,0.4455785514367148,0.5124278962175162,387.0,205.0,2026-08-18 13:22:18,SC Saiwatana,16,2,2026-08-18 11:35:49,2026-08-21,29.09
4948369,0.2994157121878586,0.2994157121878586,0.2994157121878586,0.5060572817743004,13.0,13.0,2026-08-18 16:06:39,Nara Pattra Hotel,6,0,,2026-08-22,22.4
4948519,0.383628855284577,0.3952883097181785,0.383628855284577,0.5138309987614917,65.0,45.0,2026-08-18 22:32:31,AVA Hotel,16,0,,2026-09-05,26.44
4948522,0.3180698513406782,0.35520403937708755,0.3180698513406782,0.5083801794549329,322.0,310.0,2026-08-18 10:19:49,NY Place Hotel,15,0,,2026-08-18,23.82
4948523,0.3121476083504949,0.34996679129876807,0.3121476083504949,0.5080848612501995,24.0,8.0,2026-08-18 20:17:46,Watthanasup Park,24,0,,2026-08-21,23.84
4948527,0.3146887217898717,0.3146887217898717,0.3146887217898717,0.5041345052496254,8.0,8.0,2026-08-18 18:04:18,Curfew Boutique Hotel,8,1,2026-08-18 17:49:59,2026-08-18,23.07
4948529,0.3089246653372768,0.3434228366525789,0.3089246653372768,0.5074484829959736,74.0,66.0,2026-08-18 23:19:38,The Like hotel,16,0,,2026-08-22,23.33
4948530,0.36041959060792944,0.3862176183294175,0.36041959060792944,0.5141671703629157,184.0,112.0,2026-08-18 18:20:34,Happy House Resort Chumphon,29,2,2026-08-18 17:49:59,2026-08-18,26.23
4948532,0.3329468220247396,0.3353799981033433,0.3329468220247396,0.5119308802687303,55.0,43.0,2026-08-18 21:31:44,Baankanghan Resort Klaeng,24,0,,2026-08-19,24.76
4948547,0.35883830855089854,0.38218116833165394,0.35883830855089854,0.5131573926553996,25.0,18.0,2026-08-18 16:50:50,Setthakitdee Resort,14,0,,2026-08-19,25.32
4948548,0.3624053736009387,0.3624053736009387,0.3624053736009387,0.5110516318334554,178.0,178.0,2026-08-18 11:04:55,Rest 24 Serviced Residence,8,0,,2026-08-18,25.22
4948549,0.323991029834393,0.3518082771130338,0.323991029834393,0.5054420165766811,23.0,16.0,2026-08-18 20:04:15,Torsaeng Garden Phitsanulok,15,0,,2026-08-19,23.82
4948550,0.4413516787690852,0.48114299403821964,0.4413516787690852,0.51789389397254,282.0,78.0,2026-08-18 23:03:17,JIA HAUS Hotel Apartment,68,8,2026-08-18 22:48:21,2026-08-19,31.51
4950119,0.3263477566580027,0.3263477566580027,0.3263477566580027,0.5054603201936029,7.0,7.0,2026-08-18 14:36:30,Phetkham Resort Bangsawan,7,0,,2026-08-18,23.51
4952916,0.29817872990826416,0.3442554444415401,0.29817872990826416,0.5080638199140544,172.0,32.0,2026-08-18 15:22:55,Siri Nakhon Mansion,94,0,,2026-09-08,26.79
4952918,0.30945366400580215,0.30945366400580215,0.30945366400580215,0.517853820669976,6.0,3.0,2026-08-18 00:32:16,SNOW HOUSE Buriram,6,0,,2026-08-29,23.03
4952921,0.26839086648731936,0.286939086707351,0.26839086648731936,0.5071541174512763,27.0,8.0,2026-08-18 23:48:42,Baan Ar-kong Pakchong,27,0,,2026-08-22,22.22
4952925,0.3412744618158639,0.3412744618158639,0.3412744618158639,0.5098625996894829,290.0,290.0,2026-08-18 18:20:34,Lamae Hotel,9,0,,2026-08-25,24.46
4952929,0.3072759975593476,0.3072759975593476,0.3072759975593476,0.5093576453056033,22.0,22.0,2026-08-18 18:20:34,Sakkanit Chai Lay Thung Noi Resort,8,0,,2026-08-18,22.88
4952933,0.38674228433338625,0.38674228433338625,0.38674228433338625,0.5161914935139941,21.0,21.0,2026-08-18 16:21:17,Mayflower Grande Suite Hotel Phitsanulok (Building2),7,0,,2026-08-18,26.15
4952935,0.2822319800797103,0.28702361553535227,0.2822319800797103,0.5074686696736632,29.0,16.0,2026-08-18 17:49:59,SB Residence Hotel Lom Sak,22,0,,2026-09-07,22.53
4962747,0.2898463201819603,0.2975469878948593,0.2898463201819603,0.5081748889352102,48.0,32.0,2026-08-18 22:03:44,Yes No Hotel,25,0,,2026-08-19,23.01
4968455,0.3738739100963348,0.4061349630608624,0.3738739100963348,0.5086827915324201,544.0,174.0,2026-08-18 23:48:42,Sibtis Hotel,43,4,2026-08-18 23:19:38,2026-08-21,27.56
4968465,0.32015578387577964,0.32015578387577964,0.32015578387577964,0.5180082427440365,9.0,9.0,2026-08-18 11:20:03,COZY SHIROI RESORT,8,0,,2026-08-18,23.56
4968469,0.30261582770955914,0.3052320141665542,0.30261582770955914,0.5062448537155035,62.0,32.0,2026-08-18 21:48:45,Chaba resort pattaya,25,2,2026-08-18 21:03:06,2026-08-18,23.49
4968476,0.361710611908357,0.361710611908357,0.361710611908357,0.5167816374133885,52.0,52.0,2026-08-18 00:02:04,Nasan Valley Resort,1,0,,2026-08-17,24.88
4973304,0.276160345262186,0.276160345262186,0.276160345262186,0.5062290971148435,7.0,7.0,2026-08-18 14:49:01,AS Home Resort Lop Buri,7,0,,2026-08-19,21.52
4973306,0.27869956917541217,0.27869956917541217,0.27869956917541217,0.5067549501074973,8.0,8.0,2026-08-18 22:17:43,SP Resort,8,0,,2026-08-19,21.68
4973312,0.28352014698606226,0.2880738324993126,0.28352014698606226,0.5062060051296104,47.0,29.0,2026-08-18 23:32:45,Paradise Hotel,16,0,,2026-08-19,22.28
4973313,0.32551932869367856,0.32551932869367856,0.32551932869367856,0.5116463291324012,24.0,24.0,2026-08-18 12:51:07,Punn Hotel Korat,9,0,,2026-08-18,23.71
4973316,0.3334414085274298,0.3334414085274298,0.3334414085274298,0.506675611708559,8.0,8.0,2026-08-18 21:03:06,Pornpit Resort & Hotel,8,0,,2026-08-18,23.87
4973324,0.37311788553763797,0.40340263163666235,0.37311788553763797,0.5094661705989902,414.0,358.0,2026-08-18 23:48:42,Mountain & Sea Hotel Prachuap,27,2,2026-08-18 19:20:48,2026-08-20,26.68
4977974,0.38283434097373653,0.42070751458546074,0.38283434097373653,0.5117528821321288,204.0,105.0,2026-08-18 15:51:26,Holiday Inn Express Rayong Map Ta Phut,24,2,2026-08-18 14:05:44,2026-08-22,26.84
4977982,0.2906324055380989,0.30683831705422293,0.2906324055380989,0.5055575599929936,62.0,55.0,2026-08-18 23:19:38,Rata Resort,39,1,2026-08-18 22:17:43,2026-08-18,23.68
4977985,0.34294195690165974,0.3502442689894049,0.34294195690165974,0.5090906452084483,43.0,29.0,2026-08-18 00:32:16,The Square Hotel Nakhon Phanom,6,0,,2026-08-19,24.22
4977986,0.3970657688732368,0.41128311825019515,0.3970657688732368,0.5052257861964635,3877.0,972.0,2026-08-18 22:48:21,Tinidee Trendy Bangkok Khaosan,32,6,2026-08-18 22:32:31,2026-09-08,29.88
4980623,0.36897690361343155,0.36897690361343155,0.36897690361343155,0.5004155521933232,37.0,37.0,2026-08-18 17:21:38,Kimcan Cottage,8,1,2026-08-18 16:35:56,2026-08-25,25.18
4981644,0.29343593390504175,0.29343593390504175,0.29343593390504175,0.5130108930953172,8.0,8.0,2026-08-18 11:50:18,Baan BaiMai Saraburi,8,0,,2026-08-27,22.39
4988854,0.355930632785497,0.38477377584243155,0.355930632785497,0.5090346968565043,250.0,187.0,2026-08-18 23:48:42,PLAAI Plus Hotel Bowin,19,1,2026-08-18 23:48:42,2026-08-19,25.5
4988855,0.31887119734582114,0.3442091947978074,0.31887119734582114,0.5089998866787571,141.0,40.0,2026-08-18 20:17:46,U Sabai Hotel and Residence Mahachai,36,0,,2026-08-21,24.78
4996595,0.2986203783818057,0.30224063074039786,0.2986203783818057,0.5076975099606306,32.0,16.0,2026-08-18 23:03:17,Baan BaiBau Saraburi,16,0,,2026-08-27,22.9
4996596,0.36203577285028365,0.3645096326933837,0.36203577285028365,0.5083989192360542,104.0,54.0,2026-08-18 17:07:13,Baan Mai Spaghetti,16,0,,2026-08-20,25.49
4996599,0.3001339678732763,0.3001339678732763,0.3001339678732763,0.5094027382635772,12.0,12.0,2026-08-18 12:36:04,Lalynn Resort,8,0,,2026-08-18,22.59
4996601,0.2969882171289047,0.30056028437904736,0.2969882171289047,0.5126469850404678,16.0,8.0,2026-08-18 19:20:48,Soontaree Apartment Sakon Nakhon,16,0,,2026-08-19,22.92
5002707,0.3192912167081865,0.3192912167081865,0.3192912167081865,0.5146736801172022,25.0,25.0,2026-08-18 12:06:15,Ruenkumsub Hotel,8,0,,2026-08-27,23.47
5004716,0.3293834223145275,0.34792848519286973,0.3293834223145275,0.5094934197413701,263.0,143.0,2026-08-18 23:48:42,Urbana House Samut Songkhram,88,5,2026-08-18 23:48:42,2026-08-18,27.83
5004717,0.35106755257089456,0.3554571968339918,0.35106755257089456,0.5238020280475019,91.0,45.0,2026-08-18 16:50:50,Mybed Gold Chonburi,22,0,,2026-08-19,25.65
5012125,0.2855013959984876,0.2855013959984876,0.2855013959984876,0.5099976613539601,6.0,6.0,2026-08-18 16:06:39,Prince Resort Phichit,6,0,,2026-08-18,21.92
5012128,0.29805013449294016,0.3023138356682624,0.29805013449294016,0.5103461201918895,24.0,16.0,2026-08-18 17:34:59,Click Resort Bangsaphan,16,0,,2026-08-19,22.93
5012131,0.293520496223052,0.300716659481451,0.293520496223052,0.5055732770703121,54.0,16.0,2026-08-18 23:48:42,NoahInn Ekachai,26,0,,2026-08-21,23.16
5012133,0.2855567317276513,0.3298293021523672,0.2855567317276513,0.5076025784257717,161.0,23.0,2026-08-18 19:48:47,Noah Garden Resort,96,0,,2026-08-18,26.37
5012139,0.33036283966517555,0.33036283966517555,0.33036283966517555,0.5071897945563408,8.0,8.0,2026-08-18 18:49:55,CNP House Sisaket,8,0,,2026-08-18,23.75
5012144,0.3859636376827705,0.3859636376827705,0.3859636376827705,0.5146487905372837,48.0,48.0,2026-08-18 11:35:49,Baanpak Reun Mai Horm Sadao,9,0,,2026-08-21,26.2
5015298,0.3311190936819682,0.34804616416197015,0.3311190936819682,0.5079762365755818,535.0,289.0,2026-08-18 17:34:59,Whitebeach Resort,43,2,2026-08-18 00:32:16,2026-08-18,25.83
5021799,0.359774951068693,0.39690042046395513,0.359774951068693,0.5098455210428302,1373.0,248.0,2026-08-18 23:48:42,The Brillianest Gallery Hotel Hatyai,148,5,2026-08-18 23:32:45,2026-09-01,32.65
5021812,0.3318748946013136,0.3930716606127534,0.3318748946013136,0.5075704754430647,204.0,105.0,2026-08-18 19:05:06,MAA KORAT HOTEL,56,3,2026-08-18 17:21:38,2026-08-18,26.29
5031958,0.2836869720286316,0.2836869720286316,0.2836869720286316,0.5088425181527203,15.0,15.0,2026-08-18 17:21:38,PP Plus Apartment,9,0,,2026-08-20,21.97
5031959,0.381565120733443,0.42558401960337683,0.381565120733443,0.5077739064923439,2049.0,535.0,2026-08-18 23:03:17,Aramis Hotel Kamphaengphet,95,13,2026-08-18 19:05:06,2026-08-25,31.29
5039120,0.2927221942972969,0.2927221942972969,0.2927221942972969,0.509648038290176,16.0,16.0,2026-08-18 14:05:44,Around Loei,8,0,,2026-08-18,22.3
5039123,0.3640248315749127,0.4437591459919781,0.3640248315749127,0.5094441593724125,485.0,327.0,2026-08-18 23:48:42,Athena Glamping Khaoyai,26,3,2026-08-18 16:21:17,2026-08-23,26.31
5049469,0.3169894501846192,0.3334414085274298,0.3169894501846192,0.5068237751227727,44.0,15.0,2026-08-18 17:49:59,Baan Pak Ruean Pathom2,44,0,,2026-08-22,24.99
5059984,0.2750983928130136,0.2762878654107875,0.2750983928130136,0.5064730589888193,24.0,16.0,2026-08-18 22:03:44,Erawan Siripan Hotel Loei,24,0,,2026-08-19,22.32
5063656,0.331433890388906,0.331433890388906,0.331433890388906,0.511854119650621,6.0,6.0,2026-08-18 00:19:00,Pea Chaunchim Resort 2,2,0,,2026-08-19,23.6
5070992,0.3877202149463643,0.40531202194140137,0.3877202149463643,0.5158652152506585,311.0,247.0,2026-08-18 22:48:21,Beyond 21 Hotel,46,4,2026-08-18 21:03:06,2026-08-19,28.26
5078712,0.3921340365031403,0.4516093446134985,0.3921340365031403,0.5119312138022141,1645.0,395.0,2026-08-18 23:03:17,Sukjai Grand Luxury Boutique Hotel,72,6,2026-08-18 23:03:17,2026-08-24,30.43
5078718,0.3390546919883548,0.3390546919883548,0.3390546919883548,0.5128636517505576,29.0,29.0,2026-08-18 14:49:01,Ban Khong Rao Resort,6,0,,2026-08-18,24.13
5091475,0.39104535978766675,0.4495278460582056,0.39104535978766675,0.5115736238620868,402.0,246.0,2026-08-18 23:48:42,One Budget Hotel Tak Maesot,40,3,2026-08-18 23:32:45,2026-08-26,28.07
5094470,0.3400730800896071,0.38758412098699613,0.3400730800896071,0.5188074802744778,32.0,16.0,2026-08-18 23:48:42,Kokotel Chiang Rai Airport Suites,17,0,,2026-09-06,24.83
5096959,0.3112222976865602,0.3112222976865602,0.3112222976865602,0.50980667243984,45.0,45.0,2026-08-18 22:32:31,Maruay Resort,8,0,,2026-08-21,23.06
5096962,0.3482784838586383,0.35520047898873036,0.3482784838586383,0.508664181191075,184.0,42.0,2026-08-18 17:49:59,Holiday Cottage Chiang Mai Old Town,37,2,2026-08-18 17:49:59,2026-08-22,26.02
5101043,0.35310505868249986,0.4118265476561008,0.35310505868249986,0.5116261247294175,179.0,67.0,2026-08-18 23:48:42,The Way Hotel Ban Pong,36,3,2026-08-18 19:48:47,2026-08-20,26.22
5101050,0.33438632228482634,0.33438632228482634,0.33438632228482634,0.5105112410569367,8.0,8.0,2026-08-18 11:20:03,Baan Suan Intra Resort,8,0,,2026-08-18,23.98
5101052,0.3070016070060116,0.3070016070060116,0.3070016070060116,0.5121981027445892,6.0,6.0,2026-08-18 16:06:39,Narai Hill Golf Resort & Country Club,6,0,,2026-08-18,22.82
5101054,0.30693951226359156,0.30693951226359156,0.30693951226359156,0.5087860158648303,59.0,59.0,2026-08-18 10:19:49,Calamint Residence Hotel,8,0,,2026-09-07,22.88
5101058,0.38163365324139054,0.4557698918490951,0.38163365324139054,0.5127904506445037,416.0,134.0,2026-08-18 23:48:42,The Navy House Hotel,33,2,2026-08-18 18:04:18,2026-09-10,27.38
5101068,0.36951213746665035,0.3919661861915621,0.36951213746665035,0.5161945066082696,3740.0,1074.0,2026-08-18 21:48:45,D Hut Resort Chiangmai,74,6,2026-08-18 20:32:59,2026-08-25,30.97
5101080,0.33557609406031047,0.33557609406031047,0.33557609406031047,0.507653621987652,130.0,130.0,2026-08-18 10:19:49,Phong Phana Villa Det Udom,8,0,,2026-08-18,24.05
5101089,0.3796059878309596,0.4310432571093424,0.3796059878309596,0.5092732268226767,683.0,159.0,2026-08-18 23:48:42,Hatyai Midtown Hotel,46,3,2026-08-18 23:19:38,2026-08-18,28.03
5101090,0.3334414085274298,0.3334414085274298,0.3334414085274298,0.506675611708559,16.0,8.0,2026-08-18 09:31:34,U Guesthouse,16,0,,2026-08-20,24.26
5101109,0.2950518915281007,0.2950518915281007,0.2950518915281007,0.5074260628721914,4.0,4.0,2026-08-18 00:02:04,Sofresh and Resort,1,0,,2026-08-17,22.0
5101115,0.32959819032855275,0.32959819032855275,0.32959819032855275,0.5077735700928045,232.0,232.0,2026-08-18 13:05:37,The One House PhopPhra Tak,8,0,,2026-08-20,23.87
5101141,0.2744264940219748,0.2744264940219748,0.2744264940219748,0.506675611708559,8.0,8.0,2026-08-18 21:31:44,Makaam Grand Resort,8,0,,2026-08-18,21.51
5101143,0.348347256939084,0.3955687429667366,0.348347256939084,0.5075084001128194,127.0,39.0,2026-08-18 03:00:10,KP Apartment @Ratchapruek,40,1,2026-08-18 01:17:03,2026-08-20,26.12
5101144,0.39250214791981347,0.39250214791981347,0.39250214791981347,0.5203985060375901,14.0,14.0,2026-08-18 16:21:17,U-sabai Place Manchakhiri,7,0,,2026-08-18,26.46
5101146,0.43496049787025376,0.4970692211725257,0.43496049787025376,0.5091478493761011,1788.0,421.0,2026-08-18 13:37:28,Kastel Bangkok Hotel,44,7,2026-08-18 13:37:28,2026-09-04,30.81
5101156,0.33221963913246105,0.3493523960840186,0.33221963913246105,0.5076525768886548,60.0,39.0,2026-08-18 20:04:15,Kanthiya Garden Hotel,23,2,2026-08-18 12:06:15,2026-08-20,24.6
5101168,0.29846559616954127,0.3184385793928754,0.29846559616954127,0.506437884357756,78.0,64.0,2026-08-18 19:05:06,Ban Tham Resort Yala,44,2,2026-08-18 19:05:06,2026-08-18,24.27
5101177,0.3270428686252805,0.3590229525164842,0.3270428686252805,0.5086687460206176,192.0,125.0,2026-08-18 23:48:42,Indigo Hotel Hatyai,18,0,,2026-09-10,24.25
5101181,0.36843115960372386,0.3979192974081631,0.36843115960372386,0.5088787595115087,107.0,54.0,2026-08-18 23:32:45,Greenview Resort Kohyor,16,0,,2026-08-23,25.76
5101185,0.27914080650228135,0.27914080650228135,0.27914080650228135,0.5066374821206414,8.0,8.0,2026-08-18 19:48:47,Himtong Coffee and Resort,8,0,,2026-08-18,21.69
5101189,0.26472343891925126,0.26472343891925126,0.26472343891925126,0.5066374821206414,8.0,8.0,2026-08-18 11:50:18,Wanpen Apartment,8,0,,2026-08-25,21.12
5101190,0.2989022159070756,0.31691652084166794,0.2989022159070756,0.5093313719264503,143.0,97.0,2026-08-18 19:05:06,Mr. Next Green One,44,0,,2026-09-07,24.38
5101191,0.33784594089224196,0.33847068733347996,0.33784594089224196,0.5091400869516294,478.0,252.0,2026-08-18 18:20:34,Poonsuk Resort Sadao,16,0,,2026-08-30,24.77
5101197,0.3476570524124224,0.3701879269534264,0.3476570524124224,0.5073582148000437,1248.0,296.0,2026-08-18 23:48:42,Hilton Garden Inn Rayong,115,6,2026-08-18 17:34:59,2026-08-20,30.43
5101360,0.4209250986284143,0.4209250986284143,0.4209250986284143,0.5084845616402627,289.0,289.0,2026-08-18 18:36:06,Wellgrow Hotel,16,3,2026-08-18 18:20:34,2026-08-20,27.96
5101361,0.3311942637388652,0.3311942637388652,0.3311942637388652,0.5081260107914743,35.0,35.0,2026-08-18 22:32:31,Windmill Place Khaoyai,8,0,,2026-08-19,23.82
5101362,0.27649173509518565,0.28062221724160735,0.27649173509518565,0.5076505090054705,24.0,8.0,2026-08-18 18:49:55,One Budget Hotel Nan Pha Sing,24,0,,2026-08-27,22.4
5101365,0.37123846532812466,0.37123846532812466,0.37123846532812466,0.5060778014544185,154.0,154.0,2026-08-18 00:19:00,Baanphiriyaphan Resort,2,0,,2026-08-21,25.16
5101416,0.3551557438117422,0.3868345080244246,0.3551557438117422,0.5092293384239513,225.0,77.0,2026-08-18 19:05:06,LESTERLAND Serviced Apartment,36,4,2026-08-18 18:36:06,2026-08-22,26.29
5101461,0.3350002445155629,0.3682280937647877,0.3350002445155629,0.5252464105759838,87.0,25.0,2026-08-18 21:03:06,One Budget Hotel Chiangrai Bypass-East,73,0,,2026-08-19,27.53
5101479,0.38023445239205195,0.4006094887938465,0.38023445239205195,0.5106883156053295,361.0,101.0,2026-08-18 12:51:07,Bangkok Mystay Hotel Rangsit,32,0,,2026-09-03,27.2
5101523,0.3543743393468536,0.3543743393468536,0.3543743393468536,0.5076294185616241,55.0,55.0,2026-08-18 16:21:17,The Kaset Hua Hin,7,0,,2026-08-24,24.7
5101524,0.37672643973163994,0.37672643973163994,0.37672643973163994,0.5308303870973193,28.0,28.0,2026-08-18 19:48:47,HOTEL De ONE DEE,14,1,2026-08-18 19:34:59,2026-08-20,26.39
5101527,0.3435000343739245,0.34679338043225344,0.3435000343739245,0.5066622663527879,48.0,12.0,2026-08-18 15:22:55,Suan Thip Resort,24,0,,2026-08-21,25.08
5101528,0.4095109008259576,0.45598447724613256,0.4095109008259576,0.5129832834978827,210.0,75.0,2026-08-18 20:32:59,Aspira Escape Ao Nang Krabi,24,1,2026-08-18 18:49:55,2026-09-02,27.94
5101529,0.35648652434611217,0.37893318505962703,0.35648652434611217,0.5095555648478413,498.0,250.0,2026-08-18 20:17:46,Chuleekorn Residence,35,2,2026-08-18 19:48:47,2026-08-28,26.46
5101533,0.3761812577127463,0.3761812577127463,0.3761812577127463,0.5125919416814035,790.0,790.0,2026-08-18 09:31:34,At Home Rai Phor Dee,8,0,,2026-08-19,26.16
5101534,0.29159333191483167,0.2944448986766567,0.29159333191483167,0.5077969859541556,22.0,8.0,2026-08-18 14:49:01,Phuphaman Nafai Country View and Resort,22,0,,2026-08-19,22.91
5101537,0.4047234300929753,0.40862885497255347,0.4047234300929753,0.5099263977096751,196.0,117.0,2026-08-18 09:47:39,Kokotel Pattaya North Beach,16,5,2026-08-18 09:47:39,2026-08-28,27.29
5101538,0.30577571390402625,0.30577571390402625,0.30577571390402625,0.5082432620960116,48.0,48.0,2026-08-18 08:47:02,Nipon Resort,7,0,,2026-08-19,22.77
5101539,0.34441140681572735,0.3471995299245049,0.34441140681572735,0.5095130031935132,1276.0,358.0,2026-08-18 01:59:49,Blu Monkey Hub & Hotel Bangtao Beach Phuket,32,0,,2026-09-04,26.3
5101543,0.35861316175790947,0.3966755393828291,0.35861316175790947,0.5111095880348471,53.0,43.0,2026-08-18 18:36:06,TJ 4711 Residence,22,2,2026-08-18 17:07:13,2026-08-18,25.67
5101551,0.3685551419269352,0.40209889154895745,0.3685551419269352,0.519943442661872,209.0,165.0,2026-08-18 19:05:06,One Budget Hotel Lampang Phahonyothin,30,2,2026-08-18 16:35:56,2026-08-19,26.73
5101578,0.3759454092424038,0.3902429407267606,0.3759454092424038,0.5173906243188922,81.0,73.0,2026-08-18 17:34:59,Rabbit Hotel Nangrong,27,1,2026-08-18 16:21:17,2026-08-18,26.75
5101585,0.2955151821772953,0.2955151821772953,0.2955151821772953,0.506675611708559,1.0,1.0,2026-08-18 00:02:04,Little Rooms,1,1,2026-08-18 00:02:04,2026-08-17,22.0
5101598,0.34617956395875576,0.3833215608904252,0.34617956395875576,0.5073360695625551,105.0,46.0,2026-08-18 17:49:59,NARA Premium resort,35,2,2026-08-18 16:35:56,2026-08-23,25.77
5101627,0.3503047753933569,0.374400436445385,0.3503047753933569,0.5063266192674323,3221.0,2515.0,2026-08-18 21:48:45,The Moon Kalasin,55,1,2026-08-18 01:30:45,2026-08-19,28.76
5101640,0.3921111773787377,0.4103457507915737,0.3921111773787377,0.5092583145403536,442.0,115.0,2026-08-18 23:32:45,Bear & Bird Hotel,54,13,2026-08-18 23:19:38,2026-08-28,28.78
5101641,0.3004253903046802,0.3090967138703649,0.3004253903046802,0.5060432303100441,32.0,16.0,2026-08-18 23:32:45,Thanya Bukraeng Resort,24,1,2026-08-18 22:03:44,2026-09-07,23.33
5101649,0.39507299638336857,0.4257285431909452,0.39507299638336857,0.5132530241894021,386.0,214.0,2026-08-18 19:20:48,Moose EASY Hotel,24,2,2026-08-18 10:34:59,2026-08-20,27.47
5101656,0.3147273498491836,0.3513375600468614,0.3147273498491836,0.5099134243050041,691.0,298.0,2026-08-18 16:06:39,Green white Resort & Cafe,105,6,2026-08-18 15:51:26,2026-08-20,28.34
5101658,0.3878828934709996,0.40628961125859514,0.3878828934709996,0.510161101390435,491.0,217.0,2026-08-18 23:32:45,Grand Pruksasiri Hotel Chaiyaphum,83,10,2026-08-18 22:32:31,2026-08-19,30.07
5101666,0.37524234379604304,0.3863103163228803,0.37524234379604304,0.5125276300613137,633.0,232.0,2026-08-18 23:48:42,Tree Airport Hotel Hatyai,34,1,2026-08-18 18:20:34,2026-08-22,27.3
5101673,0.2850847399849187,0.2850847399849187,0.2850847399849187,0.5083807404766432,8.0,8.0,2026-08-18 18:04:18,Sai Yok Noi Resort,8,0,,2026-08-18,21.97
5101683,0.35945394695965666,0.35945394695965666,0.35945394695965666,0.5161061549945873,16.0,8.0,2026-08-18 11:04:55,Nakai Resort,16,0,,2026-08-21,25.49
5101689,0.3187711291810446,0.3393091054076957,0.3187711291810446,0.5192556882732612,32.0,16.0,2026-08-18 22:03:44,SureStay by Best Western Iconic Ari-Jatujak,25,0,,2026-08-19,24.38
5101714,0.4173211923392011,0.46008396377882754,0.4173211923392011,0.5119925388533605,4503.0,1403.0,2026-08-18 21:03:06,G9 Hotel Kanchanaburi,110,12,2026-08-18 21:03:06,2026-08-21,35.02
5101720,0.37820982358761895,0.42774289747006167,0.37820982358761895,0.5112043711508157,419.0,322.0,2026-08-18 23:48:42,L2 Premium,32,4,2026-08-18 13:51:17,2026-08-24,27.17
5101730,0.36891360035404386,0.37993570304103047,0.36891360035404386,0.5131346974361849,45.0,25.0,2026-08-18 21:03:06,Xaya Pool Access Resort,16,1,2026-08-18 19:20:48,2026-08-30,25.83
5101731,0.3456497965980857,0.3456497965980857,0.3456497965980857,0.5061202629784963,75.0,75.0,2026-08-18 23:48:42,Nan's Aonang,8,0,,2026-08-19,24.38
5101735,0.3333059030425133,0.3333059030425133,0.3333059030425133,0.5376894435475638,7.0,7.0,2026-08-18 14:05:44,Hotel Selene Chiang Rai,7,0,,2026-08-18,24.43
5101741,0.39458769176038466,0.4027807293367342,0.39458769176038466,0.5108919874240229,1228.0,380.0,2026-08-18 23:03:17,The Legacy Nana Sukhumvit,44,12,2026-08-18 23:03:17,2026-09-05,28.89
5101742,0.35204222881332525,0.3691676119380216,0.35204222881332525,0.5052247953677518,219.0,133.0,2026-08-18 13:51:17,Miloft Suvarnabhumi Airport Hotel,23,1,2026-08-18 13:05:37,2026-08-27,25.44
5101785,0.3056914787212795,0.3056914787212795,0.3056914787212795,0.510832835139185,22.0,22.0,2026-08-18 01:46:03,Happy Resort Bangsaphan,8,1,2026-08-18 00:02:04,2026-08-18,22.85
5101788,0.2744264940219748,0.2744264940219748,0.2744264940219748,0.506675611708559,8.0,8.0,2026-08-18 23:19:38,Aran Garden Hotel 2,8,0,,2026-08-18,21.51
5101796,0.321313564199161,0.321313564199161,0.321313564199161,0.506675611708559,16.0,16.0,2026-08-18 19:05:06,OZone Grand,8,0,,2026-08-18,23.39
5101798,0.3346901201392238,0.3346901201392238,0.3346901201392238,0.5100298933101025,30.0,30.0,2026-08-18 22:48:21,The Monkey Hotel and Residence,10,0,,2026-09-12,24.1
5101803,0.3493326785070496,0.38886573436743477,0.3493326785070496,0.5252748080600568,64.0,40.0,2026-08-18 23:48:42,One Budget Hotel Chiangrai Baanmai,38,2,2026-08-18 11:35:49,2026-08-18,26.38
5101835,0.277496932904747,0.2805673717875191,0.277496932904747,0.5057375745205928,12.0,6.0,2026-08-18 15:51:26,Chiang Khong Paradise Hotel,12,0,,2026-08-19,21.81
5101836,0.36103604491441676,0.37498636635869054,0.36103604491441676,0.5226752509463195,163.0,96.0,2026-08-18 22:17:43,M Hotel Kanchanaburi,70,7,2026-08-18 21:03:06,2026-08-19,28.42
5101840,0.341291842630652,0.3935441184410279,0.341291842630652,0.5205502797482371,34.0,19.0,2026-08-18 20:17:46,Unya Hotel Ubon,24,0,,2026-08-19,25.26
5101842,0.2882098085265608,0.29317657806990977,0.2882098085265608,0.5068982465263545,29.0,16.0,2026-08-18 17:07:13,KHAM YAIYAI RESORT,16,0,,2026-08-18,22.47
5101849,0.2966974206116385,0.32635363035430437,0.2966974206116385,0.5085094622986842,77.0,38.0,2026-08-18 18:04:18,Baan Sane Nuan Villa Resort Chaiyaphum,40,0,,2026-08-18,24.04
5101852,0.3334414085274298,0.3334414085274298,0.3334414085274298,0.506675611708559,16.0,8.0,2026-08-18 14:05:44,Baan Warin,16,0,,2026-08-28,24.26
5101856,0.3455009403396669,0.3455009403396669,0.3455009403396669,0.5056471658847407,8.0,8.0,2026-08-18 19:05:06,Thammachard Resort at Khao Phanom,8,0,,2026-08-18,24.33
5101876,0.2971964265211459,0.3231260171143602,0.2971964265211459,0.5082501047226348,48.0,24.0,2026-08-18 23:48:42,88/8 Resort,36,0,,2026-08-20,23.84
5101886,0.41202345782173516,0.41383562301286747,0.41202345782173516,0.5227280641830399,102.0,66.0,2026-08-18 15:36:48,Nongbua Greenview Hotel,14,3,2026-08-18 15:36:48,2026-08-19,27.68
5101888,0.2917736492721239,0.30826132293568004,0.2917736492721239,0.5070647720620888,40.0,24.0,2026-08-18 19:34:59,TonLiw Hotel,24,0,,2026-08-18,23.01
5101891,0.3002429868896166,0.3002429868896166,0.3002429868896166,0.5160680254066696,8.0,8.0,2026-08-18 23:48:42,Easarn Inn Hotel,8,0,,2026-08-19,22.73
5101894,0.27085448775583953,0.27085448775583953,0.27085448775583953,0.5065611618947287,7.0,7.0,2026-08-18 02:32:07,Bonnie Bed,7,0,,2026-08-18,21.31
5101902,0.3346190450201427,0.3346190450201427,0.3346190450201427,0.506675611708559,16.0,16.0,2026-08-18 17:34:59,Yaya Mansion,8,0,,2026-08-18,23.92
5101914,0.3682918189040733,0.3930069004374059,0.3682918189040733,0.5166330739835822,75.0,37.0,2026-08-18 17:21:38,The Regizt Hotel Pattaya,31,1,2026-08-18 01:17:03,2026-08-18,26.63
5101920,0.41084807933143125,0.41084807933143125,0.41084807933143125,0.5078624261211121,119.0,119.0,2026-08-18 01:30:45,Golden Empire Suvarnabhumi Hotel,7,0,,2026-08-22,27.0
5101931,0.3178413165949446,0.32908889860283896,0.3178413165949446,0.5196262215389099,52.0,14.0,2026-08-18 17:07:13,Samutprakarn Hotel,45,0,,2026-08-22,25.34
5101938,0.2946112937469285,0.2946112937469285,0.2946112937469285,0.5092408776584214,16.0,16.0,2026-08-18 12:21:35,Nibong Resort,8,0,,2026-08-18,22.37
5101942,0.3264656368601012,0.3351152647597349,0.3264656368601012,0.5104977873918549,284.0,236.0,2026-08-18 16:21:17,The Six Resort Lopburi,24,0,,2026-08-22,24.61
5101957,0.35243684067467673,0.3754591054655286,0.35243684067467673,0.5163311037849673,353.0,70.0,2026-08-18 21:48:45,Maison Stay Bangkok,159,18,2026-08-18 20:47:57,2026-08-19,32.41
5101959,0.38513620541338023,0.39250777465261866,0.38513620541338023,0.5097747761960038,181.0,123.0,2026-08-18 23:48:42,Tassana Place Boutique Hotel,16,0,,2026-08-21,26.49
5101963,0.30225154205660437,0.30225154205660437,0.30225154205660437,0.5160297699029517,8.0,8.0,2026-08-18 23:03:17,Doo Dee Resort,8,0,,2026-08-18,22.81
5101966,0.39394895935390467,0.39394895935390467,0.39394895935390467,0.5078059016174982,68.0,68.0,2026-08-18 06:44:16,Aspira Central Patong Hotel,8,0,,2026-08-29,26.35
5101969,0.31937425883417775,0.3229928806395614,0.31937425883417775,0.517105262495801,24.0,12.0,2026-08-18 16:06:39,Laanrablom​ Bed & Breakfast,12,0,,2026-08-19,23.72
5101978,0.2746649230059625,0.2931908454833748,0.2746649230059625,0.5071979926264077,112.0,16.0,2026-08-18 20:47:57,Orchid Mahachai Hotel,88,0,,2026-08-21,25.5
5101980,0.3795049625287304,0.3795049625287304,0.3795049625287304,0.5111414998067737,89.0,89.0,2026-08-18 23:48:42,P&B Hotel Nakhon Phanom,5,0,,2026-08-23,25.7
5101991,0.29698463710579537,0.35414181321394633,0.29698463710579537,0.5081847686496307,110.0,24.0,2026-08-18 23:48:42,Hotela Boutique Resort,48,1,2026-08-18 20:17:46,2026-08-22,24.46
5102011,0.4020945444265907,0.46256146040985874,0.4020945444265907,0.5107092113744384,647.0,241.0,2026-08-18 23:48:42,BB Hotel,28,0,,2026-08-19,28.06
5102014,0.41548625154281926,0.43780340264424183,0.41548625154281926,0.5175923612925744,920.0,509.0,2026-08-18 22:48:21,De Paris Hotel,44,4,2026-08-18 22:48:21,2026-08-20,29.68
5102024,0.28878550134038256,0.28878550134038256,0.28878550134038256,0.5063751209975398,29.0,29.0,2026-08-18 23:32:45,Pathumphon Resort,8,0,,2026-08-19,22.09
5102037,0.32470104193696436,0.38493680595438134,0.32470104193696436,0.5235233662540063,54.0,16.0,2026-08-18 17:34:59,Warm Beach Resort,47,0,,2026-08-19,25.79
5102038,0.34075637613199894,0.40385208294818536,0.34075637613199894,0.5100645428715859,1044.0,274.0,2026-08-18 21:31:44,DAY & NIGHT HOTEL,112,5,2026-08-18 21:03:06,2026-08-20,29.94
5102045,0.3119804587130267,0.355419341198887,0.3119804587130267,0.5141406930055333,36.0,26.0,2026-08-18 14:49:01,One Budget Hotel Chiangrai Maesai Payang,16,0,,2026-08-21,23.57
5102053,0.36923098544280686,0.41479534041293437,0.36923098544280686,0.5118451465957229,261.0,212.0,2026-08-18 23:48:42,The Bed's Rojana,21,1,2026-08-18 12:51:07,2026-08-20,26.19
5102061,0.4050978242201129,0.4610204915036687,0.4050978242201129,0.5129100886694915,876.0,443.0,2026-08-18 23:32:45,Arawana Express North Pattaya,26,3,2026-08-18 22:32:31,2026-08-20,28.26
5102064,0.38737520352127475,0.40020871051527296,0.38737520352127475,0.5124634514490671,292.0,265.0,2026-08-18 18:04:18,Louis Residence Hotel,16,0,,2026-08-25,26.7
5102068,0.3695913039169286,0.4087199360840475,0.3695913039169286,0.5093445546189009,296.0,264.0,2026-08-18 22:17:43,S77 Good View,16,1,2026-08-18 20:32:59,2026-08-22,25.93
5102073,0.3683917659149956,0.3828829661279907,0.3683917659149956,0.5119644036470156,1148.0,349.0,2026-08-18 23:32:45,Chill Hotel Khaoyai,63,2,2026-08-18 13:37:28,2026-08-26,28.75
5102075,0.3631257495631642,0.3659053003428803,0.3631257495631642,0.5071435077810466,506.0,179.0,2026-08-18 18:36:06,TUAN Hotel Bangkok,24,0,,2026-09-07,26.15
5102076,0.3227294785831706,0.32795799665322134,0.3227294785831706,0.5016446853687414,641.0,617.0,2026-08-18 14:05:44,Songkamon Resort Dan sai,21,2,2026-08-18 12:36:04,2026-08-18,24.35
5102087,0.4534450766813502,0.5007988243398122,0.4534450766813502,0.5265959967449689,408.0,102.0,2026-08-18 23:32:45,U-SABAI VILLA,59,6,2026-08-18 21:48:45,2026-08-19,31.8
5102092,0.30847448736505706,0.30847448736505706,0.30847448736505706,0.49577870911403515,8.0,8.0,2026-08-18 13:37:28,De Hom Hotel Mae Hong Son,8,1,2026-08-18 12:36:04,2026-08-18,22.65
5102098,0.33627909502832737,0.3862181699632967,0.33627909502832737,0.5115486017505201,541.0,271.0,2026-08-18 15:36:48,Plearn View Khong Resort,34,0,,2026-08-22,25.67
5102100,0.2823111384933527,0.2823111384933527,0.2823111384933527,0.5056038657892121,14.0,14.0,2026-08-18 21:16:11,Home Hug Resort,14,0,,2026-08-18,22.1
5102115,0.29554088721898353,0.29554088721898353,0.29554088721898353,0.5145102291262744,12.0,3.0,2026-08-18 23:48:42,Baan Fongjun,12,0,,2026-08-26,22.71
5102117,0.3697734981064838,0.37153378750800975,0.3697734981064838,0.5185247472300751,72.0,40.0,2026-08-18 13:22:18,Wimanmek Resort,18,0,,2026-08-18,26.08
5102125,0.31015691631990955,0.31015691631990955,0.31015691631990955,0.514922981633165,8.0,8.0,2026-08-18 17:07:13,Smile Place & Residence,8,0,,2026-08-20,23.1
5102138,0.2842131786171498,0.291839379417904,0.2842131786171498,0.506309339829236,16.0,8.0,2026-08-18 22:17:43,8SleepUtt,16,0,,2026-08-19,22.29
5102144,0.3745967304787992,0.46803150552090383,0.3745967304787992,0.5193098095983665,184.0,77.0,2026-08-18 19:05:06,Kru Paew Resort,31,0,,2026-08-19,27.0
5102158,0.2952126986458418,0.34870672874778064,0.2952126986458418,0.5057053840892419,24.0,8.0,2026-08-18 20:17:46,Khemchira Apartment,24,0,,2026-08-25,23.11
5102185,0.3622024989787954,0.39083670711668894,0.3622024989787954,0.5078733547640075,138.0,119.0,2026-08-18 18:20:34,Diamond Hotel Buriram,39,6,2026-08-18 18:04:18,2026-08-18,26.64
5102188,0.4179834908948283,0.42428714041732213,0.4179834908948283,0.508407651350132,226.0,110.0,2026-08-18 23:48:42,Phetara Hotel Mahachai by PCL,17,2,2026-08-18 22:32:31,2026-08-23,27.85
5102203,0.3922124811563367,0.445247353161551,0.3922124811563367,0.5128355491493296,73.0,27.0,2026-08-18 23:48:42,PT HOTEL,15,1,2026-08-18 23:19:38,2026-08-21,26.72
5102210,0.4010770461275289,0.4010770461275289,0.4010770461275289,0.5178458943737986,40.0,40.0,2026-08-18 18:20:34,Pakchong Apartment,12,2,2026-08-18 17:34:59,2026-08-18,27.01
5102216,0.2744264940219748,0.2744264940219748,0.2744264940219748,0.506675611708559,5.0,5.0,2026-08-18 01:02:44,Baanraisangchanda Resort,5,0,,2026-09-07,21.36
5102224,0.3334414085274298,0.3334414085274298,0.3334414085274298,0.506675611708559,24.0,8.0,2026-08-18 11:20:03,Nakara Resort,24,0,,2026-09-12,24.66
5102262,0.4159149402181572,0.42525347992597473,0.4159149402181572,0.5101861005776115,373.0,161.0,2026-08-18 19:05:06,Snooze Hotel Amata,29,5,2026-08-18 19:05:06,2026-08-20,28.48
5102281,0.416413668179486,0.4233820371591428,0.416413668179486,0.5078312818426653,457.0,281.0,2026-08-18 20:47:57,Manditel North Pattaya,16,2,2026-08-18 19:05:06,2026-08-22,27.87
5102284,0.3402889288134909,0.3402889288134909,0.3402889288134909,0.5092908944889776,3.0,3.0,2026-08-18 23:48:42,The Poom cafe & Resort Khao Yai,1,0,,2026-08-26,23.85
5102296,0.30165349320068585,0.3052405004057217,0.30165349320068585,0.5144010147796167,16.0,8.0,2026-08-18 14:05:44,The House 101,16,0,,2026-08-19,23.15
5102299,0.2981155179254186,0.2995415849964306,0.2981155179254186,0.5078518896631242,29.0,16.0,2026-08-18 04:13:53,Deraya Hotel,16,0,,2026-08-29,22.88
5102313,0.31364908341140874,0.31364908341140874,0.31364908341140874,0.5122026739431791,8.0,8.0,2026-08-18 21:03:06,Tisha Hotel,8,0,,2026-08-18,23.19
5102339,0.47765713900307116,0.4810889419405133,0.47765713900307116,0.5148263566615368,401.0,121.0,2026-08-18 15:22:55,Enrich Grand Hotel,24,4,2026-08-18 13:37:28,2026-08-30,30.82
5102344,0.2820241167343489,0.2820241167343489,0.2820241167343489,0.5051141360127268,22.0,22.0,2026-08-18 23:19:38,Resort LangBan,22,0,,2026-08-18,22.47
5102353,0.29332376901414864,0.29332376901414864,0.29332376901414864,0.5058353369248713,8.0,8.0,2026-08-18 13:37:28,The Rich Pool Villa and Resort,8,0,,2026-08-18,22.25
5102355,0.45873279147419954,0.45873279147419954,0.45873279147419954,0.5079745507351706,1139.0,1139.0,2026-08-18 10:05:15,The Akyra Bangkok 11,8,0,,2026-08-21,29.58
5102356,0.27914080650228135,0.27914080650228135,0.27914080650228135,0.5066374821206414,8.0,8.0,2026-08-18 19:20:48,Reuanporn Resort,8,0,,2026-09-07,21.69
5102365,0.2842086269538068,0.2842086269538068,0.2842086269538068,0.5069419579544909,6.0,6.0,2026-08-18 15:51:26,Jintana Resort,6,0,,2026-08-18,21.8
5102398,0.2753915623220095,0.2967278091275259,0.2753915623220095,0.5074890588662956,23.0,8.0,2026-08-18 18:49:55,The Green Paradise and The Pool Villa Resort,23,0,,2026-08-25,22.3
5102401,0.2999522491527655,0.2999522491527655,0.2999522491527655,0.5157577860084209,13.0,13.0,2026-08-18 23:48:42,Chorbnorn Hotel,13,0,,2026-08-20,22.96
5102404,0.3329143327682635,0.3373275304754697,0.3329143327682635,0.5108836572943478,36.0,19.0,2026-08-18 17:21:29,The View Hotel Nakhon Si Thammarat,14,0,,2026-08-26,24.24
5102406,0.3129902851620243,0.32363069302187003,0.3129902851620243,0.5053024883968246,414.0,206.0,2026-08-18 12:06:15,Home Hug Cafe & Garden,24,0,,2026-08-20,24.05
5102410,0.2896242199562734,0.2896242199562734,0.2896242199562734,0.5032767781613995,7.0,7.0,2026-08-18 16:50:50,K2. Kut Chap Udon Thani,7,0,,2026-08-18,22.0
5102411,0.33958044844002694,0.4087020814012582,0.33958044844002694,0.5059983057388144,1265.0,1257.0,2026-08-18 22:32:31,The Princess Beachfront Resort,16,0,,2026-08-24,25.25
5102412,0.29271295218116283,0.29271295218116283,0.29271295218116283,0.5042586636177151,18.0,18.0,2026-08-18 12:51:07,JJ and JJ Resort,16,2,2026-08-18 12:21:35,2026-08-18,22.59
5102415,0.3709955493259212,0.38676469962511506,0.3709955493259212,0.5069630173231232,1097.0,853.0,2026-08-18 23:03:17,Fairy Resort,24,2,2026-08-18 11:04:55,2026-08-18,26.81
5102417,0.3219005899190677,0.3219005899190677,0.3219005899190677,0.5196734752618231,8.0,8.0,2026-08-18 21:48:45,Nakra Functionality Hotel,8,0,,2026-08-18,23.67
5102444,0.3500018390943778,0.35780938210126056,0.3500018390943778,0.5078074563309437,392.0,138.0,2026-08-18 22:48:21,Sandbox Hotel,32,0,,2026-08-25,25.96
5102446,0.27171671327272046,0.27171671327272046,0.27171671327272046,0.506600217724688,13.0,13.0,2026-08-18 23:19:38,Baan Iyara,13,0,,2026-08-18,21.64
5102447,0.3080763900603433,0.3319746129630923,0.3080763900603433,0.5093683015603335,119.0,54.0,2026-08-18 17:34:59,P2 Inn Bangsaphan,42,0,,2026-08-20,24.64
5102452,0.48208786585298435,0.5240425948197097,0.48208786585298435,0.5108035756663605,494.0,232.0,2026-08-18 00:32:16,Marquis Hotel,7,0,,2026-08-21,30.14
5102459,0.3117398207584129,0.3513256231389526,0.3117398207584129,0.5077065903215381,50.0,16.0,2026-08-18 19:34:59,The One Hotel Mueang Phon,26,0,,2026-08-19,23.93
5102473,0.2922836082221151,0.306557169977536,0.2922836082221151,0.507052979445247,72.0,48.0,2026-08-18 19:48:47,Milton Hotel,26,0,,2026-08-19,23.15
5102474,,,,,0.0,0.0,2026-08-18 23:48:42,NH Bangkok Asoke,0,0,,2026-08-30,0.0
5102478,0.33687903986764184,0.3691944907825593,0.33687903986764184,0.5133145595422419,18.0,10.0,2026-08-18 17:07:13,Sook Hansa @ Phangkhon Hotel,12,1,2026-08-18 15:36:48,2026-08-18,24.34
5102479,0.2960478194697381,0.3246289285663207,0.2960478194697381,0.5077582019757721,46.0,22.0,2026-08-18 22:03:44,Nawang Resort,25,0,,2026-08-18,23.25
5102494,0.3366019356378113,0.3366019356378113,0.3366019356378113,0.5212656461368167,48.0,48.0,2026-08-18 17:49:59,COCO HOME 2,8,0,,2026-08-18,24.31
5102496,0.2984034687059055,0.3256556921846949,0.2984034687059055,0.5070751319870286,42.0,28.0,2026-08-18 23:48:42,Sand Dance Hotel,12,0,,2026-09-09,22.69
5102497,0.3412970506723697,0.373543767373835,0.3412970506723697,0.5155740692215536,16.0,8.0,2026-08-18 18:04:18,Prakhun Por-Mae Home&Garden Udonthani,16,0,,2026-08-19,24.76
5102498,0.4273851662427418,0.4445370848920033,0.4273851662427418,0.5148380322889312,2555.0,360.0,2026-08-18 17:34:59,Lucky Residence Phuket Town,120,14,2026-08-18 16:06:39,2026-08-26,34.79
5102512,0.3270133710744368,0.36334508968169665,0.3270133710744368,0.5134249771598858,37.0,28.0,2026-08-18 14:05:44,The Rim Resort,15,0,,2026-08-19,24.1
5102517,0.33059165389999645,0.34231002412457123,0.33059165389999645,0.5132133353716535,69.0,55.0,2026-08-18 16:50:50,Baan Mak Mai Hotel,15,0,,2026-08-19,24.26
5102534,0.3527040314190921,0.3527040314190921,0.3527040314190921,0.5054049083479647,21.0,21.0,2026-08-18 23:48:42,Hampton Sriracha,2,0,,2026-08-22,24.33
5102538,0.32593124873590046,0.32979817154099417,0.32593124873590046,0.5153296713906075,43.0,24.0,2026-08-18 10:48:41,Ouranos Hotel,16,0,,2026-08-20,24.15
5102550,0.2660689034315039,0.2660689034315039,0.2660689034315039,0.503303071672198,8.0,8.0,2026-08-18 22:48:21,Uncle Joe’s​ Glamping​,8,0,,2026-08-20,21.1
5102560,0.41607389933882627,0.4663319155983719,0.41607389933882627,0.5138821043648134,3199.0,1161.0,2026-08-18 23:32:45,Sugar Marina Hotel -POP- Kata Beach,54,5,2026-08-18 21:48:45,2026-08-29,31.48
5102562,0.30812529202965977,0.30921123235759634,0.30812529202965977,0.5173116308149899,24.0,8.0,2026-08-18 13:22:18,Thong Poon Apartment Chiang Mai,24,0,,2026-08-26,23.86
5102563,0.2980514140773196,0.2980514140773196,0.2980514140773196,0.506620403659942,16.0,16.0,2026-08-18 18:49:55,Apinop Resort & Spa,12,0,,2026-08-18,22.65
5102568,0.2742111977603857,0.27868269937694196,0.2742111977603857,0.5065022600043873,24.0,16.0,2026-08-18 13:05:37,RITA CAFE HOUSE,16,0,,2026-08-19,21.9
5102569,0.35150007366886804,0.3535636881553183,0.35150007366886804,0.5051199649630452,268.0,143.0,2026-08-18 20:04:15,K Golf Hotel Chonburi,20,0,,2026-08-19,25.3
5102570,0.4779221356546809,0.4779221356546809,0.4779221356546809,0.5094496136911493,528.0,528.0,2026-08-18 01:46:03,Sugar Marina Resort -LAGOON VILLAS- Naiyang Beach,8,1,2026-08-18 00:02:04,2026-08-28,30.01
5102572,0.4207792515512303,0.4864296702329262,0.4207792515512303,0.5091205251558831,924.0,801.0,2026-08-18 23:48:42,Bedz Hotel Ban Bueng,27,2,2026-08-18 17:49:59,2026-08-19,28.89
5102574,0.44665632555500173,0.4775267784069895,0.44665632555500173,0.5109494359164032,3470.0,1611.0,2026-08-18 23:03:17,Chaolao Sea Breeze,24,2,2026-08-18 08:15:18,2026-08-24,31.34
5102578,0.3616048936812254,0.3663460399648503,0.3616048936812254,0.5111459621692689,165.0,109.0,2026-08-18 10:19:49,Ban Phu Kieng Nam Resort,11,0,,2026-08-18,25.32
5102584,0.29793278579595506,0.302668687532881,0.29793278579595506,0.5114930827465473,77.0,25.0,2026-08-18 19:05:06,Yellow Stone Camp Resort Khao Yai By RoomQuest,32,0,,2026-08-28,23.76
5102588,0.3575552265749644,0.3575552265749644,0.3575552265749644,0.5076184458121655,14.0,14.0,2026-08-18 23:48:42,J Park Pakchong,2,0,,2026-08-26,24.56
5102603,0.3210847796691318,0.3729042523234017,0.3210847796691318,0.5098921845841229,46.0,20.0,2026-08-18 19:48:47,Hug Home Resort Wichianburi,25,0,,2026-08-20,24.29
5102640,0.28249109264463523,0.28249109264463523,0.28249109264463523,0.5074768538883352,12.0,3.0,2026-08-18 23:48:42,Prangtip Resort 3,12,0,,2026-08-26,22.04
5102645,0.3234465662140069,0.3254966408512239,0.3234465662140069,0.509745213981697,77.0,45.0,2026-08-18 23:48:42,DD House Yasothon,32,0,,2026-08-19,24.74
5102655,0.28583085699907135,0.28583085699907135,0.28583085699907135,0.505386829230594,7.0,7.0,2026-08-18 14:49:01,Sangtong Resort,7,0,,2026-08-18,21.89
5102659,0.3030650266812376,0.3100698029398347,0.3030650266812376,0.5097982156101921,36.0,23.0,2026-08-18 19:34:59,SP Garden Home,14,0,,2026-08-26,23.02
5102690,0.34397290453529966,0.34397290453529966,0.34397290453529966,0.5101064350680645,47.0,47.0,2026-08-18 23:19:38,My Backyard Homestay,8,0,,2026-08-19,24.38
5102697,0.31995644916250304,0.33189438663559223,0.31995644916250304,0.5179265437463095,154.0,40.0,2026-08-18 23:48:42,King's Hotel,123,8,2026-08-18 20:32:59,2026-08-18,29.26
5102717,0.29368485228197183,0.29368485228197183,0.29368485228197183,0.5091146120380591,16.0,8.0,2026-08-18 21:48:45,Kinboshi Silom,16,0,,2026-09-09,22.72
5102720,0.28166009716995494,0.2854955473567887,0.28166009716995494,0.5070913436971162,21.0,7.0,2026-08-18 09:00:50,KM Place Chachoengsao,21,0,,2026-08-20,22.45
5102740,0.3144352772875451,0.3144352772875451,0.3144352772875451,0.5165748614575973,12.0,12.0,2026-08-18 23:48:42,Khota Hill Hotel,6,0,,2026-08-19,23.21
