ProductID,Current_Hotness,Peak_Hotness,Avg_Hotness,Current_Trend,Current_Views,Peak_CheckIn_Views,Latest_Snapshot,ProductName,Active_View_Intervals,Modification_Count,Last_Modified_At,Peak_CheckIn_Date,Demand_Score,Destination,HotelType Short,Region,Agoda Status,Ctrip Status,Revenue,B2B2C RN,Destination_Search_Context,Funnel_Views,Funnel_Bookings,Internal_Worst_Gap,Internal_Median_Gap,Internal_Comparable_Rates,Internal_Total_Rates,Agoda_Price_Disadvantage,Agoda_Comparable_Dates,Views_per_Search,Search_to_Booking,Revenue Score,RN Score,Agoda Score,Ctrip Score,Mapping Score,Business Score,Opportunity Index,Commercial Rank,Priority,Action,Reason
43850,0.41115623219050357,0.4862319967268201,0.41115623219050357,0.5092230385769939,6491.0,2030.0,2026-08-04 23:33:09,Ratchaphruek Pavilion,62,11,2026-08-04 23:18:39,2026-08-16,34.48,Nakhon Pathom,KA,BKK - Metro - Chon,Mapped,Mapped,3566185.0,2969.0,968.5,6491.0,5.0,0.3385467408996095,0.3418766862059239,3.0,24.0,0.2862,4,6.7021166752710375,0.0007702973347712217,55.08,100.0,100,100,100.0,64.44,47.65,1,Critical,Review Agoda Rate Competitiveness,Agoda reports a price disadvantage; 0% is cheapest.
65430,0.41846480148282217,0.4949416027726161,0.41846480148282217,0.5084983579846085,3241.0,1105.0,2026-08-04 21:34:17,Som O House Hotel,87,12,2026-08-04 20:33:04,2026-08-04,36.14,Nakhonratchasima,KA,Lower Isan - Central,Mapped,Mapped,6474918.0,501.0,1319.0,3241.0,0.0,0.1017116873596128,0.1287552976718109,5.0,16.0,,0,2.457164518574678,0.0,100.0,16.87,100,100,100.0,62.29,47.07,2,Critical,Investigate Booking Conversion,"Demand exists, but no booking is matched to the current check-in demand."
455,0.4446488177417487,0.4524660035823336,0.4446488177417487,0.5141033955149095,210.0,186.0,2026-08-04 02:45:27,The Heritage Silom Hotel,5,0,,2026-08-14,28.61,Bangkok,KA,BKK - Metro - Chon,Mapped,Mapped,3564098.0,2741.0,2531.5,210.0,0.0,,,0.0,4.0,,0,0.08295476989926921,0.0,55.04,92.32,100,100,100.0,60.94,44.19,3,Critical,Investigate Booking Conversion,"Demand exists, but no booking is matched to the current check-in demand."
4918110,0.4468705005603311,0.48459840294540085,0.4468705005603311,0.4999012758784049,65758.0,8292.0,2026-08-04 22:51:02,101 Hotel Roi Et,131,28,2026-08-04 21:48:56,2026-08-20,60.29,Roi Et,KA,Lower Isan - Central,Mapped,Mapped,2267603.0,660.0,460.0,65758.0,5.0,,,0.0,41.0,,0,142.95217391304348,7.603637580218377e-05,35.02,22.23,100,100,100.0,36.24,41.2,4,Critical,Monitor,No immediate distribution issue requires action.
232,0.3695664748042051,0.431516337761199,0.3695664748042051,0.5090464533932347,693.0,412.0,2026-08-04 14:04:20,FX Hotel Metrolink Makkasan,14,1,2026-08-04 11:36:45,2026-08-04,26.5,Bangkok,KA,BKK - Metro - Chon,Mapped,Mapped,3265659.0,2510.0,2531.5,693.0,0.0,,,0.0,12.0,,0,0.27375074066758837,0.0,50.44,84.54,100,100,100.0,55.88,40.98,5,Critical,Investigate Booking Conversion,"Demand exists, but no booking is matched to the current check-in demand."
182820,0.36685145855187673,0.4273536939992052,0.36685145855187673,0.5083294112230339,820.0,154.0,2026-08-04 23:33:09,S.22 Hotel Suratthani,109,14,2026-08-04 22:34:47,2026-08-18,35.42,Surat Thani,KA,Upper South,Mapped,Mapped,2886594.0,1712.0,1083.5,820.0,7.0,0.1341493273302104,0.1590897461386967,8.0,96.0,0.25,9,0.7568066451315182,0.00853658536585366,44.58,57.66,100,100,100.0,46.67,39.05,6,Critical,Review Agoda Rate Competitiveness,Agoda reports a price disadvantage; 0% is cheapest.
2006816,0.40316603616978086,0.4830073266036745,0.40316603616978086,0.5128059980454976,2903.0,1132.0,2026-08-04 23:33:09,185 Residence Khon Kaen,67,13,2026-08-04 23:18:39,2026-08-04,33.62,Khon Kaen,KA,Upper Isan - East,Mapped,Mapped,4018458.0,890.0,1025.5,2903.0,2.0,0.2428001888222875,0.3670032146278638,4.0,10.0,0.2206,4,2.8308142369575817,0.0006889424733034792,62.06,29.98,100,100,100.0,46.75,38.59,7,Critical,Review Agoda Rate Competitiveness,Agoda reports a price disadvantage; 0% is cheapest.
152374,0.4014111660949415,0.42985804447483195,0.4014111660949415,0.5114867081337717,1386.0,226.0,2026-08-04 23:33:09,Orchid Riverview Hotel,76,10,2026-08-04 23:03:24,2026-08-27,33.91,Surat Thani,KA,Upper South,Mapped,Mapped,2858263.0,1484.0,954.5,1386.0,2.0,,,0.0,120.0,0.0058,2,1.4520691461498167,0.001443001443001443,44.14,49.98,100,100,100.0,43.85,37.21,8,Critical,Review Agoda Rate Competitiveness,Agoda reports a price disadvantage; 0% is cheapest.
4921194,0.4086203888426351,0.43308086943042723,0.4086203888426351,0.5106553496809461,1246.0,221.0,2026-08-04 23:33:09,The Neuf Ratchada,44,2,2026-08-04 22:03:21,2026-08-11,31.11,Bangkok,KA,BKK - Metro - Chon,Mapped,Mapped,2795030.0,1724.0,2851.0,1246.0,10.0,0.1722356334783224,0.1722356334783224,1.0,6.0,0.3532,5,0.43703963521571376,0.008025682182985553,43.17,58.07,100,100,100.0,45.23,37.05,9,Critical,Review Agoda Rate Competitiveness,Agoda reports a price disadvantage; 0% is cheapest.
183160,0.43278788020879205,0.49796216676956456,0.43278788020879205,0.5102600289641727,3837.0,753.0,2026-08-04 22:51:02,Aisana Hotel Korat,51,5,2026-08-04 19:05:32,2026-08-10,33.52,Nakhonratchasima,KA,Lower Isan - Central,Mapped,Mapped,3151781.0,1145.0,1179.0,3837.0,0.0,0.162550266269666,0.16357671368623478,2.0,28.0,,0,3.2544529262086512,0.0,48.68,38.57,100,100,100.0,42.62,36.47,10,Critical,Investigate Booking Conversion,"Demand exists, but no booking is matched to the current check-in demand."
138072,0.45657572917430206,0.47248291058232,0.45657572917430206,0.5005894329203109,9026.0,2651.0,2026-08-04 23:18:39,J Park Hotel,61,3,2026-08-04 14:04:20,2026-08-04,36.8,Chonburi,KA,BKK - Metro - Chon,Mapped,Mapped,2484923.0,1270.0,2288.0,9026.0,1.0,,,0.0,0.0,0.0717,3,3.94493006993007,0.00011079104808331487,38.38,42.78,100,100,100.0,39.38,35.74,11,Critical,Review Agoda Rate Competitiveness,Agoda reports a price disadvantage; 0% is cheapest.
522,0.4694358206036143,0.5701400419233378,0.4694358206036143,0.505491420144517,47262.0,4989.0,2026-08-04 23:33:09,Club Mahindra Mac Boutique Hotel,119,27,2026-08-04 23:33:09,2026-08-11,54.54,Bangkok,LT,BKK - Metro - Chon,Not Live,Unknown,0.0,0.0,2851.0,47262.0,0.0,0.0546396770098862,0.1131204086062031,7.0,9.0,0.4323,6,16.577341283760084,0.0,0.0,0.0,40,0,20.0,10.91,34.87,12,Critical,Activate Agoda,"Agoda connectivity exists, but the hotel is not live."
4854509,0.4142508884520885,0.47967928984859126,0.4142508884520885,0.5107274715088277,5113.0,1936.0,2026-08-04 23:33:09,Heaven Hotel Chachoengsao,77,9,2026-08-04 22:34:47,2026-08-05,35.64,Chachoengsao,KA,Upper Isan - East,Mapped,Mapped,2233630.0,1309.0,1260.5,5113.0,1.0,0.3616283595561305,0.3616283595561305,1.0,44.0,0.1659,2,4.056326854422848,0.00019557989438685703,34.5,44.09,100,100,100.0,37.61,34.6,13,Critical,Review Agoda Rate Competitiveness,Agoda reports a price disadvantage; 0% is cheapest.
180997,0.4328846255107441,0.4590090549682141,0.4328846255107441,0.5125154084490656,587.0,411.0,2026-08-04 20:47:47,Glai Gan Place Hotel,26,2,2026-08-04 14:04:20,2026-08-05,30.21,Saraburi,KA,Lower Isan - Central,Mapped,Mapped,3124293.0,1017.0,568.5,587.0,0.0,,,0.0,0.0,,0,1.032541776605101,0.0,48.25,34.25,100,100,100.0,40.44,34.41,14,Critical,Investigate Booking Conversion,"Demand exists, but no booking is matched to the current check-in demand."
4920836,0.3379950892770401,0.4144464697006879,0.3379950892770401,0.510551464653242,222.0,64.0,2026-08-04 23:33:09,SR Grand Hotel Chiang Mai,97,7,2026-08-04 23:03:24,2026-08-06,32.99,Chiang Mai,KA,North,Mapped,Mapped,3970711.0,144.0,1475.5,222.0,0.0,,,0.0,18.0,,0,0.15045747204337512,0.0,61.32,4.85,100,100,100.0,38.71,34.36,15,Critical,Investigate Booking Conversion,"Demand exists, but no booking is matched to the current check-in demand."
43842,0.3724355167342249,0.4167445942596199,0.3724355167342249,0.5184121223586152,574.0,166.0,2026-08-04 23:33:09,Rattana View Phitsanulok,68,1,2026-08-04 14:04:20,2026-08-04,31.89,Phitsanulok,KA,North,Mapped,Mapped,3313760.0,611.0,1391.5,574.0,2.0,0.0425322101140674,0.04433054600449795,5.0,55.0,0.3445,7,0.41250449155587493,0.003484320557491289,51.18,20.58,100,100,100.0,38.14,33.82,16,Critical,Review Agoda Rate Competitiveness,Agoda reports a price disadvantage; 0% is cheapest.
4883872,0.4563747915781143,0.46928576841835135,0.4563747915781143,0.509831442753491,4516.0,1289.0,2026-08-04 14:04:20,The Chess hotel,26,2,2026-08-04 14:04:20,2026-08-07,32.29,Rayong,KA,Upper Isan - East,Mapped,Mapped,2064401.0,1481.0,1716.0,4516.0,0.0,,,0.0,0.0,-0.0,2,2.6317016317016315,0.0,31.88,49.88,100,100,100.0,37.36,33.47,17,Critical,Investigate Booking Conversion,"Demand exists, but no booking is matched to the current check-in demand."
182835,0.3832898819448452,0.4735875717517852,0.3832898819448452,0.5087712078313258,332.0,102.0,2026-08-04 23:33:09,Nadee 10 Resort & Hotel,40,2,2026-08-04 15:52:08,2026-08-28,29.4,Khon Kaen,KA,Upper Isan - East,Mapped,Mapped,2314119.0,1496.0,1122.0,332.0,4.0,,,0.0,24.0,0.031,3,0.29590017825311943,0.012048192771084338,35.74,50.39,100,100,100.0,38.87,33.34,18,Critical,Review Agoda Rate Competitiveness,Agoda reports a price disadvantage; 0% is cheapest.
4885023,0.4434435104437171,0.46680910510183543,0.4434435104437171,0.5159000300623817,3477.0,963.0,2026-08-04 22:51:02,Conbrio Resort & Sport Club,89,14,2026-08-04 22:51:02,2026-08-10,37.55,Saraburi,KA,Lower Isan - Central,Mapped,Mapped,3048789.0,255.0,264.5,3477.0,0.0,,,0.0,47.0,,0,13.145557655954631,0.0,47.09,8.59,100,100,100.0,33.63,33.24,19,Critical,Investigate Booking Conversion,"Demand exists, but no booking is matched to the current check-in demand."
21378,0.43875927731757347,0.48243047747505396,0.43875927731757347,0.5111021130497687,2031.0,364.0,2026-08-04 23:33:09,Hug Nimman Hotel Chiang Mai,60,10,2026-08-04 23:18:39,2026-08-04,34.08,Chiang Mai,KA,North,Mapped,Mapped,2159600.0,1118.0,1208.0,2031.0,1.0,,,0.0,24.0,0.3331,6,1.6812913907284768,0.0004923682914820286,33.35,37.66,100,100,100.0,34.79,32.73,20,Critical,Review Agoda Rate Competitiveness,Agoda reports a price disadvantage; 0% is cheapest.
43603,0.4330327542086634,0.48005737188197384,0.4330327542086634,0.5076651235424514,3871.0,936.0,2026-08-04 23:33:09,V-Verve Service Apartment,78,12,2026-08-04 17:52:50,2026-08-05,36.05,Chachoengsao,KA,Upper Isan - East,Mapped,Mapped,2370645.0,781.0,1260.5,3871.0,1.0,,,0.0,7.0,,0,3.0710035700119,0.0002583311805734952,36.61,26.31,100,100,100.0,33.41,32.6,21,Critical,Monitor,No immediate distribution issue requires action.
65457,0.4241390272968005,0.4762586943133295,0.4241390272968005,0.5116794032753242,482.0,190.0,2026-08-04 16:06:46,Centric Place Hotel,18,0,,2026-08-05,29.05,Bangkok,KA,BKK - Metro - Chon,Mapped,Mapped,2655035.0,975.0,2851.0,482.0,0.0,,,0.0,4.0,-0.0,1,0.16906348649596634,0.0,41.0,32.84,100,100,100.0,36.16,31.91,22,Critical,Investigate Booking Conversion,"Demand exists, but no booking is matched to the current check-in demand."
43918,0.4135976713401441,0.4911630324880097,0.4135976713401441,0.5136883584590967,1830.0,519.0,2026-08-04 23:03:24,The Zenith Residence Hotel,99,12,2026-08-04 21:48:56,2026-08-05,36.76,Nakhonratchasima,KA,Lower Isan - Central,Mapped,Mapped,2233018.0,653.0,1319.0,1830.0,0.0,0.1400617452084764,0.16248318610282292,6.0,21.0,,0,1.3874147081122061,0.0,34.49,21.99,100,100,100.0,31.19,31.76,23,Critical,Investigate Booking Conversion,"Demand exists, but no booking is matched to the current check-in demand."
63676,0.4124970316674965,0.5152762196459495,0.4124970316674965,0.5090544607323536,851.0,230.0,2026-08-04 21:48:56,Loft Mania Boutique Hotel,22,1,2026-08-04 21:48:56,2026-08-05,29.03,Chumphon,KA,Upper South,Mapped,Mapped,1907749.0,1440.0,714.5,851.0,3.0,0.1850441184506085,0.2068346768659832,3.0,20.0,-0.0,1,1.1910426871938418,0.0035252643948296123,29.46,48.5,100,100,100.0,35.09,31.34,24,Critical,Monitor,No immediate distribution issue requires action.
4849575,0.41000203831673315,0.4477257466653708,0.41000203831673315,0.5094517389063375,2123.0,467.0,2026-08-04 23:33:09,L2 Hotel,58,6,2026-08-04 23:33:09,2026-08-04,32.73,Khon Kaen,KA,Upper Isan - East,Mapped,Mapped,2651683.0,570.0,1025.5,2123.0,0.0,0.0638752252895943,0.0972604822941386,5.0,30.0,-0.0,1,2.0702096538274013,0.0,40.95,19.2,100,100,100.0,32.78,31.3,25,Critical,Investigate Booking Conversion,"Demand exists, but no booking is matched to the current check-in demand."
63574,0.4530824574844192,0.5232915863957712,0.4530824574844192,0.5318454004198777,9373.0,3765.0,2026-08-04 23:33:09,The Nest Hotel Phichit,22,4,2026-08-04 22:18:28,2026-08-04,33.7,Phichit,KA,North,Mapped,Mapped,1899371.0,1005.0,178.0,9373.0,0.0,,,0.0,4.0,,0,52.657303370786515,0.0,29.33,33.85,100,100,100.0,31.56,31.21,26,Critical,Investigate Booking Conversion,"Demand exists, but no booking is matched to the current check-in demand."
5101146,0.42432915750211,0.4987507869182771,0.42432915750211,0.509963040452887,9001.0,1344.0,2026-08-04 23:33:09,Kastel Bangkok Hotel,211,23,2026-08-04 23:33:09,2026-08-15,49.91,Bangkok,LT,BKK - Metro - Chon,Mapped,Unknown,163837.0,101.0,2851.0,9001.0,0.0,0.0879032742688726,0.11517043172345684,10.0,14.0,,0,3.157137846369695,0.0,2.53,3.4,100,0,50.0,12.27,31.21,27,Critical,Investigate Booking Conversion,"Demand exists, but no booking is matched to the current check-in demand."
4920826,0.33458388966106134,0.36852482579039253,0.33458388966106134,0.5194872430313535,44.0,14.0,2026-08-04 23:33:09,"Double J Hotel Chiang Mai (Free Baked Rice with Chinese Sausage, snacks and coffee)",37,0,,2026-08-04,27.29,Chiang Mai,KA,North,Mapped,Mapped,3015557.0,540.0,1475.5,44.0,0.0,,,0.0,0.0,,0,0.02982039986445273,0.0,46.57,18.19,100,100,100.0,34.2,30.48,28,Critical,Investigate Booking Conversion,"Demand exists, but no booking is matched to the current check-in demand."
4862770,0.3650689058545913,0.42624429158436294,0.3650689058545913,0.5097914672201165,1326.0,356.0,2026-08-04 23:33:09,Casa Coco Hotel,157,13,2026-08-04 22:51:02,2026-08-04,40.08,Nakhonratchasima,KA,Lower Isan - Central,Mapped,Mapped,2340372.0,62.0,1319.0,1326.0,0.0,-0.0085854011669353,0.0626918479422221,7.0,28.0,,0,1.0053070507960575,0.0,36.15,2.09,100,100,100.0,26.72,30.48,29,Critical,Fix Internal Rate Parity,Our rate is more expensive than a comparable partner rate.
63463,0.38523434768872666,0.44242958086930084,0.38523434768872666,0.5085967523948896,1387.0,447.0,2026-08-04 23:33:09,River Hotel Nakhon Pathom,57,6,2026-08-04 23:18:39,2026-08-05,31.41,Nakhon Pathom,KA,BKK - Metro - Chon,Mapped,Mapped,2464751.0,642.0,968.5,1387.0,1.0,,,0.0,24.0,,0,1.4321115126484254,0.0007209805335255948,38.07,21.62,100,100,100.0,31.8,30.41,30,Critical,Monitor,No immediate distribution issue requires action.
5101649,0.4007977483808468,0.45301525934997267,0.4007977483808468,0.514301407402335,1142.0,203.0,2026-08-04 19:05:32,Moose EASY Hotel,40,0,,2026-08-06,30.46,Chiang Mai,KA,North,Mapped,Unknown,1298624.0,602.0,1475.5,1142.0,0.0,,,0.0,4.0,,0,0.7739749237546595,0.0,20.06,20.28,100,0,50.0,22.21,30.38,31,Critical,Investigate Booking Conversion,"Demand exists, but no booking is matched to the current check-in demand."
4611,0.38925919098533246,0.4307172684766254,0.38925919098533246,0.509417946252018,377.0,117.0,2026-08-04 18:06:03,PLAAI Prime Hotel Rayong,23,2,2026-08-04 03:15:05,2026-08-14,28.05,Rayong,KA,Upper Isan - East,Mapped,Mapped,2089116.0,1140.0,1716.0,377.0,0.0,-0.059376400073838,-0.0557654335960786,4.0,12.0,0.1562,5,0.2196969696969697,0.0,32.26,38.4,100,100,100.0,33.26,30.14,32,Critical,Fix Internal Rate Parity,Our rate is more expensive than a comparable partner rate.
43674,0.5081485845045598,0.5111133577591553,0.5081485845045598,0.5216507773786138,275.0,120.0,2026-08-04 20:47:47,The Grace Residence Surin,8,0,,2026-08-07,31.6,Surin,KA,Lower Isan - Central,Mapped,Mapped,1392877.0,1309.0,423.0,275.0,0.0,,,0.0,0.0,,0,0.6501182033096927,0.0,21.51,44.09,100,100,100.0,30.3,29.85,33,Critical,Investigate Booking Conversion,"Demand exists, but no booking is matched to the current check-in demand."
5102574,0.4428680243270105,0.4978995203426034,0.4428680243270105,0.5080020567896246,7431.0,1734.0,2026-08-04 23:33:09,Chaolao Sea Breeze,66,16,2026-08-04 23:18:39,2026-08-09,36.39,Chanthaburi,LT,Upper Isan - East,Unknown,Unknown,0.0,0.0,1086.0,7431.0,0.0,-0.604080306863119,0.16650314001118166,14.0,19.0,,0,6.842541436464089,0.0,0.0,0.0,0,0,0.0,7.28,29.64,34,Critical,Fix Internal Rate Parity,Our rate is more expensive than a comparable partner rate.
21442,0.3603847881160805,0.411933035523515,0.3603847881160805,0.5230565307213115,264.0,151.0,2026-08-04 23:33:09,Maihom Resort Dechatiwong Bridge,88,9,2026-08-04 23:18:39,2026-08-04,33.3,Nakhon Sawan,KA,North,Mapped,Mapped,2619414.0,194.0,1451.0,264.0,0.0,0.1313369503983746,0.1313369503983746,1.0,3.0,,0,0.1819434872501723,0.0,40.45,6.53,100,100,100.0,28.84,29.64,35,Critical,Investigate Booking Conversion,"Demand exists, but no booking is matched to the current check-in demand."
5049469,0.33373815530339573,0.33373815530339573,0.33373815530339573,0.5102574650281863,115.0,23.0,2026-08-04 18:36:27,Baan Pak Ruean Pathom2,35,0,,2026-08-11,26.91,Nakhon Pathom,KA,BKK - Metro - Chon,Not Mapped,Unknown,916133.0,22.0,130.0,115.0,0.0,,,0.0,1.0,,0,0.8846153846153846,0.0,14.15,0.74,0,0,0.0,12.68,29.52,36,Critical,Map Hotel to Agoda,"Demand exists, but hotel-level mapping is missing on Agoda."
1395,0.46883374559194724,0.5564145786546445,0.46883374559194724,0.5164055061263767,772.0,177.0,2026-08-04 20:47:47,Twin Lotus Hotel Nakhon Si Thammarat,34,5,2026-08-04 20:47:47,2026-08-14,32.54,Nakhon Si Thammarat,KA,Lower South - West,Mapped,Mapped,1464900.0,1084.0,799.5,772.0,0.0,,,0.0,47.0,0.3548,4,0.965603502188868,0.0,22.62,36.51,100,100,100.0,28.77,29.31,37,Critical,Review Agoda Rate Competitiveness,Agoda reports a price disadvantage; 0% is cheapest.
23788,0.41762881714860733,0.46040930579013695,0.41762881714860733,0.5116121791574244,577.0,146.0,2026-08-04 16:21:17,Marsi Hotel,24,2,2026-08-04 10:02:48,2026-08-07,29.39,Bangkok,KA,BKK - Metro - Chon,Mapped,Mapped,2128556.0,813.0,2851.0,577.0,0.0,0.0151969322878672,0.0265495853265672,3.0,6.0,,0,0.2023851280252543,0.0,32.87,27.38,100,100,100.0,30.53,29.2,38,Critical,Investigate Booking Conversion,"Demand exists, but no booking is matched to the current check-in demand."
2007470,0.41453072021873466,0.4328647526932333,0.41453072021873466,0.5121294630377419,666.0,356.0,2026-08-04 21:48:56,The Smart Hotel Hatyai,31,3,2026-08-04 20:47:47,2026-08-05,29.96,Hatyai,KA,Lower South - West,Mapped,Mapped,1688341.0,1082.0,1894.0,666.0,0.0,,,0.0,5.0,0.4041,2,0.35163674762407604,0.0,26.08,36.44,100,100,100.0,29.96,29.09,39,Critical,Review Agoda Rate Competitiveness,Agoda reports a price disadvantage; 0% is cheapest.
63672,0.3895369452933941,0.42222159529886216,0.3895369452933941,0.5092402566454504,2883.0,613.0,2026-08-04 21:48:56,Madina Hotel Rayong,74,13,2026-08-04 20:47:47,2026-08-05,33.66,Rayong,KA,Upper Isan - East,Mapped,Mapped,1505028.0,933.0,1716.0,2883.0,0.0,-0.0466894037398564,-0.0466894037398564,1.0,48.0,,0,1.68006993006993,0.0,23.24,31.42,100,100,100.0,27.78,29.08,40,Critical,Fix Internal Rate Parity,Our rate is more expensive than a comparable partner rate.
5101840,0.41527582228051135,0.4309332106083144,0.41527582228051135,0.5112906667291901,259.0,134.0,2026-08-04 12:51:31,Unya Hotel Ubon,20,2,2026-08-04 04:58:51,2026-08-05,28.81,Ubon Ratchathani,KA,Lower Isan - Central,Not Mapped,Unknown,601877.0,3.0,1555.5,259.0,0.0,,,0.0,0.0,,0,0.16650594664095147,0.0,9.3,0.1,0,0,0.0,10.44,28.98,41,Critical,Map Hotel to Agoda,"Demand exists, but hotel-level mapping is missing on Agoda."
43588,0.3922270797236147,0.3922270797236147,0.3922270797236147,0.5148764465685312,161.0,161.0,2026-08-04 14:04:20,TM Land Hotel,6,0,,2026-08-04,26.6,Phra Nakhon Si Ayutthaya,KA,Lower Isan - Central,Mapped,Mapped,1646315.0,1296.0,675.5,161.0,0.0,,,0.0,0.0,,0,0.23834196891191708,0.0,25.43,43.65,100,100,100.0,31.13,28.69,42,Critical,Investigate Booking Conversion,"Demand exists, but no booking is matched to the current check-in demand."
183404,0.33368457990147266,0.3995535721901904,0.33368457990147266,0.5093245673005498,404.0,152.0,2026-08-04 23:03:24,O2 Hotel Lopburi,81,2,2026-08-04 23:03:24,2026-08-06,31.33,Lop Buri,KA,Lower Isan - Central,Mapped,Mapped,2330179.0,408.0,460.5,404.0,0.0,,,0.0,8.0,,0,0.8773072747014115,0.0,35.99,13.74,100,100,100.0,28.38,28.68,43,Critical,Investigate Booking Conversion,"Demand exists, but no booking is matched to the current check-in demand."
4933133,0.34407335694037733,0.34407335694037733,0.34407335694037733,0.5125645327810533,19.0,14.0,2026-08-04 23:33:09,The Rise Suites Hotel Chiang Mai,8,0,,2026-08-08,24.78,Chiang Mai,KA,North,Not Live,Unknown,1126683.0,253.0,1106.5,19.0,0.0,,,0.0,15.0,,0,0.01717126073203796,0.0,17.4,8.52,40,0,20.0,16.21,28.67,44,Critical,Activate Agoda,"Agoda connectivity exists, but the hotel is not live."
2010534,0.4000226294601166,0.40098010204734663,0.4000226294601166,0.5094261450973179,262.0,148.0,2026-08-04 17:52:50,Romance Hotel Sukhumvit 97,6,0,,2026-08-06,26.84,Bangkok,KA,BKK - Metro - Chon,Mapped,Mapped,1669740.0,1241.0,2851.0,262.0,0.0,,,0.0,0.0,,0,0.09189757979656261,0.0,25.79,41.8,100,100,100.0,30.8,28.55,45,Critical,Investigate Booking Conversion,"Demand exists, but no booking is matched to the current check-in demand."
5101778,0.3859769812502589,0.4002639891649768,0.3859769812502589,0.5066549306104771,333.0,18.0,2026-08-04 11:36:45,Khunprom Resort,60,0,,2026-08-22,31.36,Phra Nakhon Si Ayutthaya,KA,Lower Isan - Central,Not Mapped,Unknown,229533.0,0.0,675.5,333.0,0.0,,,0.0,13.0,,0,0.4929681717246484,0.0,3.54,0.0,0,0,0.0,8.04,28.5,46,Critical,Map Hotel to Agoda,"Demand exists, but hotel-level mapping is missing on Agoda."
4918075,0.37476766781530885,0.4260844796155829,0.37476766781530885,0.5104356335621717,500.0,304.0,2026-08-04 16:21:17,K2 Green Kanchanaburi,18,3,2026-08-04 16:21:17,2026-08-05,27.06,Kanchanaburi,KA,Lower South - West,Mapped,Mapped,2168715.0,816.0,762.0,500.0,0.0,0.3453584633293339,0.35120016980486357,2.0,2.0,,0,0.6561679790026247,0.0,33.49,27.48,100,100,100.0,30.4,28.42,47,Critical,Investigate Booking Conversion,"Demand exists, but no booking is matched to the current check-in demand."
4948534,0.34955271456632786,0.34955271456632786,0.34955271456632786,0.509281942704576,10.0,10.0,2026-08-04 12:51:31,Prang Place Resort,10,0,,2026-08-04,25.12,Lop Buri,KA,Lower Isan - Central,Not Mapped,Not Mapped,838868.0,0.0,460.5,10.0,0.0,,,0.0,0.0,,0,0.021715526601520086,0.0,12.96,0.0,0,0,0.0,11.5,28.38,48,Critical,Map Hotel to Agoda,"Demand exists, but hotel-level mapping is missing on Agoda."
5101980,0.37464502885238177,0.4272014211004199,0.37464502885238177,0.5082336277910658,11711.0,4296.0,2026-08-04 23:33:09,P&B Hotel Nakhon Phanom,42,7,2026-08-04 22:18:28,2026-08-08,32.69,Nakhon Phanom,LT,Upper Isan - East,Not Mapped,Unknown,32869.0,18.0,289.5,11711.0,0.0,,,0.0,4.0,,0,40.45250431778929,0.0,0.51,0.61,0,0,0.0,6.98,28.38,49,Critical,Map Hotel to Agoda,"Demand exists, but hotel-level mapping is missing on Agoda."
380,0.3759957856320799,0.38838794314277764,0.3759957856320799,0.5085250677036139,100.0,41.0,2026-08-04 16:21:17,Forum Park Hotel,14,0,,2026-08-06,26.57,Bangkok,KA,BKK - Metro - Chon,Mapped,Mapped,3047332.0,161.0,2851.0,100.0,0.0,0.2665786913982843,0.2665786913982843,1.0,4.0,,0,0.035075412136092596,0.0,47.06,5.42,100,100,100.0,30.47,28.29,50,Critical,Investigate Booking Conversion,"Demand exists, but no booking is matched to the current check-in demand."
5101640,0.3841904695661007,0.4400805458186466,0.3841904695661007,0.5086688997100527,396.0,221.0,2026-08-04 23:33:09,Bear & Bird Hotel,34,0,,2026-08-05,28.88,Surat Thani,KA,Upper South,Mapped,Mapped,1610572.0,1016.0,1844.5,396.0,0.0,,,0.0,20.0,,0,0.21469232854432097,0.0,24.87,34.22,100,100,100.0,28.48,27.99,51,High,Investigate Booking Conversion,"Demand exists, but no booking is matched to the current check-in demand."
63571,0.44371460932136786,0.47272657223120845,0.44371460932136786,0.5127300116700376,940.0,370.0,2026-08-04 20:47:47,Serene Residence,45,8,2026-08-04 16:21:17,2026-08-05,32.55,Kanchanaburi,KA,Lower South - West,Mapped,Mapped,1830019.0,509.0,762.0,940.0,0.0,,,0.0,0.0,,0,1.2335958005249343,0.0,28.26,17.14,100,100,100.0,25.78,27.78,52,High,Investigate Booking Conversion,"Demand exists, but no booking is matched to the current check-in demand."
2011057,0.3162295008624297,0.3415589000729138,0.3162295008624297,0.5184819390030434,138.0,8.0,2026-08-04 23:33:09,Asleep by Lantana,87,1,2026-08-04 12:38:07,2026-08-06,31.31,,,,Unknown,Unknown,0.0,0.0,1645.0,138.0,0.0,,,0.0,54.0,,0,0.08389057750759879,0.0,0.0,0.0,0,0,0.0,6.26,27.71,53,High,Investigate Booking Conversion,"Demand exists, but no booking is matched to the current check-in demand."
183196,0.2858784744352337,0.3149798515875382,0.2858784744352337,0.506155428482769,40.0,4.0,2026-08-04 20:47:47,H2M Residence,40,0,,2026-08-15,25.36,Chiang Rai,KA,North,Unknown,Not Mapped,610297.0,0.0,248.0,40.0,0.0,,,0.0,55.0,,0,0.16129032258064516,0.0,9.43,0.0,0,0,0.0,9.79,27.56,54,High,Expand to Ctrip,The hotel has demand but is not mapped on Ctrip.
152886,0.3931281882818202,0.4084431805199128,0.3931281882818202,0.5103374851528459,349.0,80.0,2026-08-04 19:05:32,Maihom Villa Hotel,79,13,2026-08-04 18:49:41,2026-08-04,33.53,Nakhon Sawan,KA,North,Mapped,Mapped,2186524.0,115.0,1451.0,349.0,0.0,,,0.0,0.0,,0,0.2405237767057202,0.0,33.77,3.87,100,100,100.0,24.75,27.54,55,High,Investigate Booking Conversion,"Demand exists, but no booking is matched to the current check-in demand."
21418,0.3672036362810547,0.3869497472456083,0.3672036362810547,0.5084403451675757,219.0,179.0,2026-08-04 12:51:31,Metro point Bangkok,22,1,2026-08-04 05:57:40,2026-09-02,27.01,Bangkok,KA,BKK - Metro - Chon,Mapped,Mapped,1854879.0,878.0,38.5,219.0,0.0,,,0.0,18.0,,0,5.688311688311688,0.0,28.65,29.57,100,100,100.0,28.6,27.49,56,High,Investigate Booking Conversion,"Demand exists, but no booking is matched to the current check-in demand."
64959,0.3789750179463708,0.38816462570461274,0.3789750179463708,0.5121607284565822,2322.0,1239.0,2026-08-04 23:33:09,Ma Chic & Cozy,34,4,2026-08-04 22:18:28,2026-08-04,29.33,Lampang,KA,North,Mapped,Mapped,992402.0,1345.0,941.0,2322.0,0.0,,,0.0,0.0,,0,2.467587672688629,0.0,15.33,45.3,100,100,100.0,27.12,27.48,57,High,Investigate Booking Conversion,"Demand exists, but no booking is matched to the current check-in demand."
137620,0.4100549248201166,0.43761740966841217,0.4100549248201166,0.5005274414911492,6490.0,3011.0,2026-08-04 20:47:47,Kumkaewudon Hotel,22,8,2026-08-04 20:47:47,2026-08-15,30.47,Udon Thani,KA,Upper Isan - East,Not Mapped,Not Mapped,70035.0,2.0,950.0,6490.0,0.0,,,0.0,4.0,,0,6.831578947368421,0.0,1.08,0.07,0,0,0.0,6.66,27.47,58,High,Map Hotel to Agoda,"Demand exists, but hotel-level mapping is missing on Agoda."
2002133,0.36434278440850487,0.3897218868029371,0.36434278440850487,0.5142939378290989,28.0,24.0,2026-08-04 16:21:17,Preechana Hotel,8,0,,2026-08-04,25.63,Rayong,KA,Upper Isan - East,Not Mapped,Not Mapped,494509.0,26.0,1322.5,28.0,0.0,,,0.0,0.0,,0,0.02117202268431002,0.0,7.64,0.88,0,0,0.0,9.21,27.44,59,High,Map Hotel to Agoda,"Demand exists, but hotel-level mapping is missing on Agoda."
46,0.40681657916265557,0.5064718603553868,0.40681657916265557,0.5044048337680457,12435.0,1377.0,2026-08-04 23:33:09,Chiva Bangkok Hotel,114,20,2026-08-04 23:03:24,2026-08-13,40.95,Bangkok,LT,BKK - Metro - Chon,Mapped,Not Mapped,156853.0,81.0,2851.0,12435.0,0.0,-0.0295716921116595,-0.009071871152139801,6.0,77.0,0.0213,2,4.361627499123115,0.0,2.42,2.73,100,0,50.0,10.22,27.44,60,High,Fix Internal Rate Parity,Our rate is more expensive than a comparable partner rate.
5101627,0.3601623485827835,0.3975029771627907,0.3601623485827835,0.5044612374226767,426.0,83.0,2026-08-04 22:51:02,The Moon Kalasin,35,3,2026-08-04 18:06:03,2026-08-05,27.94,Kalasin,KA,Upper Isan - East,Not Mapped,Unknown,231646.0,62.0,85.0,426.0,0.0,,,0.0,8.0,,0,5.011764705882353,0.0,3.58,2.09,0,0,0.0,8.01,27.43,61,High,Map Hotel to Agoda,"Demand exists, but hotel-level mapping is missing on Agoda."
4606475,0.3766616275173561,0.4276136286687378,0.3766616275173561,0.5080810561681349,487.0,151.0,2026-08-04 16:06:46,Belle Grand Hotel Udon Thani,30,2,2026-08-04 15:52:08,2026-08-07,28.22,Udon Thani,KA,Upper Isan - East,Mapped,Mapped,2196710.0,505.0,927.0,487.0,0.0,0.1397319453595795,0.1619918016156859,3.0,6.0,0.0941,1,0.5253505933117584,0.0,33.93,17.01,100,100,100.0,27.71,27.4,62,High,Review Agoda Rate Competitiveness,Agoda reports a price disadvantage; 0% is cheapest.
183492,0.3987474219869761,0.4280097304916925,0.3987474219869761,0.509359358752617,922.0,348.0,2026-08-04 23:33:09,Blu Monkey Hotel Suratthani,66,7,2026-08-04 23:18:39,2026-08-04,32.67,Surat Thani,KA,Upper South,Mapped,Mapped,1562120.0,610.0,1844.5,922.0,0.0,,,0.0,6.0,0.2176,2,0.4998644619137978,0.0,24.13,20.55,100,100,100.0,24.76,27.28,63,High,Review Agoda Rate Competitiveness,Agoda reports a price disadvantage; 0% is cheapest.
2004575,0.3474741370139765,0.36327139282007803,0.3474741370139765,0.509509314043723,345.0,262.0,2026-08-04 23:18:39,Ben Residence,12,2,2026-08-04 01:30:42,2026-08-06,25.33,Bangkok,KA,BKK - Metro - Chon,Mapped,Unknown,1746914.0,52.0,1780.0,345.0,0.0,,,0.0,0.0,,0,0.19382022471910113,0.0,26.98,1.75,100,0,50.0,19.08,27.23,64,High,Monitor,No immediate distribution issue requires action.
4950119,0.3391072050273977,0.34607518795164643,0.3391072050273977,0.508989814296318,38.0,14.0,2026-08-04 16:21:17,Phetkham Resort Bangsawan,16,0,,2026-08-06,25.27,Surat Thani,KA,Upper South,Not Mapped,Not Mapped,526403.0,0.0,1844.5,38.0,0.0,,,0.0,0.0,,0,0.02060178910273787,0.0,8.13,0.0,0,0,0.0,9.12,27.23,65,High,Map Hotel to Agoda,"Demand exists, but hotel-level mapping is missing on Agoda."
5101043,0.4073540579862078,0.43159998640679537,0.4073540579862078,0.5071915369599587,1077.0,542.0,2026-08-04 23:33:09,The Way Hotel Ban Pong,38,5,2026-08-04 23:03:24,2026-08-06,30.37,Ratchaburi,KA,Lower South - West,Mapped,Unknown,1163976.0,89.0,715.0,1077.0,0.0,,,0.0,0.0,,0,1.5062937062937063,0.0,17.98,3.0,100,0,50.0,15.96,27.16,66,High,Investigate Booking Conversion,"Demand exists, but no booking is matched to the current check-in demand."
4921302,0.42860953017497233,0.4480377019829295,0.42860953017497233,0.5150899621170879,538.0,531.0,2026-08-04 22:03:21,SOPISA boutique hotel Ayutthaya,13,1,2026-08-04 14:04:20,2026-08-04,28.84,Amnart Charoen,KA,Lower Isan - Central,Mapped,Unknown,1059429.0,267.0,675.5,538.0,0.0,,,0.0,2.0,0.2444,1,0.7964470762398224,0.0,16.36,8.99,100,0,50.0,16.64,27.13,67,High,Review Agoda Rate Competitiveness,Agoda reports a price disadvantage; 0% is cheapest.
181551,0.40796953533200014,0.45330594257834117,0.40796953533200014,0.5096353837392035,2017.0,554.0,2026-08-04 23:33:09,Charisma Residence,82,16,2026-08-04 23:18:39,2026-08-06,34.9,Rayong,KA,Upper Isan - East,Mapped,Mapped,1097266.0,756.0,1716.0,2017.0,0.0,0.0330734329470349,0.2494218246626856,5.0,35.0,,0,1.1754079254079255,0.0,16.95,25.46,100,100,100.0,23.09,27.11,68,High,Investigate Booking Conversion,"Demand exists, but no booking is matched to the current check-in demand."
64950,0.3283127855332523,0.4210629048454574,0.3283127855332523,0.5114245585402617,429.0,181.0,2026-08-04 23:33:09,The Bliss Hotel Ubon,98,14,2026-08-04 22:51:02,2026-08-05,32.78,Ubon Ratchathani,KA,Lower Isan - Central,Mapped,Mapped,2285589.0,9.0,1555.5,429.0,0.0,-0.0659328078464209,-0.0659328078464209,1.0,10.0,,0,0.2757955641272903,0.0,35.3,0.3,100,100,100.0,24.3,27.1,69,High,Fix Internal Rate Parity,Our rate is more expensive than a comparable partner rate.
4952921,0.2983048002774032,0.3095239586761015,0.2983048002774032,0.5089360528235778,57.0,28.0,2026-08-04 23:33:09,Baan Ar-kong Pakchong,32,0,,2026-08-08,25.16,Khaoyai,KA,Lower Isan - Central,Not Mapped,Not Mapped,496392.0,0.0,1179.0,57.0,0.0,,,0.0,2.0,,0,0.04834605597964377,0.0,7.67,0.0,0,0,0.0,8.87,27.07,70,High,Map Hotel to Agoda,"Demand exists, but hotel-level mapping is missing on Agoda."
63391,0.3888065934043547,0.42616917421529776,0.3888065934043547,0.5099004529402539,445.0,105.0,2026-08-04 22:34:47,Porn 3 Hotel Khonkaen,69,14,2026-08-04 22:34:47,2026-08-06,32.43,Khon Kaen,KA,Upper Isan - East,Mapped,Mapped,1986101.0,253.0,1025.5,445.0,0.0,0.2052829295768983,0.2116919636467581,2.0,21.0,,0,0.43393466601657726,0.0,30.67,8.52,100,100,100.0,24.38,27.02,71,High,Investigate Booking Conversion,"Demand exists, but no booking is matched to the current check-in demand."
2000299,0.36996853337657004,0.4095935349387286,0.36996853337657004,0.5079541805082693,4206.0,681.0,2026-08-04 23:33:09,Morage Hotel Phitsanulok,81,8,2026-08-04 20:33:04,2026-08-08,33.91,Phitsanulok,KA,North,Mapped,Mapped,1549875.0,469.0,1163.0,4206.0,0.0,,,0.0,50.0,0.0903,1,3.6165090283748924,0.0,23.94,15.8,100,100,100.0,23.49,27.0,72,High,Review Agoda Rate Competitiveness,Agoda reports a price disadvantage; 0% is cheapest.
1514,0.3851981855737614,0.4120945272642781,0.3851981855737614,0.5132325893121549,14791.0,1437.0,2026-08-04 23:33:09,Windmill Resort Hotel,124,17,2026-08-04 23:18:39,2026-08-06,41.92,Pattaya,LT,BKK - Metro - Chon,Mapped,Unknown,6953.0,12.0,2288.0,14791.0,1.0,,,0.0,20.0,0.1756,2,6.4645979020979025,6.760868095463458e-05,0.11,0.4,100,0,50.0,8.56,26.99,73,High,Review Agoda Rate Competitiveness,Agoda reports a price disadvantage; 0% is cheapest.
4920695,0.3975086917766467,0.4020952138989904,0.3975086917766467,0.5338233012523601,24.0,20.0,2026-08-04 23:33:09,Ruen Chom Dao Ratchaburi,12,0,,2026-08-05,27.72,Ratchaburi,KA,Lower South - West,Not Mapped,Unknown,146837.0,0.0,715.0,24.0,0.0,,,0.0,0.0,,0,0.033566433566433566,0.0,2.27,0.0,0,0,0.0,6.68,26.99,74,High,Map Hotel to Agoda,"Demand exists, but hotel-level mapping is missing on Agoda."
2007683,0.33511461271780346,0.3823107921698021,0.33511461271780346,0.5150818775580693,57.0,7.0,2026-08-04 16:21:17,J Residence Samut Prakan,57,0,,2026-08-10,29.13,Samut Prakan,LT,BKK - Metro - Chon,Unknown,Unknown,44854.0,0.0,1394.0,57.0,0.0,,,0.0,6.0,,0,0.040889526542324243,0.0,0.69,0.0,0,0,0.0,6.17,26.98,75,High,Investigate Booking Conversion,"Demand exists, but no booking is matched to the current check-in demand."
4920860,0.42124292158173215,0.4789445463806863,0.42124292158173215,0.5103534219859923,1473.0,481.0,2026-08-04 20:33:04,The Garden Home Resort Suphan Buri,18,3,2026-08-04 18:06:03,2026-08-06,29.21,Suphan Buri,LT,Lower Isan - Central,Not Mapped,Not Mapped,40180.0,6.0,385.0,1473.0,0.0,,,0.0,1.0,,0,3.825974025974026,0.0,0.62,0.2,0,0,0.0,6.21,26.97,76,High,Map Hotel to Agoda,"Demand exists, but hotel-level mapping is missing on Agoda."
4896922,0.33623117141887976,0.38770489889399334,0.33623117141887976,0.5077384033191326,618.0,238.0,2026-08-04 23:33:09,Kiirin House Banpong,44,6,2026-08-04 23:03:24,2026-08-05,27.96,Ratchaburi,KA,Lower South - West,Not Mapped,Not Mapped,114222.0,51.0,715.0,618.0,2.0,,,0.0,6.0,,0,0.8643356643356643,0.003236245954692557,1.76,1.72,0,0,0.0,6.99,26.96,77,High,Map Hotel to Agoda,"Demand exists, but hotel-level mapping is missing on Agoda."
4920466,0.4555431929818733,0.4555431929818733,0.4555431929818733,0.5256612973664692,45.0,45.0,2026-08-04 23:33:09,Phaivarin Resort,3,0,,2026-08-04,29.03,Lop Buri,LT,Lower Isan - Central,Unknown,Unknown,5935.0,0.0,460.5,45.0,0.0,,,0.0,0.0,,0,0.09771986970684039,0.0,0.09,0.0,0,0,0.0,5.85,26.89,78,High,Investigate Booking Conversion,"Demand exists, but no booking is matched to the current check-in demand."
4918141,0.36454146098259876,0.36454146098259876,0.36454146098259876,0.5128478305402169,7.0,7.0,2026-08-04 16:21:17,Rinchalee Resort,5,0,,2026-08-04,25.31,Suphan Buri,KA,Lower Isan - Central,Not Mapped,Not Mapped,415514.0,0.0,385.0,7.0,0.0,,,0.0,0.0,,0,0.01818181818181818,0.0,6.42,0.0,0,0,0.0,8.27,26.86,79,High,Map Hotel to Agoda,"Demand exists, but hotel-level mapping is missing on Agoda."
181623,0.45364483444532394,0.4731465618223268,0.45364483444532394,0.5231502416840268,2755.0,388.0,2026-08-04 16:21:17,Rio Monte Residence,68,8,2026-08-04 12:51:31,2026-08-06,35.89,Bangkok,KA,BKK - Metro - Chon,Mapped,Mapped,816361.0,816.0,2851.0,2755.0,0.0,,,0.0,7.0,,0,0.966327604349351,0.0,12.61,27.48,100,100,100.0,21.73,26.86,80,High,Investigate Booking Conversion,"Demand exists, but no booking is matched to the current check-in demand."
4884984,0.36573746292559045,0.36816404213256687,0.36573746292559045,0.5196882340521329,289.0,13.0,2026-08-04 10:02:48,Tongkun Homestay Na Yung,91,0,,2026-08-31,33.74,Udon Thani,LT,Upper Isan - East,Unknown,Not Live,15794.0,0.0,872.0,289.0,0.0,,,0.0,22.0,,0,0.33142201834862384,0.0,0.24,0.0,0,40,20.0,6.87,26.75,81,High,Investigate Booking Conversion,"Demand exists, but no booking is matched to the current check-in demand."
2005336,0.3377866729990364,0.3409768648954728,0.3377866729990364,0.5065404958116929,81.0,21.0,2026-08-04 23:33:09,Delight Resort Korat,31,0,,2026-08-06,26.61,Nakhonratchasima,KA,Lower Isan - Central,Unknown,Unknown,269669.0,0.0,1179.0,81.0,0.0,,,0.0,0.0,,0,0.06870229007633588,0.0,4.16,0.0,0,0,0.0,7.4,26.75,82,High,Investigate Booking Conversion,"Demand exists, but no booking is matched to the current check-in demand."
5101761,0.3628677856371713,0.3723270288291217,0.3628677856371713,0.5084995468883929,466.0,85.0,2026-08-04 18:36:27,Journeyhub Sukhumvit 26 Bangkok,24,0,,2026-08-30,27.1,Bangkok,KA,BKK - Metro - Chon,Mapped,Unknown,806236.0,531.0,73.5,466.0,1.0,,,0.0,72.0,,0,6.340136054421769,0.002145922746781116,12.45,17.88,100,0,50.0,17.01,26.72,83,High,Monitor,No immediate distribution issue requires action.
4921453,0.35539518844545903,0.42849925195659694,0.35539518844545903,0.5213003272593025,155.0,33.0,2026-08-04 23:33:09,Goodday Hotel Khon Kaen,89,3,2026-08-04 23:03:24,2026-08-06,33.12,Khon Kaen,KA,Upper Isan - East,Mapped,Mapped,1310723.0,634.0,1025.5,155.0,2.0,0.166532157673815,0.18999194164866198,8.0,48.0,0.2918,5,0.15114578254509994,0.012903225806451613,20.24,21.35,100,100,100.0,23.15,26.72,84,High,Review Agoda Rate Competitiveness,Agoda reports a price disadvantage; 0% is cheapest.
137985,0.3495506135602122,0.3495506135602122,0.3495506135602122,0.5049200288166368,3.0,3.0,2026-08-04 12:38:07,Baan Saen Sabai Ratchaburi,3,0,,2026-08-04,24.37,Ratchaburi,KA,Lower South - West,Not Mapped,Not Mapped,484066.0,1.0,406.5,3.0,0.0,,,0.0,0.0,,0,0.007380073800738007,0.0,7.48,0.03,0,0,0.0,8.62,26.67,85,High,Map Hotel to Agoda,"Demand exists, but hotel-level mapping is missing on Agoda."
23425,0.3781477738214007,0.3820908464917855,0.3781477738214007,0.5341451667851178,192.0,102.0,2026-08-04 23:33:09,King One Suvarnabhumi Hotel,20,1,2026-08-04 10:02:48,2026-08-06,27.76,Samut Prakan,LT,BKK - Metro - Chon,Unknown,Not Mapped,57302.0,0.0,1394.0,192.0,0.0,,,0.0,0.0,,0,0.13773314203730272,0.0,0.88,0.0,0,0,0.0,5.99,26.67,86,High,Investigate Booking Conversion,"Demand exists, but no booking is matched to the current check-in demand."
4920369,0.40925131258239916,0.4286591633161729,0.40925131258239916,0.5135919546927719,657.0,261.0,2026-08-04 10:02:48,Modern Green Resort Dan Khun Thot,12,2,2026-08-04 09:17:17,2026-08-06,27.98,Nakhonratchasima,LT,Lower Isan - Central,Not Mapped,Not Mapped,64540.0,18.0,1319.0,657.0,0.0,,,0.0,0.0,,0,0.4981046247156937,0.0,1.0,0.61,0,0,0.0,6.28,26.67,87,High,Map Hotel to Agoda,"Demand exists, but hotel-level mapping is missing on Agoda."
5102645,0.3180189550055415,0.35055048329826827,0.3180189550055415,0.50817598167739,281.0,107.0,2026-08-04 22:51:02,DD House Yasothon,63,0,,2026-08-05,28.94,Yasothon,LT,Lower Isan - Central,Unknown,Unknown,0.0,0.0,587.0,281.0,0.0,0.0733888727144242,0.0838130783176536,8.0,11.0,,0,0.4787052810902896,0.0,0.0,0.0,0,0,0.0,5.79,26.66,88,High,Investigate Booking Conversion,"Demand exists, but no booking is matched to the current check-in demand."
5102570,0.4555357446384228,0.4555357446384228,0.4555357446384228,0.513304484732792,66.0,66.0,2026-08-04 23:33:09,Sugar Marina Resort -LAGOON VILLAS- Naiyang Beach,3,1,2026-08-04 23:03:24,2026-08-15,28.79,Phuket,LT,Upper South,Unknown,Unknown,0.0,0.0,465.5,66.0,0.0,-0.1848910005389528,-0.1848910005389528,1.0,1.0,,0,0.14178302900107412,0.0,0.0,0.0,0,0,0.0,5.76,26.65,89,High,Fix Internal Rate Parity,Our rate is more expensive than a comparable partner rate.
182883,0.3043729787054672,0.34882731880062184,0.3043729787054672,0.5086632859985837,14.0,9.0,2026-08-04 23:33:09,Khaveerush Place Chachoengsao,14,0,,2026-08-06,23.68,Chachoengsao,KA,Upper Isan - East,Not Mapped,Not Mapped,535594.0,0.0,1260.5,14.0,0.0,,,0.0,0.0,,0,0.011106703689012296,0.0,8.27,0.0,0,0,0.0,8.87,26.63,90,High,Map Hotel to Agoda,"Demand exists, but hotel-level mapping is missing on Agoda."
5101424,0.43677557015697765,0.43677557015697765,0.43677557015697765,0.5181315697054054,154.0,154.0,2026-08-04 16:21:17,Ancharin Resort,4,0,,2026-08-04,28.26,Suphan Buri,LT,Lower Isan - Central,Not Mapped,Unknown,21867.0,5.0,385.0,154.0,0.0,,,0.0,0.0,,0,0.4,0.0,0.34,0.17,0,0,0.0,5.87,26.6,91,High,Map Hotel to Agoda,"Demand exists, but hotel-level mapping is missing on Agoda."
5101113,0.31019983351044295,0.3239086886882644,0.31019983351044295,0.5092022843155358,59.0,21.0,2026-08-04 18:36:27,Jiranakron Park Buriram,20,0,,2026-08-04,24.51,Buriram,KA,Lower Isan - Central,Not Mapped,Unknown,386733.0,37.0,764.0,59.0,0.0,,,0.0,14.0,,0,0.07722513089005235,0.0,5.97,1.25,0,0,0.0,8.26,26.58,92,High,Map Hotel to Agoda,"Demand exists, but hotel-level mapping is missing on Agoda."
5102674,0.44309098750434944,0.44309098750434944,0.44309098750434944,0.5141118900491435,23.0,23.0,2026-08-04 08:30:09,611 Hotel,5,1,2026-08-04 06:59:25,2026-08-04,28.49,Phetchaburi,LT,Lower South - West,Unknown,Unknown,0.0,0.0,953.0,23.0,0.0,,,0.0,0.0,,0,0.024134312696747113,0.0,0.0,0.0,0,0,0.0,5.7,26.54,93,High,Investigate Booking Conversion,"Demand exists, but no booking is matched to the current check-in demand."
182925,0.36302775463996184,0.3708010718683463,0.36302775463996184,0.5142169241411955,353.0,130.0,2026-08-04 19:05:32,Baan Pond Fah Pattaya,17,0,,2026-08-04,26.52,Pattaya,KA,BKK - Metro - Chon,Not Mapped,Not Mapped,180732.0,15.0,2288.0,353.0,0.0,,,0.0,0.0,,0,0.15428321678321677,0.0,2.79,0.51,0,0,0.0,6.85,26.52,94,High,Map Hotel to Agoda,"Demand exists, but hotel-level mapping is missing on Agoda."
4948550,0.3942447177796246,0.43196589594365364,0.3942447177796246,0.5103696056968169,886.0,327.0,2026-08-04 23:33:09,JIA HAUS Hotel Apartment,55,1,2026-08-04 16:21:17,2026-08-05,31.46,Buriram,KA,Lower Isan - Central,Mapped,Mapped,1735435.0,420.0,764.0,886.0,0.0,,,0.0,4.0,0.1475,3,1.1596858638743455,0.0,26.8,14.15,100,100,100.0,23.94,26.51,95,High,Review Agoda Rate Competitiveness,Agoda reports a price disadvantage; 0% is cheapest.
4920745,0.38108772742813585,0.40473454929687025,0.38108772742813585,0.5211502652125901,69.0,33.0,2026-08-04 20:47:47,Nonna Resort Chaiyaphum,18,0,,2026-08-04,27.39,Chaiyaphum,LT,Upper Isan - East,Unknown,Unknown,82917.0,0.0,421.0,69.0,0.0,,,0.0,0.0,,0,0.16389548693586697,0.0,1.28,0.0,0,0,0.0,6.12,26.49,96,High,Investigate Booking Conversion,"Demand exists, but no booking is matched to the current check-in demand."
828,0.4085535947156853,0.41120731629704904,0.4085535947156853,0.506591806600872,325.0,121.0,2026-08-04 23:03:24,Deevana Plaza Phuket,21,2,2026-08-04 22:51:02,2026-08-13,28.56,Phuket,LT,Upper South,Unknown,Unknown,0.0,0.0,948.0,325.0,0.0,,,0.0,6.0,,0,0.34282700421940926,0.0,0.0,0.0,0,0,0.0,5.71,26.49,97,High,Investigate Booking Conversion,"Demand exists, but no booking is matched to the current check-in demand."
183701,0.3895091013156395,0.40181404229445716,0.3895091013156395,0.5061420605891566,591.0,325.0,2026-08-04 23:33:09,Nano Place Hotel Sriracha,41,7,2026-08-04 23:03:24,2026-08-05,29.77,Sriracha,KA,BKK - Metro - Chon,Mapped,Mapped,1768800.0,531.0,2288.0,591.0,0.0,,,0.0,0.0,,0,0.2583041958041958,0.0,27.32,17.88,100,100,100.0,24.98,26.48,98,High,Investigate Booking Conversion,"Demand exists, but no booking is matched to the current check-in demand."
4431073,0.40880028539641033,0.4279667725495511,0.40880028539641033,0.5123258804290781,274.0,138.0,2026-08-04 14:04:20,Pimulano Hotel Tharae,15,2,2026-08-04 13:52:08,2026-08-05,28.1,Sakon Nakhon,LT,Upper Isan - East,Unknown,Unknown,27841.0,0.0,211.5,274.0,0.0,,,0.0,0.0,,0,1.2955082742316786,0.0,0.43,0.0,0,0,0.0,5.84,26.47,99,High,Investigate Booking Conversion,"Demand exists, but no booking is matched to the current check-in demand."
499,0.4331292779652356,0.4336103807768922,0.4331292779652356,0.5043915626981575,499.0,256.0,2026-08-04 22:03:21,Amanta Hotel & Residence Ratchada,10,2,2026-08-04 20:47:47,2026-08-12,28.51,Bangkok,LT,BKK - Metro - Chon,Unknown,Unknown,0.0,0.0,1857.0,499.0,0.0,,,0.0,16.0,,0,0.26871297792137855,0.0,0.0,0.0,0,0,0.0,5.7,26.45,100,High,Investigate Booking Conversion,"Demand exists, but no booking is matched to the current check-in demand."
5101720,0.3920703946651639,0.430053114564869,0.3920703946651639,0.5097332965155136,679.0,161.0,2026-08-04 23:33:09,L2 Premium,62,9,2026-08-04 23:33:09,2026-08-09,31.96,Khon Kaen,KA,Upper Isan - East,Mapped,Mapped,2011355.0,153.0,1122.0,679.0,0.0,,,0.0,6.0,,0,0.6051693404634582,0.0,31.06,5.15,100,100,100.0,23.47,26.42,101,High,Investigate Booking Conversion,"Demand exists, but no booking is matched to the current check-in demand."
43739,0.4093987519715493,0.4093987519715493,0.4093987519715493,0.5334119594627877,12.0,12.0,2026-08-04 22:18:28,The Phu Beach Hotel,6,1,2026-08-04 22:18:28,2026-08-14,27.62,Krabi,LT,Upper South,Not Mapped,Unknown,0.0,0.0,408.0,12.0,0.0,,,0.0,5.0,,0,0.029411764705882353,0.0,0.0,0.0,0,0,0.0,5.52,26.38,102,High,Map Hotel to Agoda,"Demand exists, but hotel-level mapping is missing on Agoda."
837,0.4313390139264295,0.4313390139264295,0.4313390139264295,0.5065474787104356,85.0,85.0,2026-08-04 18:49:41,Sugar Palm Grand Hillside,9,1,2026-08-04 18:36:27,2026-08-04,28.26,Phuket,LT,Upper South,Unknown,Unknown,0.0,0.0,1544.0,85.0,0.0,,,0.0,0.0,,0,0.05505181347150259,0.0,0.0,0.0,0,0,0.0,5.65,26.37,103,High,Investigate Booking Conversion,"Demand exists, but no booking is matched to the current check-in demand."
4920976,0.3106094619689236,0.3157768567250119,0.3106094619689236,0.5120405475469408,26.0,14.0,2026-08-04 23:33:09,Nana Residence,9,0,,2026-08-15,23.53,Sa Kaeo,KA,Upper Isan - East,Not Mapped,Not Mapped,441466.0,24.0,194.0,26.0,0.0,,,0.0,8.0,,0,0.13402061855670103,0.0,6.82,0.81,0,0,0.0,8.36,26.36,104,High,Map Hotel to Agoda,"Demand exists, but hotel-level mapping is missing on Agoda."
183055,0.4685696330052078,0.4685696330052078,0.4685696330052078,0.5198466628031464,4198.0,4198.0,2026-08-04 22:34:47,Chantra Hotel Sakaeo,9,2,2026-08-04 20:47:47,2026-08-04,31.27,Sa Kaeo,KA,Upper Isan - East,Mapped,Not Mapped,614099.0,244.0,463.5,4198.0,0.0,,,0.0,0.0,,0,9.057173678532902,0.0,9.48,8.22,100,0,50.0,13.46,26.31,105,High,Investigate Booking Conversion,"Demand exists, but no booking is matched to the current check-in demand."
4543071,0.38567963500532587,0.3897069391580967,0.38567963500532587,0.5120711863316905,37.0,21.0,2026-08-04 22:18:28,Inter Tower Hotel Su-ngai Kolok,10,0,,2026-08-10,26.63,Narathiwat,KA,Lower South - West,Not Mapped,Unknown,93260.0,34.0,72.0,37.0,0.0,,,0.0,0.0,,0,0.5138888888888888,0.0,1.44,1.15,0,0,0.0,6.39,26.31,106,High,Map Hotel to Agoda,"Demand exists, but hotel-level mapping is missing on Agoda."
4921096,0.331781968772393,0.34397791483905416,0.331781968772393,0.5063692927009567,406.0,124.0,2026-08-04 20:33:04,Suntree Residence Sakon Nakhon,30,0,,2026-08-06,26.37,Sakon Nakhon,LT,Upper Isan - East,Not Mapped,Unknown,175670.0,4.0,440.0,406.0,0.0,,,0.0,0.0,,0,0.9227272727272727,0.0,2.71,0.13,0,0,0.0,6.67,26.31,107,High,Map Hotel to Agoda,"Demand exists, but hotel-level mapping is missing on Agoda."
5012125,0.358891538562762,0.3620116785712511,0.358891538562762,0.5065048001978942,1613.0,660.0,2026-08-04 23:18:39,Prince Resort Phichit,25,4,2026-08-04 22:18:28,2026-08-08,27.35,Phichit,LT,North,Not Mapped,Unknown,55161.0,7.0,178.0,1613.0,0.0,,,0.0,0.0,,0,9.061797752808989,0.0,0.85,0.24,0,0,0.0,5.97,26.25,108,High,Map Hotel to Agoda,"Demand exists, but hotel-level mapping is missing on Agoda."
4921074,0.3544395537493081,0.3581129801008238,0.3544395537493081,0.5024995145660792,1174.0,472.0,2026-08-04 21:48:56,Smart Place,16,4,2026-08-04 21:34:17,2026-08-04,26.1,Ratchaburi,KA,Lower South - West,Not Mapped,Unknown,143030.0,41.0,715.0,1174.0,0.0,,,0.0,0.0,,0,1.641958041958042,0.0,2.21,1.38,0,0,0.0,6.74,26.22,109,High,Map Hotel to Agoda,"Demand exists, but hotel-level mapping is missing on Agoda."
904,0.3817991090973847,0.4012829513750426,0.3817991090973847,0.5338005680352034,49.0,30.0,2026-08-04 16:21:17,ibis Phuket Kata,12,0,,2026-08-05,27.1,Phuket,LT,Upper South,Unknown,Not Mapped,11193.0,0.0,1542.0,49.0,0.0,,,0.0,0.0,,0,0.031776913099870296,0.0,0.17,0.0,0,0,0.0,5.51,26.22,110,High,Investigate Booking Conversion,"Demand exists, but no booking is matched to the current check-in demand."
4920421,0.2929541178440064,0.3111744398892575,0.2929541178440064,0.5104388531392221,16.0,11.0,2026-08-04 20:47:47,SR Extra Boutique Hotel,9,0,,2026-08-06,22.78,Lop Buri,KA,Lower Isan - Central,Not Mapped,Not Mapped,511354.0,0.0,452.5,16.0,0.0,,,0.0,0.0,,0,0.03535911602209945,0.0,7.9,0.0,0,0,0.0,8.51,26.19,111,High,Map Hotel to Agoda,"Demand exists, but hotel-level mapping is missing on Agoda."
5102494,0.399411885094326,0.44441372991945627,0.399411885094326,0.528398605898495,11.0,5.0,2026-08-04 15:36:41,COCO HOME 2,7,0,,2026-08-05,27.21,Samut Sakhon,LT,BKK - Metro - Chon,Not Mapped,Unknown,0.0,0.0,572.0,11.0,0.0,0.263594514110152,0.263594514110152,2.0,2.0,,0,0.019230769230769232,0.0,0.0,0.0,0,0,0.0,5.44,26.17,112,High,Map Hotel to Agoda,"Demand exists, but hotel-level mapping is missing on Agoda."
2007896,0.41847044320034926,0.41847044320034926,0.41847044320034926,0.508860963255564,180.0,180.0,2026-08-04 23:33:09,Cacha Bed Heritage Hotel,7,1,2026-08-04 22:03:21,2026-08-09,27.63,Bangkok,LT,BKK - Metro - Chon,Not Mapped,Unknown,7092.0,0.0,1786.5,180.0,0.0,,,0.0,0.0,,0,0.10075566750629723,0.0,0.11,0.0,0,0,0.0,5.58,26.17,113,High,Map Hotel to Agoda,"Demand exists, but hotel-level mapping is missing on Agoda."
65581,0.43503202228051635,0.4989366065458401,0.43503202228051635,0.5085489873526277,355.0,150.0,2026-08-04 23:33:09,Anna Nava Pakkret Hotel,16,4,2026-08-04 22:18:28,2026-08-10,29.2,Nonthaburi,KA,BKK - Metro - Chon,Mapped,Mapped,1430362.0,767.0,492.5,355.0,4.0,,,0.0,4.0,0.107,1,0.7208121827411168,0.011267605633802818,22.09,25.83,100,100,100.0,24.63,26.16,114,High,Review Agoda Rate Competitiveness,Agoda reports a price disadvantage; 0% is cheapest.
63656,0.37354539592065666,0.43074168513035055,0.37354539592065666,0.5103008179210374,256.0,98.0,2026-08-04 19:05:32,Kitlada Hotel Udon Thani,32,4,2026-08-04 18:06:03,2026-08-04,28.26,Udon Thani,KA,Upper Isan - East,Mapped,Mapped,2422476.0,76.0,1007.0,256.0,0.0,0.0446365783684273,0.059230706619171,4.0,16.0,0.0037,1,0.2542204568023833,0.0,37.41,2.56,100,100,100.0,25.12,26.14,115,High,Review Agoda Rate Competitiveness,Agoda reports a price disadvantage; 0% is cheapest.
5102355,0.4844670526969743,0.5769665587245424,0.4844670526969743,0.5364570434552586,12571.0,2359.0,2026-08-04 23:03:24,The Akyra Bangkok 11,56,11,2026-08-04 20:33:04,2026-08-05,39.24,Bangkok,LT,BKK - Metro - Chon,Mapped,Unknown,4189.0,2.0,2851.0,12571.0,1.0,0.1695791241972749,0.2752748653654808,5.0,10.0,0.0936,1,4.409330059628201,7.954816641476414e-05,0.06,0.07,100,0,50.0,7.9,26.09,116,High,Review Agoda Rate Competitiveness,Agoda reports a price disadvantage; 0% is cheapest.
4940853,0.35117903278616475,0.35117903278616475,0.35117903278616475,0.5103510936945063,4.0,4.0,2026-08-04 14:04:20,Resort Sabaijai Phichit,4,0,,2026-08-04,24.63,Phichit,KA,North,Not Mapped,Not Mapped,294094.0,0.0,178.0,4.0,0.0,,,0.0,0.0,,0,0.02247191011235955,0.0,4.54,0.0,0,0,0.0,7.2,26.09,117,High,Map Hotel to Agoda,"Demand exists, but hotel-level mapping is missing on Agoda."
4884419,0.37402218338834897,0.4493577465544779,0.37402218338834897,0.50961527810769,263.0,107.0,2026-08-04 22:03:21,Bliq Hotel Chanthaburi,36,2,2026-08-04 20:33:04,2026-08-07,28.65,Chanthaburi,KA,Upper Isan - East,Mapped,Mapped,1902011.0,432.0,1086.0,263.0,0.0,0.1312882739058758,0.24225217762180015,4.0,28.0,,0,0.2421731123388582,0.0,29.38,14.55,100,100,100.0,24.78,26.08,118,High,Investigate Booking Conversion,"Demand exists, but no booking is matched to the current check-in demand."
4920986,0.32188478111680924,0.37806508105489345,0.32188478111680924,0.5110282609587269,40.0,10.0,2026-08-04 20:33:04,Baan Nai Suan Resort,34,0,,2026-08-05,26.33,Udon Thani,KA,Upper Isan - East,Not Mapped,Unknown,110271.0,0.0,1007.0,40.0,0.0,,,0.0,4.0,,0,0.039721946375372394,0.0,1.7,0.0,0,0,0.0,6.12,26.07,119,High,Map Hotel to Agoda,"Demand exists, but hotel-level mapping is missing on Agoda."
23937,0.47920206486016287,0.4811245152377508,0.47920206486016287,0.51125091797263,3540.0,1250.0,2026-08-04 19:05:32,Brique Hotel Chiangmai,27,2,2026-08-04 19:05:32,2026-08-07,33.03,Chiang Mai,KA,North,Mapped,Mapped,1354609.0,498.0,1475.5,3540.0,2.0,,,0.0,0.0,0.0476,2,2.3991867163673333,0.0005649717514124294,20.92,16.77,100,100,100.0,22.1,26.07,120,High,Review Agoda Rate Competitiveness,Agoda reports a price disadvantage; 0% is cheapest.
43726,0.4026195345564238,0.40972631368481527,0.4026195345564238,0.5093977744893283,547.0,156.0,2026-08-04 08:30:09,The Narathiwas Hotel & Residence Sathorn Bangkok,15,3,2026-08-04 01:30:42,2026-08-15,27.88,Bangkok,KA,BKK - Metro - Chon,Mapped,Not Live,1267830.0,379.0,1382.5,547.0,0.0,,,0.0,18.0,,0,0.3956600361663653,0.0,19.58,12.77,100,40,70.0,19.2,26.06,121,High,Investigate Booking Conversion,"Demand exists, but no booking is matched to the current check-in demand."
4543074,0.3792266273550311,0.4086662802694123,0.3792266273550311,0.5075628017211743,3298.0,715.0,2026-08-04 23:33:09,Nibong Apartment,39,7,2026-08-04 23:33:09,2026-08-11,30.02,Yala,KA,Lower South - West,Not Mapped,Not Live,167722.0,60.0,60.5,3298.0,0.0,,,0.0,6.0,,0,54.51239669421488,0.0,2.59,2.02,0,40,20.0,7.9,26.03,122,High,Map Hotel to Agoda,"Demand exists, but hotel-level mapping is missing on Agoda."
5101876,0.2994537755346667,0.3648262383251567,0.2994537755346667,0.5054983318482108,41.0,26.0,2026-08-04 22:51:02,88/8 Resort,25,1,2026-08-04 18:21:46,2026-08-04,24.47,Chainat,KA,Lower Isan - Central,Not Mapped,Unknown,263885.0,29.0,194.0,41.0,0.0,,,0.0,3.0,,0,0.211340206185567,0.0,4.08,0.98,0,0,0.0,7.23,26.01,123,High,Map Hotel to Agoda,"Demand exists, but hotel-level mapping is missing on Agoda."
4920292,0.3550679838138196,0.376302648377326,0.3550679838138196,0.5096066088758685,1009.0,587.0,2026-08-04 23:33:09,O.K. Resort Banpong Ratchaburi,11,1,2026-08-04 18:49:41,2026-08-19,25.74,Ratchaburi,LT,Lower South - West,Not Mapped,Unknown,62287.0,70.0,406.5,1009.0,0.0,,,0.0,4.0,,0,2.4821648216482166,0.0,0.96,2.36,0,0,0.0,6.34,25.99,124,High,Map Hotel to Agoda,"Demand exists, but hotel-level mapping is missing on Agoda."
5102148,0.40275906566291836,0.40275906566291836,0.40275906566291836,0.5101651077818167,93.0,93.0,2026-08-04 16:21:17,Wanphut Hotel,4,0,,2026-08-04,26.72,Surin,LT,Lower Isan - Central,Not Mapped,Not Mapped,48521.0,0.0,266.5,93.0,0.0,,,0.0,0.0,,0,0.34896810506566606,0.0,0.75,0.0,0,0,0.0,5.72,25.98,125,High,Map Hotel to Agoda,"Demand exists, but hotel-level mapping is missing on Agoda."
5101987,0.37953859002915386,0.3875158129656493,0.37953859002915386,0.5116261742041489,60.0,20.0,2026-08-04 10:02:48,Heal Jai Garden Resort,15,0,,2026-08-06,26.85,Buriram,LT,Lower Isan - Central,Not Mapped,Unknown,16957.0,10.0,764.0,60.0,0.0,,,0.0,0.0,,0,0.07853403141361257,0.0,0.26,0.34,0,0,0.0,5.6,25.97,126,High,Map Hotel to Agoda,"Demand exists, but hotel-level mapping is missing on Agoda."
5102064,0.3691841725904306,0.41239117817425974,0.3691841725904306,0.5091568931505587,2894.0,810.0,2026-08-04 20:47:47,Louis Residence Hotel,88,5,2026-08-04 18:36:27,2026-08-05,34.17,Nakhonratchasima,KA,Lower Isan - Central,Mapped,Not Mapped,372672.0,153.0,1319.0,2894.0,0.0,0.0605975634685206,0.0818907779698321,3.0,43.0,,0,2.1940864291129643,0.0,5.76,5.15,100,0,50.0,11.26,25.97,127,High,Investigate Booking Conversion,"Demand exists, but no booking is matched to the current check-in demand."
63732,0.3991271076841332,0.45479592717807676,0.3991271076841332,0.5092161955365034,441.0,201.0,2026-08-04 23:03:24,Tharakiree Place Hotel,35,4,2026-08-04 20:33:04,2026-08-04,29.6,Khaoyai,KA,Lower Isan - Central,Mapped,Mapped,1857313.0,367.0,1319.0,441.0,0.0,,,0.0,12.0,,0,0.33434420015163,0.0,28.68,12.36,100,100,100.0,23.97,25.96,128,High,Investigate Booking Conversion,"Demand exists, but no booking is matched to the current check-in demand."
5101527,0.3153011603786232,0.32204070972507987,0.3153011603786232,0.5081373314479263,12.0,3.0,2026-08-04 16:06:46,Suan Thip Resort,12,0,,2026-08-07,23.92,Chaiyaphum,KA,Upper Isan - East,Not Mapped,Not Mapped,336588.0,0.0,421.0,12.0,0.0,,,0.0,0.0,,0,0.028503562945368172,0.0,5.2,0.0,0,0,0.0,7.38,25.95,129,High,Map Hotel to Agoda,"Demand exists, but hotel-level mapping is missing on Agoda."
63666,0.4036475802895154,0.4355726038611299,0.4036475802895154,0.5107600133776702,875.0,245.0,2026-08-04 23:33:09,Mandy Nok Hotel,48,6,2026-08-04 23:03:24,2026-08-05,31.18,Nakhon Si Thammarat,KA,Lower South - West,Mapped,Mapped,1222761.0,721.0,961.5,875.0,4.0,0.1095242720263103,0.17858927025932497,8.0,36.0,,0,0.9100364014560582,0.004571428571428572,18.88,24.28,100,100,100.0,22.96,25.94,130,High,Monitor,No immediate distribution issue requires action.
671,0.475858561366418,0.47721378220585253,0.475858561366418,0.5468798391713361,136.0,68.0,2026-08-04 12:51:31,Art Mai Gallery Nimman Hotel,8,1,2026-08-04 11:51:06,2026-08-08,30.77,Chiang Mai,LT,North,Unknown,Not Live,42036.0,0.0,1106.5,136.0,0.0,,,0.0,0.0,,0,0.12291007681879801,0.0,0.65,0.0,0,40,20.0,6.48,25.94,131,High,Investigate Booking Conversion,"Demand exists, but no booking is matched to the current check-in demand."
5012128,0.3713488356801762,0.3713488356801762,0.3713488356801762,0.5439680116341115,17.0,17.0,2026-08-04 19:05:32,Click Resort Bangsaphan,4,0,,2026-08-04,26.12,Prachuapkhirikhan,LT,Lower South - West,Not Mapped,Unknown,10327.0,0.0,531.0,17.0,0.0,,,0.0,0.0,,0,0.032015065913371,0.0,0.16,0.0,0,0,0.0,5.3,25.93,132,High,Map Hotel to Agoda,"Demand exists, but hotel-level mapping is missing on Agoda."
503,0.3992294646371748,0.4381293619777448,0.3992294646371748,0.5103736792658347,405.0,259.0,2026-08-04 09:17:17,The Victory Executive Residences,9,1,2026-08-04 00:03:17,2026-08-22,27.15,Bangkok,KA,BKK - Metro - Chon,Mapped,Mapped,1230837.0,1030.0,1442.0,405.0,0.0,0.1360416731871181,0.1360416731871181,1.0,4.0,-0.0,1,0.28085991678224687,0.0,19.01,34.69,100,100,100.0,25.34,25.92,133,High,Investigate Booking Conversion,"Demand exists, but no booking is matched to the current check-in demand."
2000031,0.38822179888648617,0.42757674097817444,0.38822179888648617,0.5250271886531372,163.0,33.0,2026-08-04 23:33:09,Fortune D Phitsanulok Hotel,103,7,2026-08-04 18:49:41,2026-08-04,35.84,Phitsanulok,KA,North,Mapped,Mapped,1638413.0,0.0,1391.5,163.0,0.0,,,0.0,10.0,,0,0.11713977721882861,0.0,25.3,0.0,100,100,100.0,19.82,25.91,134,High,Investigate Booking Conversion,"Demand exists, but no booking is matched to the current check-in demand."
181514,0.4057750651303148,0.4057750651303148,0.4057750651303148,0.5144362823336396,61.0,61.0,2026-08-04 11:51:06,Thung Song Resort,2,1,2026-08-04 11:36:45,2026-08-04,26.73,Nakhon Si Thammarat,LT,Lower South - West,Not Mapped,Not Mapped,10999.0,3.0,799.5,61.0,0.0,,,0.0,0.0,,0,0.07629768605378362,0.0,0.17,0.1,0,0,0.0,5.46,25.89,135,High,Map Hotel to Agoda,"Demand exists, but hotel-level mapping is missing on Agoda."
63750,0.37333274862238847,0.45375507854390434,0.37333274862238847,0.5155934546598243,2218.0,314.0,2026-08-04 23:33:09,Yellow Moon Pattaya,99,6,2026-08-04 23:03:24,2026-08-06,35.3,Pattaya,KA,BKK - Metro - Chon,Mapped,Mapped,861243.0,650.0,2288.0,2218.0,0.0,,,0.0,54.0,,0,0.9694055944055944,0.0,13.3,21.89,100,100,100.0,20.28,25.88,136,High,Investigate Booking Conversion,"Demand exists, but no booking is matched to the current check-in demand."
177910,0.386438861830225,0.39067971238769084,0.386438861830225,0.5227755989980458,86.0,48.0,2026-08-04 12:38:07,imm hotel Ladprao Bangkapi Bangkok,6,0,,2026-08-05,26.51,Bangkok,LT,BKK - Metro - Chon,Unknown,Not Mapped,11688.0,0.0,2851.0,86.0,0.0,,,0.0,0.0,,0,0.030164854437039635,0.0,0.18,0.0,0,0,0.0,5.39,25.88,137,High,Investigate Booking Conversion,"Demand exists, but no booking is matched to the current check-in demand."
2010201,0.39147605622591614,0.4355872899583986,0.39147605622591614,0.5047624856171435,513.0,365.0,2026-08-04 17:52:50,Anchalee Resort Bang Saphan,7,1,2026-08-04 09:02:00,2026-08-06,26.57,Prachuapkhirikhan,LT,Lower South - West,Not Mapped,Not Mapped,40569.0,6.0,801.0,513.0,0.0,,,0.0,2.0,,0,0.6404494382022472,0.0,0.63,0.2,0,0,0.0,5.69,25.86,138,High,Map Hotel to Agoda,"Demand exists, but hotel-level mapping is missing on Agoda."
4921097,0.3639296349322614,0.3742224838312676,0.3639296349322614,0.5013803602733957,517.0,499.0,2026-08-04 23:33:09,JB Grand Park Resort,12,1,2026-08-04 00:03:17,2026-08-04,25.88,Nakhon Si Thammarat,LT,Lower South - West,Not Mapped,Not Mapped,93965.0,24.0,799.5,517.0,0.0,,,0.0,0.0,,0,0.6466541588492808,0.0,1.45,0.81,0,0,0.0,6.14,25.85,139,High,Map Hotel to Agoda,"Demand exists, but hotel-level mapping is missing on Agoda."
5012140,0.3484763178266497,0.3619760969564497,0.3484763178266497,0.5086645321979607,850.0,310.0,2026-08-04 23:33:09,First Inn Resort,15,0,,2026-08-04,25.79,Chaiyaphum,KA,Upper Isan - East,Not Mapped,Not Mapped,114088.0,0.0,421.0,850.0,0.0,,,0.0,0.0,,0,2.019002375296912,0.0,1.76,0.0,0,0,0.0,6.04,25.84,140,High,Map Hotel to Agoda,"Demand exists, but hotel-level mapping is missing on Agoda."
4920639,0.3768068562467042,0.3768068562467042,0.3768068562467042,0.5133964913941833,1325.0,1325.0,2026-08-04 23:18:39,Silver Place,8,1,2026-08-04 21:48:56,2026-08-05,26.5,Lampang,LT,North,Not Mapped,Not Mapped,17582.0,7.0,449.5,1325.0,0.0,,,0.0,0.0,,0,2.947719688542825,0.0,0.27,0.24,0,0,0.0,5.51,25.84,141,High,Map Hotel to Agoda,"Demand exists, but hotel-level mapping is missing on Agoda."
4922756,0.32763266345871384,0.38100301990736746,0.32763266345871384,0.5098554250430068,66.0,23.0,2026-08-04 19:05:32,Fin Rim Nan Homestay,32,0,,2026-08-05,26.36,Phitsanulok,LT,North,Not Mapped,Not Mapped,48135.0,0.0,1391.5,66.0,0.0,,,0.0,5.0,,0,0.04743083003952569,0.0,0.74,0.0,0,0,0.0,5.64,25.83,142,High,Map Hotel to Agoda,"Demand exists, but hotel-level mapping is missing on Agoda."
4922581,0.2934565171899607,0.3413372114236028,0.2934565171899607,0.5077085044930457,226.0,110.0,2026-08-04 18:49:41,Montara Resort Korat,40,1,2026-08-04 18:49:41,2026-08-05,25.75,Nakhonratchasima,KA,Lower Isan - Central,Unknown,Unknown,117273.0,0.0,1319.0,226.0,0.0,,,0.0,0.0,,0,0.17134192570128887,0.0,1.81,0.0,0,0,0.0,6.06,25.83,143,High,Monitor,No immediate distribution issue requires action.
4920605,0.3007689080290382,0.3123527203721093,0.3007689080290382,0.5066281071148266,33.0,7.0,2026-08-04 21:34:17,Smile Resort Kamphaengphet,33,0,,2026-08-06,25.3,Kamphaeng Phet,KA,North,Not Mapped,Not Mapped,160770.0,2.0,448.0,33.0,0.0,,,0.0,4.0,,0,0.07366071428571429,0.0,2.48,0.07,0,0,0.0,6.32,25.82,144,High,Map Hotel to Agoda,"Demand exists, but hotel-level mapping is missing on Agoda."
4922774,0.39073473856479585,0.39073473856479585,0.39073473856479585,0.5097204831242864,28.0,28.0,2026-08-04 23:33:09,The Bloc @ Sea Hotel,8,0,,2026-08-12,26.59,Prachuapkhirikhan,,Lower South - West,Unknown,Unknown,16898.0,0.0,425.0,28.0,0.0,,,0.0,6.0,,0,0.06588235294117648,0.0,0.26,0.0,0,0,0.0,5.45,25.8,145,High,Investigate Booking Conversion,"Demand exists, but no booking is matched to the current check-in demand."
22453,0.38458119994778867,0.3887001875631242,0.38458119994778867,0.5145185283534794,175.0,68.0,2026-08-04 20:33:04,24 Inn at BTS Phrom Phong,9,0,,2026-08-07,26.58,,,,Unknown,Unknown,0.0,0.0,2851.0,175.0,0.0,,,0.0,0.0,,0,0.061381971238162046,0.0,0.0,0.0,0,0,0.0,5.32,25.78,146,High,Investigate Booking Conversion,"Demand exists, but no booking is matched to the current check-in demand."
4920640,0.30331880142485323,0.3990999893930629,0.30331880142485323,0.5103175001910375,67.0,56.0,2026-08-04 23:33:09,Sudarat House and Resort,15,0,,2026-08-05,23.78,Saraburi,KA,Lower Isan - Central,Not Mapped,Not Mapped,297009.0,0.0,568.5,67.0,0.0,,,0.0,6.0,,0,0.11785400175901495,0.0,4.59,0.0,0,0,0.0,7.05,25.76,147,High,Map Hotel to Agoda,"Demand exists, but hotel-level mapping is missing on Agoda."
4962747,0.3181704304023611,0.3469388252012876,0.3181704304023611,0.5089438981319621,31.0,12.0,2026-08-04 23:33:09,Yes No Hotel,25,0,,2026-08-05,25.28,Ranong,LT,Upper South,Not Mapped,Not Mapped,145663.0,0.0,430.0,31.0,0.0,,,0.0,6.0,,0,0.07209302325581396,0.0,2.25,0.0,0,0,0.0,6.18,25.76,148,High,Map Hotel to Agoda,"Demand exists, but hotel-level mapping is missing on Agoda."
183168,0.29592136706045863,0.3119734111624816,0.29592136706045863,0.5079854721607724,70.0,18.0,2026-08-04 23:18:39,Sby House Ayutthaya,40,0,,2026-08-11,25.81,Phra Nakhon Si Ayutthaya,LT,Lower Isan - Central,Not Mapped,Not Mapped,90252.0,0.0,675.5,70.0,0.0,,,0.0,2.0,,0,0.10362694300518134,0.0,1.39,0.0,0,0,0.0,5.86,25.75,149,High,Map Hotel to Agoda,"Demand exists, but hotel-level mapping is missing on Agoda."
5031959,0.3742360563506496,0.4363059303284961,0.3742360563506496,0.5112333413656756,1177.0,549.0,2026-08-04 23:33:09,Aramis Hotel Kamphaengphet,31,1,2026-08-04 09:17:17,2026-08-05,28.49,Kamphaeng Phet,KA,North,Mapped,Mapped,1708028.0,512.0,448.0,1177.0,0.0,,,0.0,6.0,,0,2.627232142857143,0.0,26.38,17.24,100,100,100.0,24.06,25.69,150,High,Investigate Booking Conversion,"Demand exists, but no booking is matched to the current check-in demand."
4848992,0.3649479914568832,0.42172166666996125,0.3649479914568832,0.5086608563718513,768.0,206.0,2026-08-04 22:51:02,Xotel,60,2,2026-08-04 18:21:46,2026-08-10,30.69,Khon Kaen,KA,Upper Isan - East,Mapped,Mapped,1526473.0,482.0,892.5,768.0,5.0,0.1435097068899886,0.1962629395404787,7.0,76.0,0.2632,5,0.8605042016806723,0.006510416666666667,23.58,16.23,100,100,100.0,22.8,25.69,151,High,Review Agoda Rate Competitiveness,Agoda reports a price disadvantage; 0% is cheapest.
4920753,0.334241469792784,0.3448820678469369,0.334241469792784,0.5078797687063474,63.0,37.0,2026-08-04 01:45:09,Mintara Phetburi,5,2,2026-08-04 01:30:42,2026-08-07,24.02,Phetchaburi,KA,Lower South - West,Not Mapped,Not Mapped,164934.0,72.0,212.0,63.0,0.0,,,0.0,0.0,,0,0.2971698113207547,0.0,2.55,2.43,0,0,0.0,6.81,25.69,152,High,Map Hotel to Agoda,"Demand exists, but hotel-level mapping is missing on Agoda."
4920314,0.3053567849599164,0.3376473670970125,0.3053567849599164,0.5078674437813451,21.0,17.0,2026-08-04 23:33:09,Saranya Resort Nongkhai,13,0,,2026-08-05,23.61,Nong Khai,KA,Upper Isan - East,Not Mapped,Not Mapped,295826.0,0.0,209.0,21.0,0.0,,,0.0,0.0,,0,0.10047846889952153,0.0,4.57,0.0,0,0,0.0,7.01,25.67,153,High,Map Hotel to Agoda,"Demand exists, but hotel-level mapping is missing on Agoda."
4795635,0.3227309061135381,0.331677069237322,0.3227309061135381,0.5080265335380482,456.0,221.0,2026-08-04 23:33:09,Baan Rak Resort Samroiyot,23,2,2026-08-04 23:03:24,2026-08-04,25.39,Prachuapkhirikhan,LT,Lower South - West,Not Mapped,Unknown,91028.0,13.0,893.0,456.0,0.0,,,0.0,2.0,,0,0.5106382978723404,0.0,1.41,0.44,0,0,0.0,5.92,25.65,154,High,Map Hotel to Agoda,"Demand exists, but hotel-level mapping is missing on Agoda."
5101142,0.37773343805606324,0.37773343805606324,0.37773343805606324,0.5107077739861671,246.0,246.0,2026-08-04 23:33:09,Baan Chalika,8,0,,2026-08-04,26.16,Prachuapkhirikhan,LT,Lower South - West,Not Mapped,Not Mapped,13323.0,4.0,531.0,246.0,0.0,,,0.0,0.0,,0,0.4632768361581921,0.0,0.21,0.13,0,0,0.0,5.38,25.64,155,High,Map Hotel to Agoda,"Demand exists, but hotel-level mapping is missing on Agoda."
1368,0.3444229308721545,0.3473750201204976,0.3444229308721545,0.523430572283354,23.0,17.0,2026-08-04 23:33:09,Kosa Hotel Khon Kaen,12,0,,2026-08-04,25.39,Khon Kaen,LT,Upper Isan - East,Not Mapped,Not Mapped,65689.0,0.0,1025.5,23.0,0.0,,,0.0,5.0,,0,0.02242808386153096,0.0,1.01,0.0,0,0,0.0,5.58,25.64,156,High,Map Hotel to Agoda,"Demand exists, but hotel-level mapping is missing on Agoda."
5102572,0.34660062067286496,0.4070698895610224,0.34660062067286496,0.5309135241298636,21.0,10.0,2026-08-04 16:06:46,Bedz Hotel Ban Bueng,14,0,,2026-08-07,25.82,Chonburi,LT,BKK - Metro - Chon,Unknown,Unknown,0.0,0.0,1645.0,21.0,0.0,,,0.0,0.0,,0,0.01276595744680851,0.0,0.0,0.0,0,0,0.0,5.16,25.64,157,High,Monitor,No immediate distribution issue requires action.
23839,0.3393906434787199,0.35506892364594295,0.3393906434787199,0.5302966285998749,10.0,7.0,2026-08-04 18:21:46,Phanomrungpuri Hotel Nangrong,10,0,,2026-08-05,25.13,Buriram,KA,Lower Isan - Central,Not Live,Not Mapped,423832.0,127.0,764.0,10.0,0.0,,,0.0,0.0,,0,0.013089005235602094,0.0,6.55,4.28,40,0,20.0,9.59,25.63,158,High,Activate Agoda,"Agoda connectivity exists, but the hotel is not live."
4920711,0.29313957496436593,0.3115390258902197,0.29313957496436593,0.5087789969029808,55.0,10.0,2026-08-04 18:06:03,Pattanagete Place Apartment,31,0,,2026-08-08,24.86,Nonthaburi,KA,BKK - Metro - Chon,Not Mapped,Unknown,136562.0,11.0,447.0,55.0,0.0,,,0.0,5.0,,0,0.12304250559284116,0.0,2.11,0.37,0,0,0.0,6.14,25.61,159,High,Map Hotel to Agoda,"Demand exists, but hotel-level mapping is missing on Agoda."
4543119,0.2880287685015708,0.32793855654533827,0.2880287685015708,0.5077426640559612,34.0,22.0,2026-08-04 19:05:32,Baan Phuean Pranburi,30,0,,2026-08-04,24.53,Pranburi,KA,Lower South - West,Not Mapped,Not Mapped,183548.0,0.0,893.0,34.0,0.0,,,0.0,6.0,,0,0.03807390817469205,0.0,2.83,0.0,0,0,0.0,6.32,25.6,160,High,Map Hotel to Agoda,"Demand exists, but hotel-level mapping is missing on Agoda."
4922657,0.36582452784508585,0.3736212193930144,0.36582452784508585,0.4952342716533134,1070.0,305.0,2026-08-04 10:02:48,City Room Terminal 10,16,1,2026-08-04 09:17:17,2026-08-08,26.38,Nonthaburi,LT,BKK - Metro - Chon,Not Mapped,Unknown,13886.0,6.0,447.0,1070.0,0.0,,,0.0,3.0,,0,2.393736017897092,0.0,0.21,0.2,0,0,0.0,5.44,25.59,161,High,Map Hotel to Agoda,"Demand exists, but hotel-level mapping is missing on Agoda."
5091475,0.42663921456641374,0.42663921456641374,0.42663921456641374,0.5156688509423991,80.0,80.0,2026-08-04 18:49:41,One Budget Hotel Tak Maesot,5,2,2026-08-04 18:49:41,2026-08-04,27.88,Tak,KA,North,Mapped,Unknown,724075.0,295.0,237.0,80.0,0.0,,,0.0,0.0,,0,0.33755274261603374,0.0,11.18,9.94,100,0,50.0,14.15,25.59,162,High,Investigate Booking Conversion,"Demand exists, but no booking is matched to the current check-in demand."
4920598,0.30736867330153816,0.3295976970859867,0.30736867330153816,0.5165639426436075,29.0,23.0,2026-08-04 22:34:47,Suan Yim Yam Resort,11,1,2026-08-04 17:52:50,2026-08-21,23.68,Pathum Thani,KA,BKK - Metro - Chon,Not Mapped,Not Mapped,246420.0,0.0,701.0,29.0,0.0,,,0.0,3.0,,0,0.04136947218259629,0.0,3.81,0.0,0,0,0.0,6.64,25.59,163,High,Map Hotel to Agoda,"Demand exists, but hotel-level mapping is missing on Agoda."
4932806,0.45646769093692846,0.48031081963035854,0.45646769093692846,0.5169712772292466,1304.0,627.0,2026-08-04 23:33:09,Grand Sansook Omnoi,31,6,2026-08-04 18:21:46,2026-08-04,31.93,Samut Sakhon,KA,BKK - Metro - Chon,Mapped,Unknown,367135.0,241.0,785.0,1304.0,0.0,,,0.0,0.0,,0,1.6611464968152867,0.0,5.67,8.12,100,0,50.0,11.66,25.58,164,High,Investigate Booking Conversion,"Demand exists, but no booking is matched to the current check-in demand."
63749,0.3576372579755588,0.43072320568136124,0.3576372579755588,0.5091904330217796,1845.0,727.0,2026-08-04 23:33:09,Leelawadee Resort Saraburi,65,9,2026-08-04 22:51:02,2026-08-05,31.21,Saraburi,KA,Lower Isan - Central,Mapped,Mapped,1891924.0,135.0,568.5,1845.0,0.0,,,0.0,27.0,,0,3.2453825857519787,0.0,29.22,4.55,100,100,100.0,22.22,25.56,165,High,Investigate Booking Conversion,"Demand exists, but no booking is matched to the current check-in demand."
4319602,0.35938541703192844,0.35938541703192844,0.35938541703192844,0.5131646573549364,337.0,337.0,2026-08-04 19:05:32,Chill Chill Resort,6,0,,2026-08-07,25.31,Pranburi,LT,Lower South - West,Not Mapped,Unknown,48899.0,21.0,842.5,337.0,0.0,,,0.0,0.0,,0,0.4,0.0,0.76,0.71,0,0,0.0,5.66,25.55,166,High,Map Hotel to Agoda,"Demand exists, but hotel-level mapping is missing on Agoda."
137986,0.38746080586301196,0.38746080586301196,0.38746080586301196,0.5120891674152924,78.0,78.0,2026-08-04 19:05:32,Hatyai Merridian Hotel,3,0,,2026-08-04,26.05,,,,Not Mapped,Unknown,0.0,0.0,940.0,78.0,0.0,,,0.0,0.0,,0,0.08297872340425531,0.0,0.0,0.0,0,0,0.0,5.21,25.54,167,High,Map Hotel to Agoda,"Demand exists, but hotel-level mapping is missing on Agoda."
4920740,0.35101490832416365,0.35101490832416365,0.35101490832416365,0.508321004785972,148.0,74.0,2026-08-04 19:05:32,Dao Resort  (Room on Request),20,0,,2026-08-20,26.15,Chaiyaphum,LT,Upper Isan - East,Unknown,Unknown,0.0,0.0,10.0,148.0,0.0,,,0.0,2.0,,0,14.8,0.0,0.0,0.0,0,0,0.0,5.23,25.54,168,High,Investigate Booking Conversion,"Demand exists, but no booking is matched to the current check-in demand."
4606538,0.32074084493197447,0.37668778986648743,0.32074084493197447,0.5075524546382285,556.0,211.0,2026-08-04 23:33:09,Ice Talay Resort,29,0,,2026-08-08,25.9,Prachuapkhirikhan,LT,Lower South - West,Not Mapped,Not Mapped,23609.0,1.0,893.0,556.0,0.0,,,0.0,3.0,,0,0.6226203807390818,0.0,0.36,0.03,0,0,0.0,5.37,25.53,169,High,Map Hotel to Agoda,"Demand exists, but hotel-level mapping is missing on Agoda."
183123,0.3027423258611709,0.34481739077477974,0.3027423258611709,0.5081351817460151,42.0,13.0,2026-08-04 23:33:09,PP Tel Hotel Phayakkhaphum,23,0,,2026-08-10,24.47,Maha Sarakham,KA,Upper Isan - East,Not Mapped,Not Mapped,171677.0,0.0,274.0,42.0,0.0,,,0.0,2.0,,0,0.15328467153284672,0.0,2.65,0.0,0,0,0.0,6.22,25.53,170,High,Map Hotel to Agoda,"Demand exists, but hotel-level mapping is missing on Agoda."
5101115,0.3554158448221684,0.3554158448221684,0.3554158448221684,0.5100351250328456,562.0,562.0,2026-08-04 23:03:24,The One House PhopPhra Tak,13,0,,2026-08-04,25.82,Tak,LT,North,Not Mapped,Unknown,19813.0,2.0,237.0,562.0,0.0,,,0.0,0.0,-0.0,1,2.371308016877637,0.0,0.31,0.07,0,0,0.0,5.34,25.52,171,High,Map Hotel to Agoda,"Demand exists, but hotel-level mapping is missing on Agoda."
5101914,0.33408404022185445,0.3600799356981955,0.33408404022185445,0.5186485057711513,149.0,35.0,2026-08-04 23:33:09,The Regizt Hotel Pattaya,58,0,,2026-08-08,29.28,Pattaya,LT,BKK - Metro - Chon,Not Mapped,Not Live,157708.0,0.0,1645.0,149.0,0.0,,,0.0,15.0,,0,0.09057750759878419,0.0,2.44,0.0,0,40,20.0,7.08,25.51,172,High,Map Hotel to Agoda,"Demand exists, but hotel-level mapping is missing on Agoda."
4935230,0.2748115337754406,0.28816036053813465,0.2748115337754406,0.5058747953609083,20.0,10.0,2026-08-04 23:33:09,Banponginn Hotel,20,0,,2026-08-04,23.01,Ratchaburi,KA,Lower South - West,Not Mapped,Not Mapped,318149.0,0.0,715.0,20.0,0.0,,,0.0,0.0,,0,0.027972027972027972,0.0,4.91,0.0,0,0,0.0,7.06,25.49,173,High,Map Hotel to Agoda,"Demand exists, but hotel-level mapping is missing on Agoda."
4920904,0.3398272260753219,0.3398272260753219,0.3398272260753219,0.504098412013202,426.0,426.0,2026-08-04 21:48:56,Nature Nut Resort,12,0,,2026-08-04,24.94,Nakhon Si Thammarat,LT,Lower South - West,Not Mapped,Not Mapped,116349.0,3.0,799.5,426.0,0.0,,,0.0,0.0,,0,0.5328330206378987,0.0,1.8,0.1,0,0,0.0,5.92,25.48,174,High,Map Hotel to Agoda,"Demand exists, but hotel-level mapping is missing on Agoda."
4920552,0.3215758040930093,0.3553864368005446,0.3215758040930093,0.5107720134965988,23.0,14.0,2026-08-04 19:05:32,Ruanrak Resort Det Udom,16,0,,2026-08-04,24.6,Ubon Ratchathani,LT,Lower Isan - Central,Not Mapped,Not Mapped,132206.0,0.0,1555.5,23.0,0.0,,,0.0,0.0,,0,0.014786242365798778,0.0,2.04,0.0,0,0,0.0,5.94,25.46,175,High,Map Hotel to Agoda,"Demand exists, but hotel-level mapping is missing on Agoda."
5101188,0.3217013658846362,0.3217013658846362,0.3217013658846362,0.5076925124162267,37.0,37.0,2026-08-04 23:03:24,Sabuydee Resort Thabo,13,0,,2026-08-05,24.27,Nong Khai,KA,Upper Isan - East,Not Mapped,Not Mapped,172517.0,0.0,95.0,37.0,0.0,,,0.0,0.0,,0,0.3894736842105263,0.0,2.66,0.0,0,0,0.0,6.18,25.45,176,High,Map Hotel to Agoda,"Demand exists, but hotel-level mapping is missing on Agoda."
4921059,0.4140973021548485,0.4389743043530686,0.4140973021548485,0.5108772882853947,301.0,144.0,2026-08-04 20:47:47,Greenplace Sikhio,29,9,2026-08-04 19:05:32,2026-08-04,29.62,Nakhonratchasima,KA,Lower Isan - Central,Mapped,Not Mapped,800356.0,75.0,1319.0,301.0,0.0,0.0770623981466824,0.08635244981602624,4.0,4.0,,0,0.22820318423047764,0.0,12.36,2.53,100,0,50.0,12.86,25.43,177,High,Investigate Booking Conversion,"Demand exists, but no booking is matched to the current check-in demand."
4981644,0.27561730967604753,0.27561730967604753,0.27561730967604753,0.5070384376006253,13.0,13.0,2026-08-04 23:03:24,Baan BaiMai Saraburi,7,0,,2026-08-08,21.83,Saraburi,KA,Lower Isan - Central,Not Mapped,Not Mapped,417617.0,0.0,111.0,13.0,0.0,,,0.0,0.0,,0,0.11711711711711711,0.0,6.45,0.0,0,0,0.0,7.59,25.41,178,High,Map Hotel to Agoda,"Demand exists, but hotel-level mapping is missing on Agoda."
43917,0.35072545685402334,0.36666944946196733,0.35072545685402334,0.508288128943908,842.0,312.0,2026-08-04 20:47:47,Win D Hotel,65,4,2026-08-04 17:52:50,2026-08-04,30.61,Nakhonratchasima,KA,Lower Isan - Central,Mapped,Mapped,1607048.0,370.0,1319.0,842.0,0.0,,,0.0,12.0,,0,0.6383623957543594,0.0,24.82,12.46,100,100,100.0,22.27,25.4,179,High,Investigate Booking Conversion,"Demand exists, but no booking is matched to the current check-in demand."
43923,0.28978131074198266,0.292851870941687,0.28978131074198266,0.5093829859603263,56.0,15.0,2026-08-04 23:33:09,Sophia Hotel Prachinburi,40,0,,2026-08-04,25.59,Prachin Buri,LT,Upper Isan - East,Unknown,Unknown,19690.0,0.0,284.0,56.0,0.0,,,0.0,7.0,,0,0.19718309859154928,0.0,0.3,0.0,0,0,0.0,5.27,25.4,180,High,Monitor,No immediate distribution issue requires action.
5102117,0.37086110795071825,0.37086110795071825,0.37086110795071825,0.5144037050645532,10.0,10.0,2026-08-04 11:36:45,Wimanmek Resort,3,0,,2026-08-04,25.41,Maha Sarakham,LT,Upper Isan - East,Not Mapped,Not Mapped,20935.0,0.0,274.0,10.0,0.0,,,0.0,0.0,,0,0.0364963503649635,0.0,0.32,0.0,0,0,0.0,5.24,25.39,181,High,Map Hotel to Agoda,"Demand exists, but hotel-level mapping is missing on Agoda."
5102568,0.25822777257912727,0.297138439878663,0.25822777257912727,0.5066702462707677,62.0,12.0,2026-08-04 22:03:21,RITA CAFE HOUSE,56,0,,2026-08-04,25.79,Tak,LT,North,Unknown,Unknown,0.0,0.0,534.0,62.0,0.0,,,0.0,4.0,,0,0.11610486891385768,0.0,0.0,0.0,0,0,0.0,5.16,25.38,182,High,Monitor,No immediate distribution issue requires action.
181525,0.40393977860713254,0.4295469569464049,0.40393977860713254,0.5107629608343468,655.0,155.0,2026-08-04 19:05:32,Seven Bee Boutique Hotel,54,8,2026-08-04 19:05:32,2026-08-07,31.69,Surin,KA,Lower Isan - Central,Mapped,Mapped,1394242.0,432.0,423.0,655.0,0.0,0.0062920257231954,0.08764953446102257,4.0,6.0,,0,1.5484633569739952,0.0,21.53,14.55,100,100,100.0,21.47,25.35,183,High,Investigate Booking Conversion,"Demand exists, but no booking is matched to the current check-in demand."
5101164,0.3602484864425698,0.37027177456302435,0.3602484864425698,0.5081668642210893,359.0,300.0,2026-08-04 10:02:48,Ram Pueng Resort,4,1,2026-08-04 09:50:43,2026-08-04,25.06,Phetchabun,LT,North,Not Mapped,Unknown,53027.0,8.0,428.0,359.0,0.0,,,0.0,0.0,,0,0.8387850467289719,0.0,0.82,0.27,0,0,0.0,5.5,25.35,184,High,Map Hotel to Agoda,"Demand exists, but hotel-level mapping is missing on Agoda."
4920829,0.34030302535630497,0.34030302535630497,0.34030302535630497,0.5093542983930237,3.0,3.0,2026-08-04 12:51:31,Baan Somwang Resort,3,0,,2026-08-04,24.08,Chiang Mai,KA,North,Not Mapped,Not Mapped,159051.0,0.0,896.0,3.0,0.0,,,0.0,0.0,,0,0.0033482142857142855,0.0,2.46,0.0,0,0,0.0,6.05,25.34,185,High,Map Hotel to Agoda,"Demand exists, but hotel-level mapping is missing on Agoda."
63402,0.3258733770083125,0.3558421855912193,0.3258733770083125,0.509698205254539,18.0,12.0,2026-08-04 13:52:08,Phaiboon Place Hotel Kalasin,12,0,,2026-08-04,24.37,Kalasin,KA,Upper Isan - East,Not Mapped,Not Mapped,127226.0,0.0,85.0,18.0,0.0,0.1321021232288031,0.1321021232288031,1.0,2.0,,0,0.21176470588235294,0.0,1.96,0.0,0,0,0.0,5.85,25.33,186,High,Map Hotel to Agoda,"Demand exists, but hotel-level mapping is missing on Agoda."
4896907,0.32919201206360216,0.363668779745335,0.32919201206360216,0.5095218765300444,45.0,26.0,2026-08-04 16:21:17,Ban Dung Grand Hotel,17,0,,2026-08-04,24.98,Udon Thani,LT,Upper Isan - East,Not Mapped,Not Mapped,62745.0,0.0,1007.0,45.0,0.0,,,0.0,0.0,,0,0.044687189672293945,0.0,0.97,0.0,0,0,0.0,5.48,25.33,187,High,Map Hotel to Agoda,"Demand exists, but hotel-level mapping is missing on Agoda."
1692,0.34185204217027876,0.34185204217027876,0.34185204217027876,0.5412375227405428,3.0,3.0,2026-08-04 11:51:06,Vacation Village Phra Nang Lanta,3,0,,2026-08-12,24.78,,,,Unknown,Unknown,0.0,0.0,81.0,3.0,0.0,,,0.0,4.0,,0,0.037037037037037035,0.0,0.0,0.0,0,0,0.0,4.96,25.32,188,High,Monitor,No immediate distribution issue requires action.
4755768,0.3360523029312015,0.3360523029312015,0.3360523029312015,0.5401001147649028,4.0,4.0,2026-08-04 14:04:20,PJ Loft Hotel,4,0,,2026-08-06,24.62,Lop Buri,LT,Lower Isan - Central,Unknown,Unknown,16299.0,0.0,452.5,4.0,0.0,,,0.0,0.0,,0,0.008839779005524863,0.0,0.25,0.0,0,0,0.0,5.05,25.31,189,High,Monitor,No immediate distribution issue requires action.
4543161,0.34882622421957304,0.34882622421957304,0.34882622421957304,0.5065840530805683,648.0,648.0,2026-08-04 19:05:32,Amonrat Place Nakae,9,1,2026-08-04 09:50:43,2026-08-05,25.13,Nakhon Phanom,LT,Upper Isan - East,Not Mapped,Not Mapped,43416.0,1.0,316.0,648.0,0.0,,,0.0,0.0,,0,2.050632911392405,0.0,0.67,0.03,0,0,0.0,5.37,25.29,190,High,Map Hotel to Agoda,"Demand exists, but hotel-level mapping is missing on Agoda."
43886,0.38166685437118014,0.5151689307522805,0.38166685437118014,0.5107106995533256,839.0,252.0,2026-08-04 23:33:09,Prachuap Beach Hotel,55,2,2026-08-04 23:18:39,2026-08-04,30.95,Prachuapkhirikhan,KA,Lower South - West,Mapped,Mapped,1075538.0,722.0,893.0,839.0,0.0,0.1477099849432613,0.1477099849432613,1.0,8.0,,0,0.9395296752519597,0.0,16.61,24.32,100,100,100.0,21.79,25.29,191,High,Investigate Booking Conversion,"Demand exists, but no booking is matched to the current check-in demand."
4883676,0.325658201193091,0.325658201193091,0.325658201193091,0.506675611708559,4.0,4.0,2026-08-04 12:51:31,Sripoonsuk Resort Sukhothai,4,0,,2026-08-04,23.54,Sukhothai,KA,North,Not Mapped,Not Mapped,205644.0,0.0,205.5,4.0,0.0,,,0.0,0.0,,0,0.019464720194647202,0.0,3.18,0.0,0,0,0.0,6.3,25.28,192,High,Map Hotel to Agoda,"Demand exists, but hotel-level mapping is missing on Agoda."
5101912,0.27379015416723507,0.3064661979175328,0.27379015416723507,0.5069561491468234,46.0,10.0,2026-08-04 11:51:06,Aounarumon House,39,0,,2026-08-05,24.8,Samut Sakhon,KA,BKK - Metro - Chon,Not Mapped,Unknown,74879.0,0.0,572.0,46.0,0.0,,,0.0,3.0,,0,0.08041958041958042,0.0,1.16,0.0,0,0,0.0,5.54,25.28,193,High,Map Hotel to Agoda,"Demand exists, but hotel-level mapping is missing on Agoda."
5102569,0.3321049962792333,0.3361917129285473,0.3321049962792333,0.5081213461362359,101.0,69.0,2026-08-04 22:03:21,K Golf Hotel Chonburi,21,0,,2026-08-05,25.47,Chonburi,LT,BKK - Metro - Chon,Unknown,Unknown,0.0,0.0,1645.0,101.0,0.0,,,0.0,0.0,,0,0.06139817629179331,0.0,0.0,0.0,0,0,0.0,5.09,25.27,194,High,Monitor,No immediate distribution issue requires action.
183245,0.442824787202054,0.461163040623443,0.442824787202054,0.5070137981154569,802.0,243.0,2026-08-04 16:21:17,Huernnana Jomsawan Phrae,25,3,2026-08-04 16:21:17,2026-08-05,30.47,Phrae,KA,North,Mapped,Not Mapped,594931.0,140.0,434.0,802.0,0.0,,,0.0,0.0,,0,1.847926267281106,0.0,9.19,4.72,100,0,50.0,12.1,25.26,195,High,Investigate Booking Conversion,"Demand exists, but no booking is matched to the current check-in demand."
5102534,0.3589214834713263,0.3621718475833889,0.3589214834713263,0.5086656047823612,119.0,80.0,2026-08-04 23:33:09,Hampton Sriracha,9,0,,2026-08-08,25.42,Sriracha,LT,BKK - Metro - Chon,Unknown,Unknown,0.0,0.0,1584.0,119.0,0.0,,,0.0,0.0,,0,0.07512626262626262,0.0,0.0,0.0,0,0,0.0,5.08,25.25,196,High,Monitor,No immediate distribution issue requires action.
2005210,0.3348628835651978,0.3348628835651978,0.3348628835651978,0.5374449969558134,5.0,5.0,2026-08-04 18:49:41,J Holiday Inn,5,0,,2026-08-04,24.62,Krabi,LT,Upper South,Unknown,Unknown,5381.0,0.0,400.0,5.0,0.0,,,0.0,0.0,,0,0.0125,0.0,0.08,0.0,0,0,0.0,4.96,25.24,197,High,Monitor,No immediate distribution issue requires action.
4908647,0.3297766359534229,0.33306024774818077,0.3297766359534229,0.516246332827748,14.0,7.0,2026-08-04 14:04:20,USABAI Riverside Boutique Hotel,14,0,,2026-08-10,24.85,Chanthaburi,LT,Upper Isan - East,Unknown,Unknown,37211.0,0.0,307.0,14.0,0.0,,,0.0,0.0,,0,0.04560260586319218,0.0,0.57,0.0,0,0,0.0,5.26,25.24,198,High,Monitor,No immediate distribution issue requires action.
4921060,0.33546676481587223,0.3477286911188971,0.33546676481587223,0.5096613895196814,344.0,170.0,2026-08-04 20:47:47,Green View Apartment Sikhio,9,0,,2026-08-04,24.57,Nakhonratchasima,LT,Lower Isan - Central,Not Mapped,Unknown,61317.0,13.0,1319.0,344.0,0.0,,,0.0,0.0,,0,0.2608036391205459,0.0,0.95,0.44,0,0,0.0,5.52,25.23,199,High,Map Hotel to Agoda,"Demand exists, but hotel-level mapping is missing on Agoda."
4922699,0.33614797678517666,0.33614797678517666,0.33614797678517666,0.509733475238627,6.0,6.0,2026-08-04 15:52:08,Inbhirom Resort,3,0,,2026-08-05,23.93,Phayao,KA,North,Not Mapped,Not Mapped,141074.0,0.0,192.0,6.0,0.0,,,0.0,0.0,,0,0.03125,0.0,2.18,0.0,0,0,0.0,5.88,25.21,200,High,Map Hotel to Agoda,"Demand exists, but hotel-level mapping is missing on Agoda."
152409,0.3525438085620266,0.36301830641752697,0.3525438085620266,0.5093844425883809,646.0,588.0,2026-08-04 18:06:03,The Chainato Boutique Apartment,7,1,2026-08-04 17:52:50,2026-08-04,25.15,Chainat,LT,Lower Isan - Central,Not Mapped,Unknown,13837.0,0.0,107.0,646.0,0.0,,,0.0,0.0,,0,6.037383177570093,0.0,0.21,0.0,0,0,0.0,5.14,25.21,201,Medium,Map Hotel to Agoda,"Demand exists, but hotel-level mapping is missing on Agoda."
4920357,0.3356689519686792,0.3356689519686792,0.3356689519686792,0.5146151185963567,27.0,27.0,2026-08-04 12:51:31,Ruenbua Residence Warin Chamrap,4,0,,2026-08-04,24.11,Ubon Ratchathani,LT,Lower Isan - Central,Not Mapped,Unknown,85252.0,14.0,787.5,27.0,0.0,,,0.0,0.0,,0,0.03428571428571429,0.0,1.32,0.47,0,0,0.0,5.62,25.19,202,Medium,Map Hotel to Agoda,"Demand exists, but hotel-level mapping is missing on Agoda."
5101886,0.35674197699723414,0.35757270225123133,0.35674197699723414,0.5043189587613235,122.0,65.0,2026-08-04 10:02:48,Nongbua Greenview Hotel,10,2,2026-08-04 01:30:42,2026-08-06,25.34,Nong Bua Lamphu,LT,Upper Isan - East,Not Mapped,Unknown,1774.0,0.0,160.0,122.0,0.0,,,0.0,0.0,,0,0.7625,0.0,0.03,0.0,0,0,0.0,5.08,25.19,203,Medium,Map Hotel to Agoda,"Demand exists, but hotel-level mapping is missing on Agoda."
2008112,0.34949332921459864,0.3538437289671396,0.34949332921459864,0.5090438968635711,32.0,17.0,2026-08-04 16:21:17,Chomtrang Hotel,7,0,,2026-08-04,24.83,Trang,LT,Upper South,Unknown,Not Mapped,37493.0,0.0,623.0,32.0,0.0,,,0.0,0.0,,0,0.051364365971107544,0.0,0.58,0.0,0,0,0.0,5.26,25.17,204,Medium,Expand to Ctrip,The hotel has demand but is not mapped on Ctrip.
5102598,0.34368947221642987,0.3737481342955974,0.34368947221642987,0.5100461913587707,199.0,129.0,2026-08-04 18:49:41,Quicky Stay Hotel Suphanburi,12,0,,2026-08-06,25.15,Suphan Buri,LT,Lower Isan - Central,Unknown,Unknown,0.0,0.0,385.0,199.0,0.0,,,0.0,1.0,,0,0.5168831168831168,0.0,0.0,0.0,0,0,0.0,5.03,25.16,205,Medium,Monitor,No immediate distribution issue requires action.
4921191,0.32305488933212484,0.3475178254197708,0.32305488933212484,0.5075936967142639,40.0,27.0,2026-08-04 20:33:04,Check-in Resort Chainat,11,0,,2026-08-04,24.13,Chainat,LT,Lower Isan - Central,Not Mapped,Unknown,93701.0,5.0,194.0,40.0,0.0,,,0.0,2.0,,0,0.20618556701030927,0.0,1.45,0.17,0,0,0.0,5.6,25.12,206,Medium,Map Hotel to Agoda,"Demand exists, but hotel-level mapping is missing on Agoda."
4918123,0.3189809621977569,0.36749704801598887,0.3189809621977569,0.5126943746922947,33.0,15.0,2026-08-04 23:03:24,Lan Koon View Doi House Phrao,17,0,,2026-08-11,24.63,Chiang Mai,LT,North,Not Mapped,Not Mapped,32165.0,0.0,1208.0,33.0,0.0,,,0.0,2.0,,0,0.027317880794701987,0.0,0.5,0.0,0,0,0.0,5.18,25.1,207,Medium,Map Hotel to Agoda,"Demand exists, but hotel-level mapping is missing on Agoda."
4920555,0.33742009225615965,0.33742009225615965,0.33742009225615965,0.5052473363689436,284.0,284.0,2026-08-04 22:51:02,Wasu Resort,6,0,,2026-08-08,24.26,Saraburi,LT,Lower Isan - Central,Not Mapped,Unknown,40028.0,38.0,111.0,284.0,0.0,,,0.0,0.0,,0,2.5585585585585586,0.0,0.62,1.28,0,0,0.0,5.55,25.1,208,Medium,Map Hotel to Agoda,"Demand exists, but hotel-level mapping is missing on Agoda."
4948532,0.3309810955247809,0.3587785503756229,0.3309810955247809,0.5099284639029116,37.0,25.0,2026-08-04 16:21:17,Baankanghan Resort Klaeng,8,0,,2026-08-04,24.21,Rayong,LT,Upper Isan - East,Not Mapped,Unknown,75902.0,4.0,1241.5,37.0,0.0,,,0.0,0.0,,0,0.029802658074909383,0.0,1.17,0.13,0,0,0.0,5.47,25.1,209,Medium,Map Hotel to Agoda,"Demand exists, but hotel-level mapping is missing on Agoda."
4920894,0.3390940588737865,0.3390940588737865,0.3390940588737865,0.5120070165165713,4.0,4.0,2026-08-04 14:04:20,Sawang Sawai Resort Sawang Daendin,3,0,,2026-08-05,24.09,Sakon Nakhon,LT,Upper Isan - East,Unknown,Unknown,86607.0,0.0,211.5,4.0,0.0,,,0.0,0.0,,0,0.018912529550827423,0.0,1.34,0.0,0,0,0.0,5.49,25.09,210,Medium,Monitor,No immediate distribution issue requires action.
4914111,0.36839258076077686,0.3773040060218782,0.36839258076077686,0.5046847430333331,6075.0,1528.0,2026-08-04 20:33:04,NKW Resort,61,9,2026-08-04 16:21:17,2026-08-07,32.46,Kamphaeng Phet,KA,North,Mapped,Mapped,1789813.0,29.0,448.0,6075.0,0.0,,,0.0,0.0,,0,13.560267857142858,0.0,27.64,0.98,100,100,100.0,20.61,25.09,211,Medium,Investigate Booking Conversion,"Demand exists, but no booking is matched to the current check-in demand."
183647,0.5033563737622075,0.5273855495212093,0.5033563737622075,0.5132999130250471,3397.0,1883.0,2026-08-04 19:05:32,White House Hotel Tak,15,1,2026-08-04 10:02:48,2026-08-04,32.86,Tak,KA,North,Mapped,Mapped,1217373.0,419.0,534.0,3397.0,0.0,,,0.0,0.0,,0,6.361423220973783,0.0,18.8,14.11,100,100,100.0,20.2,25.09,212,Medium,Investigate Booking Conversion,"Demand exists, but no booking is matched to the current check-in demand."
4618188,0.31860942493457,0.33051294872985243,0.31860942493457,0.5288142201984133,8.0,5.0,2026-08-04 23:33:09,P Paradise Hotel,8,0,,2026-08-04,24.08,Kamphaeng Phet,LT,North,Unknown,Unknown,41105.0,0.0,448.0,8.0,0.0,,,0.0,0.0,,0,0.017857142857142856,0.0,0.63,0.0,0,0,0.0,5.13,25.08,213,Medium,Monitor,No immediate distribution issue requires action.
2000051,0.28697372482251854,0.30706962855557324,0.28697372482251854,0.5082216935886082,26.0,14.0,2026-08-04 16:21:17,Prakaithong 3 Hotel Sawang Daendin,10,0,,2026-08-05,22.6,Sakon Nakhon,KA,Upper Isan - East,Not Mapped,Not Mapped,244414.0,3.0,440.0,26.0,0.0,,,0.0,0.0,,0,0.05909090909090909,0.0,3.77,0.1,0,0,0.0,6.44,25.08,214,Medium,Map Hotel to Agoda,"Demand exists, but hotel-level mapping is missing on Agoda."
2012395,0.3324099964350644,0.4163415519042902,0.3324099964350644,0.5082642757651946,63.0,27.0,2026-08-04 16:21:17,Khok Samet Chun Hostel & Caffe,12,0,,2026-09-01,24.62,Hatyai,LT,Lower South - West,Not Mapped,Unknown,29750.0,6.0,940.0,63.0,0.0,,,0.0,8.0,,0,0.06702127659574468,0.0,0.46,0.2,0,0,0.0,5.21,25.08,215,Medium,Map Hotel to Agoda,"Demand exists, but hotel-level mapping is missing on Agoda."
4921091,0.3228726768335922,0.3280068414136548,0.3228726768335922,0.5091861325063616,113.0,93.0,2026-08-04 19:05:32,Google House Hotel Loeng Nok Tha Resort,8,0,,2026-08-04,23.89,Yasothon,LT,Lower Isan - Central,Not Mapped,Not Mapped,69203.0,30.0,462.5,113.0,0.0,,,0.0,2.0,,0,0.24432432432432433,0.0,1.07,1.01,0,0,0.0,5.62,25.07,216,Medium,Map Hotel to Agoda,"Demand exists, but hotel-level mapping is missing on Agoda."
4920600,0.32507134201226695,0.32507134201226695,0.32507134201226695,0.5055018933469109,3.0,3.0,2026-08-04 20:47:47,Na Na Resort Khonkean,3,0,,2026-08-04,23.4,Khon Kaen,KA,Upper Isan - East,Not Mapped,Not Mapped,142310.0,20.0,1025.5,3.0,0.0,,,0.0,0.0,,0,0.0029254022428083864,0.0,2.2,0.67,0,0,0.0,5.98,25.07,217,Medium,Map Hotel to Agoda,"Demand exists, but hotel-level mapping is missing on Agoda."
4920752,0.3005113864094217,0.3005113864094217,0.3005113864094217,0.5194841889649014,4.0,4.0,2026-08-04 19:05:32,Baanromdee 1,4,0,,2026-08-18,22.79,Nonthaburi,KA,BKK - Metro - Chon,Not Mapped,Not Mapped,194960.0,1.0,426.5,4.0,0.0,0.0538658514176821,0.0538658514176821,1.0,1.0,,0,0.009378663540445486,0.0,3.01,0.03,0,0,0.0,6.07,25.07,218,Medium,Map Hotel to Agoda,"Demand exists, but hotel-level mapping is missing on Agoda."
4920585,0.304177621190209,0.3520312506392653,0.304177621190209,0.5089117377191992,28.0,10.0,2026-08-04 15:36:41,Intara Resort Sikhoraphum,14,0,,2026-08-04,23.68,Surin,LT,Lower Isan - Central,Not Mapped,Not Mapped,122861.0,4.0,423.0,28.0,0.0,,,0.0,4.0,,0,0.06619385342789598,0.0,1.9,0.13,0,0,0.0,5.72,25.06,219,Medium,Map Hotel to Agoda,"Demand exists, but hotel-level mapping is missing on Agoda."
4299368,0.32901062585324836,0.32901062585324836,0.32901062585324836,0.5295616771706096,3.0,3.0,2026-08-04 20:47:47,Baan Suan Punpaka Resort,3,0,,2026-08-04,24.04,Satun,LT,Upper South,Unknown,Unknown,39096.0,0.0,315.0,3.0,0.0,,,0.0,0.0,,0,0.009523809523809525,0.0,0.6,0.0,0,0,0.0,5.11,25.06,220,Medium,Monitor,No immediate distribution issue requires action.
4918102,0.3512204876535077,0.3560735553201455,0.3512204876535077,0.5055661697226956,9.0,3.0,2026-08-04 12:51:31,Soi 3 Montri (Room on Request),9,0,,2026-08-06,25.02,Ratchaburi,LT,Lower South - West,Unknown,Unknown,0.0,0.0,715.0,9.0,0.0,,,0.0,0.0,,0,0.012587412587412588,0.0,0.0,0.0,0,0,0.0,5.0,25.06,221,Medium,Monitor,No immediate distribution issue requires action.
5102518,0.3095326222768081,0.31274266587919813,0.3095326222768081,0.5101971190485954,111.0,28.0,2026-08-04 22:51:02,The Va Patong,24,0,,2026-08-23,24.89,,,,Unknown,Unknown,0.0,0.0,41.0,111.0,0.0,,,0.0,4.0,,0,2.707317073170732,0.0,0.0,0.0,0,0,0.0,4.98,25.06,222,Medium,Monitor,No immediate distribution issue requires action.
2001181,0.3338751106142663,0.3338751106142663,0.3338751106142663,0.5346954129939664,1.0,1.0,2026-08-04 00:03:17,Homeland Resort,1,0,,2026-08-03,24.14,Phetchabun,LT,North,Unknown,Unknown,12326.0,0.0,17.0,1.0,0.0,,,0.0,0.0,,0,0.058823529411764705,0.0,0.19,0.0,0,0,0.0,4.92,25.05,223,Medium,Monitor,No immediate distribution issue requires action.
5102116,0.3498724058436657,0.3498724058436657,0.3498724058436657,0.5109474794281437,212.0,212.0,2026-08-04 02:45:27,The Orchid Residence Satuek Buriram,4,0,,2026-08-05,24.66,Buriram,LT,Lower Isan - Central,Not Mapped,Not Mapped,15996.0,2.0,764.0,212.0,0.0,,,0.0,0.0,,0,0.2774869109947644,0.0,0.25,0.07,0,0,0.0,5.08,25.05,224,Medium,Map Hotel to Agoda,"Demand exists, but hotel-level mapping is missing on Agoda."
5102389,0.3706160102461323,0.3706160102461323,0.3706160102461323,0.4987899896286132,104.0,104.0,2026-08-04 16:06:46,Perfect Living,3,0,,2026-08-04,25.12,Maha Sarakham,LT,Upper Isan - East,Unknown,Unknown,0.0,0.0,274.0,104.0,0.0,,,0.0,0.0,,0,0.3795620437956204,0.0,0.0,0.0,0,0,0.0,5.02,25.04,225,Medium,Monitor,No immediate distribution issue requires action.
2008439,0.3379235512526225,0.3379235512526225,0.3379235512526225,0.5019806183730704,24.0,24.0,2026-08-04 23:18:39,Retreat Resort Pattaya,8,2,2026-08-04 22:34:47,2026-08-05,24.32,Pattaya,LT,BKK - Metro - Chon,Not Mapped,Unknown,74601.0,0.0,1645.0,24.0,0.0,,,0.0,0.0,,0,0.01458966565349544,0.0,1.15,0.0,0,0,0.0,5.44,25.04,226,Medium,Map Hotel to Agoda,"Demand exists, but hotel-level mapping is missing on Agoda."
5101981,0.32271167963871505,0.32271167963871505,0.32271167963871505,0.5222147451971311,7.0,7.0,2026-08-04 18:49:41,Berich Resort,5,0,,2026-08-12,23.83,Khon Kaen,LT,Upper Isan - East,Not Mapped,Not Mapped,69721.0,2.0,210.0,7.0,0.0,,,0.0,1.0,,0,0.03333333333333333,0.0,1.08,0.07,0,0,0.0,5.33,25.03,227,Medium,Map Hotel to Agoda,"Demand exists, but hotel-level mapping is missing on Agoda."
4884411,0.2779910072803066,0.3061739930135312,0.2779910072803066,0.5086755972354597,45.0,16.0,2026-08-04 23:33:09,Nata Resort Chanthaburi 1,35,0,,2026-08-05,24.62,Chanthaburi,LT,Upper Isan - East,Not Mapped,Not Mapped,12223.0,7.0,411.0,45.0,0.0,,,0.0,4.0,,0,0.10948905109489052,0.0,0.19,0.24,0,0,0.0,5.09,25.02,228,Medium,Map Hotel to Agoda,"Demand exists, but hotel-level mapping is missing on Agoda."
138126,0.4089116050134888,0.46498728629256136,0.4089116050134888,0.5483574593263258,27.0,21.0,2026-08-04 12:51:31,H2 Hotel Sathorn,7,1,2026-08-04 11:51:06,2026-08-13,28.0,Bangkok,KA,BKK - Metro - Chon,Mapped,Mapped,1752956.0,310.0,2531.5,27.0,0.0,0.6608360732424335,0.6608360732424335,1.0,3.0,,0,0.010665613272763184,0.0,27.07,10.44,100,100,100.0,22.27,25.02,229,Medium,Investigate Booking Conversion,"Demand exists, but no booking is matched to the current check-in demand."
4920674,0.2953965824340541,0.3273667379248856,0.2953965824340541,0.508169076236211,32.0,18.0,2026-08-04 17:52:50,MJ Hotel Chonburi,12,0,,2026-08-07,23.13,Chonburi,KA,BKK - Metro - Chon,Not Mapped,Not Mapped,175010.0,0.0,1645.0,32.0,0.0,,,0.0,1.0,,0,0.019452887537993922,0.0,2.7,0.0,0,0,0.0,5.98,25.01,230,Medium,Map Hotel to Agoda,"Demand exists, but hotel-level mapping is missing on Agoda."
4884392,0.33473783724213435,0.36201336885487895,0.33473783724213435,0.5090562554936127,127.0,66.0,2026-08-04 23:33:09,Greenway Resort,48,0,,2026-08-05,28.16,Nakhonratchasima,KA,Lower Isan - Central,No Room,Mapped,1801665.0,40.0,1319.0,127.0,0.0,,,0.0,0.0,,0,0.09628506444275967,0.0,27.83,1.35,70,100,85.0,19.95,25.01,231,Medium,Complete Room-Type Mapping,"Hotel-level mapping exists, but room types are not mapped."
21425,0.3265075731831332,0.3265075731831332,0.3265075731831332,0.5285525156189602,3.0,3.0,2026-08-04 18:21:46,Riverhouse Hotel Mae Sariang,3,0,,2026-08-18,23.92,Mae Hong Son,LT,North,Unknown,Not Mapped,39127.0,0.0,74.0,3.0,0.0,,,0.0,2.0,,0,0.04054054054054054,0.0,0.6,0.0,0,0,0.0,5.08,25.0,232,Medium,Expand to Ctrip,The hotel has demand but is not mapped on Ctrip.
2006865,0.3403848118295294,0.3403848118295294,0.3403848118295294,0.521547400989263,18.0,18.0,2026-08-04 16:21:17,Me U Hostel,4,0,,2026-08-04,24.43,Chiang Mai,LT,North,Unknown,Unknown,0.0,0.0,896.0,18.0,0.0,,,0.0,0.0,,0,0.020089285714285716,0.0,0.0,0.0,0,0,0.0,4.89,24.99,233,Medium,Monitor,No immediate distribution issue requires action.
4914009,0.39865989347235864,0.4255648721356733,0.39865989347235864,0.5100300681415472,207.0,79.0,2026-08-04 23:33:09,Hotel Scarlett,18,6,2026-08-04 15:52:08,2026-08-19,27.92,Nakhon Si Thammarat,KA,Lower South - West,Mapped,Mapped,1182386.0,821.0,704.0,207.0,0.0,,,0.0,15.0,,0,0.2940340909090909,0.0,18.26,27.65,100,100,100.0,23.01,24.98,234,Medium,Investigate Booking Conversion,"Demand exists, but no booking is matched to the current check-in demand."
63415,0.29476641158935835,0.30048635450813505,0.29476641158935835,0.5086794726136786,16.0,13.0,2026-08-04 23:03:24,Park Inn Saraburi,10,0,,2026-08-08,22.92,Saraburi,LT,Lower Isan - Central,Not Mapped,Not Mapped,182988.0,1.0,522.5,16.0,0.0,,,0.0,0.0,,0,0.03062200956937799,0.0,2.83,0.03,0,0,0.0,6.01,24.97,235,Medium,Map Hotel to Agoda,"Demand exists, but hotel-level mapping is missing on Agoda."
5102646,0.34128705606015597,0.3450082453594467,0.34128705606015597,0.5076509920332206,73.0,54.0,2026-08-04 11:51:06,Crystal Hotel Yasothon,9,0,,2026-08-04,24.68,Yasothon,LT,Lower Isan - Central,Unknown,Unknown,0.0,0.0,462.5,73.0,0.0,,,0.0,0.0,,0,0.15783783783783784,0.0,0.0,0.0,0,0,0.0,4.94,24.95,236,Medium,Monitor,No immediate distribution issue requires action.
63377,0.3778312584524261,0.44720667464407565,0.3778312584524261,0.5081807369388734,926.0,310.0,2026-08-04 23:33:09,L Hotel Khon Kaen,65,3,2026-08-04 22:03:21,2026-08-04,31.72,Khon Kaen,KA,Upper Isan - East,Mapped,Mapped,1491299.0,279.0,1025.5,926.0,0.0,,,0.0,7.0,,0,0.9029741589468552,0.0,23.03,9.4,100,100,100.0,20.68,24.94,237,Medium,Investigate Booking Conversion,"Demand exists, but no booking is matched to the current check-in demand."
2006147,0.3206837503497625,0.32196671195468723,0.3206837503497625,0.526762156502906,8.0,6.0,2026-08-04 22:18:28,26 Bed And Coffee,8,0,,2026-08-04,24.12,Chonburi,LT,BKK - Metro - Chon,Unknown,Not Mapped,4766.0,0.0,2288.0,8.0,0.0,,,0.0,0.0,,0,0.0034965034965034965,0.0,0.07,0.0,0,0,0.0,4.86,24.93,238,Medium,Expand to Ctrip,The hotel has demand but is not mapped on Ctrip.
183066,0.3238069930762101,0.3678586444039939,0.3238069930762101,0.5084598655917285,12.0,6.0,2026-08-04 19:05:32,Diary Resort Prathai,8,1,2026-08-04 19:05:32,2026-08-05,23.88,Nakhonratchasima,LT,Lower Isan - Central,Not Mapped,Not Mapped,70980.0,3.0,1319.0,12.0,0.0,,,0.0,0.0,,0,0.009097801364670205,0.0,1.1,0.1,0,0,0.0,5.36,24.93,239,Medium,Map Hotel to Agoda,"Demand exists, but hotel-level mapping is missing on Agoda."
4948523,0.2822637015895989,0.28256545278917994,0.2822637015895989,0.5047214818053228,31.0,22.0,2026-08-04 23:03:24,Watthanasup Park,14,0,,2026-08-04,22.72,Suphan Buri,KA,Lower Isan - Central,Not Mapped,Not Mapped,205374.0,0.0,385.0,31.0,0.0,,,0.0,0.0,,0,0.08051948051948052,0.0,3.17,0.0,0,0,0.0,6.13,24.93,240,Medium,Map Hotel to Agoda,"Demand exists, but hotel-level mapping is missing on Agoda."
4885092,0.3654030125657747,0.3654030125657747,0.3654030125657747,0.5054687826593012,662.0,662.0,2026-08-04 19:05:32,Ranong Gable,10,0,,2026-08-04,25.87,Ranong,KA,Upper South,Not Mapped,Not Live,266014.0,96.0,207.5,662.0,0.0,,,0.0,0.0,,0,3.1903614457831324,0.0,4.11,3.23,0,40,20.0,8.2,24.91,241,Medium,Map Hotel to Agoda,"Demand exists, but hotel-level mapping is missing on Agoda."
5102478,0.2889375459820531,0.2998208349521119,0.2889375459820531,0.511738159049492,28.0,4.0,2026-08-04 12:51:31,Sook Hansa @ Phangkhon Hotel,28,0,,2026-08-21,24.45,Sakon Nakhon,LT,Upper Isan - East,Not Mapped,Unknown,1682.0,0.0,146.0,28.0,0.0,0.4551758296186227,0.462192104980101,5.0,7.0,,0,0.1917808219178082,0.0,0.03,0.0,0,0,0.0,4.9,24.9,242,Medium,Map Hotel to Agoda,"Demand exists, but hotel-level mapping is missing on Agoda."
4933366,0.2996388715094601,0.33941553421780923,0.2996388715094601,0.508217569998334,66.0,54.0,2026-08-04 23:33:09,Ruen Khunlek Kansinee,16,0,,2026-08-04,23.69,Chonburi,LT,BKK - Metro - Chon,Not Mapped,Unknown,84814.0,0.0,2288.0,66.0,0.0,,,0.0,11.0,,0,0.028846153846153848,0.0,1.31,0.0,0,0,0.0,5.39,24.89,243,Medium,Map Hotel to Agoda,"Demand exists, but hotel-level mapping is missing on Agoda."
5101597,0.3865226363596725,0.4459335116825163,0.3865226363596725,0.5124203893253918,99.0,56.0,2026-08-04 21:34:17,The Horizon Groove Hotel,14,0,,2026-08-11,27.07,Phitsanulok,KA,North,Mapped,Unknown,790298.0,173.0,1163.0,99.0,0.0,0.3344800559958549,0.3344800559958549,1.0,1.0,,0,0.08512467755803955,0.0,12.21,5.83,100,0,50.0,13.27,24.88,244,Medium,Investigate Booking Conversion,"Demand exists, but no booking is matched to the current check-in demand."
5078712,0.3968189258096698,0.4211498197915932,0.3968189258096698,0.5084897470588764,645.0,266.0,2026-08-04 23:33:09,Sukjai Grand Luxury Boutique Hotel,38,6,2026-08-04 23:33:09,2026-08-05,29.84,Loei,KA,Upper Isan - East,Mapped,Unknown,698453.0,29.0,377.0,645.0,0.0,,,0.0,3.0,,0,1.7108753315649867,0.0,10.79,0.98,100,0,50.0,11.66,24.87,245,Medium,Investigate Booking Conversion,"Demand exists, but no booking is matched to the current check-in demand."
4884978,0.34062647504142257,0.34062647504142257,0.34062647504142257,0.5057675718510137,6.0,6.0,2026-08-04 19:05:32,Supornhome Hotel Trakan Phuet Phon,6,0,,2026-08-05,24.31,Ubon Ratchathani,LT,Lower Isan - Central,Not Mapped,Not Mapped,20280.0,0.0,1555.5,6.0,0.0,,,0.0,0.0,,0,0.003857280617164899,0.0,0.31,0.0,0,0,0.0,5.02,24.86,246,Medium,Map Hotel to Agoda,"Demand exists, but hotel-level mapping is missing on Agoda."
2004950,0.3995384225573895,0.41057923995736934,0.3995384225573895,0.509120285178643,352.0,66.0,2026-08-04 10:02:48,Khao Rang Place,44,13,2026-08-04 09:17:17,2026-08-04,30.44,Phuket,KA,Upper South,Mapped,Mapped,1136141.0,632.0,1544.0,352.0,0.0,,,0.0,0.0,,0,0.22797927461139897,0.0,17.55,21.29,100,100,100.0,21.25,24.85,247,Medium,Investigate Booking Conversion,"Demand exists, but no booking is matched to the current check-in demand."
63622,0.3367587798783004,0.3768220620891683,0.3367587798783004,0.5230358321243032,86.0,22.0,2026-08-04 23:33:09,KYP Hotel,46,0,,2026-08-05,28.32,Chiang Mai,LT,North,Not Mapped,Not Live,69917.0,0.0,1475.5,86.0,0.0,,,0.0,4.0,,0,0.058285327007793965,0.0,1.08,0.0,0,40,20.0,6.2,24.83,248,Medium,Map Hotel to Agoda,"Demand exists, but hotel-level mapping is missing on Agoda."
1079,0.33649301129230974,0.33649301129230974,0.33649301129230974,0.5115730513960829,81.0,81.0,2026-08-04 22:51:02,Ramada by Wyndham Phuket Deevana Patong,6,0,,2026-08-21,24.28,Phuket,,Upper South,Unknown,Unknown,0.0,0.0,41.0,81.0,0.0,,,0.0,2.0,,0,1.975609756097561,0.0,0.0,0.0,0,0,0.0,4.86,24.83,249,Medium,Monitor,No immediate distribution issue requires action.
4937188,0.3203040452200688,0.3362066949159878,0.3203040452200688,0.5072658864694938,14.0,10.0,2026-08-04 16:21:17,Smile Resort@Chumphon Buri,10,0,,2026-08-04,23.91,Surin,LT,Lower Isan - Central,Unknown,Unknown,47360.0,0.0,266.5,14.0,0.0,,,0.0,1.0,,0,0.0525328330206379,0.0,0.73,0.0,0,0,0.0,5.15,24.82,250,Medium,Monitor,No immediate distribution issue requires action.
21389,0.4192051856845458,0.43615994056216073,0.4192051856845458,0.5042191428561303,782.0,612.0,2026-08-04 22:34:47,42C The Chic Hotel,16,5,2026-08-04 22:34:47,2026-08-04,28.61,Nakhon Sawan,KA,North,Mapped,Mapped,1478867.0,518.0,1451.0,782.0,0.0,0.1448946984403336,0.1448946984403336,1.0,2.0,,0,0.5389386629910407,0.0,22.84,17.45,100,100,100.0,22.38,24.81,251,Medium,Investigate Booking Conversion,"Demand exists, but no booking is matched to the current check-in demand."
5101785,0.34374705978237213,0.34374705978237213,0.34374705978237213,0.5089283293344057,10.0,10.0,2026-08-04 21:34:17,Happy Resort Bangsaphan,3,0,,2026-08-04,24.22,Prachuapkhirikhan,LT,Lower South - West,Not Mapped,Unknown,7168.0,0.0,531.0,10.0,0.0,,,0.0,0.0,,0,0.018832391713747645,0.0,0.11,0.0,0,0,0.0,4.9,24.8,252,Medium,Map Hotel to Agoda,"Demand exists, but hotel-level mapping is missing on Agoda."
2012466,0.31373476690313645,0.3509138833138077,0.31373476690313645,0.5087688114398299,10.0,6.0,2026-08-04 18:36:27,Nantharom Hotel & Residence,7,0,,2026-08-09,23.39,Chachoengsao,LT,Upper Isan - East,Not Mapped,Not Mapped,82780.0,7.0,444.0,10.0,0.0,,,0.0,1.0,,0,0.02252252252252252,0.0,1.28,0.24,0,0,0.0,5.39,24.8,253,Medium,Map Hotel to Agoda,"Demand exists, but hotel-level mapping is missing on Agoda."
4887268,0.34391460616807723,0.3515265178144537,0.34391460616807723,0.512682816626466,44.0,18.0,2026-08-04 16:21:17,Gone-DaiDai Apartment,32,6,2026-08-04 12:38:07,2026-08-05,27.06,Buriram,KA,Lower Isan - Central,Not Live,Not Mapped,214549.0,2.0,764.0,44.0,0.0,,,0.0,0.0,,0,0.05759162303664921,0.0,3.31,0.07,40,0,20.0,7.09,24.79,254,Medium,Activate Agoda,"Agoda connectivity exists, but the hotel is not live."
4920835,0.35399115762903544,0.36451206168193995,0.35399115762903544,0.5070736482257476,280.0,57.0,2026-08-04 21:48:56,JU Apartment,52,9,2026-08-04 16:21:17,2026-08-08,29.32,Chachoengsao,KA,Upper Isan - East,Not Mapped,Mapped,691057.0,65.0,1260.5,280.0,0.0,,,0.0,0.0,,0,0.22213407378024594,0.0,10.67,2.19,0,100,50.0,11.86,24.79,255,Medium,Map Hotel to Agoda,"Demand exists, but hotel-level mapping is missing on Agoda."
1859,0.3188115495910416,0.3188115495910416,0.3188115495910416,0.5251209569287925,6.0,6.0,2026-08-04 03:43:58,Tolani Resort & Spa  Koh Samui,6,0,,2026-08-17,23.83,,,,Unknown,Unknown,0.0,0.0,438.0,6.0,0.0,,,0.0,1.0,,0,0.0136986301369863,0.0,0.0,0.0,0,0,0.0,4.77,24.78,256,Medium,Monitor,No immediate distribution issue requires action.
5102282,0.3314234723933703,0.34251366301149166,0.3314234723933703,0.5091155782051046,24.0,21.0,2026-08-04 19:05:32,Khao Yai Lake Hill Resort,8,0,,2026-08-05,24.2,Khaoyai,LT,Lower Isan - Central,Not Mapped,Not Mapped,2467.0,0.0,1179.0,24.0,0.0,0.0331324851165068,0.0331324851165068,1.0,7.0,,0,0.020356234096692113,0.0,0.04,0.0,0,0,0.0,4.86,24.78,257,Medium,Map Hotel to Agoda,"Demand exists, but hotel-level mapping is missing on Agoda."
5102603,0.32839373180259523,0.3302473263509799,0.32839373180259523,0.5100397668475795,18.0,9.0,2026-08-04 20:47:47,Hug Home Resort Wichianburi,9,0,,2026-08-10,24.2,Phetchabun,LT,North,Unknown,Unknown,0.0,0.0,182.5,18.0,0.0,,,0.0,0.0,,0,0.09863013698630137,0.0,0.0,0.0,0,0,0.0,4.84,24.78,258,Medium,Monitor,No immediate distribution issue requires action.
4884190,0.41475494093035453,0.5009559110720866,0.41475494093035453,0.5120634370656163,1599.0,1180.0,2026-08-04 22:03:21,Dee Hotel Phayao,14,1,2026-08-04 21:34:17,2026-08-06,28.64,Phayao,KA,North,Mapped,Mapped,1702725.0,320.0,471.0,1599.0,1.0,0.1667056846574233,0.2026340052222918,2.0,7.0,,0,3.394904458598726,0.0006253908692933083,26.3,10.78,100,100,100.0,22.11,24.77,259,Medium,Monitor,No immediate distribution issue requires action.
5102690,0.31963931351653646,0.3368069074330286,0.31963931351653646,0.5172551572750647,13.0,5.0,2026-08-04 18:06:03,My Backyard Homestay,9,0,,2026-08-06,23.99,Nakhonratchasima,LT,Lower Isan - Central,Unknown,Unknown,0.0,0.0,1179.0,13.0,0.0,,,0.0,1.0,,0,0.01102629346904156,0.0,0.0,0.0,0,0,0.0,4.8,24.77,260,Medium,Monitor,No immediate distribution issue requires action.
65536,0.38254519772272827,0.4755919601221275,0.38254519772272827,0.5133821567144842,784.0,250.0,2026-08-04 23:33:09,Coco Beach Resort Bangsean,88,4,2026-08-04 23:33:09,2026-08-09,34.15,Bangsaen,KA,BKK - Metro - Chon,Mapped,Mapped,804414.0,567.0,1162.0,784.0,1.0,0.1828826878600755,0.2440019203728117,5.0,18.0,0.291,2,0.6746987951807228,0.0012755102040816326,12.42,19.1,100,100,100.0,18.77,24.76,261,Medium,Review Agoda Rate Competitiveness,Agoda reports a price disadvantage; 0% is cheapest.
4915564,0.30233423818309174,0.310795192357096,0.30233423818309174,0.5136938778416011,10.0,6.0,2026-08-04 23:33:09,Baan Premsiri,10,1,2026-08-04 00:03:17,2026-08-04,23.32,Amnart Charoen,LT,Lower Isan - Central,Not Mapped,Not Mapped,74295.0,0.0,73.0,10.0,0.0,,,0.0,1.0,,0,0.136986301369863,0.0,1.15,0.0,0,0,0.0,5.24,24.75,262,Medium,Map Hotel to Agoda,"Demand exists, but hotel-level mapping is missing on Agoda."
183193,0.3122356305043497,0.3122356305043497,0.3122356305043497,0.5215766982919215,6.0,6.0,2026-08-04 19:05:32,M Grand Hotel Bueng Kan,6,0,,2026-08-04,23.49,Bungkan,LT,Upper Isan - East,Unknown,Not Mapped,35880.0,0.0,25.0,6.0,0.0,,,0.0,0.0,,0,0.24,0.0,0.55,0.0,0,0,0.0,4.97,24.75,263,Medium,Expand to Ctrip,The hotel has demand but is not mapped on Ctrip.
2000121,0.2868600866315358,0.32622501632637263,0.2868600866315358,0.5084316490558213,37.0,27.0,2026-08-04 22:34:47,Cheyenne Resort,22,0,,2026-08-04,23.74,Si Sa Ket,LT,Lower Isan - Central,Not Mapped,Not Mapped,43084.0,0.0,245.5,37.0,0.0,,,0.0,0.0,,0,0.15071283095723015,0.0,0.67,0.0,0,0,0.0,5.08,24.75,264,Medium,Map Hotel to Agoda,"Demand exists, but hotel-level mapping is missing on Agoda."
4932516,0.32009858512712075,0.32025946651987747,0.32009858512712075,0.5245443068516077,4.0,2.0,2026-08-04 14:04:20,Riva Vista Riverfront Resort Chiangrai,4,0,,2026-08-05,23.68,,,,Unknown,Unknown,0.0,0.0,880.5,4.0,0.0,,,0.0,0.0,,0,0.004542873367404884,0.0,0.0,0.0,0,0,0.0,4.74,24.72,265,Medium,Monitor,No immediate distribution issue requires action.
5101852,0.2899581747729908,0.29026209777916373,0.2899581747729908,0.5074922669681481,35.0,21.0,2026-08-04 18:49:41,Baan Warin,21,0,,2026-08-04,23.75,Phichit,LT,North,Not Mapped,Unknown,18607.0,12.0,178.0,35.0,0.0,,,0.0,0.0,,0,0.19662921348314608,0.0,0.29,0.4,0,0,0.0,5.01,24.71,266,Medium,Map Hotel to Agoda,"Demand exists, but hotel-level mapping is missing on Agoda."
63417,0.36003640516817675,0.41019899446586094,0.36003640516817675,0.5083862317458773,3476.0,840.0,2026-08-04 20:33:04,Bedroom 77,65,7,2026-08-04 15:36:41,2026-08-05,31.79,Rayong,KA,Upper Isan - East,Mapped,Not Mapped,343093.0,113.0,1716.0,3476.0,0.0,,,0.0,12.0,,0,2.0256410256410255,0.0,5.3,3.81,100,0,50.0,10.15,24.7,267,Medium,Investigate Booking Conversion,"Demand exists, but no booking is matched to the current check-in demand."
4920467,0.2893933763056377,0.2949963221709935,0.2893933763056377,0.5071387950701775,48.0,32.0,2026-08-04 19:05:32,Baan Pieng Phen Phichit,24,0,,2026-08-04,24.01,Phichit,LT,North,Not Mapped,Not Mapped,7430.0,0.0,178.0,48.0,0.0,,,0.0,0.0,,0,0.2696629213483146,0.0,0.11,0.0,0,0,0.0,4.86,24.7,268,Medium,Map Hotel to Agoda,"Demand exists, but hotel-level mapping is missing on Agoda."
5102428,0.33973444577482087,0.33973444577482087,0.33973444577482087,0.5071201773725562,20.0,20.0,2026-08-04 01:45:09,Waew Arun Garden Resort,3,0,,2026-08-05,24.02,Chonburi,LT,BKK - Metro - Chon,Unknown,Unknown,3716.0,0.0,1645.0,20.0,0.0,,,0.0,0.0,,0,0.0121580547112462,0.0,0.06,0.0,0,0,0.0,4.83,24.69,269,Medium,Monitor,No immediate distribution issue requires action.
4921410,0.29431377415383786,0.29431377415383786,0.29431377415383786,0.5069859162788792,6.0,6.0,2026-08-04 23:33:09,Ban Sansabai Nakhonchaisri,6,0,,2026-08-06,22.48,Nakhon Pathom,KA,BKK - Metro - Chon,Unknown,Unknown,163966.0,0.0,425.0,6.0,0.0,,,0.0,0.0,,0,0.01411764705882353,0.0,2.53,0.0,0,0,0.0,5.76,24.69,270,Medium,Monitor,No immediate distribution issue requires action.
5102648,0.3312965574426771,0.3312965574426771,0.3312965574426771,0.5111267904214059,17.0,17.0,2026-08-04 19:05:32,The Nest Residence,5,0,,2026-08-04,23.95,Loei,LT,Upper Isan - East,Unknown,Unknown,0.0,0.0,238.5,17.0,0.0,,,0.0,0.0,,0,0.07127882599580712,0.0,0.0,0.0,0,0,0.0,4.79,24.69,271,Medium,Monitor,No immediate distribution issue requires action.
4920748,0.2799487675086177,0.2799487675086177,0.2799487675086177,0.506675611708559,4.0,4.0,2026-08-04 16:21:17,Bed Bar Resort Tak,4,0,,2026-08-05,21.71,Tak,KA,North,Not Mapped,Unknown,241458.0,0.0,534.0,4.0,0.0,,,0.0,0.0,,0,0.00749063670411985,0.0,3.73,0.0,0,0,0.0,6.21,24.68,272,Medium,Map Hotel to Agoda,"Demand exists, but hotel-level mapping is missing on Agoda."
5101050,0.30159010734574987,0.3330004195941605,0.30159010734574987,0.5083343509228683,26.0,18.0,2026-08-04 13:52:08,Baan Suan Intra Resort,9,0,,2026-08-15,23.09,Nakhon Phanom,KA,Upper Isan - East,Not Mapped,Not Mapped,94286.0,0.0,195.0,26.0,0.0,,,0.0,3.0,,0,0.13333333333333333,0.0,1.46,0.0,0,0,0.0,5.35,24.68,273,Medium,Map Hotel to Agoda,"Demand exists, but hotel-level mapping is missing on Agoda."
5102115,0.32352690991459365,0.32352690991459365,0.32352690991459365,0.5185264366344132,12.0,12.0,2026-08-04 10:02:48,Baan Fongjun,4,0,,2026-08-04,23.69,Prachuapkhirikhan,LT,Lower South - West,Not Mapped,Not Mapped,1215.0,0.0,531.0,12.0,0.0,,,0.0,0.0,,0,0.022598870056497175,0.0,0.02,0.0,0,0,0.0,4.75,24.67,274,Medium,Map Hotel to Agoda,"Demand exists, but hotel-level mapping is missing on Agoda."
2011032,0.32171315475130613,0.3219840279329383,0.32171315475130613,0.523903260754766,2.0,1.0,2026-08-04 00:03:17,Sleepstation @pratunam,2,0,,2026-08-05,23.54,,,,Unknown,Unknown,0.0,0.0,2851.0,2.0,0.0,,,0.0,0.0,,0,0.0007015082427218519,0.0,0.0,0.0,0,0,0.0,4.71,24.66,275,Medium,Monitor,No immediate distribution issue requires action.
5102312,0.31338128167559015,0.31338128167559015,0.31338128167559015,0.5211917886987004,6.0,6.0,2026-08-04 19:05:32,The Aiyararin,6,0,,2026-08-05,23.53,Phitsanulok,LT,North,Unknown,Unknown,10402.0,0.0,1391.5,6.0,0.0,,,0.0,0.0,,0,0.004311893639956881,0.0,0.16,0.0,0,0,0.0,4.79,24.66,276,Medium,Monitor,No immediate distribution issue requires action.
4849987,0.31964629767622904,0.31964629767622904,0.31964629767622904,0.521554943011492,4.0,4.0,2026-08-04 10:02:48,Saen Sabai Hostel,4,0,,2026-08-04,23.6,,,,Unknown,Unknown,0.0,0.0,1394.0,4.0,0.0,,,0.0,0.0,,0,0.0028694404591104736,0.0,0.0,0.0,0,0,0.0,4.72,24.66,277,Medium,Monitor,No immediate distribution issue requires action.
5102284,0.32438460930555585,0.32438460930555585,0.32438460930555585,0.5073119336529889,9.0,9.0,2026-08-04 18:21:46,The Poom cafe & Resort Khao Yai,7,0,,2026-08-18,23.79,Khaoyai,LT,Lower Isan - Central,Not Mapped,Not Mapped,12122.0,2.0,799.5,9.0,0.0,-0.2212493381423506,-0.2212493381423506,1.0,6.0,,0,0.01125703564727955,0.0,0.19,0.07,0,0,0.0,4.87,24.65,278,Medium,Map Hotel to Agoda,"Demand exists, but hotel-level mapping is missing on Agoda."
65037,0.27329602709812684,0.2804932388829705,0.27329602709812684,0.506675611708559,9.0,4.0,2026-08-04 16:21:17,Baan Lomrudee Hotel (New Home Lom Sak),9,0,,2026-08-04,21.92,Phetchabun,KA,North,Not Mapped,Not Mapped,206031.0,0.0,428.0,9.0,0.0,,,0.0,0.0,,0,0.02102803738317757,0.0,3.18,0.0,0,0,0.0,5.97,24.63,279,Medium,Map Hotel to Agoda,"Demand exists, but hotel-level mapping is missing on Agoda."
5102138,0.31499108904701284,0.344228123108521,0.31499108904701284,0.5068739090128901,17.0,8.0,2026-08-04 16:21:17,8SleepUtt,9,0,,2026-08-07,23.6,Uttaradit,LT,North,Not Mapped,Unknown,31458.0,0.0,105.0,17.0,0.0,,,0.0,0.0,,0,0.1619047619047619,0.0,0.49,0.0,0,0,0.0,4.97,24.63,280,Medium,Map Hotel to Agoda,"Demand exists, but hotel-level mapping is missing on Agoda."
65010,0.45390699277514984,0.45390699277514984,0.45390699277514984,0.5064249812955094,135.0,135.0,2026-08-04 18:06:03,Pornsiri Residence,3,2,2026-08-04 18:06:03,2026-08-04,28.61,Si Sa Ket,KA,Lower Isan - Central,Mapped,Not Mapped,660224.0,111.0,140.5,135.0,0.0,,,0.0,0.0,,0,0.9608540925266904,0.0,10.2,3.74,100,0,50.0,11.94,24.62,281,Medium,Investigate Booking Conversion,"Demand exists, but no booking is matched to the current check-in demand."
2007537,0.3109682661122033,0.3109682661122033,0.3109682661122033,0.5277760979994732,3.0,3.0,2026-08-04 16:21:17,Baan Chanchay Hotel,3,0,,2026-08-04,23.28,Hua Hin,LT,Lower South - West,Unknown,Unknown,6941.0,0.0,531.0,3.0,0.0,,,0.0,0.0,,0,0.005649717514124294,0.0,0.11,0.0,0,0,0.0,4.71,24.62,282,Medium,Monitor,No immediate distribution issue requires action.
4543011,0.30150461759174246,0.30150461759174246,0.30150461759174246,0.5143561165105769,5.0,5.0,2026-08-04 23:33:09,Schon Chainat,5,0,,2026-08-04,22.82,Chainat,LT,Lower Isan - Central,Not Mapped,Not Mapped,88675.0,0.0,107.0,5.0,0.0,,,0.0,0.0,,0,0.04672897196261682,0.0,1.37,0.0,0,0,0.0,5.25,24.61,283,Medium,Map Hotel to Agoda,"Demand exists, but hotel-level mapping is missing on Agoda."
25130,0.31580895333864323,0.3510186020611389,0.31580895333864323,0.5074383289197053,14.0,8.0,2026-08-04 22:34:47,SP3 Resort Hotel Nakhonnayok,10,0,,2026-08-04,23.73,Nakhon Nayok,LT,Lower Isan - Central,Not Mapped,Not Mapped,11780.0,0.0,200.0,14.0,0.0,,,0.0,0.0,,0,0.07,0.0,0.18,0.0,0,0,0.0,4.84,24.61,284,Medium,Map Hotel to Agoda,"Demand exists, but hotel-level mapping is missing on Agoda."
4973315,0.28109461987742657,0.3029969827754437,0.28109461987742657,0.5069902663882887,15.0,9.0,2026-08-04 20:47:47,Jansawang Boutique Hotel Sukhothai,9,0,,2026-08-05,22.24,Sukhothai,KA,North,Unknown,Unknown,163271.0,0.0,222.0,15.0,0.0,,,0.0,0.0,,0,0.06756756756756757,0.0,2.52,0.0,0,0,0.0,5.71,24.6,285,Medium,Monitor,No immediate distribution issue requires action.
4920442,0.2567454016828366,0.2567454016828366,0.2567454016828366,0.5046204827936024,6.0,6.0,2026-08-04 22:51:02,Plaifah Greenview Resort Dankhunthod,6,0,,2026-08-04,20.93,Nakhonratchasima,KA,Lower Isan - Central,Not Mapped,Not Mapped,303366.0,0.0,1319.0,6.0,0.0,,,0.0,0.0,,0,0.004548900682335102,0.0,4.69,0.0,0,0,0.0,6.53,24.59,286,Medium,Map Hotel to Agoda,"Demand exists, but hotel-level mapping is missing on Agoda."
5102447,0.32738460786670237,0.32738460786670237,0.32738460786670237,0.5101284250557817,4.0,4.0,2026-08-04 16:21:11,P2 Inn Bangsaphan,4,0,,2026-08-07,23.68,Prachuapkhirikhan,LT,Lower South - West,Not Mapped,Unknown,5308.0,0.0,842.5,4.0,0.0,,,0.0,0.0,,0,0.004747774480712166,0.0,0.08,0.0,0,0,0.0,4.78,24.59,287,Medium,Map Hotel to Agoda,"Demand exists, but hotel-level mapping is missing on Agoda."
4920386,0.3108696846097449,0.3108696846097449,0.3108696846097449,0.50933502547656,5.0,5.0,2026-08-04 16:06:46,Banna Resort Nong Song Hong,5,0,,2026-08-05,23.1,Khon Kaen,KA,Upper Isan - East,Not Mapped,Not Mapped,65712.0,0.0,1021.0,5.0,0.0,,,0.0,0.0,,0,0.004897159647404506,0.0,1.01,0.0,0,0,0.0,5.12,24.59,288,Medium,Map Hotel to Agoda,"Demand exists, but hotel-level mapping is missing on Agoda."
4973312,0.31210343349901265,0.31210343349901265,0.31210343349901265,0.5217488139904239,2.0,2.0,2026-08-04 14:04:20,Paradise Hotel,2,0,,2026-08-04,23.11,Kanchanaburi,LT,Lower South - West,Not Mapped,Unknown,30722.0,0.0,637.0,2.0,0.0,,,0.0,0.0,,0,0.0031397174254317113,0.0,0.47,0.0,0,0,0.0,4.86,24.58,289,Medium,Map Hotel to Agoda,"Demand exists, but hotel-level mapping is missing on Agoda."
2002290,0.362870706080377,0.4378966970446164,0.362870706080377,0.5089827206241702,318.0,71.0,2026-08-04 19:05:32,Baansuanramita Resort,42,3,2026-08-04 11:36:45,2026-08-05,28.77,Chanthaburi,KA,Upper Isan - East,Mapped,Not Mapped,658511.0,86.0,1086.0,318.0,0.0,,,0.0,12.0,,0,0.292817679558011,0.0,10.17,2.9,100,0,50.0,11.71,24.58,290,Medium,Investigate Booking Conversion,"Demand exists, but no booking is matched to the current check-in demand."
4730,0.3970873359971959,0.42549341172296073,0.3970873359971959,0.5124375233044184,169.0,122.0,2026-08-04 23:33:09,Xen Hotel Nakhon Pathom,18,1,2026-08-04 22:18:28,2026-08-04,27.89,Nakhon Pathom,KA,BKK - Metro - Chon,Mapped,Mapped,1400804.0,573.0,960.5,169.0,0.0,,,0.0,0.0,,0,0.17595002602811036,0.0,21.63,19.3,100,100,100.0,22.18,24.58,291,Medium,Investigate Booking Conversion,"Demand exists, but no booking is matched to the current check-in demand."
5102655,0.2915523169175277,0.33474842079043354,0.2915523169175277,0.5077622825726311,108.0,96.0,2026-08-04 21:48:56,Sangtong Resort,20,1,2026-08-04 19:05:32,2026-08-04,23.75,Rayong,LT,Upper Isan - East,Unknown,Unknown,0.0,0.0,1241.5,108.0,0.0,,,0.0,0.0,,0,0.08699154248892468,0.0,0.0,0.0,0,0,0.0,4.75,24.58,292,Medium,Monitor,No immediate distribution issue requires action.
5102459,0.3162600525402084,0.34717514868844745,0.3162600525402084,0.5097828568352047,28.0,27.0,2026-08-04 18:49:41,The One Hotel Mueang Phon,8,0,,2026-08-04,23.61,Khon Kaen,LT,Upper Isan - East,Not Mapped,Unknown,8505.0,0.0,1025.5,28.0,0.0,,,0.0,0.0,,0,0.027303754266211604,0.0,0.13,0.0,0,0,0.0,4.79,24.57,293,Medium,Map Hotel to Agoda,"Demand exists, but hotel-level mapping is missing on Agoda."
4920981,0.2997946429654403,0.32854437871379033,0.2997946429654403,0.5063660593944552,17.0,9.0,2026-08-04 20:47:47,Waewwaw Garden Resort,12,1,2026-08-04 11:51:06,2026-08-05,23.26,Si Sa Ket,LT,Lower Isan - Central,Not Mapped,Not Mapped,51589.0,0.0,245.5,17.0,0.0,,,0.0,0.0,,0,0.06924643584521385,0.0,0.8,0.0,0,0,0.0,5.05,24.57,294,Medium,Map Hotel to Agoda,"Demand exists, but hotel-level mapping is missing on Agoda."
5102537,0.3087169053863791,0.31033894269505113,0.3087169053863791,0.5093563404092152,75.0,38.0,2026-08-04 23:33:09,Klang Aow Resort,12,0,,2026-08-22,23.7,Nakhon Si Thammarat,LT,Lower South - West,Unknown,Unknown,0.0,0.0,19.0,75.0,0.0,,,0.0,2.0,,0,3.9473684210526314,0.0,0.0,0.0,0,0,0.0,4.74,24.57,295,Medium,Monitor,No immediate distribution issue requires action.
139570,0.3849362361517191,0.4207001822402129,0.3849362361517191,0.5085435728285853,263.0,59.0,2026-08-04 17:52:50,JJ Residence Phuket Town,36,3,2026-08-04 16:21:17,2026-08-04,29.06,Phuket,KA,Upper South,Mapped,Mapped,1189967.0,647.0,1544.0,263.0,0.0,,,0.0,8.0,,0,0.17033678756476683,0.0,18.38,21.79,100,100,100.0,21.54,24.57,296,Medium,Investigate Booking Conversion,"Demand exists, but no booking is matched to the current check-in demand."
461,0.4082950849460499,0.4371515045317588,0.4082950849460499,0.5186759021143584,358.0,147.0,2026-08-04 14:04:20,Furamaxclusive Asoke Bangkok,12,0,,2026-09-01,27.95,Bangkok,KA,BKK - Metro - Chon,Mapped,Mapped,1194251.0,710.0,73.5,358.0,0.0,,,0.0,12.0,,0,4.870748299319728,0.0,18.44,23.91,100,100,100.0,21.98,24.56,297,Medium,Investigate Booking Conversion,"Demand exists, but no booking is matched to the current check-in demand."
5101425,0.3112676436195758,0.3112676436195758,0.3112676436195758,0.5052717442472284,19.0,19.0,2026-08-04 19:05:32,Wang Sam Chai Resort,6,0,,2026-08-04,23.13,Lop Buri,LT,Lower Isan - Central,Not Mapped,Unknown,63537.0,3.0,460.5,19.0,0.0,,,0.0,0.0,,0,0.04125950054288816,0.0,0.98,0.1,0,0,0.0,5.15,24.56,298,Medium,Map Hotel to Agoda,"Demand exists, but hotel-level mapping is missing on Agoda."
4921009,0.3231618221968565,0.3231618221968565,0.3231618221968565,0.5069150000827366,3.0,3.0,2026-08-04 00:03:17,Ingna Resort Chanuman,1,0,,2026-08-03,23.16,Amnart Charoen,LT,Lower Isan - Central,Not Mapped,Not Mapped,59031.0,0.0,16.0,3.0,0.0,,,0.0,0.0,,0,0.1875,0.0,0.91,0.0,0,0,0.0,5.09,24.56,299,Medium,Map Hotel to Agoda,"Demand exists, but hotel-level mapping is missing on Agoda."
4543115,0.4285394446547971,0.4406715524603789,0.4285394446547971,0.5025005056820571,1079.0,790.0,2026-08-04 18:06:03,Buathip Hotel,8,4,2026-08-04 16:21:17,2026-08-09,28.28,Uttaradit,LT,North,Not Mapped,Not Live,47187.0,6.0,166.0,1079.0,0.0,,,0.0,0.0,,0,6.5,0.0,0.73,0.2,0,40,20.0,6.08,24.55,300,Medium,Map Hotel to Agoda,"Demand exists, but hotel-level mapping is missing on Agoda."
4920401,0.28113854156603124,0.2978589269465164,0.28113854156603124,0.5072301550095479,37.0,19.0,2026-08-04 23:33:09,Hill Hug Home Resort,21,0,,2026-08-29,23.39,Nakhon Sawan,LT,North,Not Mapped,Unknown,31972.0,0.0,96.0,37.0,0.0,,,0.0,10.0,,0,0.3854166666666667,0.0,0.49,0.0,0,0,0.0,4.92,24.55,301,Medium,Map Hotel to Agoda,"Demand exists, but hotel-level mapping is missing on Agoda."
4857667,0.3020679184461673,0.36987947508723473,0.3020679184461673,0.5085999347756085,28.0,10.0,2026-08-04 22:51:02,The Hi Place Roiet,21,0,,2026-08-15,24.25,Roi Et,LT,Lower Isan - Central,Not Live,Not Mapped,323672.0,101.0,460.0,28.0,0.0,,,0.0,12.0,,0,0.06086956521739131,0.0,5.0,3.4,40,0,20.0,8.37,24.55,302,Medium,Activate Agoda,"Agoda connectivity exists, but the hotel is not live."
4941620,0.3118498381948098,0.3253798064338467,0.3118498381948098,0.5040533411917762,22.0,15.0,2026-08-04 22:03:21,Ramida House,12,0,,2026-08-04,23.7,Khaoyai,LT,Lower Isan - Central,Not Mapped,Not Mapped,4113.0,0.0,1319.0,22.0,0.0,,,0.0,0.0,,0,0.016679302501895376,0.0,0.06,0.0,0,0,0.0,4.77,24.54,303,Medium,Map Hotel to Agoda,"Demand exists, but hotel-level mapping is missing on Agoda."
4948530,0.2819979958325527,0.296372980115315,0.2819979958325527,0.508038385106518,21.0,15.0,2026-08-04 23:33:09,Happy House Resort Chumphon,14,0,,2026-08-04,22.77,Chumphon,LT,Upper South,Not Mapped,Not Mapped,88411.0,0.0,847.5,21.0,0.0,,,0.0,0.0,,0,0.024778761061946902,0.0,1.37,0.0,0,0,0.0,5.24,24.53,304,Medium,Map Hotel to Agoda,"Demand exists, but hotel-level mapping is missing on Agoda."
4933126,0.3587195761589819,0.3786923730357732,0.3587195761589819,0.5080431986559212,861.0,145.0,2026-08-04 23:33:09,THE NINE PLACE Chaeng Sanit,98,3,2026-08-04 19:05:32,2026-08-09,34.06,Ubon Ratchathani,LT,Lower Isan - Central,Mapped,Unknown,213957.0,0.0,1063.0,861.0,0.0,0.0761629835372719,0.1020888244857468,5.0,5.0,0.0456,1,0.8099717779868297,0.0,3.3,0.0,100,0,50.0,8.46,24.53,305,Medium,Review Agoda Rate Competitiveness,Agoda reports a price disadvantage; 0% is cheapest.
4921405,0.31065523480911555,0.31065523480911555,0.31065523480911555,0.5155714346420167,11.0,11.0,2026-08-04 21:48:56,Chokchai Mansion Bang Bua Thong,7,0,,2026-08-18,23.4,Nonthaburi,LT,BKK - Metro - Chon,Unknown,Unknown,1933.0,0.0,426.5,11.0,0.0,,,0.0,2.0,,0,0.02579132473622509,0.0,0.03,0.0,0,0,0.0,4.69,24.52,306,Medium,Monitor,No immediate distribution issue requires action.
4920434,0.3126917924809254,0.3126917924809254,0.3126917924809254,0.5077209305368235,10.0,10.0,2026-08-04 23:33:09,Baan Ingdoi Phitsanulok,3,0,,2026-08-04,22.95,Phitsanulok,LT,North,Not Mapped,Unknown,68179.0,0.0,1163.0,10.0,0.0,,,0.0,0.0,,0,0.008598452278589854,0.0,1.05,0.0,0,0,0.0,5.12,24.52,307,Medium,Map Hotel to Agoda,"Demand exists, but hotel-level mapping is missing on Agoda."
43937,0.37476348265013054,0.410251121004023,0.37476348265013054,0.5114183742764529,251.0,156.0,2026-08-04 23:33:09,P.A. Thani Hotel,35,2,2026-08-04 15:36:41,2026-08-04,28.61,Nakhon Sawan,KA,North,Mapped,Mapped,1339690.0,551.0,1451.0,251.0,0.0,,,0.0,11.0,,0,0.1729841488628532,0.0,20.69,18.56,100,100,100.0,21.64,24.51,308,Medium,Investigate Booking Conversion,"Demand exists, but no booking is matched to the current check-in demand."
23923,0.42374297005086464,0.4843870761919229,0.42374297005086464,0.5121146702592551,25464.0,5565.0,2026-08-04 23:33:09,HTel Resort,107,11,2026-08-04 14:04:20,2026-08-16,45.08,Bangkok,KA,BKK - Metro - Chon,Mapped,Mapped,124694.0,173.0,2531.5,25464.0,1.0,0.0737997803649366,0.13743734067505944,4.0,44.0,,0,10.0588583843571,3.927112786679233e-05,1.93,5.83,100,100,100.0,11.73,24.51,309,Medium,Monitor,No immediate distribution issue requires action.
5021812,0.3849856723940765,0.41429805017835036,0.3849856723940765,0.5114975382408842,235.0,88.0,2026-08-04 20:47:47,MAA KORAT HOTEL,43,5,2026-08-04 19:05:32,2026-08-06,29.78,Nakhonratchasima,KA,Lower Isan - Central,Mapped,Mapped,1898194.0,29.0,1319.0,235.0,0.0,,,0.0,1.0,,0,0.17816527672479152,0.0,29.32,0.98,100,100,100.0,20.91,24.5,310,Medium,Investigate Booking Conversion,"Demand exists, but no booking is matched to the current check-in demand."
4921076,0.2955397202517526,0.3168099554733963,0.2955397202517526,0.5095980604650087,46.0,37.0,2026-08-04 19:05:32,Saiyokyai Coffee Resort,14,0,,2026-08-04,23.35,Kanchanaburi,LT,Lower South - West,Not Mapped,Unknown,14944.0,0.0,637.0,46.0,0.0,,,0.0,0.0,,0,0.07221350078492936,0.0,0.23,0.0,0,0,0.0,4.79,24.49,311,Medium,Map Hotel to Agoda,"Demand exists, but hotel-level mapping is missing on Agoda."
5101938,0.2762646880698248,0.3230466716284216,0.2762646880698248,0.5071886735998947,25.0,8.0,2026-08-04 21:34:17,Nibong Resort,22,0,,2026-08-22,23.29,Yala,LT,Lower South - West,Not Mapped,Not Mapped,22664.0,0.0,26.0,25.0,0.0,,,0.0,4.0,,0,0.9615384615384616,0.0,0.35,0.0,0,0,0.0,4.83,24.48,312,Medium,Map Hotel to Agoda,"Demand exists, but hotel-level mapping is missing on Agoda."
5101942,0.31937612581953617,0.31974797586755294,0.31937612581953617,0.5012311392650698,100.0,51.0,2026-08-04 12:51:31,The Six Resort Lopburi,6,2,2026-08-04 12:51:31,2026-08-13,23.4,Lop Buri,LT,Lower Isan - Central,Not Mapped,Unknown,23139.0,4.0,212.5,100.0,0.0,,,0.0,2.0,,0,0.47058823529411764,0.0,0.36,0.13,0,0,0.0,4.9,24.48,313,Medium,Map Hotel to Agoda,"Demand exists, but hotel-level mapping is missing on Agoda."
5102121,0.3032216952307517,0.3032216952307517,0.3032216952307517,0.518827298176525,4.0,4.0,2026-08-04 12:51:31,The Greenish Resort,4,0,,2026-08-05,22.89,Surin,LT,Lower Isan - Central,Not Mapped,Not Mapped,34101.0,0.0,423.0,4.0,0.0,,,0.0,0.0,,0,0.009456264775413711,0.0,0.53,0.0,0,0,0.0,4.84,24.48,314,Medium,Map Hotel to Agoda,"Demand exists, but hotel-level mapping is missing on Agoda."
182947,0.3087041216943133,0.3087041216943133,0.3087041216943133,0.5165911198226392,4.0,4.0,2026-08-04 18:36:27,Home & Hill Resort Nakhonnoyok,4,0,,2026-08-12,23.06,Nakhon Nayok,LT,Lower Isan - Central,Unknown,Not Mapped,20000.0,0.0,265.0,4.0,0.0,,,0.0,2.0,,0,0.01509433962264151,0.0,0.31,0.0,0,0,0.0,4.77,24.47,315,Medium,Expand to Ctrip,The hotel has demand but is not mapped on Ctrip.
5101969,0.3079120863822249,0.3079120863822249,0.3079120863822249,0.5152049012006129,3.0,3.0,2026-08-04 20:33:04,Laanrablom​ Bed & Breakfast,3,0,,2026-08-05,22.91,Saraburi,LT,Lower Isan - Central,Not Mapped,Not Mapped,41084.0,0.0,568.5,3.0,0.0,,,0.0,0.0,,0,0.005277044854881266,0.0,0.63,0.0,0,0,0.0,4.9,24.47,316,Medium,Map Hotel to Agoda,"Demand exists, but hotel-level mapping is missing on Agoda."
183139,0.2801693832270358,0.3070009605874171,0.2801693832270358,0.5075801264877104,17.0,11.0,2026-08-04 23:33:09,Thanachon Resort Suphanburi,12,0,,2026-08-04,22.5,Suphan Buri,LT,Lower Isan - Central,Not Mapped,Not Mapped,102206.0,0.0,385.0,17.0,0.0,,,0.0,1.0,,0,0.04415584415584416,0.0,1.58,0.0,0,0,0.0,5.29,24.47,317,Medium,Map Hotel to Agoda,"Demand exists, but hotel-level mapping is missing on Agoda."
4996596,0.3083574149540425,0.3083574149540425,0.3083574149540425,0.5081203821157191,6.0,6.0,2026-08-04 23:33:09,Baan Mai Spaghetti,1,0,,2026-08-23,22.59,Phetchaburi,KA,Lower South - West,Not Mapped,Not Mapped,81486.0,7.0,3.0,6.0,0.0,,,0.0,3.0,,0,2.0,0.0,1.26,0.24,0,0,0.0,5.22,24.47,318,Medium,Map Hotel to Agoda,"Demand exists, but hotel-level mapping is missing on Agoda."
43851,0.34530615449612456,0.37077286554330896,0.34530615449612456,0.5088281591515534,203.0,94.0,2026-08-04 23:33:09,Prime Time Hotel Bang Saen,21,2,2026-08-04 15:52:08,2026-08-07,26.04,Bangsaen,KA,BKK - Metro - Chon,Mapped,Mapped,1364844.0,730.0,1232.0,203.0,0.0,0.1163969572776322,0.1163969572776322,1.0,4.0,0.2943,1,0.16477272727272727,0.0,21.08,24.59,100,100,100.0,23.12,24.46,319,Medium,Review Agoda Rate Competitiveness,Agoda reports a price disadvantage; 0% is cheapest.
2010940,0.3126349867020072,0.3126349867020072,0.3126349867020072,0.5189012570489904,2.0,2.0,2026-08-04 11:51:06,M2 Apartment by Khun Mai Baan Suan,2,0,,2026-08-05,23.07,Chiang Mai,LT,North,Unknown,Not Mapped,12207.0,0.0,1208.0,2.0,0.0,,,0.0,0.0,,0,0.0016556291390728477,0.0,0.19,0.0,0,0,0.0,4.71,24.46,320,Medium,Expand to Ctrip,The hotel has demand but is not mapped on Ctrip.
63698,0.3930192049202084,0.4317833824395502,0.3930192049202084,0.510378858641995,655.0,211.0,2026-08-04 20:47:47,Hansanan Hotel Phitsanulok,32,1,2026-08-04 00:03:17,2026-08-04,29.16,Phitsanulok,KA,North,Mapped,Mapped,1413159.0,443.0,1391.5,655.0,0.0,0.2630617754503969,0.2924752650216299,2.0,12.0,,0,0.47071505569529287,0.0,21.83,14.92,100,100,100.0,21.22,24.46,321,Medium,Investigate Booking Conversion,"Demand exists, but no booking is matched to the current check-in demand."
4883906,0.280893030456684,0.28504820324418223,0.280893030456684,0.5094880245716713,20.0,4.0,2026-08-04 18:36:27,7 Si Resort Takhli,20,0,,2026-08-09,23.33,Nakhon Sawan,LT,North,Unknown,Not Mapped,6869.0,0.0,1095.0,20.0,0.0,,,0.0,0.0,,0,0.0182648401826484,0.0,0.11,0.0,0,0,0.0,4.72,24.45,322,Medium,Expand to Ctrip,The hotel has demand but is not mapped on Ctrip.
5102689,0.30949995919317896,0.30949995919317896,0.30949995919317896,0.5166123169037948,6.0,6.0,2026-08-04 16:06:46,Ellipse Boutique,5,0,,2026-08-04,23.19,,,,Unknown,Unknown,0.0,0.0,478.5,6.0,0.0,,,0.0,0.0,,0,0.012539184952978056,0.0,0.0,0.0,0,0,0.0,4.64,24.44,323,Medium,Monitor,No immediate distribution issue requires action.
5102354,0.3138237873620966,0.3138237873620966,0.3138237873620966,0.5126369119470724,5.0,5.0,2026-08-04 18:49:41,Baan Inthaphalam Resort,5,0,,2026-08-06,23.28,Suphan Buri,LT,Lower Isan - Central,Not Mapped,Unknown,1195.0,0.0,304.5,5.0,0.0,,,0.0,0.0,,0,0.016420361247947456,0.0,0.02,0.0,0,0,0.0,4.67,24.44,324,Medium,Map Hotel to Agoda,"Demand exists, but hotel-level mapping is missing on Agoda."
4920397,0.28495303247721687,0.28651872710540727,0.28495303247721687,0.5070458642216185,16.0,8.0,2026-08-04 16:21:17,Pak Ping Ing Doi Resort Sukhothai,8,0,,2026-08-05,22.3,Sukhothai,LT,North,Not Mapped,Not Mapped,114967.0,0.0,222.0,16.0,0.0,,,0.0,0.0,,0,0.07207207207207207,0.0,1.78,0.0,0,0,0.0,5.35,24.44,325,Medium,Map Hotel to Agoda,"Demand exists, but hotel-level mapping is missing on Agoda."
3323,0.4377103280511996,0.4377103280511996,0.4377103280511996,0.5083184529126944,55.0,55.0,2026-08-04 20:33:04,Sand Dunes Chao Lao Beach Resort,3,1,2026-08-04 18:49:41,2026-08-06,27.98,Chanthaburi,LT,Upper Isan - East,Unknown,Not Live,42867.0,0.0,411.0,55.0,0.0,,,0.0,0.0,,0,0.13381995133819952,0.0,0.66,0.0,0,40,20.0,5.93,24.44,326,Medium,Investigate Booking Conversion,"Demand exists, but no booking is matched to the current check-in demand."
527,0.31918745896894096,0.31918745896894096,0.31918745896894096,0.5114747683549011,3.0,3.0,2026-08-04 14:04:20,PARKROYAL Suites Bangkok,3,0,,2026-08-29,23.28,,,,Unknown,Unknown,0.0,0.0,34.5,3.0,0.0,,,0.0,2.0,,0,0.08695652173913043,0.0,0.0,0.0,0,0,0.0,4.66,24.43,327,Medium,Monitor,No immediate distribution issue requires action.
4663,0.31409267564247484,0.31409267564247484,0.31409267564247484,0.5086253519210819,15.0,15.0,2026-08-04 19:05:32,Laithong Hotel,5,0,,2026-08-04,23.21,Ubon Ratchathani,LT,Lower Isan - Central,Unknown,Not Mapped,11727.0,0.0,787.5,15.0,0.0,,,0.0,0.0,,0,0.01904761904761905,0.0,0.18,0.0,0,0,0.0,4.73,24.42,328,Medium,Expand to Ctrip,The hotel has demand but is not mapped on Ctrip.
2012032,0.2929348855115618,0.34210647190482224,0.2929348855115618,0.5100483462014404,48.0,42.0,2026-08-04 23:03:24,Bay Hotel Srinakarin,13,0,,2026-08-18,23.17,Samut Prakan,LT,BKK - Metro - Chon,Unknown,Not Mapped,11963.0,0.0,160.0,48.0,0.0,0.2424651304911241,0.2424651304911241,1.0,6.0,,0,0.3,0.0,0.18,0.0,0,0,0.0,4.72,24.41,329,Medium,Expand to Ctrip,The hotel has demand but is not mapped on Ctrip.
5102563,0.2687552507382263,0.27086721478881665,0.2687552507382263,0.5066311138346209,26.0,7.0,2026-08-04 23:33:09,Apinop Resort & Spa,26,0,,2026-08-11,23.36,Saraburi,LT,Lower Isan - Central,Unknown,Unknown,0.0,0.0,568.5,26.0,0.0,,,0.0,3.0,,0,0.04573438874230431,0.0,0.0,0.0,0,0,0.0,4.67,24.41,330,Medium,Monitor,No immediate distribution issue requires action.
5102103,0.31615351193124586,0.3356724507199108,0.31615351193124586,0.50815652383011,61.0,19.0,2026-08-04 20:47:47,Prajan Residence,48,3,2026-08-04 18:36:27,2026-08-05,27.38,Buriram,KA,Lower Isan - Central,Unknown,Not Live,91239.0,0.0,764.0,61.0,0.0,,,0.0,3.0,,0,0.07984293193717278,0.0,1.41,0.0,0,40,20.0,6.18,24.39,331,Medium,Investigate Booking Conversion,"Demand exists, but no booking is matched to the current check-in demand."
177798,0.2984116649531865,0.2984116649531865,0.2984116649531865,0.5153980023356791,5.0,5.0,2026-08-04 22:03:21,Baan Ma Grood Hotel,5,0,,2026-08-06,22.72,Phayao,LT,North,Not Mapped,Not Mapped,35107.0,0.0,471.0,5.0,0.0,,,0.0,0.0,,0,0.010615711252653927,0.0,0.54,0.0,0,0,0.0,4.81,24.38,332,Medium,Map Hotel to Agoda,"Demand exists, but hotel-level mapping is missing on Agoda."
5102661,0.31092438133378797,0.31092438133378797,0.31092438133378797,0.5098823885828321,20.0,20.0,2026-08-04 18:36:27,Baan Chonrapee,6,0,,2026-08-04,23.21,Rayong,LT,Upper Isan - East,Unknown,Unknown,0.0,0.0,1241.5,20.0,0.0,,,0.0,0.0,,0,0.016109544905356425,0.0,0.0,0.0,0,0,0.0,4.64,24.38,333,Medium,Monitor,No immediate distribution issue requires action.
4920841,0.30639032074233463,0.30639032074233463,0.30639032074233463,0.515358867620789,3.0,3.0,2026-08-04 20:33:04,Rompalm Resort,3,0,,2026-08-05,22.85,Saraburi,LT,Lower Isan - Central,Not Mapped,Not Mapped,23056.0,0.0,568.5,3.0,0.0,,,0.0,0.0,,0,0.005277044854881266,0.0,0.36,0.0,0,0,0.0,4.75,24.38,334,Medium,Map Hotel to Agoda,"Demand exists, but hotel-level mapping is missing on Agoda."
2004881,0.3061648398457157,0.3061648398457157,0.3061648398457157,0.5164677422952781,4.0,4.0,2026-08-04 12:51:31,U-Siket Resort,4,0,,2026-08-05,22.96,Si Sa Ket,LT,Lower Isan - Central,Unknown,Unknown,3450.0,0.0,245.5,4.0,0.0,,,0.0,0.0,,0,0.016293279022403257,0.0,0.05,0.0,0,0,0.0,4.62,24.36,335,Medium,Monitor,No immediate distribution issue requires action.
4857648,0.27819736582494387,0.29377041218126243,0.27819736582494387,0.5063283931907216,21.0,3.0,2026-08-04 17:52:50,Bm Mansion,21,0,,2026-08-14,23.25,,,,Unknown,Unknown,0.0,0.0,951.0,21.0,0.0,,,0.0,4.0,,0,0.022082018927444796,0.0,0.0,0.0,0,0,0.0,4.65,24.36,336,Medium,Monitor,No immediate distribution issue requires action.
4936033,0.32388852356930753,0.32388852356930753,0.32388852356930753,0.5048890299687309,9.0,9.0,2026-08-04 23:33:09,Kireeya Villa,2,0,,2026-08-04,23.25,Phetchaburi,LT,Lower South - West,Unknown,Unknown,4170.0,0.0,953.0,9.0,0.0,,,0.0,0.0,,0,0.00944386149003148,0.0,0.06,0.0,0,0,0.0,4.68,24.36,337,Medium,Monitor,No immediate distribution issue requires action.
4885075,0.30302663375024685,0.30302663375024685,0.30302663375024685,0.5055667652637548,6.0,6.0,2026-08-04 19:05:32,Attitude The Resort Non Sung,6,0,,2026-08-05,22.8,Nakhonratchasima,LT,Lower Isan - Central,Not Mapped,Not Mapped,44873.0,0.0,1179.0,6.0,0.0,,,0.0,0.0,,0,0.005089058524173028,0.0,0.69,0.0,0,0,0.0,4.9,24.35,338,Medium,Map Hotel to Agoda,"Demand exists, but hotel-level mapping is missing on Agoda."
5102069,0.2972417064791886,0.2972417064791886,0.2972417064791886,0.5159982909317405,7.0,7.0,2026-08-04 05:57:40,Huen Yai Babbpha Chiang Khan (Room on Request),7,0,,2026-08-10,22.88,Loei,LT,Upper Isan - East,Unknown,Unknown,8243.0,0.0,223.5,7.0,0.0,,,0.0,0.0,,0,0.03131991051454139,0.0,0.13,0.0,0,0,0.0,4.64,24.34,339,Medium,Monitor,No immediate distribution issue requires action.
4921106,0.28514596879999954,0.28514596879999954,0.28514596879999954,0.5001552834596031,3.0,3.0,2026-08-04 16:06:46,Nakaracha Apartment Pak Chong,3,1,2026-08-04 15:36:41,2026-08-04,21.69,Khaoyai,LT,Lower Isan - Central,Not Mapped,Not Mapped,169720.0,0.0,1319.0,3.0,0.0,,,0.0,0.0,,0,0.002274450341167551,0.0,2.62,0.0,0,0,0.0,5.65,24.33,340,Medium,Map Hotel to Agoda,"Demand exists, but hotel-level mapping is missing on Agoda."
4943051,0.2936989561466125,0.2936989561466125,0.2936989561466125,0.5058638365582355,31.0,31.0,2026-08-04 23:33:09,Wanna Mansion,7,0,,2026-08-04,22.54,Phetchaburi,LT,Lower South - West,Not Mapped,Unknown,61370.0,4.0,953.0,31.0,0.0,,,0.0,0.0,,0,0.03252885624344176,0.0,0.95,0.13,0,0,0.0,5.02,24.33,341,Medium,Map Hotel to Agoda,"Demand exists, but hotel-level mapping is missing on Agoda."
63630,0.31251962115777915,0.31251962115777915,0.31251962115777915,0.504141043563149,30.0,30.0,2026-08-04 10:02:48,Karin Hotel Udon Thani,6,0,,2026-08-04,23.16,Udon Thani,LT,Upper Isan - East,Not Mapped,Unknown,0.0,0.0,950.0,30.0,0.0,,,0.0,0.0,,0,0.031578947368421054,0.0,0.0,0.0,0,0,0.0,4.63,24.31,342,Medium,Map Hotel to Agoda,"Demand exists, but hotel-level mapping is missing on Agoda."
4920756,0.29199583747604557,0.29199583747604557,0.29199583747604557,0.49979589537481495,7.0,7.0,2026-08-04 23:33:09,B-Live Hotel & Apartment,7,2,2026-08-04 23:03:24,2026-08-04,22.34,Bangkok,KA,BKK - Metro - Chon,Not Mapped,Not Mapped,97514.0,0.0,2531.5,7.0,0.0,,,0.0,0.0,,0,0.002765158996642307,0.0,1.51,0.0,0,0,0.0,5.22,24.31,343,Medium,Map Hotel to Agoda,"Demand exists, but hotel-level mapping is missing on Agoda."
4543095,0.281045417841312,0.2819619503900178,0.281045417841312,0.5064945940318493,9.0,6.0,2026-08-04 03:29:50,On Ing Resort Thungsaliam,7,0,,2026-08-05,22.04,Sukhothai,KA,North,Unknown,Not Mapped,107901.0,0.0,222.0,9.0,0.0,,,0.0,0.0,,0,0.04054054054054054,0.0,1.67,0.0,0,0,0.0,5.24,24.3,344,Medium,Expand to Ctrip,The hotel has demand but is not mapped on Ctrip.
5102061,0.378683847777934,0.4184568361993551,0.378683847777934,0.5122096650832823,5161.0,760.0,2026-08-04 19:05:32,Arawana Express North Pattaya,89,5,2026-08-04 19:05:32,2026-08-05,35.4,Pattaya,LT,BKK - Metro - Chon,Mapped,Unknown,2749.0,0.0,2288.0,5161.0,0.0,,,0.0,82.0,,0,2.2556818181818183,0.0,0.04,0.0,100,0,50.0,7.1,24.29,345,Medium,Investigate Booking Conversion,"Demand exists, but no booking is matched to the current check-in demand."
4857619,0.28355275432367755,0.28407596773075,0.28355275432367755,0.5068814112042757,16.0,11.0,2026-08-04 19:05:32,Nornnabdao Homestay,11,0,,2026-08-19,22.53,Ratchaburi,LT,Lower South - West,Not Mapped,Not Mapped,55017.0,0.0,406.5,16.0,0.0,,,0.0,4.0,,0,0.03936039360393604,0.0,0.85,0.0,0,0,0.0,4.93,24.29,346,Medium,Map Hotel to Agoda,"Demand exists, but hotel-level mapping is missing on Agoda."
5101658,0.41838431072091403,0.4510750957752493,0.41838431072091403,0.5123090568814701,248.0,147.0,2026-08-04 20:47:47,Grand Pruksasiri Hotel Chaiyaphum,10,0,,2026-08-05,28.0,Chaiyaphum,KA,Upper Isan - East,Mapped,Unknown,669922.0,71.0,421.0,248.0,0.0,,,0.0,0.0,,0,0.5890736342042755,0.0,10.35,2.39,100,0,50.0,11.49,24.27,347,Medium,Investigate Booking Conversion,"Demand exists, but no booking is matched to the current check-in demand."
2004655,0.465852393758536,0.5024602061509033,0.465852393758536,0.5239021386300587,3818.0,1271.0,2026-08-04 23:33:09,Greenville Serviced Apartment,25,7,2026-08-04 23:33:09,2026-08-07,32.64,Pathum Thani,KA,BKK - Metro - Chon,Mapped,Unknown,202797.0,37.0,417.5,3818.0,0.0,,,0.0,2.0,,0,9.144910179640718,0.0,3.13,1.25,100,0,50.0,8.47,24.27,348,Medium,Investigate Booking Conversion,"Demand exists, but no booking is matched to the current check-in demand."
2007711,0.3007810159960617,0.3007810159960617,0.3007810159960617,0.5138862711185007,3.0,3.0,2026-08-04 02:29:52,Eve Ka Amp Resort (Room on Request),3,0,,2026-08-07,22.59,Phitsanulok,LT,North,Unknown,Not Mapped,24408.0,0.0,993.5,3.0,0.0,,,0.0,0.0,,0,0.003019627579265224,0.0,0.38,0.0,0,0,0.0,4.71,24.27,349,Medium,Expand to Ctrip,The hotel has demand but is not mapped on Ctrip.
4857775,0.2827298276333358,0.28411639829295127,0.2827298276333358,0.5068837390800537,21.0,8.0,2026-08-04 13:52:08,Plaina Resort Phutthaisong,14,0,,2026-08-05,22.78,Buriram,LT,Lower Isan - Central,Not Mapped,Not Mapped,15897.0,1.0,764.0,21.0,0.0,,,0.0,0.0,,0,0.0274869109947644,0.0,0.25,0.03,0,0,0.0,4.69,24.25,350,Medium,Map Hotel to Agoda,"Demand exists, but hotel-level mapping is missing on Agoda."
1374,0.30231569503145334,0.30231569503145334,0.30231569503145334,0.5164246126742399,3.0,3.0,2026-08-04 19:05:32,Wareerak Hot Spring & Wellness,3,0,,2026-08-04,22.71,,,,Unknown,Unknown,0.0,0.0,400.0,3.0,0.0,,,0.0,0.0,,0,0.0075,0.0,0.0,0.0,0,0,0.0,4.54,24.25,351,Medium,Monitor,No immediate distribution issue requires action.
4920308,0.29572101517124255,0.29572101517124255,0.29572101517124255,0.5085383058477835,12.0,12.0,2026-08-04 18:49:41,Banruen Resort,7,0,,2026-08-04,22.67,Kanchanaburi,LT,Lower South - West,Not Mapped,Not Mapped,20673.0,0.0,637.0,12.0,0.0,,,0.0,0.0,,0,0.018838304552590265,0.0,0.32,0.0,0,0,0.0,4.69,24.23,352,Medium,Map Hotel to Agoda,"Demand exists, but hotel-level mapping is missing on Agoda."
5101109,0.3035509350719509,0.3035509350719509,0.3035509350719509,0.509347297539159,2.0,2.0,2026-08-04 00:03:17,Sofresh and Resort,1,0,,2026-08-03,22.42,Phetchaburi,LT,Lower South - West,Not Mapped,Not Mapped,28084.0,11.0,21.5,2.0,0.0,,,0.0,0.0,,0,0.09302325581395349,0.0,0.43,0.37,0,0,0.0,4.81,24.22,353,Medium,Map Hotel to Agoda,"Demand exists, but hotel-level mapping is missing on Agoda."
5101051,0.29503806982915187,0.29503806982915187,0.29503806982915187,0.5084871806845703,18.0,18.0,2026-08-04 22:51:02,Twover house,8,0,,2026-08-05,22.74,Nakhon Sawan,LT,North,Unknown,Not Mapped,10327.0,0.0,823.0,18.0,0.0,,,0.0,0.0,,0,0.02187120291616039,0.0,0.16,0.0,0,0,0.0,4.63,24.22,354,Medium,Expand to Ctrip,The hotel has demand but is not mapped on Ctrip.
2006265,0.296486567086521,0.296486567086521,0.296486567086521,0.5128199446913421,4.0,4.0,2026-08-04 07:59:49,Phukebphun Resort,4,0,,2026-08-04,22.5,Sukhothai,LT,North,Not Mapped,Not Mapped,20488.0,0.0,205.5,4.0,0.0,,,0.0,0.0,,0,0.019464720194647202,0.0,0.32,0.0,0,0,0.0,4.66,24.21,355,Medium,Map Hotel to Agoda,"Demand exists, but hotel-level mapping is missing on Agoda."
181579,0.2990072645984903,0.2990072645984903,0.2990072645984903,0.5092237702616128,7.0,7.0,2026-08-04 20:47:47,The Perfect Room Resort Satun,2,0,,2026-08-04,22.34,Satun,LT,Upper South,Unknown,Not Mapped,47588.0,0.0,315.0,7.0,0.0,,,0.0,0.0,,0,0.022222222222222223,0.0,0.73,0.0,0,0,0.0,4.83,24.21,356,Medium,Expand to Ctrip,The hotel has demand but is not mapped on Ctrip.
5102562,0.302804484277738,0.302804484277738,0.302804484277738,0.5137094681782385,3.0,3.0,2026-08-04 12:51:31,Thong Poon Apartment Chiang Mai,3,0,,2026-08-08,22.67,,,,Unknown,Unknown,0.0,0.0,1106.5,3.0,0.0,,,0.0,0.0,,0,0.0027112516945323093,0.0,0.0,0.0,0,0,0.0,4.53,24.21,357,Medium,Monitor,No immediate distribution issue requires action.
5101168,0.2756041305146877,0.2756041305146877,0.2756041305146877,0.506675611708559,32.0,16.0,2026-08-04 23:33:09,Ban Tham Resort Yala,16,0,,2026-08-12,22.68,Yala,LT,Lower South - West,Not Mapped,Unknown,15514.0,0.0,8.0,32.0,0.0,,,0.0,8.0,,0,4.0,0.0,0.24,0.0,0,0,0.0,4.66,24.2,358,Medium,Map Hotel to Agoda,"Demand exists, but hotel-level mapping is missing on Agoda."
4918088,0.2793470428925805,0.28426759176318617,0.2793470428925805,0.5055444281235086,6.0,3.0,2026-08-04 19:05:32,Rommai Resort Lopburi,6,0,,2026-08-22,21.86,Lop Buri,LT,Lower Isan - Central,Not Mapped,Not Mapped,100626.0,0.0,460.5,6.0,0.0,,,0.0,3.0,,0,0.013029315960912053,0.0,1.55,0.0,0,0,0.0,5.15,24.19,359,Medium,Map Hotel to Agoda,"Demand exists, but hotel-level mapping is missing on Agoda."
4885120,0.29730368494798903,0.32331867318533014,0.29730368494798903,0.5072622085536056,7.0,4.0,2026-08-04 10:02:48,Phasuk Resort Dan Makham Tia,6,0,,2026-08-04,22.61,Kanchanaburi,LT,Lower South - West,Unknown,Unknown,10594.0,0.0,762.0,7.0,0.0,,,0.0,0.0,,0,0.009186351706036745,0.0,0.16,0.0,0,0,0.0,4.6,24.16,360,Medium,Monitor,No immediate distribution issue requires action.
5102517,0.2978499403379613,0.2978499403379613,0.2978499403379613,0.5089928248867889,27.0,27.0,2026-08-04 19:05:32,Baan Mak Mai Hotel,6,0,,2026-08-29,22.67,Si Sa Ket,LT,Lower Isan - Central,Unknown,Unknown,0.0,0.0,26.0,27.0,0.0,,,0.0,1.0,,0,1.0384615384615385,0.0,0.0,0.0,0,0,0.0,4.53,24.16,361,Medium,Monitor,No immediate distribution issue requires action.
183435,0.3016566568057292,0.3016566568057292,0.3016566568057292,0.5094814579511455,22.0,22.0,2026-08-04 16:21:17,Baan I Inspire,4,0,,2026-08-07,22.64,,,,Unknown,Unknown,0.0,0.0,203.0,22.0,0.0,,,0.0,0.0,,0,0.10837438423645321,0.0,0.0,0.0,0,0,0.0,4.53,24.15,362,Medium,Monitor,No immediate distribution issue requires action.
5102224,0.3002528024260509,0.3002528024260509,0.3002528024260509,0.5085264535978321,5.0,5.0,2026-08-04 19:05:32,Nakara Resort,5,0,,2026-08-04,22.66,Nakhon Si Thammarat,LT,Lower South - West,Not Mapped,Unknown,0.0,0.0,799.5,5.0,0.0,,,0.0,0.0,,0,0.006253908692933083,0.0,0.0,0.0,0,0,0.0,4.53,24.15,363,Medium,Map Hotel to Agoda,"Demand exists, but hotel-level mapping is missing on Agoda."
4996601,0.2868934586119457,0.2868934586119457,0.2868934586119457,0.506675611708559,24.0,24.0,2026-08-04 09:50:43,Soontaree Apartment Sakon Nakhon,6,0,,2026-08-04,22.19,Sakon Nakhon,LT,Upper Isan - East,Not Mapped,Not Mapped,53196.0,0.0,412.5,24.0,0.0,,,0.0,0.0,,0,0.05818181818181818,0.0,0.82,0.0,0,0,0.0,4.85,24.15,364,Medium,Map Hotel to Agoda,"Demand exists, but hotel-level mapping is missing on Agoda."
4606508,0.29127472673899346,0.29127472673899346,0.29127472673899346,0.507684677583657,24.0,24.0,2026-08-04 03:43:58,Hor Nokhook Resort Angthong,8,0,,2026-08-04,22.57,Ang Thong,LT,Lower Isan - Central,Not Mapped,Not Mapped,6888.0,0.0,80.0,24.0,0.0,,,0.0,0.0,,0,0.3,0.0,0.11,0.0,0,0,0.0,4.57,24.13,365,Medium,Map Hotel to Agoda,"Demand exists, but hotel-level mapping is missing on Agoda."
4948527,0.29656191778704516,0.29656191778704516,0.29656191778704516,0.5055705365676667,3.0,3.0,2026-08-04 13:52:08,Curfew Boutique Hotel,3,0,,2026-08-04,22.26,Lop Buri,LT,Lower Isan - Central,Not Mapped,Unknown,42733.0,0.0,460.5,3.0,0.0,,,0.0,0.0,,0,0.006514657980456026,0.0,0.66,0.0,0,0,0.0,4.78,24.12,366,Medium,Map Hotel to Agoda,"Demand exists, but hotel-level mapping is missing on Agoda."
4896866,0.26721426565716705,0.2744264940219748,0.26721426565716705,0.5063102804158239,3.0,1.0,2026-08-04 00:03:17,The Beaf Bueng Sam Phan,3,0,,2026-08-11,21.1,Phetchabun,KA,North,Not Mapped,Not Mapped,160380.0,0.0,182.5,3.0,0.0,,,0.0,1.0,,0,0.01643835616438356,0.0,2.48,0.0,0,0,0.0,5.46,24.12,367,Medium,Map Hotel to Agoda,"Demand exists, but hotel-level mapping is missing on Agoda."
22349,0.41867569125095583,0.4584668092837886,0.41867569125095583,0.5081760345324833,5594.0,1565.0,2026-08-04 23:33:09,Welcome World Beachfront Resort & Spa,66,8,2026-08-04 22:34:47,2026-08-22,34.87,Pattaya,LT,BKK - Metro - Chon,Mapped,Unknown,13012.0,7.0,1584.0,5594.0,7.0,-0.0272765942239474,-0.0272765942239474,3.0,8.0,0.2539,3,3.5315656565656566,0.0012513407222023596,0.2,0.24,100,0,50.0,7.15,24.12,368,Medium,Fix Internal Rate Parity,Our rate is more expensive than a comparable partner rate.
183122,0.4636762942287307,0.4636762942287307,0.4636762942287307,0.5090936462004654,213.0,213.0,2026-08-04 16:21:17,Pawa Place Ban Phai By Inpawa,3,1,2026-08-04 15:52:08,2026-08-04,29.08,Khon Kaen,KA,Upper Isan - East,Mapped,Not Mapped,488659.0,99.0,1025.5,213.0,0.0,,,0.0,0.0,,0,0.20770355923939543,0.0,7.55,3.33,100,0,50.0,10.59,24.11,369,Medium,Investigate Booking Conversion,"Demand exists, but no booking is matched to the current check-in demand."
296,0.413840179594238,0.41478334339342865,0.413840179594238,0.5038403921825327,22.0,12.0,2026-08-04 14:04:20,Novotel Bangkok Bangna,4,1,2026-08-04 13:52:08,2026-08-05,27.02,Bangkok,LT,BKK - Metro - Chon,Unknown,Not Live,68009.0,0.0,2851.0,22.0,0.0,,,0.0,0.0,,0,0.007716590669940372,0.0,1.05,0.0,0,40,20.0,5.93,24.11,370,Medium,Investigate Booking Conversion,"Demand exists, but no booking is matched to the current check-in demand."
4921125,0.27301515762709816,0.27301515762709816,0.27301515762709816,0.5061138727665017,3.0,3.0,2026-08-04 15:36:41,Rai chao Aey Chatturat,3,0,,2026-08-22,21.33,Chaiyaphum,LT,Upper Isan - East,Not Mapped,Not Mapped,129215.0,3.0,12.0,3.0,0.0,,,0.0,4.0,,0,0.25,0.0,2.0,0.1,0,0,0.0,5.3,24.11,371,Medium,Map Hotel to Agoda,"Demand exists, but hotel-level mapping is missing on Agoda."
5101534,0.289089607418279,0.289089607418279,0.289089607418279,0.5093908768592041,6.0,3.0,2026-08-04 23:33:09,Phuphaman Nafai Country View and Resort,6,0,,2026-08-08,22.32,Khon Kaen,LT,Upper Isan - East,Unknown,Unknown,17417.0,0.0,536.5,6.0,0.0,,,0.0,0.0,,0,0.011183597390493943,0.0,0.27,0.0,0,0,0.0,4.6,24.09,372,Medium,Monitor,No immediate distribution issue requires action.
4883849,0.3633889040974337,0.39870413607714944,0.3633889040974337,0.5058164989288664,1133.0,509.0,2026-08-04 16:21:17,My Gardens Hotel,14,0,,2026-08-09,26.32,Pattani,LT,Lower South - West,Not Mapped,Not Live,81228.0,35.0,32.0,1133.0,0.0,,,0.0,8.0,-0.0,1,35.40625,0.0,1.25,1.18,0,40,20.0,6.24,24.08,373,Medium,Map Hotel to Agoda,"Demand exists, but hotel-level mapping is missing on Agoda."
4884633,0.27541505202444816,0.27541505202444816,0.27541505202444816,0.5086527277135057,6.0,6.0,2026-08-04 23:33:09,At Sugar Palm Sa Kaeo,6,0,,2026-08-05,21.76,Sa Kaeo,LT,Upper Isan - East,Not Mapped,Unknown,73229.0,0.0,339.0,6.0,0.0,,,0.0,0.0,,0,0.017699115044247787,0.0,1.13,0.0,0,0,0.0,4.92,24.07,374,Medium,Map Hotel to Agoda,"Demand exists, but hotel-level mapping is missing on Agoda."
4921004,0.2592176590765952,0.2592176590765952,0.2592176590765952,0.506655080391988,15.0,15.0,2026-08-04 23:33:09,Ton Palm Resort Li,15,0,,2026-08-04,21.93,Lamphun,LT,North,Unknown,Unknown,59066.0,0.0,114.0,15.0,0.0,,,0.0,0.0,,0,0.13157894736842105,0.0,0.91,0.0,0,0,0.0,4.84,24.07,375,Medium,Monitor,No immediate distribution issue requires action.
138040,0.40619458810730125,0.4586070438052303,0.40619458810730125,0.5085103087395738,852.0,368.0,2026-08-04 23:33:09,Golden House Hotel Sakaeo,24,2,2026-08-04 18:21:46,2026-08-04,28.95,Sa Kaeo,KA,Upper Isan - East,Mapped,Mapped,1434591.0,368.0,463.5,852.0,0.0,0.2038260216788847,0.2038260216788847,1.0,2.0,,0,1.838187702265372,0.0,22.16,12.39,100,100,100.0,20.59,24.06,376,Medium,Investigate Booking Conversion,"Demand exists, but no booking is matched to the current check-in demand."
5101405,0.27740137281395877,0.27740137281395877,0.27740137281395877,0.507103095805884,7.0,7.0,2026-08-04 23:33:09,Mercure Bangkok Surawong,7,0,,2026-09-01,21.9,Bangkok,LT,BKK - Metro - Chon,Unknown,Unknown,56926.0,0.0,73.5,7.0,0.0,,,0.0,3.0,,0,0.09523809523809523,0.0,0.88,0.0,0,0,0.0,4.82,24.05,377,Medium,Monitor,No immediate distribution issue requires action.
2000110,0.27565233745646595,0.27565233745646595,0.27565233745646595,0.5063113168033607,11.0,11.0,2026-08-04 23:33:09,Buarimpao Apartel Kuchinara,5,0,,2026-08-04,21.63,Kalasin,LT,Upper Isan - East,Not Mapped,Not Mapped,87170.0,0.0,54.0,11.0,0.0,,,0.0,0.0,,0,0.2037037037037037,0.0,1.35,0.0,0,0,0.0,5.0,24.05,378,Medium,Map Hotel to Agoda,"Demand exists, but hotel-level mapping is missing on Agoda."
4740494,0.3253057651150849,0.3635698633824263,0.3253057651150849,0.5089328000347801,85.0,55.0,2026-08-04 23:33:09,The Vega Resort,14,0,,2026-08-04,24.54,Pattaya,KA,BKK - Metro - Chon,Not Mapped,Not Live,243913.0,39.0,2288.0,85.0,0.0,,,0.0,0.0,,0,0.03715034965034965,0.0,3.77,1.31,0,40,20.0,7.19,24.04,379,Medium,Map Hotel to Agoda,"Demand exists, but hotel-level mapping is missing on Agoda."
4922780,0.2771536156265591,0.2826078588357278,0.2771536156265591,0.5072270141282768,12.0,4.0,2026-08-04 21:48:56,Baan Chang Resort Rayong,12,0,,2026-08-09,22.37,Rayong,LT,Upper Isan - East,Unknown,Unknown,3925.0,0.0,1181.5,12.0,0.0,,,0.0,0.0,,0,0.010156580617858655,0.0,0.06,0.0,0,0,0.0,4.5,24.04,380,Medium,Monitor,No immediate distribution issue requires action.
63315,0.4407277654269302,0.44214314223249396,0.4407277654269302,0.5110203297096455,198.0,102.0,2026-08-04 18:49:41,Siva Royal Hotel,9,1,2026-08-04 09:02:00,2026-08-04,28.76,Phatthalung,KA,Lower South - West,Mapped,Mapped,1397697.0,402.0,540.0,198.0,0.0,,,0.0,0.0,,0,0.36666666666666664,0.0,21.59,13.54,100,100,100.0,20.61,24.04,381,Medium,Investigate Booking Conversion,"Demand exists, but no booking is matched to the current check-in demand."
4857749,0.29232756042044983,0.29232756042044983,0.29232756042044983,0.5129077447667221,3.0,3.0,2026-08-04 23:33:09,Bedsment Chiangrai,3,0,,2026-08-05,22.24,,,,Unknown,Unknown,0.0,0.0,880.5,3.0,0.0,,,0.0,0.0,,0,0.0034071550255536627,0.0,0.0,0.0,0,0,0.0,4.45,24.03,382,Medium,Monitor,No immediate distribution issue requires action.
2009611,0.2877942907201825,0.2877942907201825,0.2877942907201825,0.5097551533379613,6.0,6.0,2026-08-04 19:05:32,Khun Naparn Resort,6,0,,2026-08-04,22.28,Bungkan,LT,Upper Isan - East,Unknown,Unknown,0.0,0.0,25.0,6.0,0.0,,,0.0,0.0,,0,0.24,0.0,0.0,0.0,0,0,0.0,4.46,24.01,383,Medium,Monitor,No immediate distribution issue requires action.
63697,0.44544825833568563,0.5425255611702201,0.44544825833568563,0.5130837825062616,2576.0,773.0,2026-08-04 19:05:32,JK Living Hotel and Service Apartment,36,3,2026-08-04 12:51:31,2026-08-06,32.28,Chachoengsao,KA,Upper Isan - East,Mapped,Mapped,1240690.0,234.0,1260.5,2576.0,3.0,0.3303566319795599,0.3303566319795599,1.0,14.0,0.0101,2,2.0436334787782626,0.0011645962732919255,19.16,7.88,100,100,100.0,18.4,24.01,384,Medium,Review Agoda Rate Competitiveness,Agoda reports a price disadvantage; 0% is cheapest.
183049,0.3807104885201441,0.43605705685838525,0.3807104885201441,0.5098205887160768,1024.0,184.0,2026-08-04 23:33:09,Blue Sky Residence Airport,109,10,2026-08-04 23:33:09,2026-08-08,36.07,Samut Prakan,KA,BKK - Metro - Chon,Mapped,Mapped,786950.0,283.0,951.0,1024.0,0.0,,,0.0,27.0,,0,1.0767613038906414,0.0,12.15,9.53,100,100,100.0,16.15,23.99,385,Medium,Investigate Booking Conversion,"Demand exists, but no booking is matched to the current check-in demand."
5101894,0.2827520361594049,0.2827520361594049,0.2827520361594049,0.5078369872290247,9.0,9.0,2026-08-04 16:06:46,Bonnie Bed,5,0,,2026-08-04,21.94,Phrae,LT,North,Not Mapped,Unknown,34876.0,0.0,305.0,9.0,0.0,,,0.0,0.0,,0,0.029508196721311476,0.0,0.54,0.0,0,0,0.0,4.66,23.99,386,Medium,Map Hotel to Agoda,"Demand exists, but hotel-level mapping is missing on Agoda."
181648,0.3896050746866429,0.3896050746866429,0.3896050746866429,0.4961252908251676,593.0,593.0,2026-08-04 19:05:32,Sp & K Apartment,3,1,2026-08-04 19:05:32,2026-08-04,25.97,Nakhon Si Thammarat,KA,Lower South - West,Not Mapped,Not Live,109448.0,40.0,799.5,593.0,0.0,,,0.0,0.0,0.25,1,0.7417135709818636,0.0,1.69,1.35,0,40,20.0,6.44,23.97,387,Medium,Map Hotel to Agoda,"Demand exists, but hotel-level mapping is missing on Agoda."
4884640,0.3852696224008154,0.39063692571520076,0.3852696224008154,0.5168512503938374,40.0,26.0,2026-08-04 23:33:09,Getin Hotel & Restaurant,12,0,,2026-08-21,26.9,Kanchanaburi,LT,Lower South - West,Not Mapped,Not Live,9244.0,1.0,1.0,40.0,0.0,,,0.0,4.0,,0,40.0,0.0,0.14,0.03,0,40,20.0,5.46,23.97,388,Medium,Map Hotel to Agoda,"Demand exists, but hotel-level mapping is missing on Agoda."
5101156,0.4277055284744735,0.4774641945499522,0.4277055284744735,0.5122126300700232,2352.0,690.0,2026-08-04 21:48:56,Kanthiya Garden Hotel,31,2,2026-08-04 15:36:41,2026-08-08,31.01,Ubon Ratchathani,KA,Lower Isan - Central,Mapped,Unknown,349109.0,16.0,1555.5,2352.0,0.0,,,0.0,0.0,,0,1.5120540019286404,0.0,5.39,0.54,100,0,50.0,9.06,23.95,389,Medium,Investigate Booking Conversion,"Demand exists, but no booking is matched to the current check-in demand."
5102479,0.26809988757537867,0.2744264940219748,0.26809988757537867,0.506675611708559,14.0,10.0,2026-08-04 19:05:32,Nawang Resort,14,0,,2026-08-07,22.19,Nong Bua Lamphu,LT,Upper Isan - East,Not Mapped,Unknown,1215.0,0.0,309.0,14.0,0.0,,,0.0,0.0,,0,0.045307443365695796,0.0,0.02,0.0,0,0,0.0,4.45,23.95,390,Medium,Map Hotel to Agoda,"Demand exists, but hotel-level mapping is missing on Agoda."
2000184,0.2744264940219748,0.2744264940219748,0.2744264940219748,0.506675611708559,4.0,4.0,2026-08-04 18:36:27,The Colour Hotel Yasothon,4,0,,2026-08-26,21.49,Yasothon,LT,Lower Isan - Central,Not Mapped,Not Mapped,64606.0,5.0,8.0,4.0,0.0,,,0.0,2.0,,0,0.5,0.0,1.0,0.17,0,0,0.0,4.85,23.94,391,Medium,Map Hotel to Agoda,"Demand exists, but hotel-level mapping is missing on Agoda."
4921070,0.30688092479479956,0.33376345125947515,0.30688092479479956,0.5219804460955333,35.0,10.0,2026-08-04 23:33:09,Best Western Nada Don Mueang Airport Hotel,35,0,,2026-08-08,26.04,Bangkok,LT,BKK - Metro - Chon,Not Live,Unknown,79444.0,0.0,1984.5,35.0,0.0,,,0.0,6.0,,0,0.01763668430335097,0.0,1.23,0.0,40,0,20.0,5.82,23.94,392,Medium,Activate Agoda,"Agoda connectivity exists, but the hotel is not live."
4920152,0.3784888548641432,0.420927985148513,0.3784888548641432,0.5088579088010856,767.0,78.0,2026-08-04 19:05:32,Dream Factory Hotel & Rooftop Bar,92,7,2026-08-04 17:52:50,2026-08-04,34.27,Udon Thani,KA,Upper Isan - East,Mapped,Mapped,870765.0,348.0,1007.0,767.0,0.0,0.131500774185322,0.1444904543299131,7.0,30.0,,0,0.7616683217477657,0.0,13.45,11.72,100,100,100.0,17.1,23.92,393,Medium,Investigate Booking Conversion,"Demand exists, but no booking is matched to the current check-in demand."
5102344,0.27923661383123866,0.27923661383123866,0.27923661383123866,0.5072438143640836,7.0,7.0,2026-08-04 14:04:20,Resort LangBan,7,0,,2026-08-04,21.98,Ubon Ratchathani,LT,Lower Isan - Central,Not Mapped,Unknown,12430.0,0.0,787.5,7.0,0.0,,,0.0,0.0,,0,0.008888888888888889,0.0,0.19,0.0,0,0,0.0,4.49,23.91,394,Medium,Map Hotel to Agoda,"Demand exists, but hotel-level mapping is missing on Agoda."
63429,0.28669833620230256,0.28669833620230256,0.28669833620230256,0.5094325036647662,4.0,4.0,2026-08-04 21:48:56,The Rich Ubon Ratchathani,4,0,,2026-08-08,22.04,Ubon Ratchathani,LT,Lower Isan - Central,Unknown,Unknown,0.0,0.0,517.5,4.0,0.0,,,0.0,0.0,,0,0.007729468599033816,0.0,0.0,0.0,0,0,0.0,4.41,23.91,395,Medium,Monitor,No immediate distribution issue requires action.
4920475,0.266643286687636,0.266643286687636,0.266643286687636,0.506675611708559,6.0,6.0,2026-08-04 19:05:32,Chaiyaburi Hotel,6,0,,2026-08-04,21.37,Bungkan,LT,Upper Isan - East,Not Mapped,Not Mapped,76692.0,0.0,25.0,6.0,0.0,,,0.0,0.0,,0,0.24,0.0,1.18,0.0,0,0,0.0,4.86,23.91,396,Medium,Map Hotel to Agoda,"Demand exists, but hotel-level mapping is missing on Agoda."
5101543,0.3528154656222762,0.4017680394877979,0.3528154656222762,0.5096485821731278,72.0,55.0,2026-08-04 23:33:09,TJ 4711 Residence,11,0,,2026-08-04,25.37,Maha Sarakham,KA,Upper Isan - East,Mapped,Unknown,555818.0,298.0,274.0,72.0,0.0,-0.0783448429402496,-0.0783448429402496,1.0,8.0,,0,0.26277372262773724,0.0,8.58,10.04,100,0,50.0,12.38,23.9,397,Medium,Fix Internal Rate Parity,Our rate is more expensive than a comparable partner rate.
4922763,0.286354285154481,0.2903194492975501,0.286354285154481,0.508512620291834,5.0,3.0,2026-08-04 00:03:17,DeeDara Phrae,2,0,,2026-08-04,21.82,Phrae,LT,North,Not Mapped,Unknown,21196.0,0.0,305.0,5.0,0.0,,,0.0,0.0,,0,0.01639344262295082,0.0,0.33,0.0,0,0,0.0,4.53,23.9,398,Medium,Map Hotel to Agoda,"Demand exists, but hotel-level mapping is missing on Agoda."
4932291,0.3551554619159915,0.4450251691200619,0.3551554619159915,0.509630075793672,1318.0,596.0,2026-08-04 21:34:17,Cozy Blu Suvarnabhumi,37,3,2026-08-04 21:34:17,2026-08-04,28.31,Samut Prakan,KA,BKK - Metro - Chon,Mapped,Mapped,836594.0,842.0,1394.0,1318.0,0.0,,,0.0,12.0,,0,0.945480631276901,0.0,12.92,28.36,100,100,100.0,20.63,23.9,399,Medium,Investigate Booking Conversion,"Demand exists, but no booking is matched to the current check-in demand."
183279,0.2809428383452641,0.2809428383452641,0.2809428383452641,0.5086637533818519,4.0,2.0,2026-08-04 14:04:20,Vannamei Resort Phangnga,4,0,,2026-08-26,21.79,Phang Nga,LT,Upper South,Not Mapped,Not Mapped,24364.0,0.0,6.0,4.0,0.0,,,0.0,2.0,,0,0.6666666666666666,0.0,0.38,0.0,0,0,0.0,4.55,23.9,400,Medium,Map Hotel to Agoda,"Demand exists, but hotel-level mapping is missing on Agoda."
4785680,0.2829207923629328,0.2829207923629328,0.2829207923629328,0.5080034545840676,12.0,12.0,2026-08-04 19:05:32,The Canal Ratchaburi,6,0,,2026-08-08,22.05,,,,Unknown,Unknown,0.0,0.0,96.5,12.0,0.0,,,0.0,0.0,,0,0.12435233160621761,0.0,0.0,0.0,0,0,0.0,4.41,23.9,401,Medium,Monitor,No immediate distribution issue requires action.
5102100,0.2878543974598294,0.2878543974598294,0.2878543974598294,0.5069204569423048,3.0,3.0,2026-08-04 13:52:08,Home Hug Resort,3,0,,2026-08-05,21.94,Sakon Nakhon,LT,Upper Isan - East,Not Mapped,Not Mapped,12897.0,0.0,211.5,3.0,0.0,,,0.0,0.0,,0,0.014184397163120567,0.0,0.2,0.0,0,0,0.0,4.49,23.9,402,Medium,Map Hotel to Agoda,"Demand exists, but hotel-level mapping is missing on Agoda."
4920989,0.28147353203756714,0.28147353203756714,0.28147353203756714,0.5068695353716186,7.0,7.0,2026-08-04 23:33:09,Chinburi Resort Si sa ket,7,0,,2026-08-04,22.06,,,,Unknown,Unknown,0.0,0.0,140.5,7.0,0.0,,,0.0,0.0,,0,0.0498220640569395,0.0,0.0,0.0,0,0,0.0,4.41,23.89,403,Medium,Monitor,No immediate distribution issue requires action.
4289685,0.30190052949658314,0.3566966746895165,0.30190052949658314,0.5090889482225844,124.0,12.0,2026-08-04 22:51:02,Maya Resort Ubonratchathani,64,0,,2026-08-15,28.36,Ubon Ratchathani,KA,Lower Isan - Central,Mapped,Not Mapped,621639.0,10.0,1063.0,124.0,0.0,,,0.0,5.0,,0,0.11665098777046096,0.0,9.6,0.34,100,0,50.0,10.57,23.89,404,Medium,Investigate Booking Conversion,"Demand exists, but no booking is matched to the current check-in demand."
4936239,0.38363170539018865,0.38844383973675223,0.38363170539018865,0.5069604147939202,370.0,207.0,2026-08-04 18:36:27,Kittrongvill Resort,7,1,2026-08-04 16:06:46,2026-08-04,26.26,Ubon Ratchathani,LT,Lower Isan - Central,Not Mapped,Not Live,79824.0,2.0,787.5,370.0,0.0,0.0988856441509149,0.0988856441509149,1.0,4.0,,0,0.46984126984126984,0.0,1.23,0.07,0,40,20.0,5.89,23.89,405,Medium,Map Hotel to Agoda,"Demand exists, but hotel-level mapping is missing on Agoda."
5012139,0.2927999362983328,0.2927999362983328,0.2927999362983328,0.5035562459546482,6.0,6.0,2026-08-04 12:38:07,CNP House Sisaket,3,0,,2026-08-05,22.07,Si Sa Ket,LT,Lower Isan - Central,Not Mapped,Unknown,4050.0,0.0,245.5,6.0,0.0,,,0.0,0.0,,0,0.024439918533604887,0.0,0.06,0.0,0,0,0.0,4.44,23.88,406,Medium,Map Hotel to Agoda,"Demand exists, but hotel-level mapping is missing on Agoda."
183481,0.38417672837657363,0.3878313227795413,0.38417672837657363,0.5104996964967001,47.0,23.0,2026-08-04 22:34:47,Calivefornia 2016,15,0,,2026-08-04,27.01,Chiang Rai,KA,North,Mapped,Mapped,1862554.0,155.0,865.5,47.0,0.0,,,0.0,0.0,,0,0.05430387059503177,0.0,28.77,5.22,100,100,100.0,21.35,23.88,407,Medium,Investigate Booking Conversion,"Demand exists, but no booking is matched to the current check-in demand."
2005709,0.39638218724555113,0.39638218724555113,0.39638218724555113,0.5129029078541099,359.0,359.0,2026-08-04 19:05:32,Tamajun Hotel,6,0,,2026-08-07,26.79,Chanthaburi,LT,Upper Isan - East,Not Live,Unknown,5623.0,0.0,597.0,359.0,0.0,,,0.0,0.0,,0,0.6013400335008375,0.0,0.09,0.0,40,0,20.0,5.4,23.87,408,Medium,Activate Agoda,"Agoda connectivity exists, but the hotel is not live."
182932,0.2744264940219748,0.2744264940219748,0.2744264940219748,0.506675611708559,8.0,8.0,2026-08-04 23:18:39,LandMark Hotel Mahasarakham,8,0,,2026-08-04,21.87,Maha Sarakham,LT,Upper Isan - East,Unknown,Not Mapped,12598.0,0.0,274.0,8.0,0.0,,,0.0,0.0,,0,0.029197080291970802,0.0,0.19,0.0,0,0,0.0,4.47,23.86,409,Medium,Expand to Ctrip,The hotel has demand but is not mapped on Ctrip.
5012131,0.2843901878134185,0.2843901878134185,0.2843901878134185,0.503491836891563,3.0,3.0,2026-08-04 15:52:08,NoahInn Ekachai,3,0,,2026-08-04,21.73,Samut Songkhram,LT,Lower South - West,Not Mapped,Not Mapped,35065.0,0.0,710.0,3.0,0.0,,,0.0,0.0,,0,0.004225352112676056,0.0,0.54,0.0,0,0,0.0,4.62,23.86,410,Medium,Map Hotel to Agoda,"Demand exists, but hotel-level mapping is missing on Agoda."
5102159,0.2756405335892034,0.2825747288479921,0.2756405335892034,0.5068419109796445,21.0,12.0,2026-08-04 17:52:50,Venus Resort,6,0,,2026-08-20,21.74,Buriram,LT,Lower Isan - Central,Not Mapped,Not Mapped,19506.0,5.0,4.0,21.0,0.0,,,0.0,4.0,,0,5.25,0.0,0.3,0.17,0,0,0.0,4.55,23.86,411,Medium,Map Hotel to Agoda,"Demand exists, but hotel-level mapping is missing on Agoda."
5102023,0.276926303285288,0.28056337106217843,0.276926303285288,0.506906601364441,5.0,3.0,2026-08-04 20:47:47,Khamtakla VIP Resort,5,0,,2026-08-04,21.69,Sakon Nakhon,LT,Upper Isan - East,Not Mapped,Unknown,18368.0,7.0,412.5,5.0,0.0,,,0.0,0.0,,0,0.012121212121212121,0.0,0.28,0.24,0,0,0.0,4.55,23.85,412,Medium,Map Hotel to Agoda,"Demand exists, but hotel-level mapping is missing on Agoda."
4885085,0.43681191153341153,0.43681191153341153,0.43681191153341153,0.5127702955591112,97.0,97.0,2026-08-04 22:51:02,Blu Monkey Hub and Hotel Chanthaburi,9,0,,2026-08-04,28.61,Chanthaburi,KA,Upper Isan - East,Mapped,Mapped,1206137.0,516.0,1086.0,97.0,0.0,,,0.0,0.0,,0,0.08931860036832412,0.0,18.63,17.38,100,100,100.0,20.25,23.84,413,Medium,Investigate Booking Conversion,"Demand exists, but no booking is matched to the current check-in demand."
5102412,0.2799009308057119,0.2799009308057119,0.2799009308057119,0.508754164728712,3.0,3.0,2026-08-04 21:34:17,JJ and JJ Resort,3,0,,2026-08-08,21.66,Ubon Ratchathani,LT,Lower Isan - Central,Not Mapped,Unknown,20327.0,0.0,517.5,3.0,0.0,,,0.0,0.0,,0,0.005797101449275362,0.0,0.31,0.0,0,0,0.0,4.49,23.83,414,Medium,Map Hotel to Agoda,"Demand exists, but hotel-level mapping is missing on Agoda."
4920739,0.2744264940219748,0.2744264940219748,0.2744264940219748,0.506675611708559,8.0,6.0,2026-08-04 22:34:47,Baan Thung Kiang Bueng,8,0,,2026-08-21,21.87,Bungkan,LT,Upper Isan - East,Not Mapped,Unknown,1551.0,0.0,25.0,8.0,0.0,,,0.0,2.0,,0,0.32,0.0,0.02,0.0,0,0,0.0,4.38,23.82,415,Medium,Map Hotel to Agoda,"Demand exists, but hotel-level mapping is missing on Agoda."
4920844,0.2833861128300691,0.2833861128300691,0.2833861128300691,0.5066731616706442,2.0,2.0,2026-08-04 00:03:17,Nalay Noi Boutique Resort,1,0,,2026-08-05,21.56,Phatthalung,LT,Lower South - West,Not Mapped,Unknown,20391.0,8.0,540.0,2.0,0.0,,,0.0,0.0,,0,0.003703703703703704,0.0,0.31,0.27,0,0,0.0,4.55,23.81,416,Medium,Map Hotel to Agoda,"Demand exists, but hotel-level mapping is missing on Agoda."
4922569,0.2781455482976924,0.2781455482976924,0.2781455482976924,0.505243399712673,4.0,4.0,2026-08-04 16:21:17,Richmond Resort,4,0,,2026-08-05,21.61,Nakhonratchasima,LT,Lower Isan - Central,Unknown,Unknown,29439.0,0.0,1179.0,4.0,0.0,,,0.0,0.0,,0,0.0033927056827820186,0.0,0.45,0.0,0,0,0.0,4.55,23.81,417,Medium,Monitor,No immediate distribution issue requires action.
137618,0.2744264940219748,0.2744264940219748,0.2744264940219748,0.506675611708559,4.0,4.0,2026-08-04 16:21:17,Muan Thong Grand Hotel,4,0,,2026-08-05,21.49,Loei,LT,Upper Isan - East,Not Mapped,Unknown,36505.0,0.0,365.5,4.0,0.0,,,0.0,0.0,,0,0.01094391244870041,0.0,0.56,0.0,0,0,0.0,4.58,23.8,418,Medium,Map Hotel to Agoda,"Demand exists, but hotel-level mapping is missing on Agoda."
4880658,0.266643286687636,0.266643286687636,0.266643286687636,0.506675611708559,5.0,5.0,2026-08-04 22:03:21,Maingam Resort Uthaitani,5,0,,2026-08-10,21.27,Uthai Thani,LT,North,Unknown,Unknown,59205.0,0.0,5.0,5.0,0.0,,,0.0,0.0,,0,1.0,0.0,0.91,0.0,0,0,0.0,4.71,23.8,419,Medium,Monitor,No immediate distribution issue requires action.
4934115,0.2744264940219748,0.2744264940219748,0.2744264940219748,0.506675611708559,6.0,6.0,2026-08-04 23:33:09,The Rimyom Resort Phrae,6,0,,2026-08-08,21.68,Phrae,LT,North,Unknown,Unknown,16564.0,0.0,155.0,6.0,0.0,,,0.0,0.0,,0,0.03870967741935484,0.0,0.26,0.0,0,0,0.0,4.47,23.8,420,Medium,Monitor,No immediate distribution issue requires action.
5102414,0.2753798487208696,0.2753798487208696,0.2753798487208696,0.5058211843630271,5.0,5.0,2026-08-04 10:02:48,Garden View Resort Chanthaburi,5,0,,2026-08-05,21.61,Chanthaburi,LT,Upper Isan - East,Not Mapped,Unknown,26187.0,0.0,294.0,5.0,0.0,,,0.0,0.0,,0,0.017006802721088437,0.0,0.4,0.0,0,0,0.0,4.52,23.8,421,Medium,Map Hotel to Agoda,"Demand exists, but hotel-level mapping is missing on Agoda."
5101378,0.266643286687636,0.266643286687636,0.266643286687636,0.506675611708559,5.0,4.0,2026-08-04 23:33:09,Amornthep Hotel Khunkhan,5,0,,2026-08-14,21.27,Si Sa Ket,LT,Lower Isan - Central,Not Mapped,Not Mapped,37922.0,16.0,140.5,5.0,0.0,,,0.0,6.0,,0,0.03558718861209965,0.0,0.59,0.54,0,0,0.0,4.71,23.8,422,Medium,Map Hotel to Agoda,"Demand exists, but hotel-level mapping is missing on Agoda."
4920730,0.29126864872436575,0.29126864872436575,0.29126864872436575,0.500443478650396,2.0,2.0,2026-08-04 14:04:20,Suan Daungmanee Resort,2,0,,2026-08-04,21.85,Kanchanaburi,LT,Lower South - West,Unknown,Unknown,12785.0,0.0,637.0,2.0,0.0,,,0.0,0.0,,0,0.0031397174254317113,0.0,0.2,0.0,0,0,0.0,4.47,23.79,423,Medium,Monitor,No immediate distribution issue requires action.
141893,0.39560960991326516,0.4187757290588633,0.39560960991326516,0.507227454925363,283.0,191.0,2026-08-04 23:33:09,Tempo Plus Mae Sot,27,1,2026-08-04 22:18:28,2026-08-05,28.61,Tak,KA,North,Mapped,Not Mapped,424272.0,126.0,534.0,283.0,0.0,,,0.0,0.0,,0,0.5299625468164794,0.0,6.55,4.24,100,0,50.0,10.27,23.79,424,Medium,Investigate Booking Conversion,"Demand exists, but no booking is matched to the current check-in demand."
5102512,0.2819619503900178,0.2819619503900178,0.2819619503900178,0.506675611708559,12.0,12.0,2026-08-04 16:21:17,The Rim Resort,4,0,,2026-09-02,21.79,Buriram,LT,Lower Isan - Central,Unknown,Unknown,0.0,0.0,4.0,12.0,0.0,,,0.0,1.0,,0,3.0,0.0,0.0,0.0,0,0,0.0,4.36,23.78,425,Medium,Monitor,No immediate distribution issue requires action.
4920668,0.2744264940219748,0.2744264940219748,0.2744264940219748,0.506675611708559,4.0,4.0,2026-08-04 02:45:27,Soda Apartment Pathum Thani,4,0,,2026-08-21,21.49,Pathum Thani,LT,BKK - Metro - Chon,Not Mapped,Not Mapped,27589.0,0.0,64.0,4.0,0.0,,,0.0,2.0,,0,0.0625,0.0,0.43,0.0,0,0,0.0,4.51,23.77,426,Medium,Map Hotel to Agoda,"Demand exists, but hotel-level mapping is missing on Agoda."
23375,0.3427845571391098,0.40759931231453955,0.3427845571391098,0.506581845634609,421.0,210.0,2026-08-04 23:33:09,JL Bangkok Hotel,62,3,2026-08-04 22:03:21,2026-08-05,29.85,Bangkok,KA,BKK - Metro - Chon,Mapped,Unknown,299191.0,120.0,2851.0,421.0,0.0,0.031370257387807,0.031370257387807,1.0,12.0,,0,0.14766748509294983,0.0,4.62,4.04,100,0,50.0,9.49,23.77,427,Medium,Investigate Booking Conversion,"Demand exists, but no booking is matched to the current check-in demand."
4920651,0.3578372969834531,0.3834926169626892,0.3578372969834531,0.5130986573241768,436.0,45.0,2026-08-04 23:33:09,Tripper Hotel Ubon,101,0,,2026-08-15,34.28,Ubon Ratchathani,KA,Lower Isan - Central,Mapped,Mapped,1255261.0,16.0,1555.5,436.0,0.0,,,0.0,6.0,,0,0.28029572484731596,0.0,19.39,0.54,100,100,100.0,16.71,23.77,428,Medium,Investigate Booking Conversion,"Demand exists, but no booking is matched to the current check-in demand."
2000041,0.39823986548390433,0.40316169234357846,0.39823986548390433,0.5088941347530634,155.0,129.0,2026-08-04 02:45:27,Rattanachol Hotel,7,2,2026-08-04 02:45:27,2026-08-08,26.82,Chonburi,KA,BKK - Metro - Chon,Mapped,Mapped,1159315.0,686.0,1584.0,155.0,0.0,,,0.0,0.0,,0,0.09785353535353536,0.0,17.9,23.11,100,100,100.0,21.25,23.76,429,Medium,Investigate Booking Conversion,"Demand exists, but no booking is matched to the current check-in demand."
63575,0.2760406662306931,0.2760406662306931,0.2760406662306931,0.5071428193826741,4.0,4.0,2026-08-04 16:21:17,Tonrak Resort,4,0,,2026-08-12,21.56,Nakhon Nayok,LT,Lower Isan - Central,Unknown,Not Mapped,14579.0,0.0,265.0,4.0,0.0,,,0.0,4.0,,0,0.01509433962264151,0.0,0.23,0.0,0,0,0.0,4.43,23.75,430,Medium,Expand to Ctrip,The hotel has demand but is not mapped on Ctrip.
4694703,0.4123725591020227,0.4471766743851923,0.4123725591020227,0.5093047031027812,4156.0,1873.0,2026-08-04 22:34:47,Baan Nantiya,21,2,2026-08-04 20:47:47,2026-08-05,29.94,Roi Et,KA,Lower Isan - Central,Mapped,Not Mapped,370543.0,47.0,659.0,4156.0,0.0,,,0.0,3.0,,0,6.306525037936267,0.0,5.72,1.58,100,0,50.0,9.32,23.74,431,Medium,Investigate Booking Conversion,"Demand exists, but no booking is matched to the current check-in demand."
2007516,0.2800390506287239,0.2800390506287239,0.2800390506287239,0.5080950433431554,3.0,3.0,2026-08-04 11:36:45,Khun Mai Baan Suan Resort,3,0,,2026-08-05,21.65,,,,Unknown,Unknown,0.0,0.0,1208.0,3.0,0.0,,,0.0,0.0,,0,0.0024834437086092716,0.0,0.0,0.0,0,0,0.0,4.33,23.74,432,Medium,Monitor,No immediate distribution issue requires action.
21437,0.2744264940219748,0.2744264940219748,0.2744264940219748,0.506675611708559,5.0,5.0,2026-08-04 08:14:54,Casa Marocc Hotel (Formely Casa Marocc Hotel by Andacura),5,0,,2026-09-02,21.59,Chiang Mai,LT,North,Unknown,Not Mapped,3897.0,0.0,16.0,5.0,0.0,,,0.0,3.0,,0,0.3125,0.0,0.06,0.0,0,0,0.0,4.35,23.72,433,Medium,Expand to Ctrip,The hotel has demand but is not mapped on Ctrip.
4921226,0.3556117354722623,0.37950167879161617,0.3556117354722623,0.5086928536657623,375.0,165.0,2026-08-04 20:47:47,All Times Hotel,15,0,,2026-08-05,25.93,Phetchabun,KA,North,Mapped,Not Mapped,743228.0,75.0,428.0,375.0,0.0,,,0.0,3.0,,0,0.8761682242990654,0.0,11.48,2.53,100,0,50.0,11.68,23.71,434,Medium,Expand to Ctrip,The hotel has demand but is not mapped on Ctrip.
269,0.4360293908979351,0.45655021226480713,0.4360293908979351,0.5057969451550011,2700.0,514.0,2026-08-04 19:05:32,Holiday Inn Bangkok Silom by IHG,60,13,2026-08-04 19:05:32,2026-08-05,34.07,Bangkok,LT,BKK - Metro - Chon,Mapped,Not Mapped,6844.0,0.0,2851.0,2700.0,0.0,,,0.0,3.0,,0,0.9470361276745002,0.0,0.11,0.0,100,0,50.0,6.87,23.71,435,Medium,Investigate Booking Conversion,"Demand exists, but no booking is matched to the current check-in demand."
5102353,0.274864264607349,0.274864264607349,0.274864264607349,0.5075511528793073,4.0,4.0,2026-08-04 12:51:31,The Rich Pool Villa and Resort,4,0,,2026-08-08,21.53,Chumphon,LT,Upper South,Not Mapped,Unknown,3738.0,0.0,83.5,4.0,0.0,,,0.0,0.0,,0,0.04790419161676647,0.0,0.06,0.0,0,0,0.0,4.34,23.7,436,Medium,Map Hotel to Agoda,"Demand exists, but hotel-level mapping is missing on Agoda."
4543079,0.2799487675086177,0.2799487675086177,0.2799487675086177,0.506675611708559,1.0,1.0,2026-08-04 00:03:17,Areeya Resort Nong Bua Rawe,1,0,,2026-08-05,21.43,Chaiyaphum,LT,Upper Isan - East,Not Mapped,Unknown,14944.0,0.0,421.0,1.0,0.0,,,0.0,0.0,,0,0.0023752969121140144,0.0,0.23,0.0,0,0,0.0,4.4,23.7,437,Medium,Map Hotel to Agoda,"Demand exists, but hotel-level mapping is missing on Agoda."
5102644,0.266643286687636,0.266643286687636,0.266643286687636,0.506675611708559,8.0,4.0,2026-08-04 12:51:31,Chaolay Resort Panare,8,0,,2026-08-07,21.56,Pattani,LT,Lower South - West,Unknown,Unknown,0.0,0.0,78.0,8.0,0.0,,,0.0,0.0,,0,0.10256410256410256,0.0,0.0,0.0,0,0,0.0,4.31,23.69,438,Medium,Monitor,No immediate distribution issue requires action.
4936663,0.2705348903548054,0.2744264940219748,0.2705348903548054,0.506675611708559,4.0,3.0,2026-08-04 23:33:09,Kratae Resort,4,0,,2026-08-04,21.34,Phetchabun,LT,North,Not Mapped,Not Mapped,21482.0,0.0,428.0,4.0,0.0,,,0.0,0.0,,0,0.009345794392523364,0.0,0.33,0.0,0,0,0.0,4.43,23.69,439,Medium,Map Hotel to Agoda,"Demand exists, but hotel-level mapping is missing on Agoda."
65056,0.2773954833949267,0.2773954833949267,0.2773954833949267,0.5070913169678201,3.0,3.0,2026-08-04 17:52:50,Aim Sook Hotel Bangsabhan,3,0,,2026-08-19,21.52,Prachuapkhirikhan,LT,Lower South - West,Not Mapped,Unknown,0.0,0.0,34.0,3.0,0.0,,,0.0,6.0,,0,0.08823529411764706,0.0,0.0,0.0,0,0,0.0,4.3,23.68,440,Medium,Map Hotel to Agoda,"Demand exists, but hotel-level mapping is missing on Agoda."
5102193,0.2799487675086177,0.2799487675086177,0.2799487675086177,0.506675611708559,1.0,1.0,2026-08-04 00:03:17,Stani Plai Na Resort Ban Pin,1,0,,2026-08-04,21.43,Phrae,LT,North,Not Mapped,Unknown,11178.0,0.0,305.0,1.0,0.0,,,0.0,0.0,,0,0.003278688524590164,0.0,0.17,0.0,0,0,0.0,4.37,23.68,441,Medium,Map Hotel to Agoda,"Demand exists, but hotel-level mapping is missing on Agoda."
4996595,0.2679627301696444,0.2679627301696444,0.2679627301696444,0.5067200962277961,6.0,6.0,2026-08-04 22:51:02,Baan BaiBau Saraburi,6,0,,2026-08-08,21.42,Saraburi,LT,Lower Isan - Central,Not Mapped,Unknown,7493.0,3.0,111.0,6.0,0.0,,,0.0,0.0,,0,0.05405405405405406,0.0,0.12,0.1,0,0,0.0,4.37,23.68,442,Medium,Map Hotel to Agoda,"Demand exists, but hotel-level mapping is missing on Agoda."
4915652,0.3598922816101685,0.3598922816101685,0.3598922816101685,0.5057392560891489,137.0,137.0,2026-08-04 16:21:17,Damnoen Residence,4,0,,2026-08-04,24.93,Ratchaburi,LT,Lower South - West,Not Mapped,Not Live,113091.0,43.0,406.5,137.0,0.0,,,0.0,0.0,,0,0.3370233702337023,0.0,1.75,1.45,0,40,20.0,6.3,23.68,443,Medium,Map Hotel to Agoda,"Demand exists, but hotel-level mapping is missing on Agoda."
5101978,0.2707753351241575,0.2707753351241575,0.2707753351241575,0.5071565012472633,3.0,3.0,2026-08-04 10:02:48,Orchid Mahachai Hotel,3,0,,2026-08-05,21.26,Samut Sakhon,LT,BKK - Metro - Chon,Not Mapped,Unknown,25383.0,0.0,572.0,3.0,0.0,,,0.0,0.0,,0,0.005244755244755245,0.0,0.39,0.0,0,0,0.0,4.45,23.67,444,Medium,Map Hotel to Agoda,"Demand exists, but hotel-level mapping is missing on Agoda."
137966,0.3585845882155551,0.3726062929490051,0.3585845882155551,0.5084833484095853,265.0,73.0,2026-08-04 23:33:09,Blu Monkey Boutique Samkong (Formerly Blu Monkey Bed & Breakfast Phuket),26,1,2026-08-04 23:03:24,2026-08-06,27.06,Phuket,KA,Upper South,Mapped,Mapped,1168218.0,642.0,1544.0,265.0,0.0,,,0.0,5.0,,0,0.1716321243523316,0.0,18.04,21.62,100,100,100.0,20.92,23.66,445,Medium,Investigate Booking Conversion,"Demand exists, but no booking is matched to the current check-in demand."
4921214,0.2739095254562899,0.2739095254562899,0.2739095254562899,0.5036192003326262,4.0,4.0,2026-08-04 18:36:27,Kabinburi Resort,4,0,,2026-08-04,21.41,Prachin Buri,LT,Upper Isan - East,Unknown,Unknown,10919.0,0.0,257.0,4.0,0.0,,,0.0,0.0,,0,0.01556420233463035,0.0,0.17,0.0,0,0,0.0,4.37,23.64,446,Medium,Monitor,No immediate distribution issue requires action.
5102404,0.2758729750567836,0.2758729750567836,0.2758729750567836,0.5072133007927508,2.0,2.0,2026-08-04 23:33:09,The View Hotel Nakhon Si Thammarat,1,0,,2026-08-07,21.27,Nakhon Si Thammarat,LT,Lower South - West,Not Mapped,Unknown,11346.0,0.0,258.5,2.0,0.0,,,0.0,0.0,,0,0.007736943907156673,0.0,0.18,0.0,0,0,0.0,4.34,23.63,447,Medium,Map Hotel to Agoda,"Demand exists, but hotel-level mapping is missing on Agoda."
2002114,0.38865956539485386,0.38865956539485386,0.38865956539485386,0.507913146640909,201.0,201.0,2026-08-04 14:04:20,Rambuttri House,8,0,,2026-08-05,26.52,Bangkok,KA,BKK - Metro - Chon,Mapped,Unknown,241747.0,396.0,2851.0,201.0,0.0,,,0.0,0.0,,0,0.07050157839354612,0.0,3.73,13.34,100,0,50.0,11.17,23.62,448,Medium,Investigate Booking Conversion,"Demand exists, but no booking is matched to the current check-in demand."
181465,0.43486473652283153,0.436891696612089,0.43486473652283153,0.5090821492559998,906.0,792.0,2026-08-04 16:21:17,Seth Thee Residence Khonkaen,7,1,2026-08-04 16:06:46,2026-08-04,28.52,Khon Kaen,KA,Upper Isan - East,Mapped,Not Mapped,467432.0,63.0,1025.5,906.0,0.0,,,0.0,0.0,,0,0.8834714773281326,0.0,7.22,2.12,100,0,50.0,9.95,23.62,449,Medium,Investigate Booking Conversion,"Demand exists, but no booking is matched to the current check-in demand."
4922560,0.337421215182974,0.3733796116214625,0.337421215182974,0.5132796887482868,83.0,26.0,2026-08-04 16:21:17,Geen Hotel Chonburi,76,3,2026-08-04 14:04:20,2026-08-05,30.99,Chonburi,KA,BKK - Metro - Chon,Mapped,Mapped,1501186.0,58.0,2288.0,83.0,0.0,,,0.0,88.0,,0,0.036276223776223776,0.0,23.18,1.95,100,100,100.0,18.37,23.62,450,Medium,Investigate Booking Conversion,"Demand exists, but no booking is matched to the current check-in demand."
2011731,0.36344570884948557,0.4014924161896309,0.36344570884948557,0.5270258630368128,225.0,60.0,2026-08-04 23:33:09,Icon Park Hotel Chiang Mai,118,7,2026-08-04 03:29:50,2026-08-08,36.33,Chiang Mai,LT,North,Not Live,Mapped,207674.0,2.0,1475.5,225.0,0.0,0.1862219129135787,0.2188643748220885,8.0,88.0,,0,0.15249068112504235,0.0,3.21,0.07,40,100,70.0,8.89,23.62,451,Medium,Activate Agoda,"Agoda connectivity exists, but the hotel is not live."
4857776,0.32449647334745557,0.3432264112677602,0.32449647334745557,0.5071346962984019,53.0,34.0,2026-08-04 21:48:56,Piangpuk Ban Pong,27,0,,2026-08-04,25.7,Ratchaburi,LT,Lower South - West,Not Mapped,Not Live,53963.0,11.0,715.0,53.0,0.0,,,0.0,2.0,,0,0.07412587412587412,0.0,0.83,0.37,0,40,20.0,5.67,23.61,452,Medium,Map Hotel to Agoda,"Demand exists, but hotel-level mapping is missing on Agoda."
5102548,0.27338871542792564,0.27338871542792564,0.27338871542792564,0.5068609883681566,3.0,3.0,2026-08-04 20:47:47,Baansomresort Rattanaburi,3,0,,2026-08-04,21.36,Surin,LT,Lower Isan - Central,Unknown,Unknown,0.0,0.0,266.5,3.0,0.0,,,0.0,0.0,,0,0.01125703564727955,0.0,0.0,0.0,0,0,0.0,4.27,23.61,453,Medium,Monitor,No immediate distribution issue requires action.
4920528,0.2744264940219748,0.2744264940219748,0.2744264940219748,0.506675611708559,2.0,2.0,2026-08-04 11:51:06,Krue Khao View Resort Banphaeng,2,0,,2026-08-04,21.3,Nakhon Phanom,LT,Upper Isan - East,Unknown,Not Mapped,4215.0,0.0,289.5,2.0,0.0,,,0.0,0.0,,0,0.0069084628670120895,0.0,0.07,0.0,0,0,0.0,4.3,23.6,454,Medium,Expand to Ctrip,The hotel has demand but is not mapped on Ctrip.
4914173,0.3068553109794137,0.3068553109794137,0.3068553109794137,0.506544730820343,21.0,21.0,2026-08-04 20:47:47,Parknaisong Hotel,11,0,,2026-08-04,23.45,Nakhon Si Thammarat,KA,Lower South - West,Not Mapped,Not Live,299798.0,0.0,799.5,21.0,0.0,,,0.0,0.0,,0,0.02626641651031895,0.0,4.63,0.0,0,40,20.0,7.01,23.6,455,Medium,Map Hotel to Agoda,"Demand exists, but hotel-level mapping is missing on Agoda."
5102125,0.27112593522665474,0.27112593522665474,0.27112593522665474,0.5050965647089363,4.0,4.0,2026-08-04 14:04:20,Smile Place & Residence,4,0,,2026-08-05,21.33,Chonburi,LT,BKK - Metro - Chon,Not Mapped,Not Mapped,2202.0,0.0,1645.0,4.0,0.0,,,0.0,0.0,,0,0.0024316109422492403,0.0,0.03,0.0,0,0,0.0,4.28,23.59,456,Medium,Map Hotel to Agoda,"Demand exists, but hotel-level mapping is missing on Agoda."
43668,0.45122615922270504,0.4606857009352221,0.45122615922270504,0.5089686927093897,3611.0,1379.0,2026-08-04 23:33:09,Elite Residence Phitsanulok,38,7,2026-08-04 22:34:47,2026-08-06,32.93,Phitsanulok,KA,North,Mapped,Mapped,928084.0,345.0,1391.5,3611.0,0.0,,,0.0,14.0,0.1334,1,2.5950413223140494,0.0,14.33,11.62,100,100,100.0,17.24,23.59,457,Medium,Review Agoda Rate Competitiveness,Agoda reports a price disadvantage; 0% is cheapest.
4920802,0.274053865244631,0.274053865244631,0.274053865244631,0.5059303541538713,1.0,1.0,2026-08-04 00:03:17,Yuu sabai Resort Tha Khan To,1,0,,2026-08-03,21.18,Kalasin,LT,Upper Isan - East,Unknown,Not Mapped,12108.0,0.0,2.0,1.0,0.0,,,0.0,0.0,,0,0.5,0.0,0.19,0.0,0,0,0.0,4.33,23.58,458,Medium,Expand to Ctrip,The hotel has demand but is not mapped on Ctrip.
183410,0.3774525620364555,0.3774525620364555,0.3774525620364555,0.5063190959290571,83.0,83.0,2026-08-04 16:21:17,Royal Land Maeklong Hotel,10,0,,2026-08-04,26.2,Samut Songkhram,LT,Lower South - West,Not Mapped,Not Live,8820.0,1.0,710.0,83.0,0.0,,,0.0,0.0,,0,0.11690140845070422,0.0,0.14,0.03,0,40,20.0,5.32,23.58,459,Medium,Map Hotel to Agoda,"Demand exists, but hotel-level mapping is missing on Agoda."
2000377,0.36195480811380154,0.3679134154841708,0.36195480811380154,0.5119618982774105,42.0,14.0,2026-08-04 16:21:17,RoomQuest Ratchada AI Hotel Opsian Technologies,15,0,,2026-08-06,26.15,Bangkok,LT,BKK - Metro - Chon,Not Live,Unknown,0.0,0.0,2851.0,42.0,0.0,,,0.0,0.0,,0,0.014731673097158891,0.0,0.0,0.0,40,0,20.0,5.23,23.58,460,Medium,Activate Agoda,"Agoda connectivity exists, but the hotel is not live."
4914167,0.2692949006846299,0.2692949006846299,0.2692949006846299,0.5067900348129877,4.0,4.0,2026-08-04 14:04:20,Lamphraphloeng Resort Wangnamkeow,4,0,,2026-08-04,21.29,Wangnamkeow,LT,Lower Isan - Central,Unknown,Unknown,0.0,0.0,1319.0,4.0,0.0,,,0.0,0.0,,0,0.003032600454890068,0.0,0.0,0.0,0,0,0.0,4.26,23.58,461,Medium,Monitor,No immediate distribution issue requires action.
4543042,0.37464131775090126,0.4669228597619611,0.37464131775090126,0.5094495962371386,301.0,51.0,2026-08-04 23:33:09,Navakitel Design Hotel,25,2,2026-08-04 00:03:17,2026-08-04,27.64,Nakhon Si Thammarat,KA,Lower South - West,Mapped,Mapped,985586.0,715.0,961.5,301.0,0.0,,,0.0,25.0,,0,0.313052522100884,0.0,15.22,24.08,100,100,100.0,20.36,23.57,462,Medium,Investigate Booking Conversion,"Demand exists, but no booking is matched to the current check-in demand."
592,0.3343212029453138,0.33727022785500876,0.3343212029453138,0.5333834458060291,26.0,14.0,2026-08-04 22:18:28,Royal Peninsula Hotel Chiangmai,16,0,,2026-08-06,25.57,Chiang Mai,LT,North,Not Live,Unknown,0.0,0.0,1475.5,26.0,0.0,,,0.0,0.0,,0,0.01762114537444934,0.0,0.0,0.0,40,0,20.0,5.11,23.56,463,Medium,Activate Agoda,"Agoda connectivity exists, but the hotel is not live."
4920722,0.266643286687636,0.266643286687636,0.266643286687636,0.506675611708559,2.0,2.0,2026-08-04 01:45:09,Phomthong Hotel Ang Thong,2,0,,2026-08-08,20.99,Ang Thong,LT,Lower Isan - Central,Not Mapped,Unknown,10640.0,3.0,2.0,2.0,0.0,,,0.0,0.0,,0,1.0,0.0,0.16,0.1,0,0,0.0,4.31,23.52,464,Medium,Map Hotel to Agoda,"Demand exists, but hotel-level mapping is missing on Agoda."
21697,0.43145134396813256,0.4605862333528953,0.43145134396813256,0.513779225762129,431.0,269.0,2026-08-04 18:49:41,Dhevaraj Hotel,15,3,2026-08-04 18:36:27,2026-08-09,29.09,Nan,KA,North,Mapped,Mapped,766070.0,748.0,128.0,431.0,1.0,,,0.0,8.0,-0.0,1,3.3671875,0.002320185614849188,11.83,25.19,100,100,100.0,19.29,23.51,465,Medium,Monitor,No immediate distribution issue requires action.
1647,0.39114375457068906,0.39114375457068906,0.39114375457068906,0.5098471348333233,10.0,10.0,2026-08-04 23:33:09,The Dewa Koh Chang,2,0,,2026-08-12,26.04,Koh Chang & Koh Kood,LT,Upper Isan - East,Not Live,Unknown,0.0,0.0,96.0,10.0,0.0,-0.2803756030192721,-0.2803756030192721,1.0,2.0,0.4516,1,0.10416666666666667,0.0,0.0,0.0,40,0,20.0,5.21,23.51,466,Medium,Activate Agoda,"Agoda connectivity exists, but the hotel is not live."
2012861,0.41843667813857227,0.41843667813857227,0.41843667813857227,0.5096502475912097,459.0,459.0,2026-08-04 12:51:31,Leelawalai Rest Hotel Chum Phae,12,2,2026-08-04 12:51:31,2026-08-04,28.21,Khon Kaen,KA,Upper Isan - East,Mapped,Not Mapped,412141.0,105.0,1025.5,459.0,0.0,,,0.0,0.0,,0,0.4475865431496831,0.0,6.37,3.54,100,0,50.0,9.89,23.5,467,Medium,Investigate Booking Conversion,"Demand exists, but no booking is matched to the current check-in demand."
4883889,0.262298649693706,0.262298649693706,0.262298649693706,0.506675611708559,4.0,4.0,2026-08-04 23:33:09,Baan Suklutai Apartment Pakchong,2,0,,2026-08-04,20.82,Khaoyai,LT,Lower Isan - Central,Not Mapped,Not Mapped,24124.0,0.0,1319.0,4.0,0.0,,,0.0,0.0,,0,0.003032600454890068,0.0,0.37,0.0,0,0,0.0,4.35,23.49,468,Medium,Map Hotel to Agoda,"Demand exists, but hotel-level mapping is missing on Agoda."
183312,0.33212718224604487,0.36468536501927223,0.33212718224604487,0.5143511949349747,48.0,31.0,2026-08-04 22:03:21,Kong Garden View Resort,23,0,,2026-08-04,25.77,Chiang Rai,LT,North,Unknown,Not Live,4901.0,0.0,880.5,48.0,0.0,,,0.0,0.0,,0,0.054514480408858604,0.0,0.08,0.0,0,40,20.0,5.19,23.47,469,Medium,Activate Ctrip,"Ctrip connectivity exists, but the hotel is not live."
4968484,0.2533378058666544,0.2533378058666544,0.2533378058666544,0.506675611708559,7.0,7.0,2026-08-04 23:33:09,Tonpai Resort Lamphun,7,0,,2026-08-04,20.93,Lamphun,LT,North,Unknown,Unknown,8505.0,0.0,114.0,7.0,0.0,,,0.0,0.0,,0,0.06140350877192982,0.0,0.13,0.0,0,0,0.0,4.25,23.47,470,Medium,Monitor,No immediate distribution issue requires action.
4988854,0.4071055512383599,0.4863879892142073,0.4071055512383599,0.5078373749791186,105.0,66.0,2026-08-04 23:33:09,PLAAI Plus Hotel Bowin,10,2,2026-08-04 23:18:39,2026-08-15,27.42,Rayong,KA,Upper Isan - East,Mapped,Mapped,986544.0,714.0,1716.0,105.0,1.0,0.2030951445934708,0.2241070929053638,3.0,6.0,,0,0.06118881118881119,0.009523809523809525,15.24,24.05,100,100,100.0,20.32,23.46,471,Medium,Monitor,No immediate distribution issue requires action.
181563,0.36927093060698074,0.3848809639633641,0.36927093060698074,0.5203478191727988,127.0,49.0,2026-08-04 23:33:09,L Nimman Boutique Hotel,78,5,2026-08-04 23:18:39,2026-08-06,32.61,Chiang Mai,KA,North,Not Live,Mapped,346952.0,172.0,1475.5,127.0,0.0,,,0.0,0.0,,0,0.08607251779057946,0.0,5.36,5.79,40,100,70.0,10.94,23.46,472,Medium,Activate Agoda,"Agoda connectivity exists, but the hotel is not live."
4533067,0.4421016980176846,0.44342837458239,0.4421016980176846,0.5103518332924049,583.0,205.0,2026-08-04 12:51:31,Romruedee Resort,12,0,,2026-08-04,29.21,Pattaya,KA,BKK - Metro - Chon,Mapped,Not Mapped,144594.0,219.0,2288.0,583.0,0.0,,,0.0,0.0,,0,0.2548076923076923,0.0,2.23,7.38,100,0,50.0,9.17,23.45,473,Medium,Investigate Booking Conversion,"Demand exists, but no booking is matched to the current check-in demand."
5101362,0.28770345030754335,0.28770345030754335,0.28770345030754335,0.5082074904050914,5.0,5.0,2026-08-04 21:34:17,One Budget Hotel Nan Pha Sing,3,0,,2026-08-10,21.96,Nan,KA,North,Not Live,Not Mapped,395898.0,11.0,10.0,5.0,0.0,,,0.0,0.0,,0,0.5,0.0,6.11,0.37,40,0,20.0,7.56,23.45,474,Medium,Activate Agoda,"Agoda connectivity exists, but the hotel is not live."
5102452,0.5016306520818502,0.5262474291803025,0.5016306520818502,0.508528403798954,4278.0,2405.0,2026-08-04 21:34:17,Marquis Hotel,19,4,2026-08-04 20:33:04,2026-08-04,33.34,Bangkok,LT,BKK - Metro - Chon,Mapped,Unknown,2290.0,1.0,2531.5,4278.0,0.0,,,0.0,0.0,,0,1.6899071696622556,0.0,0.04,0.03,100,0,50.0,6.7,23.44,475,Medium,Investigate Booking Conversion,"Demand exists, but no booking is matched to the current check-in demand."
5101461,0.3629769918209775,0.40516966938476945,0.3629769918209775,0.5257016901387679,97.0,15.0,2026-08-04 17:52:50,One Budget Hotel Chiangrai Bypass-East,52,1,2026-08-04 16:21:17,2026-08-07,29.99,Chiang Rai,KA,North,Mapped,Unknown,302466.0,1.0,880.5,97.0,0.0,0.1574055867311481,0.19244622750260476,2.0,10.0,,0,0.11016467915956843,0.0,4.67,0.03,100,0,50.0,8.34,23.43,476,Medium,Investigate Booking Conversion,"Demand exists, but no booking is matched to the current check-in demand."
182903,0.3869317509949175,0.3869317509949175,0.3869317509949175,0.500275510450981,144.0,144.0,2026-08-04 20:33:04,Chueaprom Mansion Nakhonsithammarat,3,0,,2026-08-04,25.81,Nakhon Si Thammarat,LT,Lower South - West,Not Mapped,Not Live,16638.0,5.0,799.5,144.0,0.0,,,0.0,0.0,,0,0.1801125703564728,0.0,0.26,0.17,0,40,20.0,5.34,23.42,477,Medium,Map Hotel to Agoda,"Demand exists, but hotel-level mapping is missing on Agoda."
4948522,0.3539391260804317,0.3539391260804317,0.3539391260804317,0.5082133657835899,354.0,354.0,2026-08-04 17:52:50,NY Place Hotel,7,0,,2026-08-04,25.09,Ubon Ratchathani,LT,Lower Isan - Central,Not Mapped,Not Live,72795.0,2.0,787.5,354.0,0.0,,,0.0,0.0,,0,0.44952380952380955,0.0,1.12,0.07,0,40,20.0,5.6,23.41,478,Medium,Map Hotel to Agoda,"Demand exists, but hotel-level mapping is missing on Agoda."
1050,0.4730217158772225,0.4956375948987175,0.4730217158772225,0.5114525559467406,1943.0,402.0,2026-08-04 14:04:20,Sugar Palm Residence,58,6,2026-08-04 12:38:07,2026-08-07,35.24,Phuket,KA,Upper South,Mapped,Mapped,696769.0,297.0,1544.0,1943.0,0.0,0.0523138017408725,0.0650405302836619,4.0,10.0,,0,1.258419689119171,0.0,10.76,10.0,100,100,100.0,15.43,23.4,479,Medium,Investigate Booking Conversion,"Demand exists, but no booking is matched to the current check-in demand."
137959,0.39060858193330483,0.4072704501972714,0.39060858193330483,0.5089695193397856,71.0,21.0,2026-08-04 13:52:08,Slive Hotel Surin,11,1,2026-08-04 11:51:06,2026-08-07,26.87,Surin,KA,Lower Isan - Central,Mapped,Unknown,499705.0,126.0,423.0,71.0,0.0,,,0.0,0.0,,0,0.16784869976359337,0.0,7.72,4.24,100,0,50.0,10.51,23.4,480,Medium,Investigate Booking Conversion,"Demand exists, but no booking is matched to the current check-in demand."
2012750,0.35354441923312196,0.4020222660447074,0.35354441923312196,0.5078414404780304,199.0,67.0,2026-08-04 23:33:09,HOMM Boutique Hotel,24,1,2026-08-04 23:18:39,2026-08-18,26.63,Chiang Mai,KA,North,Mapped,Unknown,440851.0,189.0,1127.0,199.0,0.0,,,0.0,4.0,,0,0.17657497781721385,0.0,6.81,6.37,100,0,50.0,10.64,23.39,481,Medium,Investigate Booking Conversion,"Demand exists, but no booking is matched to the current check-in demand."
5101906,0.3859189404837447,0.488740015961191,0.3859189404837447,0.5063360204002413,3124.0,681.0,2026-08-04 23:33:09,Kokotel Rayong Beachfront,69,8,2026-08-04 09:17:17,2026-08-24,33.05,Rayong,LT,Upper Isan - East,Mapped,Unknown,22674.0,3.0,955.0,3124.0,4.0,0.1044313892984857,0.2280402151841379,5.0,17.0,,0,3.2712041884816756,0.0012804097311139564,0.35,0.1,100,0,50.0,6.82,23.39,482,Medium,Monitor,No immediate distribution issue requires action.
2000160,0.3314737831064004,0.36468673642343463,0.3314737831064004,0.5098273918420876,55.0,14.0,2026-08-04 23:33:09,Wynnhouse Khaoyai,33,0,,2026-08-18,26.6,Khaoyai,KA,Lower Isan - Central,Mapped,Mapped,1879483.0,79.0,1319.0,55.0,0.0,,,0.0,8.0,,0,0.04169825625473844,0.0,29.03,2.66,100,100,100.0,20.63,23.39,483,Medium,Investigate Booking Conversion,"Demand exists, but no booking is matched to the current check-in demand."
284,0.32652694319812126,0.32893787320371143,0.32652694319812126,0.5336142012477292,8.0,4.0,2026-08-04 16:21:17,Rama Gardens Hotel,8,0,,2026-08-14,24.49,Bangkok,LT,BKK - Metro - Chon,Not Live,Not Mapped,65459.0,0.0,1772.5,8.0,0.0,,,0.0,4.0,,0,0.004513399153737658,0.0,1.01,0.0,40,0,20.0,5.4,23.38,484,Medium,Activate Agoda,"Agoda connectivity exists, but the hotel is not live."
1379,0.33273644954216475,0.3347379777124986,0.33273644954216475,0.5352836986666347,11.0,6.0,2026-08-04 14:04:20,Wienglakor Hotel,9,0,,2026-08-12,24.87,Lampang,LT,North,Not Live,Not Mapped,3017.0,0.0,941.0,11.0,0.0,0.2690058479532163,0.2690058479532163,1.0,1.0,,0,0.011689691817215728,0.0,0.05,0.0,40,0,20.0,5.0,23.31,485,Medium,Activate Agoda,"Agoda connectivity exists, but the hotel is not live."
4543066,0.3757961884898926,0.37804187822038804,0.3757961884898926,0.5069545862281937,1010.0,443.0,2026-08-04 20:47:47,Smile Park Hotel,79,11,2026-08-04 19:05:32,2026-08-04,32.97,Nakhon Si Thammarat,KA,Lower South - West,Mapped,Mapped,1081880.0,171.0,961.5,1010.0,0.0,,,0.0,0.0,,0,1.0504420176807072,0.0,16.71,5.76,100,100,100.0,16.68,23.3,486,Medium,Investigate Booking Conversion,"Demand exists, but no booking is matched to the current check-in demand."
137910,0.368523923021822,0.4122685127308213,0.368523923021822,0.5055492578263218,175.0,96.0,2026-08-04 12:51:31,Promsook Apartment,10,2,2026-08-04 11:51:06,2026-08-05,25.85,Chonburi,KA,BKK - Metro - Chon,Mapped,Mapped,1843092.0,153.0,1645.0,175.0,0.0,,,0.0,4.0,,0,0.10638297872340426,0.0,28.47,5.15,100,100,100.0,20.95,23.29,487,Medium,Monitor,No immediate distribution issue requires action.
4918050,0.3532028978638648,0.3532028978638648,0.3532028978638648,0.5177496451418836,558.0,558.0,2026-08-04 23:33:09,Lailaresidence Yala,5,0,,2026-08-05,25.13,Yala,LT,Lower South - West,Not Mapped,Not Live,14523.0,1.0,22.0,558.0,0.0,,,0.0,0.0,,0,25.363636363636363,0.0,0.22,0.03,0,40,20.0,5.14,23.29,488,Medium,Map Hotel to Agoda,"Demand exists, but hotel-level mapping is missing on Agoda."
4884620,0.38170187078721457,0.40739504309732455,0.38170187078721457,0.5081470974274785,290.0,88.0,2026-08-04 23:33:09,The Charlotte Smart Hotel Lopburi,29,6,2026-08-04 11:51:06,2026-08-09,28.27,Lop Buri,KA,Lower Isan - Central,Mapped,Mapped,1551106.0,180.0,460.5,290.0,1.0,-0.0659908908173822,-0.04207103567833392,3.0,6.0,0.1087,2,0.6297502714440825,0.0034482758620689655,23.96,6.06,100,100,100.0,19.45,23.29,489,Medium,Fix Internal Rate Parity,Our rate is more expensive than a comparable partner rate.
4883673,0.2906770555256462,0.2906770555256462,0.2906770555256462,0.506566804022367,16.0,16.0,2026-08-04 19:05:32,Bansuankhwan Resort Banmuang,5,0,,2026-08-04,22.24,Sakon Nakhon,KA,Upper Isan - East,Not Mapped,Not Live,339889.0,0.0,412.5,16.0,0.0,,,0.0,0.0,,0,0.03878787878787879,0.0,5.25,0.0,0,40,20.0,7.07,23.27,490,Medium,Map Hotel to Agoda,"Demand exists, but hotel-level mapping is missing on Agoda."
5102045,0.30165392184934203,0.35522015097314236,0.30165392184934203,0.5147541867258749,17.0,5.0,2026-08-04 19:05:32,One Budget Hotel Chiangrai Maesai Payang,17,0,,2026-08-04,23.98,Chiang Rai,KA,North,Not Live,Unknown,134470.0,0.0,880.5,17.0,0.0,,,0.0,0.0,,0,0.019307211811470756,0.0,2.08,0.0,40,0,20.0,5.84,23.26,491,Medium,Activate Agoda,"Agoda connectivity exists, but the hotel is not live."
4892396,0.3191250370217639,0.33810512407610754,0.3191250370217639,0.5079962384305389,58.0,32.0,2026-08-04 19:05:32,Homeroom hostel,21,0,,2026-08-05,24.93,Yasothon,LT,Lower Isan - Central,Not Mapped,Not Live,34134.0,9.0,587.0,58.0,0.0,,,0.0,0.0,,0,0.09880749574105621,0.0,0.53,0.3,0,40,20.0,5.34,23.23,492,Medium,Map Hotel to Agoda,"Demand exists, but hotel-level mapping is missing on Agoda."
21346,0.31939052693588255,0.32677177773614474,0.31939052693588255,0.5272349524159435,5.0,4.0,2026-08-04 06:59:25,SC Park Hotel,5,0,,2026-08-04,23.8,Bangkok,LT,BKK - Metro - Chon,Unknown,Not Live,107610.0,0.0,2531.5,5.0,0.0,,,0.0,0.0,,0,0.0019751135690302193,0.0,1.66,0.0,0,40,20.0,5.59,23.21,493,Medium,Activate Ctrip,"Ctrip connectivity exists, but the hotel is not live."
2000265,0.4003248850866591,0.46707093912139724,0.4003248850866591,0.5112316358242357,443.0,228.0,2026-08-04 19:05:32,The Journey Hotel Bangna,23,3,2026-08-04 05:57:40,2026-08-09,28.55,Samut Prakan,KA,BKK - Metro - Chon,Mapped,Mapped,941326.0,599.0,1394.0,443.0,0.0,,,0.0,2.0,,0,0.31779053084648495,0.0,14.54,20.18,100,100,100.0,19.03,23.19,494,Medium,Investigate Booking Conversion,"Demand exists, but no booking is matched to the current check-in demand."
4857704,0.2947550610234679,0.37779299730104987,0.2947550610234679,0.5077916877952063,42.0,12.0,2026-08-04 19:05:32,Phupaphada Resort,34,0,,2026-08-04,25.18,Nakhon Sawan,LT,North,Unknown,Not Live,6907.0,0.0,1451.0,42.0,0.0,,,0.0,0.0,,0,0.028945554789800137,0.0,0.11,0.0,0,40,20.0,5.09,23.18,495,Medium,Activate Ctrip,"Ctrip connectivity exists, but the hotel is not live."
2003377,0.40914827555773686,0.44771263286522706,0.40914827555773686,0.5075668412338026,2231.0,1308.0,2026-08-04 23:03:24,Rangsit Apartment 1,42,9,2026-08-04 18:21:46,2026-08-07,31.18,Pathum Thani,LT,BKK - Metro - Chon,Mapped,Unknown,127355.0,24.0,417.5,2231.0,0.0,,,0.0,3.0,,0,5.3437125748503,0.0,1.97,0.81,100,0,50.0,7.46,23.16,496,Medium,Investigate Booking Conversion,"Demand exists, but no booking is matched to the current check-in demand."
4885080,0.38607127831157817,0.41676093696603633,0.38607127831157817,0.5101102253895483,450.0,220.0,2026-08-04 23:33:09,Prem Mansion U Thong,17,1,2026-08-04 23:18:39,2026-08-04,27.39,Suphan Buri,KA,Lower Isan - Central,Mapped,Not Mapped,491000.0,35.0,385.0,450.0,0.0,0.1841226473070853,0.19959145564084504,4.0,8.0,,0,1.1688311688311688,0.0,7.58,1.18,100,0,50.0,9.62,23.13,497,Medium,Investigate Booking Conversion,"Demand exists, but no booking is matched to the current check-in demand."
1623,0.35977632317551744,0.35977632317551744,0.35977632317551744,0.5082635715435042,28.0,28.0,2026-08-04 16:21:17,Centara Koh Chang Tropicana Resort,4,0,,2026-08-15,24.94,Koh Chang & Koh Kood,LT,Upper Isan - East,Not Mapped,Not Live,17781.0,0.0,221.0,28.0,0.0,,,0.0,4.0,,0,0.12669683257918551,0.0,0.27,0.0,0,40,20.0,5.12,23.13,498,Medium,Map Hotel to Agoda,"Demand exists, but hotel-level mapping is missing on Agoda."
4759,0.5065671683422497,0.536805011567141,0.5065671683422497,0.5194252712299844,630.0,190.0,2026-08-04 20:33:04,Ariston Hotel Bangkok,15,3,2026-08-04 18:36:27,2026-08-07,32.26,Bangkok,LT,BKK - Metro - Chon,Mapped,Unknown,0.0,0.0,2851.0,630.0,0.0,,,0.0,0.0,,0,0.22097509645738336,0.0,0.0,0.0,100,0,50.0,6.45,23.1,499,Medium,Investigate Booking Conversion,"Demand exists, but no booking is matched to the current check-in demand."
1844,0.4022021816129059,0.5094011345583097,0.4022021816129059,0.5045280559775623,7507.0,1599.0,2026-08-04 23:33:09,Sunee Grand Hotel,98,21,2026-08-04 22:03:21,2026-08-07,37.75,Ubon Ratchathani,KA,Lower Isan - Central,Mapped,Mapped,441451.0,241.0,1555.5,7507.0,2.0,-0.2684063051324328,-0.2529871856880378,2.0,26.0,0.1227,6,4.826100932176149,0.0002664180098574664,6.82,8.12,100,100,100.0,13.4,23.07,500,Medium,Fix Internal Rate Parity,Our rate is more expensive than a comparable partner rate.
2010150,0.3343164124684152,0.3343164124684152,0.3343164124684152,0.5218038463057787,21.0,21.0,2026-08-04 18:21:46,Vish Hotel and Cafe,7,0,,2026-08-04,24.48,Nakhon Si Thammarat,LT,Lower South - West,Not Mapped,Not Live,9647.0,0.0,799.5,21.0,0.0,,,0.0,0.0,,0,0.02626641651031895,0.0,0.15,0.0,0,40,20.0,4.97,23.05,501,Low,Map Hotel to Agoda,"Demand exists, but hotel-level mapping is missing on Agoda."
4932292,0.4020328036696552,0.4104840867176964,0.4020328036696552,0.5103868852880376,1003.0,423.0,2026-08-04 23:33:09,The Bed's 304,58,9,2026-08-04 23:18:39,2026-08-05,32.09,Prachin Buri,KA,Upper Isan - East,Mapped,Mapped,1187243.0,104.0,955.5,1003.0,0.0,,,0.0,3.0,,0,1.0497121925693353,0.0,18.34,3.5,100,100,100.0,16.64,23.05,502,Low,Investigate Booking Conversion,"Demand exists, but no booking is matched to the current check-in demand."
183381,0.32439555100257084,0.33662604840299115,0.32439555100257084,0.5264476863153185,10.0,4.0,2026-08-04 11:51:06,TTT Hotel Hatyai,8,0,,2026-08-13,24.27,Hatyai,LT,Lower South - West,Not Mapped,Not Live,21429.0,0.0,540.0,10.0,0.0,0.2190609391755193,0.2200628844539949,3.0,3.0,,0,0.018518518518518517,0.0,0.33,0.0,0,40,20.0,5.02,23.05,503,Low,Map Hotel to Agoda,"Demand exists, but hotel-level mapping is missing on Agoda."
5071,0.3245680190838105,0.3245680190838105,0.3245680190838105,0.5294794642030147,16.0,8.0,2026-08-04 19:05:32,Fifth Jomtien Pattaya,8,0,,2026-08-08,24.34,,,,Not Live,Unknown,0.0,0.0,1584.0,16.0,0.0,,,0.0,0.0,,0,0.010101010101010102,0.0,0.0,0.0,40,0,20.0,4.87,23.03,504,Low,Activate Agoda,"Agoda connectivity exists, but the hotel is not live."
4883884,0.31836663736889864,0.3521385048327775,0.31836663736889864,0.5093759775715875,300.0,65.0,2026-08-04 22:18:28,Phangkhon Inn,37,0,,2026-08-15,26.52,Sakon Nakhon,KA,Upper Isan - East,Mapped,Not Mapped,471456.0,96.0,146.0,300.0,0.0,,,0.0,21.0,,0,2.0547945205479454,0.0,7.28,3.23,100,0,50.0,9.91,23.01,505,Low,Investigate Booking Conversion,"Demand exists, but no booking is matched to the current check-in demand."
4922788,0.4980741015017906,0.5282834149660568,0.4980741015017906,0.5187252738872526,404.0,276.0,2026-08-04 16:21:17,Baanpak Buhnga 199 Resort Chainat,12,1,2026-08-04 15:36:41,2026-08-05,31.56,Chainat,LT,Lower Isan - Central,Mapped,Not Mapped,48809.0,0.0,194.0,404.0,0.0,,,0.0,6.0,,0,2.082474226804124,0.0,0.75,0.0,100,0,50.0,6.69,23.0,506,Low,Investigate Booking Conversion,"Demand exists, but no booking is matched to the current check-in demand."
65651,0.35446958092849834,0.3609920532987758,0.35446958092849834,0.5039515381311666,137.0,119.0,2026-08-04 10:02:48,Yala Grand Palace Hotel,3,1,2026-08-04 09:50:43,2026-08-04,24.58,Yala,LT,Lower South - West,Not Mapped,Not Live,14669.0,14.0,60.5,137.0,0.0,,,0.0,0.0,,0,2.2644628099173554,0.0,0.23,0.47,0,40,20.0,5.17,23.0,507,Low,Map Hotel to Agoda,"Demand exists, but hotel-level mapping is missing on Agoda."
267,0.3343484904530356,0.33561147309859907,0.3343484904530356,0.5072406275689143,312.0,134.0,2026-08-04 18:36:27,The Twin Towers Hotel,11,0,,2026-09-02,24.66,Bangkok,LT,BKK - Metro - Chon,Unknown,Not Live,10203.0,3.0,38.5,312.0,0.0,,,0.0,10.0,,0,8.103896103896103,0.0,0.16,0.1,0,40,20.0,5.04,22.99,508,Low,Activate Ctrip,"Ctrip connectivity exists, but the hotel is not live."
2000227,0.4597081237526583,0.47756298443473644,0.4597081237526583,0.5087267546216641,616.0,418.0,2026-08-04 20:47:47,Justice Hotel,19,3,2026-08-04 19:05:32,2026-08-06,30.55,Bangkok,KA,BKK - Metro - Chon,Mapped,Mapped,702054.0,587.0,1984.5,616.0,0.0,0.0335810011021469,0.0671970836148891,2.0,6.0,,0,0.31040564373897706,0.0,10.84,19.77,100,100,100.0,17.46,22.98,509,Low,Investigate Booking Conversion,"Demand exists, but no booking is matched to the current check-in demand."
2000356,0.41302151890338656,0.43438041413258593,0.41302151890338656,0.5099111945718272,2472.0,994.0,2026-08-04 23:33:09,Sakura Boutique Hotel Pluakdaeng,71,6,2026-08-04 23:03:24,2026-08-05,34.2,Rayong,KA,Upper Isan - East,Mapped,Mapped,463872.0,478.0,1716.0,2472.0,1.0,0.2777604026970985,0.3119874606419857,2.0,10.0,0.02,1,1.4405594405594406,0.0004045307443365696,7.16,16.1,100,100,100.0,15.25,22.98,510,Low,Review Agoda Rate Competitiveness,Agoda reports a price disadvantage; 0% is cheapest.
150,0.3226936072408822,0.3226936072408822,0.3226936072408822,0.5292701059645103,5.0,5.0,2026-08-04 06:59:25,Cinnamon Residence,5,0,,2026-08-04,23.97,Bangkok,LT,BKK - Metro - Chon,Unknown,Not Live,26155.0,0.0,2531.5,5.0,0.0,,,0.0,0.0,,0,0.0019751135690302193,0.0,0.4,0.0,0,40,20.0,4.99,22.98,511,Low,Activate Ctrip,"Ctrip connectivity exists, but the hotel is not live."
5101836,0.30354516822467614,0.3328726873812591,0.30354516822467614,0.5102941524382846,79.0,59.0,2026-08-04 23:33:09,M Hotel Kanchanaburi,41,1,2026-08-04 08:14:54,2026-08-26,26.26,Kanchanaburi,KA,Lower South - West,Mapped,Unknown,398112.0,163.0,762.0,79.0,0.0,,,0.0,2.0,,0,0.1036745406824147,0.0,6.15,5.49,100,0,50.0,9.97,22.97,512,Low,Investigate Booking Conversion,"Demand exists, but no booking is matched to the current check-in demand."
4606532,0.39779797108899023,0.4311321099834391,0.39779797108899023,0.50603443947495,1563.0,477.0,2026-08-04 23:33:09,EMory Resort Lopburi,30,7,2026-08-04 22:51:02,2026-08-04,29.35,Lop Buri,KA,Lower Isan - Central,Not Mapped,Mapped,191197.0,86.0,460.5,1563.0,0.0,,,0.0,6.0,,0,3.3941368078175898,0.0,2.95,2.9,0,100,50.0,8.22,22.97,513,Low,Map Hotel to Agoda,"Demand exists, but hotel-level mapping is missing on Agoda."
2000216,0.40601033652956214,0.4331441104681536,0.40601033652956214,0.5080928488260235,4038.0,1190.0,2026-08-04 23:33:09,The Room Hotel Kamphaengphet,41,3,2026-08-04 21:48:56,2026-08-06,31.52,Kamphaeng Phet,KA,North,Mapped,Mapped,1272072.0,66.0,448.0,4038.0,0.0,,,0.0,0.0,,0,9.013392857142858,0.0,19.65,2.22,100,100,100.0,16.8,22.93,514,Low,Investigate Booking Conversion,"Demand exists, but no booking is matched to the current check-in demand."
2000262,0.3319465150198207,0.3319465150198207,0.3319465150198207,0.5102913955349667,9.0,9.0,2026-08-04 23:33:09,Ruencome Hotel Amnatcharoen,6,0,,2026-08-04,24.06,Amnart Charoen,LT,Lower Isan - Central,Not Mapped,Not Live,53776.0,0.0,73.0,9.0,0.0,,,0.0,0.0,,0,0.1232876712328767,0.0,0.83,0.0,0,40,20.0,5.23,22.93,515,Low,Map Hotel to Agoda,"Demand exists, but hotel-level mapping is missing on Agoda."
4884643,0.4043710957341185,0.43391708580010485,0.4043710957341185,0.5106348097951716,296.0,132.0,2026-08-04 22:34:47,Fun Hotel Rayong,18,4,2026-08-04 20:47:47,2026-08-05,28.18,Rayong,KA,Upper Isan - East,Mapped,Not Mapped,167972.0,176.0,1322.5,296.0,0.0,,,0.0,0.0,,0,0.22381852551984877,0.0,2.59,5.93,100,0,50.0,8.71,22.92,516,Low,Investigate Booking Conversion,"Demand exists, but no booking is matched to the current check-in demand."
4543072,0.43208506419733167,0.46783151509535825,0.43208506419733167,0.512938768521336,2746.0,842.0,2026-08-04 19:05:32,PP Inn,24,1,2026-08-04 02:45:27,2026-08-05,30.65,Yala,LT,Lower South - West,Not Mapped,Mapped,114934.0,16.0,60.5,2746.0,0.0,,,0.0,12.0,,0,45.388429752066116,0.0,1.78,0.54,0,100,50.0,7.18,22.92,517,Low,Map Hotel to Agoda,"Demand exists, but hotel-level mapping is missing on Agoda."
2012692,0.43519763607750317,0.4812245067098202,0.43519763607750317,0.5095620355014191,376.0,168.0,2026-08-04 16:21:17,Holiday Inn Express Pattaya Central,42,6,2026-08-04 12:51:31,2026-08-04,31.69,Pattaya,LT,BKK - Metro - Chon,Mapped,Unknown,36086.0,0.0,2288.0,376.0,0.0,,,0.0,0.0,,0,0.16433566433566432,0.0,0.56,0.0,100,0,50.0,6.62,22.91,518,Low,Investigate Booking Conversion,"Demand exists, but no booking is matched to the current check-in demand."
4921349,0.3674375949952347,0.43135728544062546,0.3674375949952347,0.5151622997260275,3738.0,678.0,2026-08-04 23:33:09,Arthitaya Green Nature Hotel & Lakkhana Poolside Resort,134,6,2026-08-04 23:33:09,2026-08-06,38.84,Pattaya,KA,BKK - Metro - Chon,Mapped,Mapped,460400.0,88.0,2288.0,3738.0,0.0,,,0.0,72.0,,0,1.6337412587412588,0.0,7.11,2.96,100,100,100.0,12.21,22.91,519,Low,Investigate Booking Conversion,"Demand exists, but no booking is matched to the current check-in demand."
43849,0.3618035194943566,0.4138232107971212,0.3618035194943566,0.5103157398439886,2006.0,460.0,2026-08-04 19:05:32,Rattana Park Hotel,72,3,2026-08-04 18:36:27,2026-08-05,32.11,Phitsanulok,KA,North,Mapped,Mapped,963728.0,239.0,1391.5,2006.0,0.0,,,0.0,18.0,,0,1.441609773625584,0.0,14.88,8.05,100,100,100.0,16.28,22.87,520,Low,Investigate Booking Conversion,"Demand exists, but no booking is matched to the current check-in demand."
5101361,0.38530787908513126,0.4829586683409453,0.38530787908513126,0.5131878102849392,132.0,63.0,2026-08-04 23:33:09,Windmill Place Khaoyai,22,0,,2026-08-04,27.8,Khaoyai,KA,Lower Isan - Central,Mapped,Unknown,406982.0,9.0,1319.0,132.0,0.0,,,0.0,2.0,,0,0.10007581501137225,0.0,6.29,0.3,100,0,50.0,8.8,22.87,521,Low,Investigate Booking Conversion,"Demand exists, but no booking is matched to the current check-in demand."
4922778,0.42875552710023235,0.4377435764761469,0.42875552710023235,0.5161331102264722,75.0,48.0,2026-08-04 16:21:17,Hotel Midtown Ratsada,8,2,2026-08-04 15:36:41,2026-08-06,28.25,Phuket,LT,Upper South,Mapped,Unknown,224276.0,105.0,1542.0,75.0,0.0,,,0.0,0.0,0.2789,1,0.048638132295719845,0.0,3.46,3.54,100,0,50.0,8.44,22.86,522,Low,Review Agoda Rate Competitiveness,Agoda reports a price disadvantage; 0% is cheapest.
4932614,0.3889173068622349,0.3896617196928287,0.3889173068622349,0.5055473041426343,791.0,345.0,2026-08-04 23:33:09,Novotel Rayong Star Convention Centre,35,8,2026-08-04 23:18:39,2026-08-05,29.23,Rayong,LT,Upper Isan - East,Mapped,Unknown,284314.0,3.0,1716.0,791.0,0.0,,,0.0,0.0,,0,0.460955710955711,0.0,4.39,0.1,100,0,50.0,8.07,22.86,523,Low,Investigate Booking Conversion,"Demand exists, but no booking is matched to the current check-in demand."
4932970,0.36869319338861994,0.36869319338861994,0.36869319338861994,0.5266734485389134,18.0,3.0,2026-08-04 20:47:47,Morning Home,18,0,,2026-08-16,26.99,Lop Buri,KA,Lower Isan - Central,No Room,Unknown,75020.0,0.0,212.5,18.0,0.0,0.0848661500225883,0.09173563298068575,6.0,6.0,,0,0.08470588235294117,0.0,1.16,0.0,70,0,35.0,5.98,22.85,524,Low,Complete Room-Type Mapping,"Hotel-level mapping exists, but room types are not mapped."
183602,0.3346190450201427,0.3346190450201427,0.3346190450201427,0.506675611708559,10.0,10.0,2026-08-04 18:49:41,Baan Klangdoi Homestay 1,5,0,,2026-08-04,24.0,Mae Hong Son,LT,North,Not Mapped,Not Live,44766.0,0.0,19.0,10.0,0.0,,,0.0,0.0,,0,0.5263157894736842,0.0,0.69,0.0,0,40,20.0,5.14,22.84,525,Low,Map Hotel to Agoda,"Demand exists, but hotel-level mapping is missing on Agoda."
65545,0.3835268065881781,0.3835268065881781,0.3835268065881781,0.5111717410443036,89.0,89.0,2026-08-04 12:38:07,Bonito Chinos Hotel,3,0,,2026-08-04,25.88,Nakhon Sawan,KA,North,Mapped,Mapped,1175194.0,562.0,1451.0,89.0,0.0,,,0.0,0.0,,0,0.061337008959338385,0.0,18.15,18.93,100,100,100.0,19.93,22.84,526,Low,Monitor,No immediate distribution issue requires action.
4607,0.4526731241032469,0.4910358024901746,0.4526731241032469,0.515292060953701,286.0,211.0,2026-08-04 01:45:09,Chainat Grand Hotel,3,0,,2026-08-04,28.78,Chainat,KA,Lower Isan - Central,Mapped,Unknown,226886.0,58.0,107.0,286.0,0.0,,,0.0,0.0,,0,2.6728971962616823,0.0,3.5,1.95,100,0,50.0,8.09,22.83,527,Low,Investigate Booking Conversion,"Demand exists, but no booking is matched to the current check-in demand."
4883835,0.3527100820928566,0.3669396598737639,0.3527100820928566,0.5094265767146592,154.0,76.0,2026-08-04 23:33:09,Blu Monkey Hub & Hotel Ranong,19,0,,2026-08-13,26.14,Ranong,KA,Upper South,Mapped,Mapped,948684.0,716.0,431.0,154.0,0.0,,,0.0,12.0,0.2572,1,0.35730858468677495,0.0,14.65,24.12,100,100,100.0,19.79,22.83,528,Low,Review Agoda Rate Competitiveness,Agoda reports a price disadvantage; 0% is cheapest.
4869042,0.32260131076981263,0.32260131076981263,0.32260131076981263,0.516570394897652,7.0,7.0,2026-08-04 16:21:17,The Splash Koh Chang,7,1,2026-08-04 15:52:08,2026-08-16,23.9,Koh Chang & Koh Kood,LT,Upper Isan - East,Not Live,Unknown,20988.0,2.0,205.0,7.0,0.0,-0.5551161436479437,-0.5316343965503614,2.0,4.0,,0,0.03414634146341464,0.0,0.32,0.07,40,0,20.0,4.96,22.82,529,Low,Activate Agoda,"Agoda connectivity exists, but the hotel is not live."
183559,0.46528407850894826,0.4720917063284228,0.46528407850894826,0.5263838706463216,185.0,76.0,2026-08-04 16:21:17,The Sky Loft Rangsit,12,0,,2026-08-04,30.33,Pathum Thani,LT,BKK - Metro - Chon,Mapped,Not Mapped,90216.0,12.0,701.0,185.0,0.0,,,0.0,0.0,,0,0.26390870185449355,0.0,1.39,0.4,100,0,50.0,6.88,22.8,530,Low,Investigate Booking Conversion,"Demand exists, but no booking is matched to the current check-in demand."
43834,0.36862962767948526,0.3924718556113015,0.36862962767948526,0.512250326094527,84.0,34.0,2026-08-04 23:33:09,Peamsuk Sweet Prachinburi,14,0,,2026-08-05,26.34,Prachin Buri,KA,Upper Isan - East,Mapped,Not Mapped,500100.0,42.0,617.5,84.0,0.0,,,0.0,3.0,,0,0.1360323886639676,0.0,7.72,1.41,100,0,50.0,9.55,22.8,531,Low,Investigate Booking Conversion,"Demand exists, but no booking is matched to the current check-in demand."
2002734,0.3462042274339788,0.3796998096730117,0.3462042274339788,0.50787458674102,448.0,122.0,2026-08-04 18:49:41,Sananwan Palace,49,0,,2026-08-04,28.79,Samut Prakan,KA,BKK - Metro - Chon,Mapped,Not Mapped,257384.0,42.0,1394.0,448.0,0.0,,,0.0,18.0,,0,0.321377331420373,0.0,3.98,1.41,100,0,50.0,8.17,22.8,532,Low,Investigate Booking Conversion,"Demand exists, but no booking is matched to the current check-in demand."
5101551,0.3928362675532578,0.3928362675532578,0.3928362675532578,0.512315991125101,85.0,85.0,2026-08-04 19:05:32,One Budget Hotel Lampang Phahonyothin,16,2,2026-08-04 18:49:41,2026-08-04,27.5,Lampang,KA,North,Mapped,Unknown,427485.0,3.0,941.0,85.0,0.0,,,0.0,0.0,,0,0.09032943676939426,0.0,6.6,0.1,100,0,50.0,8.83,22.79,533,Low,Investigate Booking Conversion,"Demand exists, but no booking is matched to the current check-in demand."
63808,0.36067440889215446,0.3677218056298381,0.36067440889215446,0.5090192207191774,748.0,460.0,2026-08-04 23:03:24,Phimpraphai Place,17,2,2026-08-04 12:38:07,2026-08-04,26.45,Phuket,KA,Upper South,Mapped,Not Mapped,296335.0,193.0,1544.0,748.0,0.0,,,0.0,0.0,,0,0.4844559585492228,0.0,4.58,6.5,100,0,50.0,9.53,22.79,534,Low,Investigate Booking Conversion,"Demand exists, but no booking is matched to the current check-in demand."
4884347,0.3399033261131742,0.3399033261131742,0.3399033261131742,0.5098110534194105,22.0,22.0,2026-08-04 14:04:20,Phumaekmai Resort,4,0,,2026-08-04,24.18,Nakhon Sawan,LT,North,Unknown,Not Live,2243.0,0.0,1451.0,22.0,0.0,,,0.0,0.0,,0,0.015161957270847692,0.0,0.03,0.0,0,40,20.0,4.85,22.78,535,Low,Activate Ctrip,"Ctrip connectivity exists, but the hotel is not live."
183377,0.28829187943764145,0.32541393217454545,0.28829187943764145,0.5078113862882911,202.0,27.0,2026-08-04 23:33:09,The Ikon Apartment,134,0,,2026-08-06,34.45,Lop Buri,KA,Lower Isan - Central,Mapped,Mapped,995434.0,14.0,460.5,202.0,0.0,,,0.0,11.0,,0,0.4386536373507057,0.0,15.37,0.47,100,100,100.0,14.72,22.77,536,Low,Investigate Booking Conversion,"Demand exists, but no booking is matched to the current check-in demand."
2006288,0.4942082910563948,0.4942082910563948,0.4942082910563948,0.531443842409687,38.0,38.0,2026-08-04 15:52:08,Be My Guest Ubon Ratchathani,3,0,,2026-08-04,30.69,Ubon Ratchathani,LT,Lower Isan - Central,Not Mapped,Mapped,30207.0,12.0,787.5,38.0,0.0,,,0.0,0.0,,0,0.04825396825396826,0.0,0.47,0.4,0,100,50.0,6.49,22.77,537,Low,Map Hotel to Agoda,"Demand exists, but hotel-level mapping is missing on Agoda."
4854,0.4204530681415849,0.4363149280026911,0.4204530681415849,0.5083470064476667,639.0,220.0,2026-08-04 18:49:41,Maple Hotel,19,2,2026-08-04 08:30:09,2026-08-05,28.98,Bangkok,LT,BKK - Metro - Chon,Mapped,Not Mapped,163359.0,92.0,2851.0,639.0,0.0,,,0.0,4.0,,0,0.2241318835496317,0.0,2.52,3.1,100,0,50.0,7.99,22.77,538,Low,Investigate Booking Conversion,"Demand exists, but no booking is matched to the current check-in demand."
4921347,0.45968122387968935,0.4604664783024036,0.45968122387968935,0.5172754232195825,11.0,6.0,2026-08-04 00:03:17,S. Sriracha Hotel and Residence,2,0,,2026-08-12,28.93,Sriracha,LT,BKK - Metro - Chon,Mapped,Unknown,204951.0,43.0,752.0,11.0,0.0,0.0397178835065516,0.1695849705995506,2.0,24.0,,0,0.014627659574468085,0.0,3.17,1.45,100,0,50.0,7.81,22.75,539,Low,Investigate Booking Conversion,"Demand exists, but no booking is matched to the current check-in demand."
4977974,0.36730429349822236,0.3917985073455269,0.36730429349822236,0.5113244629323535,154.0,103.0,2026-08-04 23:33:09,Holiday Inn Express Rayong Map Ta Phut,26,3,2026-08-04 23:03:24,2026-08-06,27.43,Rayong,KA,Upper Isan - East,Mapped,Mapped,1407589.0,241.0,1716.0,154.0,0.0,0.1449742213203459,0.1449742213203459,1.0,1.0,,0,0.08974358974358974,0.0,21.74,8.12,100,100,100.0,18.79,22.74,540,Low,Investigate Booking Conversion,"Demand exists, but no booking is matched to the current check-in demand."
4920643,0.3396657514286857,0.400467346553844,0.3396657514286857,0.5083758938614501,571.0,180.0,2026-08-04 22:51:02,The Model Garden Hotel,85,5,2026-08-04 22:51:02,2026-08-05,31.98,Yasothon,KA,Lower Isan - Central,Mapped,Mapped,1048007.0,158.0,587.0,571.0,0.0,0.1511438909866805,0.167019421462097,10.0,11.0,,0,0.9727427597955707,0.0,16.19,5.32,100,100,100.0,16.09,22.72,541,Low,Investigate Booking Conversion,"Demand exists, but no booking is matched to the current check-in demand."
63668,0.38712855278422725,0.39196764373033416,0.38712855278422725,0.5088694192769192,335.0,174.0,2026-08-04 23:33:09,I Hotel Khonkaen,13,0,,2026-08-05,27.0,Khon Kaen,KA,Upper Isan - East,Mapped,Mapped,1483358.0,217.0,1025.5,335.0,0.0,,,0.0,0.0,,0,0.3266699171136031,0.0,22.91,7.31,100,100,100.0,19.05,22.71,542,Low,Investigate Booking Conversion,"Demand exists, but no booking is matched to the current check-in demand."
23574,0.3595449504006853,0.3968133265469634,0.3595449504006853,0.5093708325065197,731.0,399.0,2026-08-04 23:03:24,Sabai Hotel Korat,60,3,2026-08-04 20:33:04,2026-08-04,30.48,Nakhonratchasima,KA,Lower Isan - Central,Mapped,Not Mapped,102219.0,5.0,1319.0,731.0,0.0,0.0850089853609561,0.1117991827778501,4.0,6.0,,0,0.55420773313116,0.0,1.58,0.17,100,0,50.0,6.94,22.71,543,Low,Investigate Booking Conversion,"Demand exists, but no booking is matched to the current check-in demand."
22359,0.37276705353275297,0.3974086357208759,0.37276705353275297,0.5186326469213404,264.0,100.0,2026-08-04 22:18:28,Le Cassia Hotel,21,0,,2026-08-10,27.35,Khon Kaen,KA,Upper Isan - East,Mapped,Mapped,1242034.0,354.0,1122.0,264.0,0.0,0.0420667805513183,0.04936621606203895,2.0,18.0,0.4652,2,0.23529411764705882,0.0,19.18,11.92,100,100,100.0,18.64,22.71,544,Low,Review Agoda Rate Competitiveness,Agoda reports a price disadvantage; 0% is cheapest.
43887,0.46237894652096534,0.47265606783637815,0.46237894652096534,0.504915496419458,5000.0,1929.0,2026-08-04 19:05:32,Suansin Lanna Hotel,35,7,2026-08-04 18:36:27,2026-08-04,33.43,Tak,KA,North,Mapped,Mapped,948349.0,121.0,534.0,5000.0,0.0,,,0.0,0.0,,0,9.363295880149813,0.0,14.65,4.08,100,100,100.0,15.24,22.7,545,Low,Investigate Booking Conversion,"Demand exists, but no booking is matched to the current check-in demand."
4740,0.40654870227578144,0.44667622071737856,0.40654870227578144,0.5073412639008377,1798.0,472.0,2026-08-04 23:33:09,Phakawan Hotel,42,6,2026-08-04 18:06:03,2026-08-04,30.94,Maha Sarakham,LT,Upper Isan - East,Mapped,Not Mapped,57869.0,6.0,274.0,1798.0,0.0,,,0.0,1.0,,0,6.562043795620438,0.0,0.89,0.2,100,0,50.0,6.69,22.7,546,Low,Investigate Booking Conversion,"Demand exists, but no booking is matched to the current check-in demand."
620,0.31797647333705775,0.32074386722221093,0.31797647333705775,0.5138467823427624,16.0,12.0,2026-08-04 16:21:17,Duangtawan Hotel Chiang Mai,8,0,,2026-08-18,23.76,Chiang Mai,LT,North,Unknown,Not Live,11322.0,0.0,896.0,16.0,0.0,,,0.0,8.0,,0,0.017857142857142856,0.0,0.17,0.0,0,40,20.0,4.84,22.68,547,Low,Activate Ctrip,"Ctrip connectivity exists, but the hotel is not live."
63421,0.35881980180618434,0.3849230994398354,0.35881980180618434,0.5088577963573299,693.0,380.0,2026-08-04 23:33:09,Nartsiri Hotel,47,4,2026-08-04 23:33:09,2026-08-05,29.2,Ubon Ratchathani,KA,Lower Isan - Central,Mapped,Mapped,997756.0,406.0,1555.5,693.0,0.0,,,0.0,6.0,,0,0.4455159112825458,0.0,15.41,13.67,100,100,100.0,17.65,22.67,548,Low,Investigate Booking Conversion,"Demand exists, but no booking is matched to the current check-in demand."
5102401,0.3169304488053221,0.3169304488053221,0.3169304488053221,0.5168498139827488,7.0,7.0,2026-08-04 19:05:32,Chorbnorn Hotel,7,0,,2026-08-04,23.68,Lampang,LT,North,Not Live,Unknown,7645.0,0.0,941.0,7.0,0.0,,,0.0,0.0,,0,0.007438894792773645,0.0,0.12,0.0,40,0,20.0,4.8,22.67,549,Low,Activate Agoda,"Agoda connectivity exists, but the hotel is not live."
4851257,0.3452506121731254,0.3758644253892811,0.3452506121731254,0.5138698545348171,57.0,25.0,2026-08-04 22:34:47,Hotel Kuretakeso Thailand Sriracha,18,0,,2026-08-09,25.81,Sriracha,KA,BKK - Metro - Chon,Mapped,Unknown,407172.0,125.0,2288.0,57.0,1.0,,,0.0,0.0,0.4685,4,0.024912587412587412,0.017543859649122806,6.29,4.21,100,0,50.0,9.57,22.67,550,Low,Review Agoda Rate Competitiveness,Agoda reports a price disadvantage; 0% is cheapest.
182859,0.4704344487795094,0.4704344487795094,0.4704344487795094,0.5297998531557844,34.0,34.0,2026-08-04 18:49:41,Chuanthanapanya Resort Sawangdaendin,5,0,,2026-08-04,29.9,Sakon Nakhon,LT,Upper Isan - East,Mapped,Not Mapped,104662.0,0.0,412.5,34.0,0.0,,,0.0,0.0,,0,0.08242424242424243,0.0,1.62,0.0,100,0,50.0,6.79,22.66,551,Low,Investigate Booking Conversion,"Demand exists, but no booking is matched to the current check-in demand."
65655,0.43649626244238926,0.46517332038788484,0.43649626244238926,0.4986545186972071,3705.0,1078.0,2026-08-04 23:33:09,Tai Shan Suites,28,8,2026-08-04 23:33:09,2026-08-09,31.21,Ratchaburi,KA,Lower South - West,Mapped,Mapped,929930.0,312.0,715.0,3705.0,0.0,,,0.0,0.0,,0,5.181818181818182,0.0,14.36,10.51,100,100,100.0,16.58,22.64,552,Low,Investigate Booking Conversion,"Demand exists, but no booking is matched to the current check-in demand."
5101959,0.3447138048752394,0.3981872839084844,0.3447138048752394,0.5094015131676755,1065.0,233.0,2026-08-04 19:05:32,Tassana Place Boutique Hotel,187,0,,2026-08-05,42.03,Chonburi,LT,BKK - Metro - Chon,Mapped,Mapped,113875.0,58.0,2288.0,1065.0,0.0,0.0234405208085735,0.025303519195434,10.0,160.0,,0,0.46547202797202797,0.0,1.76,1.95,100,100,100.0,9.87,22.64,553,Low,Investigate Booking Conversion,"Demand exists, but no booking is matched to the current check-in demand."
137919,0.34441559586788867,0.34848811823939035,0.34441559586788867,0.507410880615211,117.0,48.0,2026-08-04 23:18:39,Sang Villa Hotel Kantharalak,38,8,2026-08-04 18:06:03,2026-08-06,27.56,Si Sa Ket,KA,Lower Isan - Central,Not Mapped,Mapped,393751.0,0.0,245.5,117.0,0.0,,,0.0,0.0,,0,0.47657841140529533,0.0,6.08,0.0,0,100,50.0,8.55,22.62,554,Low,Map Hotel to Agoda,"Demand exists, but hotel-level mapping is missing on Agoda."
4884439,0.47038422373557653,0.48280136117306127,0.47038422373557653,0.5079899022530385,937.0,372.0,2026-08-04 23:33:09,Paradox Bangkok Sukhumvit,22,1,2026-08-04 22:18:28,2026-08-13,31.35,Bangkok,LT,BKK - Metro - Chon,Mapped,Unknown,0.0,0.0,1786.5,937.0,0.0,0.1810957337284283,0.1810957337284283,1.0,1.0,0.7415,5,0.5244892247411139,0.0,0.0,0.0,100,0,50.0,6.27,22.62,555,Low,Review Agoda Rate Competitiveness,Agoda reports a price disadvantage; 0% is cheapest.
5102444,0.29766258214944924,0.3141828100195303,0.29766258214944924,0.5114563025050429,16.0,8.0,2026-08-04 18:49:41,Sandbox Hotel,16,0,,2026-08-04,23.66,Nakhon Si Thammarat,LT,Lower South - West,Not Live,Unknown,7406.0,0.0,799.5,16.0,0.0,,,0.0,2.0,0.0511,1,0.020012507817385866,0.0,0.11,0.0,40,0,20.0,4.79,22.61,556,Low,Activate Agoda,"Agoda connectivity exists, but the hotel is not live."
183668,0.3918076139860185,0.4337098584273324,0.3918076139860185,0.5351613858246335,293.0,61.0,2026-08-04 23:33:09,North Inn Town Hotel,79,2,2026-08-04 19:05:32,2026-08-09,33.95,Chiang Mai,KA,North,Mapped,Mapped,867306.0,65.0,1475.5,293.0,0.0,0.0228397618872808,0.0390923683955185,2.0,18.0,,0,0.19857675364283295,0.0,13.39,2.19,100,100,100.0,14.14,22.61,557,Low,Investigate Booking Conversion,"Demand exists, but no booking is matched to the current check-in demand."
43827,0.3647206473088256,0.41152714076799723,0.3647206473088256,0.5072314419209523,1116.0,599.0,2026-08-04 23:33:09,Buri Sriphu Hotel,65,7,2026-08-04 23:33:09,2026-08-08,31.23,Hatyai,KA,Lower South - West,Mapped,Mapped,1005590.0,228.0,662.0,1116.0,0.0,,,0.0,8.0,,0,1.6858006042296072,0.0,15.53,7.68,100,100,100.0,16.31,22.6,558,Low,Investigate Booking Conversion,"Demand exists, but no booking is matched to the current check-in demand."
63739,0.4241365990604473,0.45092218866927125,0.4241365990604473,0.50713959851824,1083.0,785.0,2026-08-04 19:05:32,Tonwa Resort,19,5,2026-08-04 12:51:31,2026-08-08,29.24,Khon Kaen,KA,Upper Isan - East,Mapped,Mapped,1257713.0,193.0,724.5,1083.0,2.0,0.4145218371729007,0.4148671184302146,2.0,20.0,0.0299,2,1.494824016563147,0.0018467220683287165,19.42,6.5,100,100,100.0,17.51,22.6,559,Low,Review Agoda Rate Competitiveness,Agoda reports a price disadvantage; 0% is cheapest.
183008,0.4311023863762946,0.451394347986606,0.4311023863762946,0.5132783847323561,325.0,208.0,2026-08-04 21:34:17,Southgate Residence Hotel Chumphon,16,1,2026-08-04 17:52:50,2026-08-04,29.13,Chumphon,KA,Upper South,Mapped,Mapped,1338745.0,126.0,847.5,325.0,0.0,,,0.0,0.0,,0,0.3834808259587021,0.0,20.68,4.24,100,100,100.0,17.44,22.59,560,Low,Investigate Booking Conversion,"Demand exists, but no booking is matched to the current check-in demand."
63591,0.4189125359713601,0.4189125359713601,0.4189125359713601,0.5109913687314291,98.0,98.0,2026-08-04 03:15:05,The Resort Kabinburi,6,1,2026-08-04 01:30:42,2026-08-04,27.57,Prachin Buri,KA,Upper Isan - East,Mapped,Unknown,223142.0,111.0,257.0,98.0,0.0,,,0.0,0.0,,0,0.38132295719844356,0.0,3.45,3.74,100,0,50.0,8.36,22.56,561,Low,Investigate Booking Conversion,"Demand exists, but no booking is matched to the current check-in demand."
180998,0.3682690765535009,0.3821032707500933,0.3682690765535009,0.504667737190568,475.0,153.0,2026-08-04 22:03:21,Ratana Hotel Rassada,31,4,2026-08-04 22:03:21,2026-08-05,27.91,Phuket,LT,Upper South,Mapped,Not Mapped,335764.0,7.0,1544.0,475.0,0.0,0.6285667704629222,0.6397538320549165,4.0,26.0,,0,0.3076424870466321,0.0,5.19,0.24,100,0,50.0,8.25,22.54,562,Low,Investigate Booking Conversion,"Demand exists, but no booking is matched to the current check-in demand."
4920471,0.32226359530446735,0.3647219074929591,0.32226359530446735,0.506949923125156,149.0,127.0,2026-08-04 18:06:03,Niyom STN Hotel Udon Thani,30,3,2026-08-04 17:52:50,2026-08-04,25.92,Udon Thani,KA,Upper Isan - East,Mapped,Mapped,1815003.0,19.0,1007.0,149.0,0.0,,,0.0,2.0,,0,0.14796425024826215,0.0,28.03,0.64,100,100,100.0,19.39,22.54,563,Low,Monitor,No immediate distribution issue requires action.
4932294,0.4729895484776636,0.502621915794373,0.4729895484776636,0.5104571548162726,278.0,197.0,2026-08-04 18:06:03,The Grace Kokudom Mansion,5,1,2026-08-04 16:21:17,2026-08-05,29.69,Prachin Buri,KA,Upper Isan - East,Mapped,Not Mapped,131042.0,10.0,398.5,278.0,0.0,,,0.0,0.0,,0,0.6976160602258469,0.0,2.02,0.34,100,0,50.0,7.05,22.54,564,Low,Investigate Booking Conversion,"Demand exists, but no booking is matched to the current check-in demand."
2010931,0.3673126705102366,0.4171186347212628,0.3673126705102366,0.5096281752407923,94.0,51.0,2026-08-04 20:33:04,ZLEEP D Hotel,11,1,2026-08-04 18:49:41,2026-08-04,25.96,Udon Thani,KA,Upper Isan - East,Mapped,Not Mapped,427826.0,77.0,950.0,94.0,0.0,0.1355555206773001,0.1394020902771081,2.0,2.0,0.0286,1,0.09894736842105263,0.0,6.61,2.59,100,0,50.0,9.27,22.52,565,Low,Review Agoda Rate Competitiveness,Agoda reports a price disadvantage; 0% is cheapest.
183207,0.39566388802203034,0.4112234127051566,0.39566388802203034,0.5111135741250223,2375.0,308.0,2026-08-04 16:21:17,PakChong Phubade Hotel,44,6,2026-08-04 16:21:17,2026-08-06,30.94,Khaoyai,LT,Lower Isan - Central,Mapped,Unknown,1495.0,0.0,1319.0,2375.0,0.0,,,0.0,8.0,,0,1.800606520090978,0.0,0.02,0.0,100,0,50.0,6.2,22.49,566,Low,Investigate Booking Conversion,"Demand exists, but no booking is matched to the current check-in demand."
421,0.3813446414254641,0.3946195881915234,0.3813446414254641,0.5106087764671845,1184.0,185.0,2026-08-04 19:05:32,FuramaXclusive Sukhumvit Soi 1,42,0,,2026-08-18,29.81,Bangkok,KA,BKK - Metro - Chon,Mapped,Not Live,305863.0,248.0,1984.5,1184.0,0.0,,,0.0,35.0,,0,0.5966238347190728,0.0,4.72,8.35,100,40,70.0,10.83,22.46,567,Low,Investigate Booking Conversion,"Demand exists, but no booking is matched to the current check-in demand."
4915666,0.3098257751994873,0.3098257751994873,0.3098257751994873,0.5179463684428355,3.0,3.0,2026-08-04 17:52:50,Parima Hotel,3,0,,2026-08-04,23.04,Trang,LT,Upper South,Unknown,Not Live,17720.0,0.0,623.0,3.0,0.0,,,0.0,0.0,,0,0.004815409309791332,0.0,0.27,0.0,0,40,20.0,4.74,22.46,568,Low,Activate Ctrip,"Ctrip connectivity exists, but the hotel is not live."
43577,0.41911022370168294,0.4480064704861663,0.41911022370168294,0.5080624515009269,1270.0,566.0,2026-08-04 18:36:27,Nim See Seng Hotel,27,6,2026-08-04 18:21:46,2026-08-04,29.87,Chiang Mai,KA,North,Mapped,Not Mapped,101354.0,5.0,1475.5,1270.0,0.0,0.1599404251927994,0.1599404251927994,1.0,7.0,,0,0.8607251779057946,0.0,1.57,0.17,100,0,50.0,6.81,22.45,569,Low,Investigate Booking Conversion,"Demand exists, but no booking is matched to the current check-in demand."
4850501,0.4259462858325605,0.44478666195051875,0.4259462858325605,0.5086960963687851,3697.0,1320.0,2026-08-04 23:33:09,Creston Grand,24,5,2026-08-04 22:18:28,2026-08-08,30.61,Suphan Buri,LT,Lower Isan - Central,Mapped,Unknown,18221.0,10.0,385.0,3697.0,0.0,,,0.0,0.0,,0,9.602597402597402,0.0,0.28,0.34,100,0,50.0,6.36,22.45,570,Low,Investigate Booking Conversion,"Demand exists, but no booking is matched to the current check-in demand."
183560,0.3974494442451784,0.3995541920934826,0.3974494442451784,0.5162236268672687,107.0,20.0,2026-08-04 12:51:31,Kantary Hotel Amata Bangpakong,24,0,,2026-08-26,28.53,Chonburi,LT,BKK - Metro - Chon,Mapped,Not Mapped,198569.0,18.0,64.0,107.0,0.0,,,0.0,12.0,,0,1.671875,0.0,3.07,0.61,100,0,50.0,7.42,22.43,571,Low,Investigate Booking Conversion,"Demand exists, but no booking is matched to the current check-in demand."
4920896,0.3323762226942577,0.34630990621195606,0.3323762226942577,0.5083365204399066,89.0,63.0,2026-08-04 18:21:46,The Resort Hotel at Photharam,13,0,,2026-08-04,24.72,Ratchaburi,KA,Lower South - West,Mapped,Not Mapped,511031.0,93.0,715.0,89.0,0.0,,,0.0,0.0,,0,0.12447552447552447,0.0,7.89,3.13,100,0,50.0,9.83,22.41,572,Low,Expand to Ctrip,The hotel has demand but is not mapped on Ctrip.
2006010,0.44385363722557336,0.45058187369182967,0.44385363722557336,0.5155423356015935,1267.0,759.0,2026-08-04 18:21:46,The Xtreme Suites Hotel,16,0,,2026-08-05,29.97,Bangkok,LT,BKK - Metro - Chon,Mapped,Not Mapped,56782.0,9.0,2851.0,1267.0,0.0,,,0.0,0.0,,0,0.44440547176429324,0.0,0.88,0.3,100,0,50.0,6.52,22.41,573,Low,Investigate Booking Conversion,"Demand exists, but no booking is matched to the current check-in demand."
347,0.35864430053306723,0.38364417412004737,0.35864430053306723,0.5094916467464462,287.0,165.0,2026-08-04 21:48:56,Trinity Silom Hotel,16,0,,2026-08-22,26.14,Bangkok,KA,BKK - Metro - Chon,Mapped,Mapped,888102.0,678.0,73.5,287.0,0.0,,,0.0,18.0,,0,3.9047619047619047,0.0,13.72,22.84,100,100,100.0,18.94,22.41,574,Low,Investigate Booking Conversion,"Demand exists, but no booking is matched to the current check-in demand."
4543068,0.35669488564735646,0.37036066583917276,0.35669488564735646,0.5161820007127963,392.0,40.0,2026-08-04 23:33:09,Arista Hotel Ubon,122,0,,2026-08-08,36.27,Ubon Ratchathani,KA,Lower Isan - Central,Mapped,Mapped,592604.0,88.0,1555.5,392.0,0.0,0.14722822477963,0.1540588392696633,5.0,30.0,,0,0.25200900032144,0.0,9.15,2.96,100,100,100.0,12.72,22.4,575,Low,Investigate Booking Conversion,"Demand exists, but no booking is matched to the current check-in demand."
5039123,0.4177799978104913,0.4298772804672127,0.4177799978104913,0.5094451016958805,297.0,156.0,2026-08-04 23:33:09,Athena Glamping Khaoyai,24,2,2026-08-04 23:03:24,2026-08-09,29.27,Khaoyai,LT,Lower Isan - Central,Mapped,Unknown,118236.0,24.0,786.0,297.0,0.0,,,0.0,6.0,-0.0,1,0.37786259541984735,0.0,1.83,0.81,100,0,50.0,7.01,22.38,576,Low,Investigate Booking Conversion,"Demand exists, but no booking is matched to the current check-in demand."
65447,0.4044994781737687,0.43322174351722187,0.4044994781737687,0.511392762966473,1835.0,422.0,2026-08-04 05:44:15,Sugar Marina Resort Cliffhanger Aonang,39,4,2026-08-04 03:43:58,2026-08-13,30.66,Krabi,LT,Upper South,Mapped,Unknown,0.0,0.0,408.0,1835.0,0.0,,,0.0,19.0,,0,4.497549019607843,0.0,0.0,0.0,100,0,50.0,6.13,22.38,577,Low,Investigate Booking Conversion,"Demand exists, but no booking is matched to the current check-in demand."
138008,0.29632672574400293,0.29632672574400293,0.29632672574400293,0.5100646052186877,14.0,14.0,2026-08-04 18:49:41,Grand Flower Hotel,8,0,,2026-08-04,22.82,Phichit,LT,North,Not Mapped,Not Live,30856.0,4.0,178.0,14.0,0.0,,,0.0,0.0,,0,0.07865168539325842,0.0,0.48,0.13,0,40,20.0,4.84,22.37,578,Low,Map Hotel to Agoda,"Demand exists, but hotel-level mapping is missing on Agoda."
4884583,0.29063890959731564,0.29063890959731564,0.29063890959731564,0.5089882192746008,6.0,6.0,2026-08-04 09:17:17,Duanphen Resort,6,0,,2026-08-04,22.38,Udon Thani,LT,Upper Isan - East,Not Mapped,Not Live,82389.0,0.0,950.0,6.0,0.0,,,0.0,0.0,,0,0.00631578947368421,0.0,1.27,0.0,0,40,20.0,5.11,22.36,579,Low,Map Hotel to Agoda,"Demand exists, but hotel-level mapping is missing on Agoda."
4885096,0.2855843790381533,0.2855843790381533,0.2855843790381533,0.5070468190883924,3.0,3.0,2026-08-04 12:38:07,Icon Resort Phitsanulok,3,0,,2026-08-07,21.85,Phitsanulok,LT,North,Unknown,Not Live,137518.0,0.0,993.5,3.0,0.0,,,0.0,0.0,,0,0.003019627579265224,0.0,2.12,0.0,0,40,20.0,5.43,22.34,580,Low,Activate Ctrip,"Ctrip connectivity exists, but the hotel is not live."
2000301,0.38503160720475876,0.3964495771769572,0.38503160720475876,0.5101583683642251,401.0,212.0,2026-08-04 20:47:47,Viewplace Hotel & Residence Ladprao 130,16,0,,2026-08-16,27.24,Bangkok,KA,BKK - Metro - Chon,Mapped,Not Mapped,242906.0,80.0,2851.0,401.0,0.0,-0.0105704549165644,-0.0105704549165644,1.0,3.0,,0,0.1406524026657313,0.0,3.75,2.69,100,0,50.0,8.13,22.34,581,Low,Fix Internal Rate Parity,Our rate is more expensive than a comparable partner rate.
138076,0.3392377150772312,0.3822240191474934,0.3392377150772312,0.512737477536859,33.0,10.0,2026-08-04 23:18:39,The Rich Hotel Nakhonratchasima,25,0,,2026-08-06,26.2,Nakhonratchasima,KA,Lower Isan - Central,Not Live,Mapped,768606.0,151.0,1179.0,33.0,0.0,,,0.0,12.0,,0,0.027989821882951654,0.0,11.87,5.09,40,100,70.0,12.7,22.34,582,Low,Activate Agoda,"Agoda connectivity exists, but the hotel is not live."
21135,0.35975072065994623,0.3800454436129883,0.35975072065994623,0.5085369335043607,428.0,189.0,2026-08-04 15:52:08,Mida Hotel Ngamwongwan Nonthaburi,29,2,2026-08-04 13:52:08,2026-08-23,27.44,Nonthaburi,KA,BKK - Metro - Chon,Mapped,Mapped,797439.0,629.0,38.0,428.0,0.0,,,0.0,36.0,,0,11.263157894736842,0.0,12.32,21.19,100,100,100.0,18.0,22.32,583,Low,Investigate Booking Conversion,"Demand exists, but no booking is matched to the current check-in demand."
43605,0.3735034733976412,0.41903593201990147,0.3735034733976412,0.5138677476049047,227.0,121.0,2026-08-04 21:34:17,Soi 4 Service Residence,46,7,2026-08-04 18:06:03,2026-08-04,29.65,Suphan Buri,KA,Lower Isan - Central,Mapped,Mapped,1300079.0,59.0,385.0,227.0,0.0,,,0.0,3.0,,0,0.5896103896103896,0.0,20.08,1.99,100,100,100.0,16.57,22.32,584,Low,Investigate Booking Conversion,"Demand exists, but no booking is matched to the current check-in demand."
4884415,0.29708825024155755,0.29708825024155755,0.29708825024155755,0.5082202096620428,8.0,8.0,2026-08-04 21:34:17,Happy Home Klung,3,0,,2026-08-04,22.33,Chanthaburi,LT,Upper Isan - East,Not Mapped,Not Live,80467.0,0.0,1086.0,8.0,0.0,,,0.0,0.0,,0,0.007366482504604052,0.0,1.24,0.0,0,40,20.0,5.09,22.32,585,Low,Map Hotel to Agoda,"Demand exists, but hotel-level mapping is missing on Agoda."
5102068,0.4606731057437255,0.46355603381659805,0.4606731057437255,0.5192466994265416,788.0,482.0,2026-08-04 18:36:27,S77 Good View,8,0,,2026-08-05,29.81,Roi Et,LT,Lower Isan - Central,Mapped,Unknown,35820.0,11.0,659.0,788.0,0.0,,,0.0,0.0,,0,1.1957511380880121,0.0,0.55,0.37,100,0,50.0,6.35,22.31,586,Low,Investigate Booking Conversion,"Demand exists, but no booking is matched to the current check-in demand."
63576,0.3763056878630664,0.4122618182527805,0.3763056878630664,0.5102882585125679,45.0,31.0,2026-08-04 18:49:41,Maneerote Hotel Surin,9,0,,2026-08-07,26.12,Surin,KA,Lower Isan - Central,Mapped,Unknown,319524.0,104.0,423.0,45.0,0.0,,,0.0,0.0,,0,0.10638297872340426,0.0,4.93,3.5,100,0,50.0,8.74,22.31,587,Low,Investigate Booking Conversion,"Demand exists, but no booking is matched to the current check-in demand."
453,0.4566935522697462,0.4592529117710054,0.4566935522697462,0.5149670822297977,171.0,106.0,2026-08-04 14:04:20,Admiral Premier Bangkok,10,1,2026-08-04 12:38:07,2026-08-08,29.57,Bangkok,LT,BKK - Metro - Chon,Mapped,Not Mapped,48476.0,27.0,1786.5,171.0,0.0,,,0.0,0.0,,0,0.09571788413098237,0.0,0.75,0.91,100,0,50.0,6.56,22.3,588,Low,Investigate Booking Conversion,"Demand exists, but no booking is matched to the current check-in demand."
4664624,0.4292971867359586,0.42942279534817285,0.4292971867359586,0.5146450722173644,56.0,29.0,2026-08-04 19:05:32,House and Home Residence,12,0,,2026-08-15,28.62,Chiang Mai,LT,North,Mapped,Unknown,168654.0,7.0,600.0,56.0,0.0,,,0.0,12.0,,0,0.09333333333333334,0.0,2.6,0.24,100,0,50.0,7.1,22.28,589,Low,Investigate Booking Conversion,"Demand exists, but no booking is matched to the current check-in demand."
4885061,0.28210227649042025,0.28592357573843036,0.28210227649042025,0.5092692664352605,15.0,3.0,2026-08-04 18:21:46,Baan Kannika Nakhon Sawan,15,0,,2026-08-09,22.9,Nakhon Sawan,LT,North,Unknown,Not Live,3738.0,0.0,1095.0,15.0,0.0,,,0.0,0.0,,0,0.0136986301369863,0.0,0.06,0.0,0,40,20.0,4.61,22.27,590,Low,Activate Ctrip,"Ctrip connectivity exists, but the hotel is not live."
5102411,0.42921143208773077,0.47720388414837306,0.42921143208773077,0.5091303139193717,2415.0,756.0,2026-08-04 23:33:09,The Princess Beachfront Resort,23,3,2026-08-04 22:18:28,2026-08-07,30.27,Rayong,LT,Upper Isan - East,Mapped,Unknown,10739.0,6.0,1322.5,2415.0,0.0,,,0.0,0.0,0.01,2,1.826086956521739,0.0,0.17,0.2,100,0,50.0,6.2,22.27,591,Low,Review Agoda Rate Competitiveness,Agoda reports a price disadvantage; 0% is cheapest.
4884579,0.36379506638472986,0.3774203659571306,0.36379506638472986,0.5095618104772588,361.0,224.0,2026-08-04 19:05:32,Baan Chomphu Pakchong,8,1,2026-08-04 16:06:46,2026-08-05,25.61,Khaoyai,KA,Lower Isan - Central,Mapped,Not Mapped,483893.0,6.0,1319.0,361.0,0.0,,,0.0,0.0,,0,0.27369219105382864,0.0,7.47,0.2,100,0,50.0,8.92,22.24,592,Low,Expand to Ctrip,The hotel has demand but is not mapped on Ctrip.
5101714,0.40200510713735754,0.45066284998963513,0.40200510713735754,0.511981181690736,618.0,121.0,2026-08-04 23:33:09,G9 Hotel Kanchanaburi,46,4,2026-08-04 22:18:28,2026-08-05,30.87,Kanchanaburi,KA,Lower South - West,Mapped,Mapped,846635.0,296.0,762.0,618.0,0.0,,,0.0,4.0,,0,0.8110236220472441,0.0,13.08,9.97,100,100,100.0,15.71,22.23,593,Low,Investigate Booking Conversion,"Demand exists, but no booking is matched to the current check-in demand."
4915569,0.3538697991749591,0.3699845947579104,0.3538697991749591,0.5124173494590195,19.0,7.0,2026-08-04 20:47:47,Phet Resort Nakhon Thai,19,0,,2026-08-04,26.21,Phitsanulok,KA,North,Not Mapped,Mapped,418692.0,0.0,1163.0,19.0,0.0,,,0.0,12.0,,0,0.01633705932932072,0.0,6.47,0.0,0,100,50.0,8.48,22.23,594,Low,Map Hotel to Agoda,"Demand exists, but hotel-level mapping is missing on Agoda."
181002,0.2835125688732093,0.3666025511410381,0.2835125688732093,0.5064981196468832,66.0,36.0,2026-08-04 20:47:47,The Win Hotel Bang Saphan,36,1,2026-08-04 19:05:32,2026-08-04,24.9,Prachuapkhirikhan,KA,Lower South - West,Not Mapped,Mapped,556392.0,9.0,531.0,66.0,0.0,,,0.0,25.0,,0,0.12429378531073447,0.0,8.59,0.3,0,100,50.0,9.36,22.22,595,Low,Map Hotel to Agoda,"Demand exists, but hotel-level mapping is missing on Agoda."
4525878,0.42866410521175147,0.441453449560314,0.42866410521175147,0.5119285320594401,933.0,255.0,2026-08-04 23:33:09,Rangsiya Boutique Hotel,39,5,2026-08-04 22:03:21,2026-08-05,31.37,Chanthaburi,KA,Upper Isan - East,Mapped,Mapped,676446.0,382.0,1086.0,933.0,0.0,,,0.0,0.0,,0,0.8591160220994475,0.0,10.45,12.87,100,100,100.0,15.36,22.21,596,Low,Investigate Booking Conversion,"Demand exists, but no booking is matched to the current check-in demand."
4921090,0.38691820284294487,0.4141799734132775,0.38691820284294487,0.5086255359506885,1569.0,318.0,2026-08-04 21:48:56,AT Apartment,44,0,,2026-08-15,30.3,Hatyai,KA,Lower South - West,Mapped,Mapped,1143392.0,116.0,1894.0,1569.0,0.0,0.0122861774187828,0.0122861774187828,1.0,10.0,0.2679,5,0.8284054910242872,0.0,17.66,3.91,100,100,100.0,16.06,22.21,597,Low,Review Agoda Rate Competitiveness,Agoda reports a price disadvantage; 0% is cheapest.
2006982,0.3996797567548466,0.42761453565143404,0.3996797567548466,0.5208902482405033,31.0,19.0,2026-08-04 11:51:06,Fahproudfon Hotel,4,0,,2026-08-04,26.79,Nakhonratchasima,KA,Lower Isan - Central,Mapped,Not Mapped,271819.0,44.0,1319.0,31.0,0.0,,,0.0,0.0,,0,0.02350265352539803,0.0,4.2,1.48,100,0,50.0,7.9,22.2,598,Low,Investigate Booking Conversion,"Demand exists, but no booking is matched to the current check-in demand."
5101041,0.3731928977074608,0.3731928977074608,0.3731928977074608,0.5384902319769654,8.0,8.0,2026-08-04 18:21:46,GOOD Nakhonsawan,6,0,,2026-08-04,26.27,Nakhon Sawan,KA,North,Not Live,Mapped,721136.0,104.0,1451.0,8.0,0.0,,,0.0,0.0,,0,0.005513439007580979,0.0,11.14,3.5,40,100,70.0,11.87,22.2,599,Low,Activate Agoda,"Agoda connectivity exists, but the hotel is not live."
5101080,0.344615642515972,0.36586296854046285,0.344615642515972,0.5107571035623076,236.0,45.0,2026-08-04 19:05:32,Phong Phana Villa Det Udom,40,0,,2026-08-04,27.86,Ubon Ratchathani,KA,Lower Isan - Central,Not Mapped,Mapped,209411.0,27.0,1063.0,236.0,0.0,,,0.0,8.0,,0,0.22201317027281278,0.0,3.23,0.91,0,100,50.0,7.46,22.2,600,Low,Map Hotel to Agoda,"Demand exists, but hotel-level mapping is missing on Agoda."
5101579,0.35402306306560244,0.36871245116965395,0.35402306306560244,0.5062881722656422,161.0,78.0,2026-08-04 22:34:47,NA Care Hotel Chaiyaphum,20,0,,2026-08-05,26.23,Chaiyaphum,KA,Upper Isan - East,Mapped,Unknown,389969.0,27.0,421.0,161.0,0.0,0.0723258428192563,0.0723258428192563,1.0,2.0,,0,0.3824228028503563,0.0,6.02,0.91,100,0,50.0,8.53,22.2,601,Low,Investigate Booking Conversion,"Demand exists, but no booking is matched to the current check-in demand."
23191,0.2996518567668319,0.2996518567668319,0.2996518567668319,0.506675611708559,4.0,4.0,2026-08-04 14:04:20,Crystal Suites Suvarnabhumi Airport,2,0,,2026-08-22,22.31,Bangkok,LT,BKK - Metro - Chon,Unknown,Not Live,51393.0,0.0,42.0,4.0,0.0,,,0.0,3.0,,0,0.09523809523809523,0.0,0.79,0.0,0,40,20.0,4.86,22.19,602,Low,Activate Ctrip,"Ctrip connectivity exists, but the hotel is not live."
65662,0.3692119955792295,0.3999146524116242,0.3692119955792295,0.5091854874331938,855.0,161.0,2026-08-04 23:18:39,Pen Ta Hug,95,3,2026-08-04 09:02:00,2026-08-07,34.22,Ubon Ratchathani,KA,Lower Isan - Central,Mapped,Mapped,848162.0,25.0,1555.5,855.0,0.0,0.0198270373484428,0.0382758687154149,5.0,10.0,,0,0.549662487945998,0.0,13.1,0.84,100,100,100.0,13.65,22.18,603,Low,Investigate Booking Conversion,"Demand exists, but no booking is matched to the current check-in demand."
4860206,0.36820416693378066,0.37722578976823967,0.36820416693378066,0.5217964549824654,16.0,4.0,2026-08-04 16:21:17,Midtown Sukhothai Resort,16,0,,2026-08-12,26.69,Sukhothai,KA,North,Mapped,Not Mapped,312882.0,14.0,222.0,16.0,0.0,,,0.0,6.0,,0,0.07207207207207207,0.0,4.83,0.47,100,0,50.0,7.89,22.17,604,Low,Investigate Booking Conversion,"Demand exists, but no booking is matched to the current check-in demand."
4921008,0.2799487675086177,0.2799487675086177,0.2799487675086177,0.506675611708559,6.0,6.0,2026-08-04 19:05:32,Morakot Resort Phatthana Nikhom,6,0,,2026-08-30,21.9,Lop Buri,LT,Lower Isan - Central,Not Mapped,Not Live,77029.0,7.0,18.0,6.0,0.0,,,0.0,3.0,,0,0.3333333333333333,0.0,1.19,0.24,0,40,20.0,5.05,22.16,605,Low,Map Hotel to Agoda,"Demand exists, but hotel-level mapping is missing on Agoda."
63735,0.3739582846086787,0.37743088937689634,0.3739582846086787,0.5168958074432106,54.0,33.0,2026-08-04 18:21:46,Raya Grand Hotel,6,0,,2026-08-05,25.88,Nakhonratchasima,KA,Lower Isan - Central,Mapped,Mapped,1140219.0,439.0,1319.0,54.0,0.0,,,0.0,0.0,,0,0.04094010614101592,0.0,17.61,14.79,100,100,100.0,18.42,22.14,606,Low,Monitor,No immediate distribution issue requires action.
181457,0.2842321756008766,0.2842321756008766,0.2842321756008766,0.506675611708559,3.0,3.0,2026-08-04 14:04:20,The Rabbit House,3,0,,2026-08-11,21.79,Kanchanaburi,LT,Lower South - West,Not Mapped,Not Live,93330.0,0.0,4.0,3.0,0.0,,,0.0,2.0,,0,0.75,0.0,1.44,0.0,0,40,20.0,5.08,22.14,607,Low,Map Hotel to Agoda,"Demand exists, but hotel-level mapping is missing on Agoda."
4921032,0.34485841448445875,0.44206693654640433,0.34485841448445875,0.5089796255051511,234.0,69.0,2026-08-04 23:33:09,The Pride Hotel Phitsanulok,27,0,,2026-08-13,26.6,Phitsanulok,KA,North,Mapped,Mapped,1529593.0,100.0,993.5,234.0,1.0,0.1960336768920313,0.1960336768920313,1.0,38.0,0.2929,1,0.23553095118268746,0.004273504273504274,23.62,3.37,100,100,100.0,18.14,22.14,608,Low,Review Agoda Rate Competitiveness,Agoda reports a price disadvantage; 0% is cheapest.
5101760,0.46781781219445334,0.46781781219445334,0.46781781219445334,0.5164472619098509,163.0,163.0,2026-08-04 15:36:41,Baan Suan Krusert,3,1,2026-08-04 13:52:08,2026-08-11,29.38,Kanchanaburi,LT,Lower South - West,Mapped,Unknown,49316.0,5.0,4.0,163.0,0.0,,,0.0,3.0,,0,40.75,0.0,0.76,0.17,100,0,50.0,6.31,22.13,609,Low,Investigate Booking Conversion,"Demand exists, but no booking is matched to the current check-in demand."
181621,0.402526818853321,0.44144791944829465,0.402526818853321,0.5097675258391572,165.0,112.0,2026-08-04 23:33:09,Phavina Serviced Residence Rayong,19,1,2026-08-04 23:33:09,2026-08-05,28.15,Rayong,KA,Upper Isan - East,Mapped,Not Mapped,155693.0,34.0,1716.0,165.0,0.0,,,0.0,0.0,,0,0.09615384615384616,0.0,2.4,1.15,100,0,50.0,7.18,22.13,610,Low,Investigate Booking Conversion,"Demand exists, but no booking is matched to the current check-in demand."
4920622,0.3480108185862346,0.36370197075640187,0.3480108185862346,0.5055641202319584,67.0,46.0,2026-08-04 21:34:17,Laguna Grand Hotel & Spa Songkhla,8,0,,2026-08-23,24.81,Songkhla,KA,Lower South - West,Mapped,Unknown,377266.0,137.0,175.0,67.0,1.0,,,0.0,5.0,0.086,1,0.38285714285714284,0.014925373134328358,5.83,4.61,100,0,50.0,9.26,22.13,611,Low,Review Agoda Rate Competitiveness,Agoda reports a price disadvantage; 0% is cheapest.
23104,0.43488941458541225,0.48053657761242763,0.43488941458541225,0.510446050336911,151.0,113.0,2026-08-04 23:33:09,Magic House Hostel,12,1,2026-08-04 11:51:06,2026-08-04,28.79,Cha-am,LT,Lower South - West,Mapped,Not Mapped,51162.0,60.0,953.0,151.0,0.0,,,0.0,1.0,,0,0.1584470094438615,0.0,0.79,2.02,100,0,50.0,6.76,22.12,612,Low,Investigate Booking Conversion,"Demand exists, but no booking is matched to the current check-in demand."
152716,0.2897451577243566,0.2897451577243566,0.2897451577243566,0.506675611708559,24.0,12.0,2026-08-04 12:51:31,Freesia Guesthouse Suvarnabhumi,8,0,,2026-08-26,22.49,Samut Prakan,LT,BKK - Metro - Chon,Unknown,Not Live,14852.0,0.0,68.0,24.0,0.0,,,0.0,2.0,,0,0.35294117647058826,0.0,0.23,0.0,0,40,20.0,4.61,22.12,613,Low,Activate Ctrip,"Ctrip connectivity exists, but the hotel is not live."
474,0.45684518204974917,0.4600764400726497,0.45684518204974917,0.5089461451667144,741.0,298.0,2026-08-04 14:04:20,Admiral Suites Bangkok,15,3,2026-08-04 09:50:43,2026-08-08,30.1,Bangkok,KA,BKK - Metro - Chon,Mapped,Not Live,329837.0,140.0,1786.5,741.0,0.0,,,0.0,0.0,,0,0.4147774979009236,0.0,5.09,4.72,100,40,70.0,9.98,22.11,614,Low,Investigate Booking Conversion,"Demand exists, but no booking is matched to the current check-in demand."
4885125,0.3000517115795561,0.3000517115795561,0.3000517115795561,0.5064412567049859,4.0,4.0,2026-08-04 16:21:17,Phor Yai Pan Resort,4,0,,2026-08-04,22.51,Suphan Buri,LT,Lower Isan - Central,Unknown,Not Live,9056.0,0.0,385.0,4.0,0.0,,,0.0,0.0,,0,0.01038961038961039,0.0,0.14,0.0,0,40,20.0,4.57,22.1,615,Low,Activate Ctrip,"Ctrip connectivity exists, but the hotel is not live."
4543116,0.4014165903206696,0.4149436552180927,0.4014165903206696,0.5091878913065596,43.0,23.0,2026-08-04 12:51:31,Araya Hotel Uttaradit,7,1,2026-08-04 11:36:45,2026-08-07,26.92,Uttaradit,KA,North,Mapped,Mapped,1057062.0,426.0,112.0,43.0,0.0,,,0.0,0.0,,0,0.38392857142857145,0.0,16.33,14.35,100,100,100.0,17.85,22.09,616,Low,Investigate Booking Conversion,"Demand exists, but no booking is matched to the current check-in demand."
2000141,0.29028074023446065,0.29028074023446065,0.29028074023446065,0.5094178695061418,8.0,8.0,2026-08-04 16:21:17,Poonnagunn Mae Sot,4,0,,2026-08-06,22.18,Tak,LT,North,Unknown,Not Live,30886.0,0.0,523.5,8.0,0.0,,,0.0,0.0,,0,0.015281757402101241,0.0,0.48,0.0,0,40,20.0,4.68,22.09,617,Low,Activate Ctrip,"Ctrip connectivity exists, but the hotel is not live."
63824,0.4302356222186776,0.4302356222186776,0.4302356222186776,0.5105115340841541,351.0,351.0,2026-08-04 06:44:52,Happy Room Airport Chiangrai,5,1,2026-08-04 04:58:51,2026-08-11,28.0,Chiang Rai,KA,North,Mapped,Not Mapped,195963.0,3.0,67.0,351.0,0.0,,,0.0,2.0,,0,5.2388059701492535,0.0,3.03,0.1,100,0,50.0,7.14,22.08,618,Low,Investigate Booking Conversion,"Demand exists, but no booking is matched to the current check-in demand."
2012783,0.3557582658803617,0.39354855986114773,0.3557582658803617,0.5120047413636647,753.0,154.0,2026-08-04 23:33:09,Manonta Budget Hotel,38,0,,2026-08-05,28.3,Hatyai,KA,Lower South - West,Mapped,Mapped,486580.0,745.0,1894.0,753.0,2.0,0.1325874785736237,0.1325874785736237,1.0,6.0,0.4063,5,0.397571277719113,0.0026560424966799467,7.51,25.09,100,100,100.0,16.94,22.08,619,Low,Review Agoda Rate Competitiveness,Agoda reports a price disadvantage; 0% is cheapest.
2011095,0.39591895851068687,0.39870161063628506,0.39591895851068687,0.5133087699756692,74.0,29.0,2026-08-04 04:44:53,Janjao Hotel,24,0,,2026-08-05,28.4,Udon Thani,KA,Upper Isan - East,Mapped,Not Mapped,92512.0,46.0,1007.0,74.0,0.0,,,0.0,0.0,,0,0.07348560079443893,0.0,1.43,1.55,100,0,50.0,6.86,22.08,620,Low,Investigate Booking Conversion,"Demand exists, but no booking is matched to the current check-in demand."
4932707,0.42712973487934813,0.4313695189128938,0.42712973487934813,0.5100576053574821,679.0,310.0,2026-08-04 12:51:31,SILQ Hotel and Residence,22,4,2026-08-04 09:17:17,2026-08-08,29.58,Bangkok,LT,BKK - Metro - Chon,Mapped,Unknown,28040.0,5.0,1786.5,679.0,0.0,,,0.0,0.0,0.3717,3,0.3800727679820879,0.0,0.43,0.17,100,0,50.0,6.18,22.07,621,Low,Review Agoda Rate Competitiveness,Agoda reports a price disadvantage; 0% is cheapest.
4952933,0.37545853235561877,0.4031587463255658,0.37545853235561877,0.5091178072599687,209.0,76.0,2026-08-04 23:33:09,Mayflower Grande Suite Hotel Phitsanulok (Building2),40,3,2026-08-04 16:21:17,2026-08-08,29.06,Phitsanulok,LT,North,Mapped,Not Mapped,79828.0,9.0,1163.0,209.0,0.0,,,0.0,0.0,,0,0.17970765262252794,0.0,1.23,0.3,100,0,50.0,6.52,22.07,622,Low,Investigate Booking Conversion,"Demand exists, but no booking is matched to the current check-in demand."
864,0.42296002097621577,0.4365641225285175,0.42296002097621577,0.5103625607951013,477.0,266.0,2026-08-04 23:33:09,R-Mar Resort And Spa,28,7,2026-08-04 23:03:24,2026-08-12,29.92,Phuket,LT,Upper South,Mapped,Unknown,0.0,0.0,1481.0,477.0,0.0,,,0.0,19.0,,0,0.32207967589466574,0.0,0.0,0.0,100,0,50.0,5.98,22.07,623,Low,Investigate Booking Conversion,"Demand exists, but no booking is matched to the current check-in demand."
2135,0.386955226097358,0.46906993029787053,0.386955226097358,0.511128089870034,434.0,144.0,2026-08-04 19:05:32,Chaisaeng Palace Hotel,49,2,2026-08-04 17:52:50,2026-08-04,30.48,Sing Buri,KA,Lower Isan - Central,Mapped,Mapped,612640.0,475.0,270.0,434.0,0.0,,,0.0,8.0,,0,1.6074074074074074,0.0,9.46,16.0,100,100,100.0,15.63,22.07,624,Low,Investigate Booking Conversion,"Demand exists, but no booking is matched to the current check-in demand."
183062,0.3099214388024994,0.35242137288442865,0.3099214388024994,0.5068840408929173,81.0,14.0,2026-08-04 17:52:50,Laklada Hotel,45,0,,2026-08-29,26.82,Si Sa Ket,KA,Lower Isan - Central,Mapped,Mapped,1602953.0,14.0,245.5,81.0,0.0,,,0.0,4.0,,0,0.329938900203666,0.0,24.76,0.47,100,100,100.0,17.89,22.06,625,Low,Investigate Booking Conversion,"Demand exists, but no booking is matched to the current check-in demand."
63375,0.35318928194146204,0.43702949636910876,0.35318928194146204,0.5083899243072639,202.0,67.0,2026-08-04 22:34:47,Loei Village Hotel,40,0,,2026-08-04,28.15,Loei,KA,Upper Isan - East,Mapped,Mapped,1395234.0,64.0,377.0,202.0,0.0,0.1266309012403272,0.1439459405504243,5.0,18.0,,0,0.5358090185676393,0.0,21.55,2.16,100,100,100.0,17.05,22.06,626,Low,Investigate Booking Conversion,"Demand exists, but no booking is matched to the current check-in demand."
43856,0.36535593030669244,0.37550161037277996,0.36535593030669244,0.5070078724886505,223.0,102.0,2026-08-04 23:03:24,Grand Pruksasiri Saraburi,14,0,,2026-08-04,26.15,Saraburi,KA,Lower Isan - Central,Mapped,Not Live,880181.0,26.0,568.5,223.0,0.0,,,0.0,0.0,,0,0.3922603342128408,0.0,13.59,0.88,100,40,70.0,12.29,22.06,627,Low,Investigate Booking Conversion,"Demand exists, but no booking is matched to the current check-in demand."
21435,0.39872474643005473,0.4178191719015094,0.39872474643005473,0.5102026934086008,484.0,259.0,2026-08-04 23:03:24,Dara Hotel Phuket,18,3,2026-08-04 23:03:24,2026-08-06,28.01,Phuket,KA,Upper South,Mapped,Mapped,1180098.0,237.0,1542.0,484.0,0.0,,,0.0,12.0,0.1194,2,0.3138780804150454,0.0,18.23,7.98,100,100,100.0,17.11,22.06,628,Low,Review Agoda Rate Competitiveness,Agoda reports a price disadvantage; 0% is cheapest.
4884383,0.28435421449138787,0.294281934960801,0.28435421449138787,0.5077645272414317,5.0,3.0,2026-08-04 11:51:06,Jutamas Place Phrae,4,0,,2026-08-22,21.91,Phrae,LT,North,Not Mapped,Not Live,53556.0,0.0,6.0,5.0,0.0,,,0.0,4.0,,0,0.8333333333333334,0.0,0.83,0.0,0,40,20.0,4.8,22.05,629,Low,Map Hotel to Agoda,"Demand exists, but hotel-level mapping is missing on Agoda."
4920363,0.4002676077238467,0.4320345375292777,0.4002676077238467,0.5099897671302204,688.0,212.0,2026-08-04 22:34:47,Hotel MOCO Udon Thani,45,6,2026-08-04 22:34:47,2026-08-29,30.69,Udon Thani,KA,Upper Isan - East,Mapped,Mapped,815152.0,301.0,1007.0,688.0,2.0,,,0.0,17.0,,0,0.6832174776564052,0.0029069767441860465,12.59,10.14,100,100,100.0,15.48,22.04,630,Low,Monitor,No immediate distribution issue requires action.
4885131,0.28467387792195387,0.28467387792195387,0.28467387792195387,0.5068799687527383,9.0,9.0,2026-08-04 14:04:20,Suanpalm Resort Na Chaluai,9,0,,2026-08-04,22.38,Ubon Ratchathani,LT,Lower Isan - Central,Unknown,Not Live,3726.0,0.0,787.5,9.0,0.0,,,0.0,0.0,,0,0.011428571428571429,0.0,0.06,0.0,0,40,20.0,4.51,22.04,631,Low,Activate Ctrip,"Ctrip connectivity exists, but the hotel is not live."
4922577,0.2940495206777519,0.3431432849853721,0.2940495206777519,0.5065685627849272,141.0,13.0,2026-08-04 23:33:09,Sherlyn Hotel&Cafe,121,0,,2026-08-04,33.41,Ubon Ratchathani,KA,Lower Isan - Central,Mapped,Mapped,710817.0,168.0,1555.5,141.0,0.0,,,0.0,77.0,,0,0.09064609450337512,0.0,10.98,5.66,100,100,100.0,13.87,22.02,632,Low,Investigate Booking Conversion,"Demand exists, but no booking is matched to the current check-in demand."
4914107,0.2945652548007184,0.2945652548007184,0.2945652548007184,0.5055002109014598,2.0,2.0,2026-08-04 11:51:06,Muenlee Resort Dankhunthot,2,0,,2026-08-04,22.08,Nakhonratchasima,LT,Lower Isan - Central,Not Mapped,Not Live,34412.0,1.0,1319.0,2.0,0.0,,,0.0,0.0,,0,0.001516300227445034,0.0,0.53,0.03,0,40,20.0,4.69,22.02,633,Low,Map Hotel to Agoda,"Demand exists, but hotel-level mapping is missing on Agoda."
2000186,0.4342620797364467,0.4342620797364467,0.4342620797364467,0.4913796728733996,446.0,446.0,2026-08-04 16:21:17,Patikom Apartment,4,2,2026-08-04 16:21:17,2026-08-04,27.71,Chachoengsao,KA,Upper Isan - East,Mapped,Not Mapped,125296.0,104.0,831.5,446.0,0.0,,,0.0,0.0,,0,0.5363800360793747,0.0,1.94,3.5,100,0,50.0,7.56,22.01,634,Low,Investigate Booking Conversion,"Demand exists, but no booking is matched to the current check-in demand."
4252831,0.40246635295137545,0.4351385211682148,0.40246635295137545,0.5199571776703185,108.0,62.0,2026-08-04 10:02:48,48 Ville Donmuang Airport,5,1,2026-08-04 09:17:17,2026-08-15,27.0,Bangkok,KA,BKK - Metro - Chon,Mapped,Unknown,160471.0,77.0,1723.0,108.0,0.0,,,0.0,9.0,0.5485,2,0.06268136970400465,0.0,2.48,2.59,100,0,50.0,7.42,22.01,635,Low,Review Agoda Rate Competitiveness,Agoda reports a price disadvantage; 0% is cheapest.
5101524,0.3213336755328322,0.32158908014332355,0.3213336755328322,0.5241905572984112,14.0,10.0,2026-08-04 22:03:21,HOTEL De ONE DEE,9,0,,2026-08-06,24.19,Phayao,KA,North,Mapped,Unknown,457268.0,62.0,478.5,14.0,0.0,,,0.0,0.0,,0,0.029258098223615466,0.0,7.06,2.09,100,0,50.0,9.0,22.0,636,Low,Monitor,No immediate distribution issue requires action.
2010777,0.3597969504135869,0.3643377888754864,0.3597969504135869,0.5159888115988304,224.0,75.0,2026-08-04 23:33:09,Green 2 Resort,16,0,,2026-08-05,26.3,Chanthaburi,KA,Upper Isan - East,Mapped,Not Mapped,206198.0,104.0,411.0,224.0,0.0,,,0.0,0.0,,0,0.5450121654501217,0.0,3.18,3.5,100,0,50.0,7.9,22.0,637,Low,Investigate Booking Conversion,"Demand exists, but no booking is matched to the current check-in demand."
2005576,0.35497085619517543,0.43592467469044166,0.35497085619517543,0.5347928327720476,62.0,24.0,2026-08-04 20:47:47,Wangpla Villa Resort,32,0,,2026-08-05,27.95,Nakhon Sawan,LT,North,Unknown,Mapped,88459.0,26.0,1451.0,62.0,0.0,,,0.0,0.0,,0,0.042729152308752585,0.0,1.37,0.88,0,100,50.0,6.54,22.0,638,Low,Investigate Booking Conversion,"Demand exists, but no booking is matched to the current check-in demand."
2005327,0.35557083739179646,0.39413138876672216,0.35557083739179646,0.5098191387699494,823.0,275.0,2026-08-04 19:05:32,Ban Suan Pharwalai,26,3,2026-08-04 18:21:46,2026-08-06,27.13,Nakhonratchasima,KA,Lower Isan - Central,Mapped,Unknown,260182.0,6.0,1319.0,823.0,0.0,,,0.0,5.0,,0,0.6239575435936315,0.0,4.02,0.2,100,0,50.0,7.5,21.99,639,Low,Investigate Booking Conversion,"Demand exists, but no booking is matched to the current check-in demand."
4606457,0.43590375133563825,0.4386106317728622,0.43590375133563825,0.5122988571771412,288.0,83.0,2026-08-04 12:51:31,Hotel Gahn Khaolak,16,4,2026-08-04 11:36:45,2026-08-06,29.29,Khaolak,LT,Upper South,Mapped,Not Mapped,38939.0,0.0,866.0,288.0,0.0,,,0.0,0.0,,0,0.3325635103926097,0.0,0.6,0.0,100,0,50.0,6.16,21.99,640,Low,Investigate Booking Conversion,"Demand exists, but no booking is matched to the current check-in demand."
476,0.4639214369002487,0.4649147269094081,0.4639214369002487,0.4986202009778857,268.0,254.0,2026-08-04 23:33:09,Happihaus Hotel Bangkok,10,1,2026-08-04 23:33:09,2026-08-04,29.56,Bangkok,LT,BKK - Metro - Chon,Mapped,Unknown,36928.0,6.0,2531.5,268.0,0.0,,,0.0,0.0,,0,0.10586608730001976,0.0,0.57,0.2,100,0,50.0,6.26,21.98,641,Low,Investigate Booking Conversion,"Demand exists, but no booking is matched to the current check-in demand."
2010979,0.3718700111093642,0.4066618905617731,0.3718700111093642,0.5103022659909641,454.0,131.0,2026-08-04 23:33:09,S1 City Hotel Buriram,25,3,2026-08-04 23:18:39,2026-08-05,27.59,Buriram,KA,Lower Isan - Central,Mapped,Not Mapped,148554.0,51.0,764.0,454.0,0.0,,,0.0,6.0,,0,0.5942408376963351,0.0,2.29,1.72,100,0,50.0,7.18,21.97,642,Low,Investigate Booking Conversion,"Demand exists, but no booking is matched to the current check-in demand."
4934365,0.35698959674457476,0.40086552921034746,0.35698959674457476,0.5007195062290348,2213.0,1627.0,2026-08-04 23:33:09,Anandpura Riverside Hotel,51,6,2026-08-04 21:48:56,2026-08-05,29.8,Bangkok,LT,BKK - Metro - Chon,Mapped,Unknown,9615.0,1.0,2851.0,2213.0,0.0,,,0.0,2.0,,0,0.7762188705717292,0.0,0.15,0.03,100,0,50.0,6.04,21.97,643,Low,Investigate Booking Conversion,"Demand exists, but no booking is matched to the current check-in demand."
2000386,0.4248630096780573,0.4315322709460745,0.4248630096780573,0.5255536775578272,103.0,35.0,2026-08-04 16:21:17,Sasidara Resort,16,0,,2026-08-25,29.05,Nan,LT,North,Mapped,Not Mapped,17370.0,4.0,0.0,103.0,0.0,,,0.0,24.0,,0,,0.0,0.27,0.13,100,0,50.0,5.98,21.96,644,Low,Investigate Booking Conversion,"Demand exists, but no booking is matched to the current check-in demand."
183307,0.3651428906314979,0.4412918333938176,0.3651428906314979,0.5098691072648239,290.0,79.0,2026-08-04 16:21:17,The Canal 304 Hotel & Residence,34,0,,2026-08-08,28.11,Prachin Buri,KA,Upper Isan - East,Mapped,Mapped,1058814.0,300.0,955.5,290.0,0.0,,,0.0,12.0,-0.0,1,0.3035060177917321,0.0,16.35,10.1,100,100,100.0,16.83,21.95,645,Low,Investigate Booking Conversion,"Demand exists, but no booking is matched to the current check-in demand."
43651,0.41747687333546,0.4400871413406071,0.41747687333546,0.5081289748697109,819.0,212.0,2026-08-04 19:05:32,PC Grand Palace Hotel,18,0,,2026-08-06,28.82,Sakon Nakhon,LT,Upper Isan - East,Mapped,Not Mapped,47435.0,29.0,440.0,819.0,0.0,,,0.0,0.0,,0,1.8613636363636363,0.0,0.73,0.98,100,0,50.0,6.42,21.94,646,Low,Investigate Booking Conversion,"Demand exists, but no booking is matched to the current check-in demand."
4884628,0.41509780976301447,0.41509780976301447,0.41509780976301447,0.5020221319682058,273.0,273.0,2026-08-04 21:48:56,Suk Hua Non Thoen,4,2,2026-08-04 21:48:56,2026-08-05,27.11,Lampang,KA,North,Not Mapped,Mapped,234019.0,34.0,449.5,273.0,0.0,,,0.0,0.0,,0,0.60734149054505,0.0,3.61,1.15,0,100,50.0,7.57,21.94,647,Low,Map Hotel to Agoda,"Demand exists, but hotel-level mapping is missing on Agoda."
4921154,0.30512341618910277,0.3458695480240144,0.30512341618910277,0.5083774317805744,234.0,50.0,2026-08-04 23:33:09,Umphang House Tak,73,0,,2026-08-06,29.36,Tak,LT,North,Mapped,Not Mapped,28798.0,0.0,534.0,234.0,0.0,,,0.0,4.0,,0,0.43820224719101125,0.0,0.44,0.0,100,0,50.0,6.09,21.94,648,Low,Investigate Booking Conversion,"Demand exists, but no booking is matched to the current check-in demand."
4606514,0.2781272405393209,0.2855287335740132,0.2781272405393209,0.5067880167734503,17.0,13.0,2026-08-04 22:03:21,Baan Chaytung Resort,9,0,,2026-08-04,22.12,Ratchaburi,LT,Lower South - West,Not Mapped,Not Live,4521.0,0.0,715.0,17.0,0.0,,,0.0,0.0,,0,0.023776223776223775,0.0,0.07,0.0,0,40,20.0,4.46,21.93,649,Low,Map Hotel to Agoda,"Demand exists, but hotel-level mapping is missing on Agoda."
23769,0.3562985274839467,0.3562985274839467,0.3562985274839467,0.5081173705390034,47.0,47.0,2026-08-04 03:59:17,The Color Living Hotel,7,0,,2026-08-04,25.09,Samut Prakan,KA,BKK - Metro - Chon,Mapped,Unknown,322104.0,112.0,1394.0,47.0,0.0,,,0.0,0.0,,0,0.03371592539454806,0.0,4.97,3.77,100,0,50.0,8.63,21.93,650,Low,Monitor,No immediate distribution issue requires action.
1621,0.36800823496197316,0.40210595271799915,0.36800823496197316,0.5153415377870332,596.0,226.0,2026-08-04 09:17:17,Awa Resort Koh Chang,13,5,2026-08-04 09:17:17,2026-09-02,26.44,Koh Chang & Koh Kood,LT,Upper Isan - East,Not Live,Not Live,48760.0,2.0,0.0,596.0,0.0,,,0.0,16.0,,0,,0.0,0.75,0.07,40,40,40.0,5.68,21.93,651,Low,Activate Agoda,"Agoda connectivity exists, but the hotel is not live."
4920862,0.400485681646751,0.4050460340202419,0.400485681646751,0.5101930859749683,73.0,29.0,2026-08-04 17:52:50,The Cottage Chaiyaphum,15,5,2026-08-04 17:52:50,2026-08-04,27.67,Chaiyaphum,LT,Upper Isan - East,Mapped,Not Mapped,133281.0,46.0,421.0,73.0,0.0,,,0.0,0.0,,0,0.17339667458432304,0.0,2.06,1.55,100,0,50.0,7.03,21.92,652,Low,Investigate Booking Conversion,"Demand exists, but no booking is matched to the current check-in demand."
183161,0.3677254421522124,0.422643973706035,0.3677254421522124,0.5076076844129127,198.0,101.0,2026-08-04 22:03:21,W Sotel Songkhla,22,1,2026-08-04 08:30:09,2026-08-04,27.01,Songkhla,KA,Lower South - West,Mapped,Not Mapped,247529.0,17.0,940.0,198.0,0.0,,,0.0,13.0,,0,0.21063829787234042,0.0,3.82,0.57,100,0,50.0,7.48,21.92,653,Low,Investigate Booking Conversion,"Demand exists, but no booking is matched to the current check-in demand."
21939,0.457804301048375,0.47907342445215356,0.457804301048375,0.5083158184387815,308.0,179.0,2026-08-04 18:36:27,Arawana Regency Ratchada,10,3,2026-08-04 18:36:27,2026-08-04,29.52,Bangkok,LT,BKK - Metro - Chon,Mapped,Unknown,1776.0,0.0,2531.5,308.0,0.0,,,0.0,2.0,,0,0.12166699585226151,0.0,0.03,0.0,100,0,50.0,5.92,21.9,654,Low,Investigate Booking Conversion,"Demand exists, but no booking is matched to the current check-in demand."
5101089,0.406075734788093,0.4295292518189724,0.406075734788093,0.5134813047203276,113.0,54.0,2026-08-04 19:05:32,Hatyai Midtown Hotel,12,1,2026-08-04 13:52:08,2026-08-06,27.68,Hatyai,LT,Lower South - West,Mapped,Unknown,135620.0,32.0,1150.5,113.0,1.0,,,0.0,0.0,0.28,3,0.09821816601477619,0.008849557522123894,2.09,1.08,100,0,50.0,6.9,21.89,655,Low,Review Agoda Rate Competitiveness,Agoda reports a price disadvantage; 0% is cheapest.
4846863,0.27806352516049954,0.27806352516049954,0.27806352516049954,0.5065866426700846,3.0,3.0,2026-08-04 18:21:46,TN Place Somdet,3,0,,2026-08-04,21.54,Kalasin,LT,Upper Isan - East,Unknown,Not Live,48051.0,0.0,54.0,3.0,0.0,,,0.0,0.0,,0,0.05555555555555555,0.0,0.74,0.0,0,40,20.0,4.68,21.87,656,Low,Activate Ctrip,"Ctrip connectivity exists, but the hotel is not live."
4948548,0.3879508666465762,0.3941947582298778,0.3879508666465762,0.5095167077623862,1297.0,731.0,2026-08-04 18:49:41,Rest 24 Serviced Residence,18,0,,2026-08-06,27.81,Suphan Buri,KA,Lower Isan - Central,Mapped,Unknown,150206.0,13.0,385.0,1297.0,0.0,,,0.0,0.0,,0,3.3688311688311687,0.0,2.32,0.44,100,0,50.0,6.85,21.87,657,Low,Investigate Booking Conversion,"Demand exists, but no booking is matched to the current check-in demand."
2004996,0.3876767581992227,0.3918921505464453,0.3876767581992227,0.5088019713264812,695.0,299.0,2026-08-04 19:05:32,Colorize Boutique Hotel,24,1,2026-08-04 17:52:50,2026-08-06,28.17,Koh Samui,LT,Upper South,Mapped,Unknown,82069.0,38.0,1844.5,695.0,0.0,,,0.0,0.0,,0,0.3767958796421795,0.0,1.27,1.28,100,0,50.0,6.65,21.87,658,Low,Investigate Booking Conversion,"Demand exists, but no booking is matched to the current check-in demand."
5004717,0.3458183925330742,0.3531902744608212,0.3458183925330742,0.5086490396060752,64.0,30.0,2026-08-04 23:33:09,Mybed Gold Chonburi,17,0,,2026-08-05,25.64,Chonburi,KA,BKK - Metro - Chon,Mapped,Unknown,387764.0,4.0,1645.0,64.0,0.0,,,0.0,0.0,,0,0.038905775075987845,0.0,5.99,0.13,100,0,50.0,8.16,21.86,659,Low,Monitor,No immediate distribution issue requires action.
5102073,0.36483467494267185,0.4061455757989124,0.36483467494267185,0.5079896167346251,674.0,295.0,2026-08-04 23:33:09,Chill Hotel Khaoyai,30,0,,2026-08-05,27.8,Nakhonratchasima,LT,Lower Isan - Central,Mapped,Not Mapped,170808.0,1.0,1179.0,674.0,0.0,,,0.0,3.0,0.548,3,0.5716709075487701,0.0,2.64,0.03,100,0,50.0,6.89,21.86,660,Low,Review Agoda Rate Competitiveness,Agoda reports a price disadvantage; 0% is cheapest.
63652,0.3765619892180178,0.4439723639979805,0.3765619892180178,0.5128148190670468,66.0,37.0,2026-08-04 12:51:31,Belleville Hotel Phetchabun,8,0,,2026-08-04,26.1,Phetchabun,KA,North,Mapped,Unknown,184467.0,113.0,428.0,66.0,0.0,,,0.0,1.0,0.0491,1,0.1542056074766355,0.0,2.85,3.81,100,0,50.0,7.79,21.85,661,Low,Review Agoda Rate Competitiveness,Agoda reports a price disadvantage; 0% is cheapest.
118,0.40231023481249745,0.436831143454051,0.40231023481249745,0.510036540969847,1246.0,320.0,2026-08-04 23:33:09,La Petite Salil Sukhumvit 11,36,3,2026-08-04 02:59:13,2026-08-18,30.08,Bangkok,KA,BKK - Metro - Chon,Mapped,Mapped,794311.0,325.0,1984.5,1246.0,0.0,,,0.0,54.0,,0,0.6278659611992945,0.0,12.27,10.95,100,100,100.0,15.44,21.84,662,Low,Investigate Booking Conversion,"Demand exists, but no booking is matched to the current check-in demand."
109844,0.38470638402646856,0.43562569613696916,0.38470638402646856,0.5094727359077356,610.0,160.0,2026-08-04 23:33:09,Hataara Hua Hin,38,3,2026-08-04 23:33:09,2026-08-05,29.37,Hua Hin,KA,Lower South - West,Mapped,Mapped,1057999.0,181.0,893.0,610.0,0.0,,,0.0,10.0,,0,0.683090705487122,0.0,16.34,6.1,100,100,100.0,15.87,21.84,663,Low,Investigate Booking Conversion,"Demand exists, but no booking is matched to the current check-in demand."
4287424,0.3980957500505051,0.4024100178524906,0.3980957500505051,0.5140268380592684,163.0,57.0,2026-08-04 19:05:32,La Viva Hotel Buriram,18,3,2026-08-04 18:36:27,2026-08-04,27.96,Buriram,LT,Lower Isan - Central,Mapped,Unknown,92986.0,24.0,764.0,163.0,0.0,,,0.0,0.0,,0,0.21335078534031413,0.0,1.44,0.81,100,0,50.0,6.56,21.81,664,Low,Investigate Booking Conversion,"Demand exists, but no booking is matched to the current check-in demand."
1371,0.402331099877583,0.4162718569299601,0.402331099877583,0.5135273796778483,95.0,78.0,2026-08-04 23:33:09,Glacier Hotel Khon Kaen,6,1,2026-08-04 12:38:07,2026-08-11,26.96,Khon Kaen,KA,Upper Isan - East,Mapped,Mapped,929561.0,456.0,1025.5,95.0,1.0,0.0807057413454474,0.0807057413454474,1.0,9.0,0.1465,1,0.09263773768893223,0.010526315789473684,14.36,15.36,100,100,100.0,17.18,21.81,665,Low,Review Agoda Rate Competitiveness,Agoda reports a price disadvantage; 0% is cheapest.
4921227,0.346344958937125,0.4321174746033471,0.346344958937125,0.508783636882758,362.0,133.0,2026-08-04 22:18:28,The Pillows Boutique Hotel,30,1,2026-08-04 20:33:04,2026-08-15,26.98,Chiang Mai,KA,North,Mapped,Mapped,1139915.0,303.0,896.0,362.0,5.0,0.1833920641437565,0.1833920641437565,1.0,10.0,0.0018,1,0.40401785714285715,0.013812154696132596,17.61,10.21,100,100,100.0,17.26,21.81,666,Low,Review Agoda Rate Competitiveness,Agoda reports a price disadvantage; 0% is cheapest.
4857586,0.386850273085239,0.42364103174496814,0.386850273085239,0.5087645632033367,4359.0,747.0,2026-08-04 19:05:32,Boutique Holiday Rama 2,59,12,2026-08-04 16:06:46,2026-08-05,32.57,Bangkok,KA,BKK - Metro - Chon,Mapped,Mapped,506863.0,342.0,2851.0,4359.0,0.0,,,0.0,2.0,,0,1.5289372150122764,0.0,7.83,11.52,100,100,100.0,13.89,21.8,667,Low,Investigate Booking Conversion,"Demand exists, but no booking is matched to the current check-in demand."
4543100,0.3390087510934676,0.340470449352899,0.3390087510934676,0.5101346097054629,32.0,23.0,2026-08-04 22:03:21,ATK Hatyai Hotel,8,0,,2026-08-15,24.53,Hatyai,KA,Lower South - West,Mapped,Not Mapped,326335.0,123.0,1150.5,32.0,0.0,,,0.0,4.0,,0,0.027813993915688832,0.0,5.04,4.14,100,0,50.0,8.67,21.79,668,Low,Expand to Ctrip,The hotel has demand but is not mapped on Ctrip.
4887266,0.27485642968684015,0.27485642968684015,0.27485642968684015,0.5067766425638854,10.0,10.0,2026-08-04 14:04:20,Suphachok Resort,4,0,,2026-08-10,21.51,Nakhonratchasima,LT,Lower Isan - Central,Not Mapped,Not Live,22160.0,7.0,786.0,10.0,0.0,,,0.0,0.0,,0,0.01272264631043257,0.0,0.34,0.24,0,40,20.0,4.54,21.79,669,Low,Map Hotel to Agoda,"Demand exists, but hotel-level mapping is missing on Agoda."
4921156,0.3435610068923956,0.39637208991732065,0.3435610068923956,0.5171111300984214,190.0,154.0,2026-08-04 23:18:39,Klaang Muang Hotel Rayong,30,1,2026-08-04 07:59:49,2026-08-04,26.99,Rayong,KA,Upper Isan - East,Mapped,Mapped,782916.0,555.0,1241.5,190.0,0.0,,,0.0,3.0,,0,0.15304067660088602,0.0,12.09,18.69,100,100,100.0,17.05,21.79,670,Low,Investigate Booking Conversion,"Demand exists, but no booking is matched to the current check-in demand."
152419,0.40154278095949725,0.4669103171576189,0.40154278095949725,0.5128078397053905,236.0,152.0,2026-08-04 23:33:09,Sixty-Six Place,23,1,2026-08-04 12:51:31,2026-08-07,28.57,Trang,LT,Upper South,Mapped,Not Mapped,43799.0,9.0,623.0,236.0,0.0,,,0.0,2.0,,0,0.37881219903691815,0.0,0.68,0.3,100,0,50.0,6.14,21.77,671,Low,Investigate Booking Conversion,"Demand exists, but no booking is matched to the current check-in demand."
5101096,0.41050010107287377,0.41050010107287377,0.41050010107287377,0.5087211444209111,96.0,96.0,2026-08-04 20:33:04,RoomQuest SPS Hotel and Residence,3,1,2026-08-04 18:49:41,2026-08-06,26.91,Pathum Thani,KA,BKK - Metro - Chon,Mapped,Unknown,197228.0,29.0,415.5,96.0,0.0,,,0.0,0.0,,0,0.23104693140794225,0.0,3.05,0.98,100,0,50.0,7.2,21.76,672,Low,Investigate Booking Conversion,"Demand exists, but no booking is matched to the current check-in demand."
5101054,0.3531249547503232,0.40219666369689455,0.3531249547503232,0.5090227174955309,151.0,74.0,2026-08-04 23:33:09,Calamint Residence Hotel,20,0,,2026-08-28,26.25,Chumphon,KA,Upper South,Mapped,Unknown,294749.0,4.0,714.5,151.0,0.0,,,0.0,4.0,0.5609,1,0.21133659902029392,0.0,4.55,0.13,100,0,50.0,7.56,21.75,673,Low,Review Agoda Rate Competitiveness,Agoda reports a price disadvantage; 0% is cheapest.
4921186,0.37783945830811655,0.43299119363374683,0.37783945830811655,0.50943030689855,392.0,162.0,2026-08-04 23:33:09,Best Western Plus Carapace Hotel Hua Hin,30,2,2026-08-04 23:18:39,2026-08-15,28.27,Hua Hin,LT,Lower South - West,Mapped,Unknown,81381.0,6.0,836.0,392.0,0.0,,,0.0,20.0,0.7967,3,0.4688995215311005,0.0,1.26,0.2,100,0,50.0,6.34,21.75,674,Low,Review Agoda Rate Competitiveness,Agoda reports a price disadvantage; 0% is cheapest.
2000076,0.3099949250395939,0.3099949250395939,0.3099949250395939,0.5065858505309012,226.0,226.0,2026-08-04 22:51:02,Baan Dala Hotel Mukdahan,9,0,,2026-08-27,23.45,Mukdahan,KA,Lower Isan - Central,Mapped,Not Mapped,555973.0,31.0,0.0,226.0,0.0,,,0.0,2.0,,0,,0.0,8.59,1.04,100,0,50.0,9.3,21.75,675,Low,Expand to Ctrip,The hotel has demand but is not mapped on Ctrip.
4922681,0.36406017880291397,0.4054622879523398,0.36406017880291397,0.5109730388919066,238.0,131.0,2026-08-04 20:33:04,Ezy Inn,29,2,2026-08-04 12:51:31,2026-08-04,27.6,Nakhon Sawan,KA,North,Mapped,Mapped,1019532.0,327.0,1451.0,238.0,0.0,,,0.0,1.0,,0,0.1640248104755341,0.0,15.75,11.01,100,100,100.0,16.7,21.74,676,Low,Investigate Booking Conversion,"Demand exists, but no booking is matched to the current check-in demand."
2011666,0.4563494093354176,0.46486175133694646,0.4563494093354176,0.5026699545756099,684.0,444.0,2026-08-04 20:47:47,The Cheewin Hotel & Convention,9,2,2026-08-04 20:33:04,2026-08-04,29.37,Khon Kaen,KA,Upper Isan - East,Mapped,Mapped,784509.0,383.0,1025.5,684.0,0.0,,,0.0,0.0,,0,0.666991711360312,0.0,12.12,12.9,100,100,100.0,15.8,21.74,677,Low,Investigate Booking Conversion,"Demand exists, but no booking is matched to the current check-in demand."
4920336,0.326473422087702,0.3337335307631734,0.326473422087702,0.5079292311898318,9.0,6.0,2026-08-04 16:21:17,Prathaiburi Hotel and Resort,9,0,,2026-08-04,24.07,Nakhonratchasima,KA,Lower Isan - Central,Mapped,Not Mapped,510316.0,12.0,1319.0,9.0,0.0,,,0.0,0.0,,0,0.006823351023502654,0.0,7.88,0.4,100,0,50.0,8.87,21.74,678,Low,Expand to Ctrip,The hotel has demand but is not mapped on Ctrip.
21443,0.35057347365974223,0.3523772446836435,0.35057347365974223,0.5220872256606499,37.0,27.0,2026-08-04 23:33:09,Trendy Hotel Nakhonpathom,12,1,2026-08-04 22:51:02,2026-08-05,25.61,Nakhon Pathom,KA,BKK - Metro - Chon,Mapped,Not Mapped,268830.0,46.0,968.5,37.0,0.0,,,0.0,0.0,,0,0.03820340733092411,0.0,4.15,1.55,100,0,50.0,7.66,21.73,679,Low,Expand to Ctrip,The hotel has demand but is not mapped on Ctrip.
144113,0.33309783211626764,0.3423704072005864,0.33309783211626764,0.5310115715115814,3.0,1.0,2026-08-04 00:03:17,Marlin Hotel Suratthani,3,0,,2026-08-07,24.23,Surat Thani,KA,Upper South,Mapped,Not Mapped,299959.0,113.0,1844.5,3.0,0.0,,,0.0,0.0,,0,0.001626457034426674,0.0,4.63,3.81,100,0,50.0,8.3,21.73,680,Low,Expand to Ctrip,The hotel has demand but is not mapped on Ctrip.
4883158,0.3562217712846529,0.44267597283618787,0.3562217712846529,0.509497147735977,154.0,93.0,2026-08-04 18:36:27,Bluebed Hotel,17,0,,2026-08-04,26.1,Chanthaburi,KA,Upper Isan - East,Mapped,Mapped,1012694.0,453.0,1086.0,154.0,0.0,-0.0479908885011357,-0.0479908885011357,1.0,8.0,,0,0.141804788213628,0.0,15.64,15.26,100,100,100.0,17.62,21.73,681,Low,Fix Internal Rate Parity,Our rate is more expensive than a comparable partner rate.
4857654,0.2799487675086177,0.2799487675086177,0.2799487675086177,0.506675611708559,3.0,3.0,2026-08-04 23:33:09,Unsapcharoen Resort,3,0,,2026-08-04,21.62,Phang Nga,LT,Upper South,Unknown,Not Live,4664.0,0.0,866.0,3.0,0.0,,,0.0,0.0,,0,0.003464203233256351,0.0,0.07,0.0,0,40,20.0,4.36,21.73,682,Low,Activate Ctrip,"Ctrip connectivity exists, but the hotel is not live."
4935433,0.39989056023362796,0.40089553714181136,0.39989056023362796,0.5071272270741788,71.0,38.0,2026-08-04 21:48:56,The Wish Hotel,8,1,2026-08-04 21:34:17,2026-08-06,26.92,Chachoengsao,KA,Upper Isan - East,Mapped,Mapped,1044316.0,367.0,689.5,71.0,0.0,,,0.0,0.0,0.1351,2,0.10297316896301668,0.0,16.13,12.36,100,100,100.0,17.16,21.73,683,Low,Review Agoda Rate Competitiveness,Agoda reports a price disadvantage; 0% is cheapest.
4922753,0.2864921307335061,0.2864921307335061,0.2864921307335061,0.5041959234896585,2.0,2.0,2026-08-04 11:51:06,16 Singha Resort,2,0,,2026-08-05,21.73,Chiang Mai,LT,North,Not Live,Unknown,0.0,0.0,1208.0,2.0,0.0,,,0.0,0.0,,0,0.0016556291390728477,0.0,0.0,0.0,40,0,20.0,4.35,21.73,684,Low,Activate Agoda,"Agoda connectivity exists, but the hotel is not live."
5002714,0.40235559624514833,0.4479262618863351,0.40235559624514833,0.5118813381529902,224.0,80.0,2026-08-04 23:18:39,Baan B&B Sukhothai,21,0,,2026-08-16,28.39,Sukhothai,LT,North,Mapped,Unknown,31947.0,27.0,205.5,224.0,0.0,,,0.0,4.0,,0,1.0900243309002433,0.0,0.49,0.91,100,0,50.0,6.2,21.73,685,Low,Investigate Booking Conversion,"Demand exists, but no booking is matched to the current check-in demand."
4907823,0.40385211588570463,0.4077393720806169,0.40385211588570463,0.5086184997187644,81.0,32.0,2026-08-04 00:03:17,Classiccar Caravan Resort,3,1,2026-08-04 00:03:17,2026-08-06,26.64,Chainat,KA,Lower Isan - Central,Mapped,Not Mapped,221291.0,25.0,26.0,81.0,0.0,,,0.0,0.0,,0,3.1153846153846154,0.0,3.42,0.84,100,0,50.0,7.29,21.72,686,Low,Investigate Booking Conversion,"Demand exists, but no booking is matched to the current check-in demand."
5101578,0.2995108425123514,0.3038656194694424,0.2995108425123514,0.5116742481459845,17.0,7.0,2026-08-04 23:03:24,Rabbit Hotel Nangrong,17,0,,2026-08-07,23.83,Buriram,KA,Lower Isan - Central,Mapped,Unknown,454738.0,63.0,764.0,17.0,0.0,,,0.0,0.0,,0,0.02225130890052356,0.0,7.02,2.12,100,0,50.0,8.91,21.72,687,Low,Monitor,No immediate distribution issue requires action.
4543023,0.4010788556632476,0.4717721550048331,0.4010788556632476,0.5099981379477172,347.0,134.0,2026-08-04 23:33:09,Proud Khaoyai,22,2,2026-08-04 22:03:21,2026-08-05,28.43,Khaoyai,KA,Lower Isan - Central,Mapped,Mapped,1071743.0,219.0,1319.0,347.0,0.0,,,0.0,0.0,,0,0.2630780894617134,0.0,16.55,7.38,100,100,100.0,16.18,21.72,688,Low,Investigate Booking Conversion,"Demand exists, but no booking is matched to the current check-in demand."
65508,0.39461419202457465,0.4308165451022869,0.39461419202457465,0.5044687750211079,69.0,62.0,2026-08-04 19:05:32,Louis Tavern Hotel,7,0,,2026-08-07,26.56,Bangkok,LT,BKK - Metro - Chon,Mapped,Unknown,156946.0,87.0,1678.5,69.0,0.0,0.2839970277393363,0.2839970277393363,1.0,4.0,,0,0.041108132260947276,0.0,2.42,2.93,100,0,50.0,7.4,21.71,689,Low,Investigate Booking Conversion,"Demand exists, but no booking is matched to the current check-in demand."
4528906,0.44621739828912776,0.44621739828912776,0.44621739828912776,0.5037567713207455,415.0,415.0,2026-08-04 16:21:17,Blue Lagoon Hotel,6,1,2026-08-04 15:52:08,2026-08-05,28.62,Chiang Rai,LT,North,Mapped,Unknown,38391.0,15.0,880.5,415.0,0.0,,,0.0,0.0,,0,0.47132311186825665,0.0,0.59,0.51,100,0,50.0,6.17,21.71,690,Low,Investigate Booking Conversion,"Demand exists, but no booking is matched to the current check-in demand."
5102188,0.4176803377317971,0.46570421582311283,0.4176803377317971,0.5115861997131269,261.0,98.0,2026-08-04 20:47:47,Phetara Hotel Mahachai by PCL,11,4,2026-08-04 12:51:31,2026-08-21,28.06,Samut Sakhon,LT,BKK - Metro - Chon,Mapped,Unknown,50727.0,35.0,83.0,261.0,0.0,,,0.0,12.0,0.1626,2,3.144578313253012,0.0,0.78,1.18,100,0,50.0,6.36,21.71,691,Low,Review Agoda Rate Competitiveness,Agoda reports a price disadvantage; 0% is cheapest.
4921072,0.4028188924281052,0.4440319720185531,0.4028188924281052,0.5104869711699044,1159.0,365.0,2026-08-04 19:05:32,The Bedrooms Boutique Hotel Bangkok,24,0,,2026-08-14,28.95,Bangkok,LT,BKK - Metro - Chon,Mapped,Unknown,3748.0,0.0,1772.5,1159.0,0.0,0.188774562957129,0.1909322261453345,2.0,32.0,0.1789,2,0.6538787023977433,0.0,0.06,0.0,100,0,50.0,5.82,21.7,692,Low,Review Agoda Rate Competitiveness,Agoda reports a price disadvantage; 0% is cheapest.
2140,0.3658378592631518,0.3658378592631518,0.3658378592631518,0.5154227445867043,38.0,38.0,2026-08-04 12:51:31,The Imperial Narathiwat Hotel,4,0,,2026-08-04,25.33,Narathiwat,KA,Lower South - West,Mapped,Unknown,200479.0,127.0,163.0,38.0,0.0,,,0.0,0.0,,0,0.2331288343558282,0.0,3.1,4.28,100,0,50.0,7.9,21.7,693,Low,Monitor,No immediate distribution issue requires action.
107201,0.3639633734859803,0.4069799673826872,0.3639633734859803,0.518319911752761,91.0,44.0,2026-08-04 23:33:09,Baan Ing Daan Amnat Charoen,28,1,2026-08-04 22:34:47,2026-08-04,27.61,Amnart Charoen,KA,Lower Isan - Central,Mapped,Not Mapped,122587.0,0.0,73.0,91.0,0.0,,,0.0,1.0,,0,1.2465753424657535,0.0,1.89,0.0,100,0,50.0,6.47,21.7,694,Low,Investigate Booking Conversion,"Demand exists, but no booking is matched to the current check-in demand."
4859024,0.41472600304109736,0.4609017060432994,0.41472600304109736,0.5037051489419808,1715.0,724.0,2026-08-04 23:33:09,56 Surawong Hotel,57,6,2026-08-04 19:05:32,2026-08-04,32.59,Bangkok,KA,BKK - Metro - Chon,Mapped,Mapped,604762.0,253.0,2851.0,1715.0,0.0,-0.167452208273578,-0.0530722182234685,3.0,15.0,0.2571,2,0.6015433181339881,0.0,9.34,8.52,100,100,100.0,13.74,21.69,695,Low,Fix Internal Rate Parity,Our rate is more expensive than a comparable partner rate.
755,0.3325608377993086,0.33696048106854853,0.3325608377993086,0.53358096562085,10.0,6.0,2026-08-04 21:48:56,Wora Bura Hua Hin Resort & Spa,7,0,,2026-08-04,24.64,Hua Hin,,Lower South - West,No Room,Unknown,0.0,0.0,531.0,10.0,0.0,,,0.0,4.0,,0,0.018832391713747645,0.0,0.0,0.0,70,0,35.0,4.93,21.69,696,Low,Complete Room-Type Mapping,"Hotel-level mapping exists, but room types are not mapped."
5102144,0.40919659704002315,0.42453682207356724,0.40919659704002315,0.5099826827831261,946.0,387.0,2026-08-04 17:52:50,Kru Paew Resort,13,4,2026-08-04 17:52:50,2026-08-05,28.09,Phetchabun,KA,North,Not Mapped,Mapped,84527.0,6.0,428.0,946.0,0.0,,,0.0,0.0,,0,2.210280373831776,0.0,1.31,0.2,0,100,50.0,6.33,21.69,697,Low,Map Hotel to Agoda,"Demand exists, but hotel-level mapping is missing on Agoda."
317,0.454245468310176,0.5157553435331012,0.454245468310176,0.5101303651075534,3061.0,1028.0,2026-08-04 23:33:09,Avana Hotel and Convention Center,69,4,2026-08-04 22:51:02,2026-08-15,35.84,Bangkok,KA,BKK - Metro - Chon,Mapped,Mapped,388879.0,148.0,2531.5,3061.0,19.0,,,0.0,11.0,0.294,6,1.2091645269603002,0.006207121855602744,6.01,4.98,100,100,100.0,11.67,21.69,698,Low,Review Agoda Rate Competitiveness,Agoda reports a price disadvantage; 0% is cheapest.
505,0.4051457547731293,0.4080063842633705,0.4051457547731293,0.5062737957266322,83.0,54.0,2026-08-04 18:06:03,JC Kevin Sathorn Bangkok Hotel,9,3,2026-08-04 17:52:50,2026-08-06,27.21,Bangkok,LT,BKK - Metro - Chon,Mapped,Not Mapped,190483.0,2.0,2851.0,83.0,0.0,,,0.0,0.0,,0,0.02911259207295686,0.0,2.94,0.07,100,0,50.0,6.93,21.69,699,Low,Investigate Booking Conversion,"Demand exists, but no booking is matched to the current check-in demand."
4251694,0.38390975682354234,0.4182449321496169,0.38390975682354234,0.5086174114863612,2666.0,898.0,2026-08-04 23:33:09,The Singora Hotel,68,9,2026-08-04 23:03:24,2026-08-09,32.79,Songkhla,LT,Lower South - West,Mapped,Not Live,70458.0,40.0,1894.0,2666.0,0.0,,,0.0,14.0,0.2205,1,1.4076029567053854,0.0,1.09,1.35,100,40,70.0,7.51,21.68,700,Low,Review Agoda Rate Competitiveness,Agoda reports a price disadvantage; 0% is cheapest.
4883900,0.4336331375279876,0.4345150989469726,0.4336331375279876,0.5055771885695927,101.0,51.0,2026-08-04 16:21:17,KOCO Hotel,6,2,2026-08-04 15:52:08,2026-08-04,28.06,Nakhonratchasima,KA,Lower Isan - Central,Mapped,Mapped,1162333.0,176.0,1319.0,101.0,0.0,,,0.0,0.0,,0,0.07657316148597422,0.0,17.95,5.93,100,100,100.0,16.37,21.66,701,Low,Investigate Booking Conversion,"Demand exists, but no booking is matched to the current check-in demand."
183660,0.2877062698012681,0.2877062698012681,0.2877062698012681,0.49884099429084344,2.0,2.0,2026-08-04 14:04:20,Blue River Resort Phitsanulok,2,1,2026-08-04 14:04:20,2026-08-04,21.68,,,,Not Live,Unknown,0.0,0.0,1163.0,2.0,0.0,,,0.0,0.0,,0,0.0017196904557179708,0.0,0.0,0.0,40,0,20.0,4.34,21.66,702,Low,Activate Agoda,"Agoda connectivity exists, but the hotel is not live."
4934772,0.3816681688782197,0.3883973447041677,0.3816681688782197,0.5101878567288773,18.0,14.0,2026-08-04 18:49:41,Siam One Nine Hotel,11,1,2026-08-04 18:36:27,2026-08-04,26.52,Nakhonratchasima,KA,Lower Isan - Central,Mapped,Unknown,245117.0,0.0,1319.0,18.0,0.0,,,0.0,0.0,,0,0.013646702047005308,0.0,3.79,0.0,100,0,50.0,7.2,21.66,703,Low,Investigate Booking Conversion,"Demand exists, but no booking is matched to the current check-in demand."
4915629,0.41882593649352207,0.41882593649352207,0.41882593649352207,0.5284860350967525,12.0,12.0,2026-08-04 12:51:31,Sky Korat,4,0,,2026-08-08,27.71,Nakhonratchasima,LT,Lower Isan - Central,Mapped,Not Mapped,57129.0,13.0,762.5,12.0,0.0,,,0.0,0.0,,0,0.015737704918032787,0.0,0.88,0.44,100,0,50.0,6.11,21.65,704,Low,Investigate Booking Conversion,"Demand exists, but no booking is matched to the current check-in demand."
4920797,0.3641288180866429,0.4321020574400183,0.3641288180866429,0.5094926036048324,170.0,145.0,2026-08-04 23:18:39,Hotel Agnes Buriram,12,1,2026-08-04 21:34:17,2026-08-04,25.94,Buriram,LT,Lower Isan - Central,Mapped,Not Mapped,182356.0,91.0,504.5,170.0,0.0,,,0.0,2.0,,0,0.33696729435084244,0.0,2.82,3.07,100,0,50.0,7.52,21.64,705,Low,Expand to Ctrip,The hotel has demand but is not mapped on Ctrip.
43873,0.36061760824545636,0.3942979733866169,0.36061760824545636,0.5087745843677378,1049.0,442.0,2026-08-04 23:33:09,K Star Place,20,0,,2026-08-07,26.81,Chonburi,KA,BKK - Metro - Chon,Not Mapped,Mapped,163208.0,38.0,2288.0,1049.0,0.0,,,0.0,2.0,,0,0.458479020979021,0.0,2.52,1.28,0,100,50.0,7.01,21.63,706,Low,Map Hotel to Agoda,"Demand exists, but hotel-level mapping is missing on Agoda."
4936076,0.34233328955274506,0.3750801989826274,0.34233328955274506,0.510861410162772,170.0,84.0,2026-08-04 23:33:09,Matini Premium @ Klong 1,20,0,,2026-08-20,25.86,Pathum Thani,KA,BKK - Metro - Chon,Mapped,Unknown,249326.0,42.0,415.5,170.0,0.0,,,0.0,4.0,,0,0.4091456077015644,0.0,3.85,1.41,100,0,50.0,7.52,21.63,707,Low,Monitor,No immediate distribution issue requires action.
182863,0.41802385426440336,0.45183004542083943,0.41802385426440336,0.5082838270447958,120.0,99.0,2026-08-04 22:34:47,The Journey Hotel Laksi,20,4,2026-08-04 21:34:17,2026-08-17,28.82,Bangkok,KA,BKK - Metro - Chon,Mapped,Mapped,1085011.0,165.0,1984.5,120.0,0.0,-0.0037753960496825,0.0140456584771791,2.0,9.0,,0,0.06046863189720333,0.0,16.76,5.56,100,100,100.0,15.81,21.63,708,Low,Fix Internal Rate Parity,Our rate is more expensive than a comparable partner rate.
152372,0.44501420314129025,0.44501420314129025,0.44501420314129025,0.5120272314204996,54.0,54.0,2026-08-04 19:05:32,Krabi Home Town Boutique,6,0,,2026-08-06,28.63,Krabi,LT,Upper South,Unknown,Mapped,12693.0,0.0,192.0,54.0,0.0,,,0.0,0.0,,0,0.28125,0.0,0.2,0.0,0,100,50.0,5.83,21.62,709,Low,Investigate Booking Conversion,"Demand exists, but no booking is matched to the current check-in demand."
4921378,0.3147830790881067,0.3253181969469303,0.3147830790881067,0.508640293884672,178.0,45.0,2026-08-04 22:03:21,Tonfern Hotel Khonkaen,49,2,2026-08-04 20:33:04,2026-08-05,27.46,Khon Kaen,KA,Upper Isan - East,Not Mapped,Mapped,92440.0,37.0,1021.0,178.0,0.0,,,0.0,15.0,,0,0.1743388834476004,0.0,1.43,1.25,0,100,50.0,6.58,21.62,710,Low,Map Hotel to Agoda,"Demand exists, but hotel-level mapping is missing on Agoda."
5101798,0.3995272254579382,0.4124849865411497,0.3995272254579382,0.5083804884979348,456.0,279.0,2026-08-04 23:33:09,The Monkey Hotel and Residence,10,1,2026-08-04 22:18:28,2026-08-09,27.24,Lop Buri,KA,Lower Isan - Central,Mapped,Unknown,114321.0,40.0,452.5,456.0,0.0,,,0.0,0.0,,0,1.0077348066298342,0.0,1.77,1.35,100,0,50.0,6.74,21.62,711,Low,Investigate Booking Conversion,"Demand exists, but no booking is matched to the current check-in demand."
65491,0.3598452257186304,0.3883750666746592,0.3598452257186304,0.5123904298642104,158.0,81.0,2026-08-04 19:05:32,Bed Hub Hotel,20,1,2026-08-04 18:21:46,2026-08-04,26.59,Phichit,KA,North,Mapped,Not Mapped,220017.0,0.0,178.0,158.0,0.0,,,0.0,0.0,,0,0.8876404494382022,0.0,3.4,0.0,100,0,50.0,7.02,21.61,712,Low,Investigate Booking Conversion,"Demand exists, but no booking is matched to the current check-in demand."
183209,0.3399556266467096,0.3399556266467096,0.3399556266467096,0.5112889290131097,31.0,31.0,2026-08-04 19:05:32,Myrrh Hotel Chanthaburi,6,0,,2026-08-07,24.4,Chanthaburi,KA,Upper Isan - East,Mapped,Not Mapped,255267.0,146.0,597.0,31.0,0.0,,,0.0,0.0,,0,0.051926298157453935,0.0,3.94,4.92,100,0,50.0,8.33,21.6,713,Low,Expand to Ctrip,The hotel has demand but is not mapped on Ctrip.
5101529,0.36679098517836467,0.36679098517836467,0.36679098517836467,0.508407129438688,532.0,532.0,2026-08-04 19:05:32,Chuleekorn Residence,6,1,2026-08-04 18:49:41,2026-08-05,25.57,Ubon Ratchathani,KA,Lower Isan - Central,Mapped,Unknown,256424.0,58.0,1555.5,532.0,0.0,,,0.0,0.0,,0,0.34201221472195437,0.0,3.96,1.95,100,0,50.0,7.68,21.59,714,Low,Monitor,No immediate distribution issue requires action.
4884434,0.3828345494812098,0.4046348539446383,0.3828345494812098,0.509307539347791,358.0,68.0,2026-08-04 18:49:41,KOS Hotel Suvarnabhumi Airport,30,2,2026-08-04 18:49:41,2026-08-16,28.45,Bangkok,KA,BKK - Metro - Chon,Mapped,Mapped,987617.0,256.0,1984.5,358.0,0.0,,,0.0,30.0,,0,0.18039808515998992,0.0,15.25,8.62,100,100,100.0,15.9,21.58,715,Low,Investigate Booking Conversion,"Demand exists, but no booking is matched to the current check-in demand."
2008372,0.38969559604013,0.4188406379347384,0.38969559604013,0.5104552451712069,650.0,262.0,2026-08-04 22:03:21,Plaifa Resort Banrai,11,2,2026-08-04 21:48:56,2026-08-10,27.04,Uthai Thani,KA,North,Mapped,Not Mapped,117380.0,42.0,154.0,650.0,0.0,,,0.0,0.0,,0,4.220779220779221,0.0,1.81,1.41,100,0,50.0,6.74,21.58,716,Low,Investigate Booking Conversion,"Demand exists, but no booking is matched to the current check-in demand."
182837,0.4351667844610299,0.4449404534802598,0.4351667844610299,0.50557205541385,3819.0,1878.0,2026-08-04 23:33:09,The Riche Boutique Hotel,45,6,2026-08-04 23:33:09,2026-08-05,32.95,Bangkok,KA,BKK - Metro - Chon,Mapped,Mapped,523392.0,262.0,2851.0,3819.0,3.0,,,0.0,0.0,,0,1.3395299894773764,0.0007855459544383347,8.08,8.82,100,100,100.0,13.28,21.58,717,Low,Monitor,No immediate distribution issue requires action.
4901456,0.36343696092434463,0.41880717265190937,0.36343696092434463,0.5069882664467563,275.0,198.0,2026-08-04 22:51:02,PLAAI Plus Hotel Rayong,21,3,2026-08-04 21:48:56,2026-08-04,26.75,Rayong,KA,Upper Isan - East,Mapped,Mapped,917474.0,447.0,1241.5,275.0,0.0,,,0.0,16.0,0.0275,4,0.22150624244865083,0.0,14.17,15.06,100,100,100.0,16.95,21.57,718,Low,Review Agoda Rate Competitiveness,Agoda reports a price disadvantage; 0% is cheapest.
2000146,0.4129687432039597,0.4607138606434144,0.4129687432039597,0.5055443084857996,2056.0,1418.0,2026-08-04 22:34:47,The Zleep Hotel Chonburi,33,8,2026-08-04 22:18:28,2026-08-05,30.38,Chonburi,KA,BKK - Metro - Chon,Mapped,Mapped,923793.0,157.0,2288.0,2056.0,0.0,0.2011460649047598,0.232058010172484,2.0,2.0,,0,0.8986013986013986,0.0,14.27,5.29,100,100,100.0,14.8,21.57,719,Low,Investigate Booking Conversion,"Demand exists, but no booking is matched to the current check-in demand."
4606562,0.3848536590853269,0.42122476363350164,0.3848536590853269,0.5095186538359786,326.0,152.0,2026-08-04 23:33:09,Holiday Inn and Suites Siracha Laemchabang,28,5,2026-08-04 23:33:09,2026-08-05,28.34,Sriracha,KA,BKK - Metro - Chon,Mapped,Mapped,1262871.0,50.0,2288.0,326.0,0.0,,,0.0,0.0,,0,0.14248251748251747,0.0,19.5,1.68,100,100,100.0,15.92,21.56,720,Low,Investigate Booking Conversion,"Demand exists, but no booking is matched to the current check-in demand."
1000,0.4581317988311366,0.4581317988311366,0.4581317988311366,0.5048933850608393,157.0,157.0,2026-08-04 23:33:09,Sugar Marina Resort Fashion Kata Beach,3,0,,2026-08-06,28.76,Phuket,LT,Upper South,Mapped,Unknown,0.0,0.0,1481.0,157.0,0.0,,,0.0,0.0,,0,0.10600945307224847,0.0,0.0,0.0,100,0,50.0,5.75,21.55,721,Low,Investigate Booking Conversion,"Demand exists, but no booking is matched to the current check-in demand."
4933114,0.33569546971422337,0.34053121476195974,0.33569546971422337,0.5230977080362886,51.0,40.0,2026-08-04 19:05:32,De Botan Bangna,11,0,,2026-08-18,24.95,Bangkok,KA,BKK - Metro - Chon,Not Live,Mapped,731434.0,99.0,2531.5,51.0,0.0,0.2529279630901114,0.2529279630901114,1.0,5.0,,0,0.020146158404108237,0.0,11.3,3.33,40,100,70.0,11.64,21.54,722,Low,Activate Agoda,"Agoda connectivity exists, but the hotel is not live."
5102281,0.4222540428508349,0.4222540428508349,0.4222540428508349,0.5085496149153366,340.0,340.0,2026-08-04 19:05:32,Manditel North Pattaya,15,2,2026-08-04 17:52:50,2026-08-08,28.59,Pattaya,LT,BKK - Metro - Chon,Mapped,Unknown,683.0,0.0,1584.0,340.0,0.0,,,0.0,0.0,0.3697,1,0.21464646464646464,0.0,0.01,0.0,100,0,50.0,5.72,21.52,723,Low,Review Agoda Rate Competitiveness,Agoda reports a price disadvantage; 0% is cheapest.
138005,0.41369339020368023,0.49775089197375455,0.41369339020368023,0.5109282201746302,614.0,249.0,2026-08-04 19:05:32,Tonaoi Grand Hotel,19,1,2026-08-04 16:21:17,2026-08-07,28.75,Hatyai,KA,Lower South - West,Mapped,Mapped,998296.0,209.0,940.0,614.0,0.0,,,0.0,12.0,,0,0.6531914893617021,0.0,15.42,7.04,100,100,100.0,15.57,21.52,724,Low,Investigate Booking Conversion,"Demand exists, but no booking is matched to the current check-in demand."
4220974,0.39713751092749344,0.42765559806387826,0.39713751092749344,0.5104214788405649,882.0,176.0,2026-08-04 19:05:32,U-Thong Hotel,60,3,2026-08-04 09:02:00,2026-08-05,32.05,Phitsanulok,KA,North,Mapped,Mapped,669223.0,201.0,1391.5,882.0,0.0,0.0607574765866559,0.0664361465893376,7.0,21.0,,0,0.6338483650736615,0.0,10.34,6.77,100,100,100.0,13.61,21.52,725,Low,Investigate Booking Conversion,"Demand exists, but no booking is matched to the current check-in demand."
181599,0.42934438746175063,0.43053544571951874,0.42934438746175063,0.5146332894578847,426.0,237.0,2026-08-04 14:04:20,Tamarind Place Phetchabun,6,2,2026-08-04 12:51:31,2026-08-06,28.16,Phetchabun,LT,North,Unknown,Mapped,23128.0,0.0,164.0,426.0,0.0,,,0.0,0.0,,0,2.597560975609756,0.0,0.36,0.0,0,100,50.0,5.81,21.5,726,Low,Investigate Booking Conversion,"Demand exists, but no booking is matched to the current check-in demand."
4939979,0.3990542222177661,0.43587520344923786,0.3990542222177661,0.5089394133126682,275.0,132.0,2026-08-04 16:21:17,Khampu Resident,21,1,2026-08-04 15:52:08,2026-08-06,28.22,Maha Sarakham,KA,Upper Isan - East,Mapped,Not Live,524779.0,17.0,274.0,275.0,0.0,,,0.0,4.0,,0,1.0036496350364963,0.0,8.1,0.57,100,40,70.0,9.86,21.49,727,Low,Investigate Booking Conversion,"Demand exists, but no booking is matched to the current check-in demand."
4857758,0.3862164247601793,0.42596066652361386,0.3862164247601793,0.5116354692324001,448.0,258.0,2026-08-04 19:05:32,The Cape Boutique Hotel,12,0,,2026-08-05,26.96,Udon Thani,KA,Upper Isan - East,Mapped,Not Live,393733.0,211.0,1007.0,448.0,0.0,0.1548393275685755,0.1548393275685755,1.0,1.0,-0.0,1,0.4448857994041708,0.0,6.08,7.11,100,40,70.0,10.57,21.49,728,Low,Investigate Booking Conversion,"Demand exists, but no booking is matched to the current check-in demand."
183672,0.4244294265380324,0.47872482226805413,0.4244294265380324,0.5141402278257915,89.0,61.0,2026-08-04 18:49:41,Banana Resort Sadao,7,0,,2026-08-04,27.95,Songkhla,LT,Lower South - West,Mapped,Not Mapped,29021.0,11.0,940.0,89.0,0.0,,,0.0,0.0,,0,0.09468085106382979,0.0,0.45,0.37,100,0,50.0,5.93,21.49,729,Low,Investigate Booking Conversion,"Demand exists, but no booking is matched to the current check-in demand."
2000291,0.37335901783843994,0.37472629266218993,0.37335901783843994,0.5123102982178129,143.0,77.0,2026-08-04 14:04:20,Lanna Hotel by Kasalong Resort and Spa Pattaya,14,0,,2026-08-04,26.55,Pattaya,LT,BKK - Metro - Chon,Mapped,Not Mapped,120013.0,54.0,2288.0,143.0,0.0,,,0.0,0.0,,0,0.0625,0.0,1.85,1.82,100,0,50.0,6.78,21.48,730,Low,Investigate Booking Conversion,"Demand exists, but no booking is matched to the current check-in demand."
4883863,0.3703710587761098,0.40019385163904964,0.3703710587761098,0.5115497082917457,377.0,130.0,2026-08-04 23:33:09,R2 Hotel Nakhon Phanom,71,4,2026-08-04 20:33:04,2026-08-05,31.89,Nakhon Phanom,KA,Upper Isan - East,Mapped,Mapped,605230.0,251.0,316.0,377.0,0.0,0.0583344923137725,0.1312430614318211,4.0,7.0,,0,1.1930379746835442,0.0,9.35,8.45,100,100,100.0,13.59,21.48,731,Low,Investigate Booking Conversion,"Demand exists, but no booking is matched to the current check-in demand."
4932892,0.2978980008261726,0.3540105089566976,0.2978980008261726,0.5136793050945452,51.0,6.0,2026-08-04 23:33:09,Hotel Wizpark Ratchada,48,0,,2026-08-28,26.75,Ratchaburi,LT,Lower South - West,Mapped,Unknown,142997.0,18.0,1805.5,51.0,0.0,0.2380371837854313,0.3945765062661335,7.0,10.0,,0,0.028247022985322626,0.0,2.21,0.61,100,0,50.0,6.64,21.48,732,Low,Investigate Booking Conversion,"Demand exists, but no booking is matched to the current check-in demand."
63450,0.3453694948940268,0.42632515631073087,0.3453694948940268,0.5076308002013947,544.0,86.0,2026-08-04 18:21:46,The Zen Hotel Yasothon,58,1,2026-08-04 15:52:08,2026-08-05,29.63,Yasothon,KA,Lower Isan - Central,Mapped,Mapped,910418.0,205.0,587.0,544.0,0.0,,,0.0,36.0,,0,0.9267461669505963,0.0,14.06,6.9,100,100,100.0,15.03,21.48,733,Low,Investigate Booking Conversion,"Demand exists, but no booking is matched to the current check-in demand."
63631,0.35065110284204987,0.36690507362641467,0.35065110284204987,0.5191656698823488,41.0,14.0,2026-08-04 19:05:32,Baan Suan Rim Nam Pakchong Resort,35,0,,2026-08-04,27.74,Khaoyai,LT,Lower Isan - Central,Mapped,Not Mapped,46665.0,2.0,1319.0,41.0,0.0,,,0.0,1.0,,0,0.0310841546626232,0.0,0.72,0.07,100,0,50.0,5.93,21.48,734,Low,Investigate Booking Conversion,"Demand exists, but no booking is matched to the current check-in demand."
4885132,0.3271591630379375,0.3333009535297601,0.3271591630379375,0.5139781769911942,116.0,92.0,2026-08-04 22:03:21,Neo Hotel Khonkaen,25,1,2026-08-04 20:33:04,2026-08-05,25.77,Khon Kaen,KA,Upper Isan - East,Not Mapped,Mapped,175006.0,69.0,1021.0,116.0,0.0,,,0.0,0.0,,0,0.11361410381978453,0.0,2.7,2.32,0,100,50.0,7.2,21.47,735,Low,Map Hotel to Agoda,"Demand exists, but hotel-level mapping is missing on Agoda."
746,0.35378784078228553,0.4061348610965656,0.35378784078228553,0.5106171125942038,742.0,151.0,2026-08-04 21:34:17,ibis Huahin,83,7,2026-08-04 09:17:17,2026-08-09,32.46,Hua Hin,KA,Lower South - West,Mapped,Mapped,805415.0,51.0,836.0,742.0,1.0,,,0.0,86.0,,0,0.8875598086124402,0.0013477088948787063,12.44,1.72,100,100,100.0,13.23,21.46,736,Low,Monitor,No immediate distribution issue requires action.
4920736,0.4071084015569874,0.4951982248320497,0.4071084015569874,0.5082083045522157,2159.0,1250.0,2026-08-04 23:03:24,Thapsakae Hotel,42,8,2026-08-04 22:18:28,2026-08-04,31.09,Prachuapkhirikhan,KA,Lower South - West,Mapped,Not Live,221969.0,17.0,531.0,2159.0,0.0,0.1143386447635853,0.141229605238439,3.0,8.0,,0,4.065913370998117,0.0,3.43,0.57,100,40,70.0,8.1,21.46,737,Low,Investigate Booking Conversion,"Demand exists, but no booking is matched to the current check-in demand."
22216,0.4259698143897725,0.4512623226921022,0.4259698143897725,0.5107317999689612,259.0,215.0,2026-08-04 13:52:08,Arawana Regency South Pattaya,11,1,2026-08-04 06:44:52,2026-08-04,28.37,Pattaya,LT,BKK - Metro - Chon,Mapped,Unknown,0.0,0.0,2288.0,259.0,0.0,-0.4464928881384433,-0.41443280283643114,2.0,2.0,,0,0.1131993006993007,0.0,0.0,0.0,100,0,50.0,5.67,21.46,738,Low,Fix Internal Rate Parity,Our rate is more expensive than a comparable partner rate.
5078707,0.42456254855283543,0.42456254855283543,0.42456254855283543,0.5272527540226888,22.0,22.0,2026-08-04 11:51:06,iCheck inn Sky Beach Ao Nang Krabi,4,3,2026-08-04 11:51:06,2026-08-10,27.91,Krabi,LT,Upper South,Mapped,Unknown,4319.0,0.0,149.0,22.0,0.0,,,0.0,0.0,,0,0.1476510067114094,0.0,0.07,0.0,100,0,50.0,5.62,21.45,739,Low,Investigate Booking Conversion,"Demand exists, but no booking is matched to the current check-in demand."
2003095,0.36224676864784544,0.36224676864784544,0.36224676864784544,0.5130546193756379,21.0,21.0,2026-08-04 11:51:06,Yenjit Resort Chachoengsao,2,0,,2026-08-04,24.95,Chachoengsao,KA,Upper Isan - East,Mapped,Not Mapped,281402.0,48.0,831.5,21.0,0.0,,,0.0,0.0,,0,0.025255562236921228,0.0,4.35,1.62,100,0,50.0,7.65,21.44,740,Low,Expand to Ctrip,The hotel has demand but is not mapped on Ctrip.
182993,0.45172367313909617,0.45815119503851703,0.45172367313909617,0.5079998098063584,1970.0,848.0,2026-08-04 22:34:47,Star Convention Hotel Rayong,40,3,2026-08-04 18:21:46,2026-08-06,32.62,Rayong,LT,Upper Isan - East,Mapped,Not Live,78949.0,0.0,1716.0,1970.0,0.0,,,0.0,0.0,0.4235,1,1.148018648018648,0.0,1.22,0.0,100,40,70.0,7.13,21.43,741,Low,Review Agoda Rate Competitiveness,Agoda reports a price disadvantage; 0% is cheapest.
4883880,0.266643286687636,0.266643286687636,0.266643286687636,0.506675611708559,1.0,1.0,2026-08-04 00:03:17,Makhamtao Homestay,1,0,,2026-08-03,20.89,Chainat,LT,Lower Isan - Central,Unknown,Not Live,1850.0,0.0,1.0,1.0,0.0,,,0.0,0.0,,0,1.0,0.0,0.03,0.0,0,40,20.0,4.19,21.43,742,Low,Activate Ctrip,"Ctrip connectivity exists, but the hotel is not live."
4915585,0.3596561420866511,0.3805420090298008,0.3596561420866511,0.5057200814847924,1091.0,167.0,2026-08-04 19:05:32,Huern Kan Thong Hotel,71,3,2026-08-04 19:05:32,2026-08-10,31.56,Phrae,KA,North,Mapped,Mapped,491664.0,364.0,434.0,1091.0,3.0,0.362968361805434,0.3637431247211557,3.0,10.0,0.1429,1,2.513824884792627,0.002749770852428964,7.59,12.26,100,100,100.0,13.78,21.42,743,Low,Review Agoda Rate Competitiveness,Agoda reports a price disadvantage; 0% is cheapest.
63671,0.33887915347933406,0.3587723132114804,0.33887915347933406,0.5079893594570092,558.0,269.0,2026-08-04 14:04:20,SR Residence Hotel Phetchabun,12,0,,2026-08-10,25.02,Phetchabun,KA,North,Mapped,Not Mapped,302070.0,33.0,182.5,558.0,0.0,,,0.0,2.0,,0,3.0575342465753423,0.0,4.67,1.11,100,0,50.0,7.67,21.42,744,Low,Expand to Ctrip,The hotel has demand but is not mapped on Ctrip.
4931868,0.3921512262191976,0.40752483573684894,0.3921512262191976,0.5044117310255578,117.0,75.0,2026-08-04 04:58:51,Metro Link Ratchada Hotel,18,5,2026-08-04 04:29:04,2026-08-04,27.52,Bangkok,LT,BKK - Metro - Chon,Mapped,Unknown,95153.0,0.0,2851.0,117.0,0.0,,,0.0,0.0,,0,0.04103823219922834,0.0,1.47,0.0,100,0,50.0,6.24,21.42,745,Low,Investigate Booking Conversion,"Demand exists, but no booking is matched to the current check-in demand."
5021799,0.3669704183383661,0.42286615466847416,0.3669704183383661,0.5084037701696061,682.0,144.0,2026-08-04 23:33:09,The Brillianest Gallery Hotel Hatyai,38,5,2026-08-04 22:51:02,2026-08-04,28.66,Hatyai,KA,Lower South - West,Mapped,Mapped,1059603.0,152.0,940.0,682.0,2.0,0.081491809885273,0.081491809885273,1.0,60.0,,0,0.725531914893617,0.002932551319648094,16.36,5.12,100,100,100.0,15.45,21.41,746,Low,Monitor,No immediate distribution issue requires action.
25146,0.3876956435345857,0.3891974469062694,0.3876956435345857,0.510028281342061,63.0,24.0,2026-08-04 10:02:48,Amonruk Hotel Phrae 2,18,0,,2026-08-05,27.43,Phrae,LT,North,Mapped,Not Mapped,56888.0,22.0,434.0,63.0,0.0,,,0.0,0.0,,0,0.14516129032258066,0.0,0.88,0.74,100,0,50.0,6.15,21.4,747,Low,Investigate Booking Conversion,"Demand exists, but no booking is matched to the current check-in demand."
5101197,0.31261895763917824,0.3135673297692999,0.31261895763917824,0.5258172837256351,3.0,1.0,2026-08-04 00:03:17,Hilton Garden Inn Rayong,3,0,,2026-08-17,23.31,Rayong,KA,Upper Isan - East,Mapped,Unknown,472295.0,0.0,955.0,3.0,0.0,,,0.0,18.0,,0,0.0031413612565445027,0.0,7.29,0.0,100,0,50.0,8.31,21.4,748,Low,Monitor,No immediate distribution issue requires action.
183414,0.37190526629823706,0.3850868781781937,0.37190526629823706,0.5099978072800164,324.0,75.0,2026-08-04 12:38:07,Clover Hotel Hatyai,19,0,,2026-08-11,26.98,Hatyai,KA,Lower South - West,Mapped,Mapped,1004454.0,321.0,540.0,324.0,0.0,0.078222408539938,0.0839054809470081,3.0,4.0,,0,0.6,0.0,15.51,10.81,100,100,100.0,16.39,21.39,749,Low,Investigate Booking Conversion,"Demand exists, but no booking is matched to the current check-in demand."
2011031,0.3897830102414397,0.4384161325167946,0.3897830102414397,0.5091041750306208,2608.0,998.0,2026-08-04 22:34:47,Latisha Resort,45,7,2026-08-04 22:34:47,2026-08-05,30.83,Lop Buri,KA,Lower Isan - Central,Mapped,Mapped,818202.0,158.0,460.5,2608.0,0.0,0.1508143715692734,0.16090451492668245,4.0,19.0,,0,5.6634093376764385,0.0,12.64,5.32,100,100,100.0,14.08,21.38,750,Low,Investigate Booking Conversion,"Demand exists, but no booking is matched to the current check-in demand."
2011757,0.39841150175248163,0.39841150175248163,0.39841150175248163,0.5092753777667886,28.0,28.0,2026-08-04 23:33:09,Lima Lanna Hotel,3,1,2026-08-04 23:03:24,2026-08-06,26.41,Chiang Mai,LT,North,Mapped,Unknown,77228.0,85.0,1475.5,28.0,0.0,,,0.0,0.0,,0,0.018976618095560827,0.0,1.19,2.86,100,0,50.0,6.74,21.38,751,Low,Investigate Booking Conversion,"Demand exists, but no booking is matched to the current check-in demand."
183524,0.39669979033247527,0.39669979033247527,0.39669979033247527,0.512981364867564,186.0,186.0,2026-08-04 18:36:27,V Residence Nakhonratchasima,5,1,2026-08-04 18:36:27,2026-08-05,26.66,Nakhonratchasima,LT,Lower Isan - Central,Mapped,Not Mapped,69804.0,60.0,1179.0,186.0,0.0,,,0.0,0.0,,0,0.15776081424936386,0.0,1.08,2.02,100,0,50.0,6.48,21.37,752,Low,Investigate Booking Conversion,"Demand exists, but no booking is matched to the current check-in demand."
65568,0.3745346954845701,0.42573246584507074,0.3745346954845701,0.5093300863605439,40.0,28.0,2026-08-04 14:04:20,Samprasob Resort,5,0,,2026-08-15,25.65,Sangkhlaburi,LT,Lower South - West,Not Live,Not Live,4506.0,0.0,162.0,40.0,0.0,,,0.0,12.0,,0,0.24691358024691357,0.0,0.07,0.0,40,40,40.0,5.16,21.37,753,Low,Activate Agoda,"Agoda connectivity exists, but the hotel is not live."
2005402,0.37390608342575987,0.4153819987165045,0.37390608342575987,0.508274634759888,161.0,50.0,2026-08-04 20:47:47,V-Ocean Palace,18,0,,2026-08-15,26.88,Hatyai,LT,Lower South - West,Mapped,Not Mapped,70834.0,50.0,540.0,161.0,0.0,0.2141578198253127,0.2249967085567578,5.0,15.0,,0,0.29814814814814816,0.0,1.09,1.68,100,0,50.0,6.43,21.36,754,Low,Investigate Booking Conversion,"Demand exists, but no booking is matched to the current check-in demand."
4934088,0.3168712995057894,0.32850246593379917,0.3168712995057894,0.521870557326983,48.0,4.0,2026-08-04 18:36:27,Preme Apartment @Maejo,48,0,,2026-08-16,27.68,Chiang Mai,LT,North,Mapped,Unknown,16626.0,0.0,1475.5,48.0,0.0,0.0625834173564309,0.06417006839721434,6.0,12.0,,0,0.0325313453066757,0.0,0.26,0.0,100,0,50.0,5.67,21.36,755,Low,Investigate Booking Conversion,"Demand exists, but no booking is matched to the current check-in demand."
2006014,0.35441048282617055,0.36441825903969866,0.35441048282617055,0.5070977361404374,674.0,455.0,2026-08-04 23:33:09,Jasaen Hotel,36,4,2026-08-04 23:33:09,2026-08-05,27.94,Bangkok,LT,BKK - Metro - Chon,Mapped,Unknown,22117.0,6.0,2851.0,674.0,0.0,,,0.0,0.0,,0,0.23640827779726412,0.0,0.34,0.2,100,0,50.0,5.82,21.36,756,Low,Investigate Booking Conversion,"Demand exists, but no booking is matched to the current check-in demand."
4861280,0.4119608386544448,0.4247470591777105,0.4119608386544448,0.501057498963147,1536.0,643.0,2026-08-04 20:33:04,AK Terrace Hotel,10,0,,2026-08-09,27.91,Saraburi,LT,Lower Isan - Central,Mapped,Unknown,48706.0,0.0,568.5,1536.0,0.0,,,0.0,0.0,,0,2.7018469656992083,0.0,0.75,0.0,100,0,50.0,5.96,21.36,757,Low,Investigate Booking Conversion,"Demand exists, but no booking is matched to the current check-in demand."
43929,0.42127334811166256,0.42127334811166256,0.42127334811166256,0.5093570226520655,29.0,29.0,2026-08-04 18:21:46,RoomQuest Phanat Nikhom,3,0,,2026-08-04,27.33,Chonburi,LT,BKK - Metro - Chon,Mapped,Not Mapped,62881.0,17.0,2288.0,29.0,0.0,,,0.0,0.0,,0,0.012674825174825174,0.0,0.97,0.57,100,0,50.0,6.12,21.35,758,Low,Investigate Booking Conversion,"Demand exists, but no booking is matched to the current check-in demand."
63707,0.41652394604883414,0.4672154982164938,0.41652394604883414,0.512427353110689,1083.0,321.0,2026-08-04 23:18:39,Space59 Hotel,54,4,2026-08-04 22:51:02,2026-08-05,32.36,Ratchaburi,KA,Lower South - West,Mapped,Mapped,517694.0,251.0,715.0,1083.0,3.0,,,0.0,18.0,,0,1.5146853146853148,0.002770083102493075,8.0,8.45,100,100,100.0,13.01,21.34,759,Low,Monitor,No immediate distribution issue requires action.
4536681,0.41081239424206034,0.41236602511224685,0.41081239424206034,0.5065352781938044,136.0,72.0,2026-08-04 16:21:17,J2 Residence Chiang Rai,8,0,,2026-08-07,27.36,Chiang Rai,LT,North,Mapped,Not Mapped,47059.0,29.0,353.0,136.0,0.0,,,0.0,0.0,,0,0.38526912181303113,0.0,0.73,0.98,100,0,50.0,6.13,21.34,760,Low,Investigate Booking Conversion,"Demand exists, but no booking is matched to the current check-in demand."
2000390,0.3939878837990624,0.3964943453276506,0.3939878837990624,0.5056712912541196,570.0,289.0,2026-08-04 17:52:50,Zayn Hotel Bangkok,15,3,2026-08-04 17:52:50,2026-08-05,27.47,Bangkok,KA,BKK - Metro - Chon,Mapped,Not Live,383776.0,159.0,2851.0,570.0,0.0,,,0.0,0.0,,0,0.19992984917572781,0.0,5.93,5.36,100,40,70.0,10.07,21.33,761,Low,Investigate Booking Conversion,"Demand exists, but no booking is matched to the current check-in demand."
181523,0.25779789903447936,0.262298649693706,0.25779789903447936,0.5066349542171573,3.0,2.0,2026-08-04 00:03:17,Chaolao Cabana Resort,2,0,,2026-08-24,20.64,Chanthaburi,,Upper Isan - East,Not Live,Unknown,0.0,0.0,0.0,3.0,0.0,,,0.0,10.0,,0,,0.0,0.0,0.0,40,0,20.0,4.13,21.32,762,Low,Activate Agoda,"Agoda connectivity exists, but the hotel is not live."
387,0.3970533571922261,0.40750004605613066,0.3970533571922261,0.5101549571118027,276.0,72.0,2026-08-04 11:36:45,Riverside Bangkok Hotel,12,7,2026-08-04 11:36:45,2026-08-27,27.31,Bangkok,LT,BKK - Metro - Chon,Mapped,Not Mapped,38121.0,26.0,57.0,276.0,0.0,,,0.0,20.0,,0,4.842105263157895,0.0,0.59,0.88,100,0,50.0,6.02,21.31,763,Low,Investigate Booking Conversion,"Demand exists, but no booking is matched to the current check-in demand."
63451,0.2995730584071437,0.30412626370525403,0.2995730584071437,0.5085451193794982,20.0,8.0,2026-08-04 12:51:31,Greenpark Hotel Kamphaengpet,10,0,,2026-08-07,23.11,Kamphaeng Phet,KA,North,Mapped,Not Mapped,424894.0,67.0,448.0,20.0,0.0,,,0.0,0.0,,0,0.044642857142857144,0.0,6.56,2.26,100,0,50.0,8.58,21.31,764,Low,Expand to Ctrip,The hotel has demand but is not mapped on Ctrip.
4920305,0.4127717295922945,0.4127717295922945,0.4127717295922945,0.510759876736505,68.0,68.0,2026-08-04 21:48:56,Ban Rim Khao Pakchong,11,1,2026-08-04 17:52:50,2026-08-18,27.79,Khaoyai,LT,Lower Isan - Central,Mapped,Not Mapped,21142.0,1.0,799.5,68.0,0.0,0.4815234955741028,0.4815234955741028,1.0,1.0,,0,0.08505315822388994,0.0,0.33,0.03,100,0,50.0,5.73,21.31,765,Low,Investigate Booking Conversion,"Demand exists, but no booking is matched to the current check-in demand."
2004350,0.36321484136579396,0.3657886916110707,0.36321484136579396,0.5053168568169588,454.0,120.0,2026-08-04 18:49:41,Nunglen Hotel,19,1,2026-08-04 18:06:03,2026-08-08,26.57,Chonburi,LT,BKK - Metro - Chon,Mapped,Not Mapped,121455.0,30.0,1645.0,454.0,0.0,,,0.0,0.0,,0,0.27598784194528875,0.0,1.88,1.01,100,0,50.0,6.56,21.3,766,Low,Investigate Booking Conversion,"Demand exists, but no booking is matched to the current check-in demand."
181454,0.3747042991874788,0.37684069678034665,0.3747042991874788,0.5113008486382257,307.0,154.0,2026-08-04 19:05:32,WeRest Hotel,12,0,,2026-08-04,26.45,Khon Kaen,LT,Upper Isan - East,Mapped,Not Mapped,127657.0,18.0,1025.5,307.0,0.0,,,0.0,0.0,,0,0.29936616284739154,0.0,1.97,0.61,100,0,50.0,6.46,21.28,767,Low,Investigate Booking Conversion,"Demand exists, but no booking is matched to the current check-in demand."
4636,0.38352223410029423,0.3916856973981338,0.38352223410029423,0.5101748530422515,839.0,571.0,2026-08-04 21:34:17,Curve Boutique Hotel,19,0,,2026-08-05,27.6,Pattaya,LT,BKK - Metro - Chon,Mapped,Unknown,32938.0,2.0,2288.0,839.0,0.0,,,0.0,0.0,,0,0.3666958041958042,0.0,0.51,0.07,100,0,50.0,5.8,21.28,768,Low,Investigate Booking Conversion,"Demand exists, but no booking is matched to the current check-in demand."
5012144,0.4084644263423923,0.4084644263423923,0.4084644263423923,0.5186517711852476,74.0,74.0,2026-08-04 19:05:32,Baanpak Reun Mai Horm Sadao,8,0,,2026-08-04,27.49,Songkhla,LT,Lower South - West,Not Mapped,Mapped,12342.0,10.0,940.0,74.0,0.0,,,0.0,0.0,,0,0.07872340425531915,0.0,0.19,0.34,0,100,50.0,5.7,21.28,769,Low,Map Hotel to Agoda,"Demand exists, but hotel-level mapping is missing on Agoda."
2012695,0.3626222838749969,0.39293587199043534,0.3626222838749969,0.5098480848467521,212.0,107.0,2026-08-04 19:05:32,The 8 Hotel Udonthani,26,1,2026-08-04 00:03:17,2026-08-04,27.23,Udon Thani,KA,Upper Isan - East,Mapped,Mapped,740100.0,479.0,950.0,212.0,0.0,0.1303968465268857,0.1370935869940316,4.0,24.0,,0,0.2231578947368421,0.0,11.43,16.13,100,100,100.0,16.0,21.27,770,Low,Investigate Booking Conversion,"Demand exists, but no booking is matched to the current check-in demand."
183666,0.35904336285522803,0.35904336285522803,0.35904336285522803,0.5045124572454547,47.0,47.0,2026-08-04 10:02:48,Phukaning Hotel,6,1,2026-08-04 09:50:43,2026-08-04,25.03,Udon Thani,LT,Upper Isan - East,Mapped,Not Mapped,250621.0,47.0,950.0,47.0,0.0,,,0.0,0.0,,0,0.049473684210526316,0.0,3.87,1.58,100,0,50.0,7.42,21.26,771,Low,Expand to Ctrip,The hotel has demand but is not mapped on Ctrip.
2006389,0.38016681976376054,0.38016681976376054,0.38016681976376054,0.5003697584312932,229.0,229.0,2026-08-04 12:51:31,Eitanic Resort Ratchaburi,4,0,,2026-08-08,25.66,Ratchaburi,KA,Lower South - West,Mapped,Not Mapped,251708.0,2.0,96.5,229.0,0.0,,,0.0,0.0,,0,2.373056994818653,0.0,3.89,0.07,100,0,50.0,7.1,21.25,772,Low,Expand to Ctrip,The hotel has demand but is not mapped on Ctrip.
5102449,0.4181619327473407,0.42976108586420453,0.4181619327473407,0.5083639900615864,204.0,156.0,2026-08-04 17:52:50,Wish Resident Ubonratchathani,8,2,2026-08-04 15:36:41,2026-08-04,27.71,Ubon Ratchathani,LT,Lower Isan - Central,Mapped,Unknown,6474.0,12.0,787.5,204.0,0.0,,,0.0,0.0,,0,0.259047619047619,0.0,0.1,0.4,100,0,50.0,5.71,21.25,773,Low,Investigate Booking Conversion,"Demand exists, but no booking is matched to the current check-in demand."
2091,0.4305309708825416,0.4305309708825416,0.4305309708825416,0.5225434314210928,46.0,46.0,2026-08-04 16:21:17,Crystal Hotel Hat Yai,4,0,,2026-08-31,28.07,Hatyai,KA,Lower South - West,Mapped,Mapped,899690.0,260.0,0.0,46.0,0.0,,,0.0,2.0,,0,,0.0,13.9,8.76,100,100,100.0,15.19,21.24,774,Low,Investigate Booking Conversion,"Demand exists, but no booking is matched to the current check-in demand."
5101931,0.33903369236634956,0.37107788721711704,0.33903369236634956,0.5301889883898316,19.0,10.0,2026-08-04 17:52:50,Samutprakarn Hotel,13,0,,2026-08-13,25.4,Samut Prakan,KA,BKK - Metro - Chon,Mapped,Unknown,152679.0,35.0,900.0,19.0,0.0,,,0.0,4.0,,0,0.021111111111111112,0.0,2.36,1.18,100,0,50.0,6.61,21.23,775,Low,Monitor,No immediate distribution issue requires action.
4935227,0.3367854685422744,0.3480040718701994,0.3367854685422744,0.5066331702655711,769.0,154.0,2026-08-04 21:34:17,Nysa Hotel Bangkok,43,0,,2026-08-29,27.91,Bangkok,LT,BKK - Metro - Chon,Mapped,Unknown,0.0,0.0,73.5,769.0,2.0,,,0.0,36.0,,0,10.462585034013605,0.002600780234070221,0.0,0.0,100,0,50.0,5.58,21.23,776,Low,Monitor,No immediate distribution issue requires action.
63314,0.3202035184981368,0.341151195684414,0.3202035184981368,0.5081851813178913,17.0,11.0,2026-08-04 20:47:47,At Muangploy Resort,5,0,,2026-08-16,23.45,Kanchanaburi,KA,Lower South - West,Mapped,Not Mapped,330836.0,95.0,637.0,17.0,0.0,,,0.0,3.0,,0,0.026687598116169546,0.0,5.11,3.2,100,0,50.0,8.2,21.22,777,Low,Expand to Ctrip,The hotel has demand but is not mapped on Ctrip.
4922548,0.38164181252978374,0.38825527737095866,0.38164181252978374,0.5087712820192699,82.0,43.0,2026-08-04 14:04:20,Sena House Lamlukka Klong2,10,0,,2026-08-08,26.41,Pathum Thani,KA,BKK - Metro - Chon,Mapped,Unknown,139854.0,0.0,417.5,82.0,0.0,,,0.0,0.0,,0,0.19640718562874251,0.0,2.16,0.0,100,0,50.0,6.36,21.19,778,Low,Investigate Booking Conversion,"Demand exists, but no booking is matched to the current check-in demand."
63477,0.39992728935492794,0.4308882621167434,0.39992728935492794,0.5104120488344736,101.0,44.0,2026-08-04 14:04:20,Riverine Place Hotel and Residence,14,0,,2026-08-08,27.56,Nonthaburi,LT,BKK - Metro - Chon,Mapped,Not Mapped,14993.0,0.0,381.0,101.0,0.0,,,0.0,4.0,,0,0.2650918635170604,0.0,0.23,0.0,100,0,50.0,5.63,21.19,779,Low,Investigate Booking Conversion,"Demand exists, but no booking is matched to the current check-in demand."
4932338,0.38159655256272784,0.4116548992846996,0.38159655256272784,0.514481027125375,29.0,16.0,2026-08-04 23:03:24,Wangkaew Suite Hotel,14,1,2026-08-04 22:18:28,2026-08-16,26.89,Phitsanulok,LT,North,Not Mapped,Mapped,41982.0,21.0,760.0,29.0,0.0,,,0.0,4.0,,0,0.038157894736842106,0.0,0.65,0.71,0,100,50.0,5.92,21.17,780,Low,Map Hotel to Agoda,"Demand exists, but hotel-level mapping is missing on Agoda."
4934085,0.3873510389385639,0.4512919625663777,0.3873510389385639,0.5107991265082764,472.0,237.0,2026-08-04 16:21:17,La Pino Hotel,12,2,2026-08-04 16:06:46,2026-08-07,26.99,Songkhla,LT,Lower South - West,Mapped,Unknown,68153.0,0.0,662.0,472.0,0.0,-0.1740763932373199,-0.1740763932373199,1.0,3.0,0.236,1,0.7129909365558912,0.0,1.05,0.0,100,0,50.0,5.92,21.17,781,Low,Fix Internal Rate Parity,Our rate is more expensive than a comparable partner rate.
2000851,0.41855511361829495,0.41855511361829495,0.41855511361829495,0.519065789543624,18.0,18.0,2026-08-04 12:38:07,Leamsing Natural Beach Resort,3,0,,2026-08-04,27.41,Chanthaburi,LT,Upper Isan - East,Mapped,Unknown,4067.0,0.0,1086.0,18.0,0.0,,,0.0,0.0,,0,0.016574585635359115,0.0,0.06,0.0,100,0,50.0,5.51,21.17,782,Low,Investigate Booking Conversion,"Demand exists, but no booking is matched to the current check-in demand."
4711584,0.39281862832843767,0.40096836803042923,0.39281862832843767,0.5120836466248305,266.0,140.0,2026-08-04 12:51:31,Tokyo Hotel Korat,10,1,2026-08-04 01:30:42,2026-08-06,26.98,Nakhonratchasima,LT,Lower Isan - Central,Mapped,Unknown,32622.0,26.0,1179.0,266.0,0.0,,,0.0,0.0,,0,0.22561492790500423,0.0,0.5,0.88,100,0,50.0,5.91,21.17,783,Low,Investigate Booking Conversion,"Demand exists, but no booking is matched to the current check-in demand."
63444,0.4157180799518844,0.4485630531217577,0.4157180799518844,0.5161408735438875,298.0,194.0,2026-08-04 23:33:09,M2 Hotel Phayao,17,1,2026-08-04 15:36:41,2026-08-06,28.65,Phayao,KA,North,Mapped,Mapped,796794.0,292.0,478.5,298.0,0.0,,,0.0,2.0,,0,0.6227795193312434,0.0,12.31,9.83,100,100,100.0,14.83,21.17,784,Low,Investigate Booking Conversion,"Demand exists, but no booking is matched to the current check-in demand."
4914177,0.322932293981829,0.33579799905282093,0.322932293981829,0.5159278125120066,25.0,19.0,2026-08-04 22:34:47,The Peem by SP Hotel,16,0,,2026-08-12,24.76,Nakhon Nayok,KA,Lower Isan - Central,Mapped,Not Mapped,238355.0,36.0,265.0,25.0,0.0,,,0.0,1.0,,0,0.09433962264150944,0.0,3.68,1.21,100,0,50.0,7.16,21.16,785,Low,Expand to Ctrip,The hotel has demand but is not mapped on Ctrip.
2006630,0.4057797336393072,0.4167886578755377,0.4057797336393072,0.4992593041734871,693.0,453.0,2026-08-04 16:21:17,Buritel Hotel,7,0,,2026-08-10,27.09,Buriram,LT,Lower Isan - Central,Mapped,Unknown,58021.0,22.0,504.5,693.0,0.0,,,0.0,0.0,,0,1.373637264618434,0.0,0.9,0.74,100,0,50.0,6.09,21.16,786,Low,Investigate Booking Conversion,"Demand exists, but no booking is matched to the current check-in demand."
5101742,0.3328429852844371,0.3328429852844371,0.3328429852844371,0.5140435928804232,21.0,21.0,2026-08-04 14:04:20,Miloft Suvarnabhumi Airport Hotel,2,0,,2026-08-22,23.79,Bangkok,KA,BKK - Metro - Chon,Mapped,Unknown,193405.0,147.0,42.0,21.0,0.0,,,0.0,2.0,,0,0.5,0.0,2.99,4.95,100,0,50.0,7.74,21.15,787,Low,Monitor,No immediate distribution issue requires action.
4934106,0.3793815550476949,0.3793815550476949,0.3793815550476949,0.5054141760599196,178.0,178.0,2026-08-04 16:21:17,Phunumfha Hotel,4,0,,2026-08-07,25.72,Khon Kaen,KA,Upper Isan - East,Mapped,Unknown,84589.0,93.0,480.5,178.0,0.0,,,0.0,0.0,,0,0.3704474505723205,0.0,1.31,3.13,100,0,50.0,6.74,21.14,788,Low,Monitor,No immediate distribution issue requires action.
2006452,0.35068350136707777,0.43585652715228984,0.35068350136707777,0.5096932354188928,188.0,139.0,2026-08-04 23:03:24,My Room Ratchaburi​,23,0,,2026-08-15,26.46,Ratchaburi,LT,Lower South - West,Mapped,Not Mapped,109714.0,1.0,182.0,188.0,0.0,,,0.0,9.0,,0,1.032967032967033,0.0,1.69,0.03,100,0,50.0,6.15,21.11,789,Low,Investigate Booking Conversion,"Demand exists, but no booking is matched to the current check-in demand."
4543017,0.39004152127369623,0.4531462248734692,0.39004152127369623,0.511105328563679,191.0,72.0,2026-08-04 21:34:17,K2 Green Hotel Suphan,21,4,2026-08-04 20:47:47,2026-08-06,27.87,Suphan Buri,KA,Lower Isan - Central,Mapped,Mapped,939837.0,239.0,313.5,191.0,0.0,,,0.0,2.0,,0,0.6092503987240829,0.0,14.52,8.05,100,100,100.0,15.25,21.1,790,Low,Investigate Booking Conversion,"Demand exists, but no booking is matched to the current check-in demand."
770,0.3628249812768023,0.36678633237376274,0.3628249812768023,0.5071690257108603,315.0,118.0,2026-08-04 23:33:09,Hua Hin Loft,29,0,,2026-08-07,27.5,Hua Hin,LT,Lower South - West,Mapped,Unknown,0.0,0.0,842.5,315.0,0.0,,,0.0,0.0,,0,0.37388724035608306,0.0,0.0,0.0,100,0,50.0,5.5,21.07,791,Low,Investigate Booking Conversion,"Demand exists, but no booking is matched to the current check-in demand."
4884784,0.4132722835373795,0.4577288870384654,0.4132722835373795,0.5129739598745667,341.0,78.0,2026-08-04 20:47:47,VELA Dhi Udon Thani,25,4,2026-08-04 20:33:04,2026-08-16,29.26,Udon Thani,KA,Upper Isan - East,Mapped,Mapped,790959.0,234.0,872.0,341.0,0.0,,,0.0,20.0,0.3396,3,0.39105504587155965,0.0,12.22,7.88,100,100,100.0,14.33,21.07,792,Low,Review Agoda Rate Competitiveness,Agoda reports a price disadvantage; 0% is cheapest.
183186,0.32661233946909424,0.32661233946909424,0.32661233946909424,0.5262346726811566,3.0,3.0,2026-08-04 12:38:07,Shinnabhura Historic Boutique Hotel,3,0,,2026-08-06,23.87,Phitsanulok,LT,North,Not Live,Not Live,63173.0,0.0,930.5,3.0,0.0,,,0.0,0.0,,0,0.0032240730789897904,0.0,0.98,0.0,40,40,40.0,5.26,21.06,793,Low,Activate Agoda,"Agoda connectivity exists, but the hotel is not live."
2007760,0.3760693478298821,0.38104293147236695,0.3760693478298821,0.5066060458439152,154.0,117.0,2026-08-04 19:05:32,The 8 Factory Hotel,9,0,,2026-08-05,26.07,Phitsanulok,KA,North,Mapped,Unknown,125697.0,16.0,1391.5,154.0,0.0,,,0.0,0.0,,0,0.11067193675889328,0.0,1.94,0.54,100,0,50.0,6.35,21.06,794,Low,Investigate Booking Conversion,"Demand exists, but no booking is matched to the current check-in demand."
4932895,0.37926805643887396,0.3802805539901382,0.37926805643887396,0.5112437766399195,489.0,261.0,2026-08-04 10:02:48,Kritsada mansion Hatyai,4,0,,2026-08-09,25.92,Hatyai,KA,Lower South - West,Mapped,Unknown,85236.0,50.0,686.0,489.0,0.0,,,0.0,0.0,,0,0.7128279883381924,0.0,1.32,1.68,100,0,50.0,6.35,21.06,795,Low,Monitor,No immediate distribution issue requires action.
65067,0.35782237822834495,0.3877117301793073,0.35782237822834495,0.5106350941541136,182.0,60.0,2026-08-04 16:21:17,Theorie Hotel Sukhumvit 107,14,4,2026-08-04 15:36:41,2026-08-27,25.91,Samut Prakan,LT,BKK - Metro - Chon,Mapped,Not Mapped,150398.0,1.0,25.5,182.0,0.0,,,0.0,8.0,,0,7.137254901960785,0.0,2.32,0.03,100,0,50.0,6.35,21.05,796,Low,Expand to Ctrip,The hotel has demand but is not mapped on Ctrip.
4920366,0.3851506108433842,0.3874261245367296,0.3851506108433842,0.5090501694665418,425.0,161.0,2026-08-04 19:05:32,Travelodge Phuket Town,18,0,,2026-08-14,27.42,Phuket,KA,Upper South,Mapped,Mapped,1200536.0,69.0,1343.0,425.0,0.0,,,0.0,24.0,,0,0.31645569620253167,0.0,18.54,2.32,100,100,100.0,15.45,21.04,797,Low,Investigate Booking Conversion,"Demand exists, but no booking is matched to the current check-in demand."
4726353,0.41783673644753855,0.41783673644753855,0.41783673644753855,0.5088195037146032,29.0,29.0,2026-08-04 15:36:41,ABIZZ Hotel Lampang,3,1,2026-08-04 13:52:08,2026-08-06,27.18,Lampang,KA,North,Mapped,Mapped,1285960.0,21.0,287.0,29.0,0.0,,,0.0,0.0,,0,0.10104529616724739,0.0,19.86,0.71,100,100,100.0,15.58,21.03,798,Low,Investigate Booking Conversion,"Demand exists, but no booking is matched to the current check-in demand."
182985,0.32658474224656264,0.32658474224656264,0.32658474224656264,0.5346958215681119,11.0,11.0,2026-08-04 16:21:17,The Rama Hotel,11,0,,2026-08-05,24.8,Chiang Rai,LT,North,Mapped,Not Mapped,104575.0,70.0,880.5,11.0,0.0,,,0.0,0.0,,0,0.01249290176036343,0.0,1.62,2.36,100,0,50.0,6.48,21.03,799,Low,Expand to Ctrip,The hotel has demand but is not mapped on Ctrip.
4543135,0.36745484636156106,0.43718177741500014,0.36745484636156106,0.5093303687044487,126.0,87.0,2026-08-04 23:33:09,Bara Bara Budget Satun,7,0,,2026-08-07,25.59,Satun,LT,Upper South,Mapped,Not Mapped,114665.0,51.0,64.0,126.0,0.0,,,0.0,1.0,,0,1.96875,0.0,1.77,1.72,100,0,50.0,6.52,21.03,800,Low,Expand to Ctrip,The hotel has demand but is not mapped on Ctrip.
183654,0.36460895689985984,0.3946706992531946,0.36460895689985984,0.5067048416966362,78.0,34.0,2026-08-04 20:47:47,Simon Inn Saraburi,19,0,,2026-08-04,26.54,Saraburi,KA,Lower Isan - Central,Mapped,Mapped,954443.0,328.0,568.5,78.0,0.0,,,0.0,3.0,,0,0.13720316622691292,0.0,14.74,11.05,100,100,100.0,15.99,21.03,801,Low,Investigate Booking Conversion,"Demand exists, but no booking is matched to the current check-in demand."
2007026,0.48391549042452364,0.5530440975626226,0.48391549042452364,0.515741885359791,2261.0,1964.0,2026-08-04 23:33:09,The Vista Hotel By Satit Group,13,2,2026-08-04 22:03:21,2026-08-06,31.59,Songkhla,KA,Lower South - West,Mapped,Mapped,392648.0,339.0,1150.5,2261.0,0.0,0.097003310066118,0.1108607250809053,2.0,9.0,0.0598,1,1.965232507605389,0.0,6.06,11.42,100,100,100.0,12.77,21.02,802,Low,Review Agoda Rate Competitiveness,Agoda reports a price disadvantage; 0% is cheapest.
4915551,0.28461347326630515,0.28461347326630515,0.28461347326630515,0.5060778551435638,15.0,15.0,2026-08-04 14:04:20,D5 Gold Hotel Nong Kakha,15,0,,2026-08-05,22.93,Chonburi,KA,BKK - Metro - Chon,Mapped,Not Mapped,455725.0,3.0,1645.0,15.0,0.0,,,0.0,0.0,,0,0.00911854103343465,0.0,7.04,0.1,100,0,50.0,8.14,21.01,803,Low,Expand to Ctrip,The hotel has demand but is not mapped on Ctrip.
2000022,0.32881155684878755,0.3344612157737965,0.32881155684878755,0.5079344514693339,1061.0,136.0,2026-08-04 19:05:32,Le Siam Hotel Silom Bangkok,60,0,,2026-08-29,29.32,Bangkok,LT,BKK - Metro - Chon,Mapped,Not Live,215264.0,71.0,73.5,1061.0,0.0,,,0.0,20.0,,0,14.435374149659864,0.0,3.32,2.39,100,40,70.0,8.24,21.0,804,Low,Investigate Booking Conversion,"Demand exists, but no booking is matched to the current check-in demand."
4884380,0.2918296834918571,0.2923887788882763,0.2918296834918571,0.5065642434851756,8.0,4.0,2026-08-04 16:21:17,Fullroom 77 Srinakarin,8,0,,2026-08-28,22.57,Samut Prakan,KA,BKK - Metro - Chon,Mapped,Not Live,853916.0,120.0,25.5,8.0,0.0,,,0.0,10.0,,0,0.3137254901960784,0.0,13.19,4.04,100,40,70.0,12.32,21.0,805,Low,Activate Ctrip,"Ctrip connectivity exists, but the hotel is not live."
4920954,0.4157258676823248,0.41891396297258837,0.4157258676823248,0.5103649168386516,244.0,86.0,2026-08-04 23:33:09,Newman Hotel Donmuaeng,9,3,2026-08-04 23:03:24,2026-08-07,27.76,Pathum Thani,KA,BKK - Metro - Chon,Mapped,Mapped,737078.0,386.0,417.5,244.0,1.0,,,0.0,0.0,,0,0.5844311377245509,0.004098360655737705,11.38,13.0,100,100,100.0,15.14,21.0,806,Low,Monitor,No immediate distribution issue requires action.
181562,0.3531408888138711,0.3531408888138711,0.3531408888138711,0.5306316539947173,17.0,17.0,2026-08-04 23:33:09,On Green Resort Phetchaburi,9,0,,2026-08-04,25.6,Phetchaburi,LT,Lower South - West,Mapped,Not Mapped,80403.0,26.0,953.0,17.0,0.0,,,0.0,0.0,,0,0.017838405036726127,0.0,1.24,0.88,100,0,50.0,6.0,20.99,807,Low,Expand to Ctrip,The hotel has demand but is not mapped on Ctrip.
5102086,0.3798945798714134,0.43702148348137687,0.3798945798714134,0.5132869720542794,670.0,663.0,2026-08-04 23:33:09,The Bunchoo city,9,2,2026-08-04 22:03:21,2026-08-08,26.52,Khon Kaen,LT,Upper Isan - East,Not Mapped,Mapped,52579.0,10.0,724.5,670.0,0.0,,,0.0,2.0,,0,0.9247757073844031,0.0,0.81,0.34,0,100,50.0,5.81,20.99,808,Low,Map Hotel to Agoda,"Demand exists, but hotel-level mapping is missing on Agoda."
4920765,0.3906699950922513,0.42264195454867565,0.3906699950922513,0.5116228323189866,206.0,172.0,2026-08-04 19:05:32,PK Garden Hotel Yasothon,12,0,,2026-08-06,27.06,Yasothon,LT,Lower Isan - Central,Mapped,Not Mapped,5276.0,5.0,462.5,206.0,0.0,,,0.0,0.0,,0,0.4454054054054054,0.0,0.08,0.17,100,0,50.0,5.5,20.99,809,Low,Investigate Booking Conversion,"Demand exists, but no booking is matched to the current check-in demand."
63699,0.33327185558446115,0.3408676319236925,0.33327185558446115,0.5063671420434894,634.0,308.0,2026-08-04 18:49:41,My Garden Serviced Apartment,23,0,,2026-08-04,25.83,Samut Songkhram,KA,Lower South - West,Mapped,Not Mapped,145286.0,5.0,710.0,634.0,0.0,,,0.0,0.0,,0,0.8929577464788733,0.0,2.24,0.17,100,0,50.0,6.34,20.98,810,Low,Expand to Ctrip,The hotel has demand but is not mapped on Ctrip.
4883670,0.2841612378404299,0.293895981658885,0.2841612378404299,0.5098805804276638,8.0,6.0,2026-08-04 23:33:09,Plaitawan Apartment,8,0,,2026-08-29,22.32,Saraburi,KA,Lower Isan - Central,Not Mapped,Mapped,440069.0,51.0,522.5,8.0,0.0,,,0.0,1.0,,0,0.015311004784688996,0.0,6.8,1.72,0,100,50.0,8.38,20.98,811,Low,Map Hotel to Agoda,"Demand exists, but hotel-level mapping is missing on Agoda."
183135,0.3378643660158212,0.34150725514628777,0.3378643660158212,0.513593802274375,38.0,27.0,2026-08-04 21:48:56,Baan Klang Suan Resort Chumphon,8,0,,2026-08-04,24.56,Chumphon,KA,Upper South,Mapped,Not Mapped,234064.0,21.0,847.5,38.0,0.0,,,0.0,13.0,,0,0.044837758112094395,0.0,3.61,0.71,100,0,50.0,6.93,20.97,812,Low,Expand to Ctrip,The hotel has demand but is not mapped on Ctrip.
174258,0.3466549210905979,0.3466549210905979,0.3466549210905979,0.5093147462089707,4.0,4.0,2026-08-04 00:03:17,Bestiny Hotel and Restaurant Nongphai,1,0,,2026-08-03,24.15,Phetchabun,KA,North,Mapped,Not Mapped,177063.0,106.0,17.0,4.0,0.0,,,0.0,0.0,,0,0.23529411764705882,0.0,2.73,3.57,100,0,50.0,7.27,20.97,813,Low,Expand to Ctrip,The hotel has demand but is not mapped on Ctrip.
4606493,0.3799880549433131,0.3953432236529701,0.3799880549433131,0.521565711516177,55.0,20.0,2026-08-04 23:03:24,Boondara Boutique Hotel,42,4,2026-08-04 21:48:56,2026-08-05,29.63,Nakhon Phanom,KA,Upper Isan - East,Mapped,Mapped,998119.0,10.0,316.0,55.0,0.0,,,0.0,0.0,,0,0.17405063291139242,0.0,15.42,0.34,100,100,100.0,13.74,20.97,814,Low,Investigate Booking Conversion,"Demand exists, but no booking is matched to the current check-in demand."
5394,0.43380821523273244,0.4893816529059764,0.43380821523273244,0.5092818896940197,1428.0,380.0,2026-08-04 23:33:09,The Bazaar Hotel Bangkok,30,3,2026-08-04 23:33:09,2026-08-06,30.82,Bangkok,KA,BKK - Metro - Chon,Mapped,Mapped,604124.0,238.0,2851.0,1428.0,0.0,,,0.0,9.0,,0,0.5008768853034024,0.0,9.33,8.02,100,100,100.0,13.24,20.96,815,Low,Investigate Booking Conversion,"Demand exists, but no booking is matched to the current check-in demand."
182938,0.3544007363532411,0.3544007363532411,0.3544007363532411,0.5151514024665117,45.0,45.0,2026-08-04 16:21:17,Sirin Boutique Nakhonratchasima,6,0,,2026-08-04,25.06,Nakhonratchasima,LT,Lower Isan - Central,Mapped,Not Mapped,94257.0,83.0,1319.0,45.0,0.0,,,0.0,0.0,,0,0.03411675511751327,0.0,1.46,2.8,100,0,50.0,6.58,20.96,816,Low,Expand to Ctrip,The hotel has demand but is not mapped on Ctrip.
43847,0.39470514105915344,0.41817774106558353,0.39470514105915344,0.505861900160854,791.0,230.0,2026-08-04 23:03:24,The Y Residence,39,3,2026-08-04 20:47:47,2026-08-08,29.84,Chiang Mai,KA,North,Mapped,Mapped,852174.0,133.0,1475.5,791.0,0.0,,,0.0,3.0,,0,0.5360894611995933,0.0,13.16,4.48,100,100,100.0,13.89,20.96,817,Low,Investigate Booking Conversion,"Demand exists, but no booking is matched to the current check-in demand."
1230,0.364762289607146,0.3720918035942366,0.364762289607146,0.509382008722074,286.0,118.0,2026-08-04 17:52:50,Sleep With Me Hotel design hotel @ Patong,24,0,,2026-09-02,27.14,Phuket,LT,Upper South,Mapped,Unknown,0.0,0.0,4.0,286.0,0.0,,,0.0,6.0,,0,71.5,0.0,0.0,0.0,100,0,50.0,5.43,20.95,818,Low,Investigate Booking Conversion,"Demand exists, but no booking is matched to the current check-in demand."
183396,0.36305904168692427,0.3826004409254732,0.36305904168692427,0.5121624195012688,877.0,304.0,2026-08-04 10:02:48,Beloft Hotel Nakhonsithammarat,16,0,,2026-08-25,26.55,Nakhon Si Thammarat,LT,Lower South - West,Mapped,Not Mapped,54907.0,0.0,961.5,877.0,0.0,,,0.0,6.0,,0,0.9121164846593863,0.0,0.85,0.0,100,0,50.0,5.74,20.95,819,Low,Investigate Booking Conversion,"Demand exists, but no booking is matched to the current check-in demand."
183003,0.44691185284362933,0.44691185284362933,0.44691185284362933,0.5125438130382398,621.0,621.0,2026-08-04 20:33:04,Skyview Hotel & Resort Buriram,9,1,2026-08-04 20:33:04,2026-08-04,29.17,Buriram,KA,Lower Isan - Central,Mapped,Not Live,188944.0,83.0,504.5,621.0,0.0,,,0.0,0.0,,0,1.2309217046580774,0.0,2.92,2.8,100,40,70.0,8.13,20.94,820,Low,Investigate Booking Conversion,"Demand exists, but no booking is matched to the current check-in demand."
4942047,0.3842725675055938,0.40604841512041345,0.3842725675055938,0.506501309502282,1357.0,373.0,2026-08-04 11:51:06,The 29 Place,8,2,2026-08-04 11:51:06,2026-08-08,26.67,Nakhonratchasima,LT,Lower Isan - Central,Mapped,Unknown,24170.0,20.0,1179.0,1357.0,0.0,,,0.0,0.0,,0,1.1509754028837997,0.0,0.37,0.67,100,0,50.0,5.72,20.93,821,Low,Investigate Booking Conversion,"Demand exists, but no booking is matched to the current check-in demand."
437,0.31581984693503606,0.32527717130687145,0.31581984693503606,0.5071839752677383,180.0,120.0,2026-08-04 10:02:48,Convenient Park Bangkok Sukhumvit,9,0,,2026-08-20,23.68,Bangkok,KA,BKK - Metro - Chon,Mapped,Mapped,1405363.0,190.0,81.0,180.0,0.0,,,0.0,6.0,,0,2.2222222222222223,0.0,21.7,6.4,100,100,100.0,17.51,20.93,822,Low,Monitor,No immediate distribution issue requires action.
2008649,0.3441817302730299,0.37528682738406144,0.3441817302730299,0.509600588567988,385.0,102.0,2026-08-04 19:05:32,Nata Resort Chanthaburi 2,24,1,2026-08-04 17:52:50,2026-08-18,26.35,Chanthaburi,LT,Upper Isan - East,Mapped,Not Mapped,40528.0,26.0,198.0,385.0,0.0,0.1306334688179641,0.21969335447075372,7.0,8.0,,0,1.9444444444444444,0.0,0.63,0.88,100,0,50.0,5.85,20.93,823,Low,Investigate Booking Conversion,"Demand exists, but no booking is matched to the current check-in demand."
63807,0.3638712297669906,0.3992274955733631,0.3638712297669906,0.5098197235938784,242.0,108.0,2026-08-04 22:03:21,Klongrien Boutique Hatyai,16,0,,2026-08-23,26.34,Hatyai,LT,Lower South - West,Not Mapped,Mapped,67990.0,7.0,208.0,242.0,0.0,0.10509414216975,0.11347622544522876,4.0,4.0,,0,1.1634615384615385,0.0,1.05,0.24,0,100,50.0,5.86,20.93,824,Low,Map Hotel to Agoda,"Demand exists, but hotel-level mapping is missing on Agoda."
2052,0.3932950982470652,0.39415249144792175,0.3932950982470652,0.5105511547806733,121.0,64.0,2026-08-04 20:47:47,Kantary Hotel Ayutthaya,4,0,,2026-08-06,26.36,Phra Nakhon Si Ayutthaya,LT,Lower Isan - Central,Mapped,Unknown,65287.0,3.0,590.0,121.0,0.0,,,0.0,0.0,,0,0.20508474576271185,0.0,1.01,0.1,100,0,50.0,5.81,20.92,825,Low,Investigate Booking Conversion,"Demand exists, but no booking is matched to the current check-in demand."
1051,0.4009650904841499,0.40273748107148855,0.4009650904841499,0.5087034752470413,82.0,30.0,2026-08-04 23:33:09,Sugar Marina Resort-SURF-Kata Beach,9,2,2026-08-04 23:33:09,2026-08-10,27.09,Phuket,LT,Upper South,Mapped,Unknown,0.0,0.0,1481.0,82.0,0.0,,,0.0,0.0,0.3121,1,0.05536799459824443,0.0,0.0,0.0,100,0,50.0,5.42,20.92,826,Low,Review Agoda Rate Competitiveness,Agoda reports a price disadvantage; 0% is cheapest.
183359,0.3744135761004418,0.41921661589192016,0.3744135761004418,0.5037567806913886,76.0,72.0,2026-08-04 09:17:17,At Sleep Nakhon Pathom,7,0,,2026-08-04,25.74,Nakhon Pathom,LT,BKK - Metro - Chon,Mapped,Not Mapped,147764.0,3.0,960.5,76.0,0.0,,,0.0,0.0,,0,0.07912545549193128,0.0,2.28,0.1,100,0,50.0,6.32,20.92,827,Low,Expand to Ctrip,The hotel has demand but is not mapped on Ctrip.
5101943,0.34455141984664317,0.375435133784955,0.34455141984664317,0.5104151568915003,55.0,20.0,2026-08-04 23:33:09,Sleep by Me Ratchaburi,28,0,,2026-08-04,26.66,Ratchaburi,LT,Lower South - West,Mapped,Unknown,33162.0,4.0,715.0,55.0,0.0,,,0.0,2.0,,0,0.07692307692307693,0.0,0.51,0.13,100,0,50.0,5.63,20.92,828,Low,Investigate Booking Conversion,"Demand exists, but no booking is matched to the current check-in demand."
2002646,0.3817670675783469,0.3817670675783469,0.3817670675783469,0.5126044576112436,123.0,123.0,2026-08-04 19:05:32,Thassanee Hotel,6,0,,2026-08-04,26.13,Hua Hin,LT,Lower South - West,Mapped,Unknown,69728.0,12.0,531.0,123.0,0.0,,,0.0,0.0,,0,0.23163841807909605,0.0,1.08,0.4,100,0,50.0,5.89,20.91,829,Low,Investigate Booking Conversion,"Demand exists, but no booking is matched to the current check-in demand."
1762,0.40882481522127634,0.45356568300835187,0.40882481522127634,0.5128111144853058,673.0,242.0,2026-08-04 20:47:47,The Park Hotel Phitsanulok,24,1,2026-08-04 09:02:00,2026-08-04,29.09,Phitsanulok,LT,North,Mapped,Not Live,228896.0,52.0,1391.5,673.0,0.0,,,0.0,2.0,,0,0.4836507366151635,0.0,3.54,1.75,100,40,70.0,8.11,20.91,830,Low,Investigate Booking Conversion,"Demand exists, but no booking is matched to the current check-in demand."
137914,0.37572746735622686,0.37572746735622686,0.37572746735622686,0.5130217113305635,62.0,62.0,2026-08-04 12:51:31,The One Phetchabun,4,0,,2026-08-04,25.69,Phetchabun,LT,North,Mapped,Not Mapped,52959.0,60.0,428.0,62.0,0.0,,,0.0,0.0,,0,0.14485981308411214,0.0,0.82,2.02,100,0,50.0,6.15,20.91,831,Low,Expand to Ctrip,The hotel has demand but is not mapped on Ctrip.
4581,0.3761698307621826,0.3838050347207734,0.3761698307621826,0.5081707740827958,410.0,254.0,2026-08-04 19:05:32,Prajaktra City Hostel,13,1,2026-08-04 10:02:48,2026-08-04,26.57,Udon Thani,KA,Upper Isan - East,Mapped,Mapped,403369.0,720.0,950.0,410.0,2.0,,,0.0,1.0,,0,0.43157894736842106,0.004878048780487805,6.23,24.25,100,100,100.0,15.7,20.9,832,Low,Monitor,No immediate distribution issue requires action.
824,0.3982532412946429,0.4356757408655143,0.3982532412946429,0.5118002646403018,2937.0,854.0,2026-08-04 23:33:09,Sugar Marina Resort - ART - Karon Beach,50,0,,2026-08-28,31.8,Phuket,LT,Upper South,Mapped,Not Live,10830.0,0.0,1343.0,2937.0,0.0,-0.1351596791281973,-0.1351596791281973,1.0,57.0,,0,2.1868950111690246,0.0,0.17,0.0,100,40,70.0,6.44,20.88,833,Low,Fix Internal Rate Parity,Our rate is more expensive than a comparable partner rate.
4857640,0.2793293348114257,0.2842321756008766,0.2793293348114257,0.506675611708559,3.0,2.0,2026-08-04 01:45:09,Fortune Saengchan Beach Rayong,3,0,,2026-08-22,21.59,Rayong,KA,Upper Isan - East,Mapped,Not Mapped,499585.0,47.0,31.0,3.0,0.0,,,0.0,2.0,,0,0.0967741935483871,0.0,7.72,1.58,100,0,50.0,8.65,20.87,834,Low,Expand to Ctrip,The hotel has demand but is not mapped on Ctrip.
747,0.4457943270670214,0.4995842862221161,0.4457943270670214,0.5324245124444112,3740.0,2526.0,2026-08-04 23:33:09,Baan Grood Arcadia Resort and Spa,9,2,2026-08-04 22:34:47,2026-08-08,30.47,Prachuapkhirikhan,LT,Lower South - West,Mapped,Not Live,73204.0,14.0,836.0,3740.0,0.0,,,0.0,1.0,0.1539,2,4.473684210526316,0.0,1.13,0.47,100,40,70.0,6.8,20.87,835,Low,Review Agoda Rate Competitiveness,Agoda reports a price disadvantage; 0% is cheapest.
4191822,0.4030609624056475,0.4030609624056475,0.4030609624056475,0.512906612647116,16.0,16.0,2026-08-04 11:51:06,Baan Sabuy Jung,2,0,,2026-08-04,26.58,Aranyaprathet,LT,Upper Isan - East,Mapped,Unknown,21443.0,5.0,463.5,16.0,0.0,,,0.0,0.0,,0,0.034519956850053934,0.0,0.33,0.17,100,0,50.0,5.53,20.87,836,Low,Investigate Booking Conversion,"Demand exists, but no booking is matched to the current check-in demand."
22714,0.3763422826092503,0.413958761110501,0.3763422826092503,0.5043386713350336,206.0,117.0,2026-08-04 22:03:21,BP Samila Beach Hotel And Resort,10,0,,2026-08-05,26.15,Songkhla,LT,Lower South - West,Mapped,Not Mapped,56884.0,27.0,1894.0,206.0,0.0,,,0.0,0.0,0.1367,1,0.10876451953537487,0.0,0.88,0.91,100,0,50.0,5.94,20.86,837,Low,Review Agoda Rate Competitiveness,Agoda reports a price disadvantage; 0% is cheapest.
4490199,0.35849844263154934,0.40803776497154376,0.35849844263154934,0.5166768500961291,13.0,5.0,2026-08-04 11:36:45,Heritage Tropical Resort @ Muang Nakhon,7,0,,2026-08-13,25.34,Nakhon Si Thammarat,KA,Lower South - West,Mapped,Not Mapped,117418.0,21.0,508.5,13.0,0.0,,,0.0,1.0,,0,0.025565388397246803,0.0,1.81,0.71,100,0,50.0,6.19,20.86,838,Low,Expand to Ctrip,The hotel has demand but is not mapped on Ctrip.
2004824,0.39178192483168656,0.39178192483168656,0.39178192483168656,0.5245219133510932,6.0,6.0,2026-08-04 16:06:46,Nata Resort,3,0,,2026-08-04,26.45,Trang,LT,Upper South,Mapped,Unknown,9803.0,0.0,623.0,6.0,0.0,,,0.0,0.0,,0,0.009630818619582664,0.0,0.15,0.0,100,0,50.0,5.36,20.86,839,Low,Investigate Booking Conversion,"Demand exists, but no booking is matched to the current check-in demand."
5101808,0.3660381403520474,0.3660381403520474,0.3660381403520474,0.5180637257432227,34.0,34.0,2026-08-04 12:51:31,The Moment Hotel,4,0,,2026-08-04,25.39,Pathum Thani,LT,BKK - Metro - Chon,Mapped,Unknown,79541.0,39.0,701.0,34.0,0.0,,,0.0,0.0,,0,0.04850213980028531,0.0,1.23,1.31,100,0,50.0,6.09,20.84,840,Low,Monitor,No immediate distribution issue requires action.
137998,0.3645686295469557,0.3863867867809497,0.3645686295469557,0.5084298979782316,54.0,41.0,2026-08-04 15:52:08,Baan Kiang Wang Place,7,0,,2026-08-15,25.43,Phetchaburi,LT,Lower South - West,Mapped,Not Mapped,123918.0,18.0,217.0,54.0,0.0,,,0.0,2.0,,0,0.2488479262672811,0.0,1.91,0.61,100,0,50.0,6.22,20.83,841,Low,Expand to Ctrip,The hotel has demand but is not mapped on Ctrip.
4933567,0.35015781785795874,0.3811188811518902,0.35015781785795874,0.506002322202629,76.0,50.0,2026-08-04 12:51:31,Z&Z Resort,6,0,,2026-08-04,24.72,Phuket,KA,Upper South,Mapped,Unknown,96138.0,100.0,1544.0,76.0,0.0,,,0.0,4.0,-0.0,1,0.04922279792746114,0.0,1.48,3.37,100,0,50.0,6.7,20.82,842,Low,Monitor,No immediate distribution issue requires action.
1790,0.37090628423659827,0.4195096602147212,0.37090628423659827,0.5074164395528011,510.0,504.0,2026-08-04 18:06:03,Thumrin Thana Hotel,12,2,2026-08-04 18:06:03,2026-08-04,26.28,Trang,LT,Upper South,Mapped,Not Mapped,40661.0,15.0,623.0,510.0,0.0,,,0.0,5.0,,0,0.8186195826645265,0.0,0.63,0.51,100,0,50.0,5.72,20.82,843,Low,Investigate Booking Conversion,"Demand exists, but no booking is matched to the current check-in demand."
21312,0.4308512780543672,0.4506415911789627,0.4308512780543672,0.5022738028633638,933.0,566.0,2026-08-04 22:34:47,The Impress Nan Hotel,16,3,2026-08-04 22:18:28,2026-08-05,29.08,Nan,KA,North,Mapped,Mapped,742740.0,256.0,300.0,933.0,0.0,,,0.0,0.0,,0,3.11,0.0,11.47,8.62,100,100,100.0,14.14,20.82,844,Low,Investigate Booking Conversion,"Demand exists, but no booking is matched to the current check-in demand."
4884349,0.4366882709790578,0.4739321811826488,0.4366882709790578,0.5082785376326096,1142.0,378.0,2026-08-04 14:04:20,Livist Resort Phetchabun,15,0,,2026-08-09,29.4,Phetchabun,KA,North,Mapped,Mapped,791469.0,180.0,182.5,1142.0,0.0,,,0.0,2.0,,0,6.257534246575342,0.0,12.22,6.06,100,100,100.0,13.81,20.81,845,Low,Investigate Booking Conversion,"Demand exists, but no booking is matched to the current check-in demand."
183156,0.447802807115616,0.45006774978702957,0.447802807115616,0.5041567513293784,405.0,221.0,2026-08-04 19:05:32,Grand Fortune Hotel Nakhon Si Thammarat,14,5,2026-08-04 18:36:27,2026-08-05,29.45,Nakhon Si Thammarat,KA,Lower South - West,Mapped,Mapped,1024261.0,6.0,961.5,405.0,0.0,,,0.0,0.0,,0,0.42121684867394693,0.0,15.82,0.2,100,100,100.0,13.86,20.81,846,Low,Investigate Booking Conversion,"Demand exists, but no booking is matched to the current check-in demand."
63738,0.35376969710288525,0.3876314472602162,0.35376969710288525,0.525076956182516,21.0,13.0,2026-08-04 23:18:39,Baan Suan Phet Resort,19,1,2026-08-04 20:47:47,2026-08-04,26.46,Kamphaeng Phet,KA,North,Mapped,Mapped,1113012.0,134.0,448.0,21.0,0.0,0.2866211292005477,0.2866211292005477,1.0,2.0,,0,0.046875,0.0,17.19,4.51,100,100,100.0,15.24,20.81,847,Low,Investigate Booking Conversion,"Demand exists, but no booking is matched to the current check-in demand."
4921012,0.34563264189843884,0.36657399824322723,0.34563264189843884,0.5171429429243617,9.0,6.0,2026-08-04 20:47:47,Super Highway Hotel,5,0,,2026-08-06,24.64,Phetchaburi,KA,Lower South - West,Mapped,Mapped,1483251.0,8.0,953.0,9.0,0.0,,,0.0,0.0,,0,0.00944386149003148,0.0,22.91,0.27,100,100,100.0,16.46,20.8,848,Low,Monitor,No immediate distribution issue requires action.
4526151,0.3623826396346976,0.3623826396346976,0.3623826396346976,0.512183674822519,45.0,45.0,2026-08-04 09:02:00,Mybed Chonburi,5,0,,2026-08-05,25.23,Chonburi,KA,BKK - Metro - Chon,Mapped,Mapped,869642.0,442.0,1645.0,45.0,0.0,,,0.0,0.0,,0,0.02735562310030395,0.0,13.43,14.89,100,100,100.0,16.23,20.8,849,Low,Monitor,No immediate distribution issue requires action.
2004713,0.3041620565257386,0.3041620565257386,0.3041620565257386,0.5164246126742399,2.0,2.0,2026-08-04 14:04:20,Thon Koon Resort Surin,2,0,,2026-08-04,22.69,Surin,LT,Lower Isan - Central,No Room,Not Mapped,11451.0,0.0,266.5,2.0,0.0,,,0.0,0.0,,0,0.0075046904315197,0.0,0.18,0.0,70,0,35.0,4.63,20.79,850,Low,Complete Room-Type Mapping,"Hotel-level mapping exists, but room types are not mapped."
4857771,0.3068778446194951,0.3068778446194951,0.3068778446194951,0.5184901584620393,2.0,2.0,2026-08-04 14:04:20,Maneesangkha Hotel Surin,2,0,,2026-08-04,22.84,Surin,KA,Lower Isan - Central,Mapped,Not Mapped,253245.0,98.0,266.5,2.0,0.0,,,0.0,0.0,,0,0.0075046904315197,0.0,3.91,3.3,100,0,50.0,7.51,20.79,851,Low,Expand to Ctrip,The hotel has demand but is not mapped on Ctrip.
5101099,0.3193631351512431,0.3495763959186349,0.3193631351512431,0.5138855254904796,21.0,8.0,2026-08-04 18:49:41,Duck house hostel & resort Khonkaen,15,0,,2026-08-09,24.48,Khon Kaen,KA,Upper Isan - East,Mapped,Unknown,191242.0,24.0,1122.0,21.0,0.0,,,0.0,1.0,,0,0.01871657754010695,0.0,2.95,0.81,100,0,50.0,6.61,20.79,852,Low,Monitor,No immediate distribution issue requires action.
183661,0.3165725922758377,0.34151302143170464,0.3165725922758377,0.5135504034329021,80.0,26.0,2026-08-04 23:33:09,M one residence Hatyai,30,0,,2026-08-04,25.8,Hatyai,LT,Lower South - West,Not Mapped,Mapped,85916.0,0.0,940.0,80.0,0.0,,,0.0,4.0,,0,0.0851063829787234,0.0,1.33,0.0,0,100,50.0,5.82,20.79,853,Low,Map Hotel to Agoda,"Demand exists, but hotel-level mapping is missing on Agoda."
4795618,0.3717230064475493,0.3717230064475493,0.3717230064475493,0.5111943678460691,16.0,16.0,2026-08-04 17:52:50,Centerplace Angthong,5,1,2026-08-04 16:06:46,2026-08-04,25.57,Ang Thong,KA,Lower Isan - Central,Not Mapped,Mapped,116783.0,0.0,80.0,16.0,0.0,,,0.0,0.0,,0,0.2,0.0,1.8,0.0,0,100,50.0,6.01,20.79,854,Low,Map Hotel to Agoda,"Demand exists, but hotel-level mapping is missing on Agoda."
4857765,0.3343598812141341,0.3343598812141341,0.3343598812141341,0.53118264500729,3.0,3.0,2026-08-04 18:21:46,Chan Place Hotel,3,0,,2026-08-05,24.28,Nakhonratchasima,KA,Lower Isan - Central,Mapped,Not Mapped,196227.0,2.0,1179.0,3.0,0.0,,,0.0,0.0,,0,0.002544529262086514,0.0,3.03,0.07,100,0,50.0,6.39,20.79,855,Low,Expand to Ctrip,The hotel has demand but is not mapped on Ctrip.
65472,0.33574860159642406,0.3359333698687976,0.33574860159642406,0.5321800174985579,10.0,8.0,2026-08-04 20:47:47,We Grand Ever 9,10,1,2026-08-04 20:33:04,2026-08-05,25.02,Nakhonratchasima,LT,Lower Isan - Central,Unknown,Mapped,116023.0,1.0,1179.0,10.0,0.0,,,0.0,0.0,,0,0.008481764206955046,0.0,1.79,0.03,0,100,50.0,5.91,20.78,856,Low,Monitor,No immediate distribution issue requires action.
63455,0.29958793087352636,0.36059815430148323,0.29958793087352636,0.5079037041796904,204.0,46.0,2026-08-04 20:47:47,Wangnamyen Garden Hotel,90,1,2026-08-04 16:21:17,2026-08-20,30.73,Sa Kaeo,KA,Upper Isan - East,Mapped,Mapped,732827.0,114.0,463.5,204.0,0.0,,,0.0,21.0,,0,0.4401294498381877,0.0,11.32,3.84,100,100,100.0,12.96,20.78,857,Low,Investigate Booking Conversion,"Demand exists, but no booking is matched to the current check-in demand."
183394,0.37400977277416136,0.37400977277416136,0.37400977277416136,0.5188947035476428,19.0,19.0,2026-08-04 14:04:20,BH Place Apartment Kanchanaburi,2,0,,2026-08-04,25.53,Kanchanaburi,LT,Lower South - West,Mapped,Not Mapped,89333.0,6.0,637.0,19.0,0.0,,,0.0,0.0,,0,0.029827315541601257,0.0,1.38,0.2,100,0,50.0,5.86,20.78,858,Low,Expand to Ctrip,The hotel has demand but is not mapped on Ctrip.
4885095,0.3188923698067937,0.3188923698067937,0.3188923698067937,0.506449429756946,8.0,4.0,2026-08-04 16:21:17,In Box Guesthouse Maesariang,8,0,,2026-08-05,23.65,Mae Hong Son,KA,North,Not Mapped,Mapped,326233.0,0.0,42.0,8.0,0.0,,,0.0,0.0,,0,0.19047619047619047,0.0,5.04,0.0,0,100,50.0,7.25,20.78,859,Low,Map Hotel to Agoda,"Demand exists, but hotel-level mapping is missing on Agoda."
5101919,0.3386027732589876,0.3422105180502393,0.3386027732589876,0.5357013744777095,21.0,13.0,2026-08-04 23:33:09,Radisson Hotel Don Mueang Bangkok,16,0,,2026-08-07,25.78,Bangkok,LT,BKK - Metro - Chon,Mapped,Unknown,24740.0,0.0,1678.5,21.0,0.0,,,0.0,0.0,,0,0.012511170688114389,0.0,0.38,0.0,100,0,50.0,5.35,20.76,860,Low,Monitor,No immediate distribution issue requires action.
183347,0.3590095367473873,0.3590095367473873,0.3590095367473873,0.5183388452220613,16.0,8.0,2026-08-04 11:36:45,Phu Ngern Resort Nakhonphanom,6,0,,2026-08-06,25.3,Nakhon Phanom,KA,Upper Isan - East,Not Mapped,Mapped,105221.0,10.0,316.0,16.0,0.0,,,0.0,0.0,,0,0.05063291139240506,0.0,1.63,0.34,0,100,50.0,5.98,20.76,861,Low,Map Hotel to Agoda,"Demand exists, but hotel-level mapping is missing on Agoda."
5102464,0.3903706738499351,0.39806297650431666,0.3903706738499351,0.5053282971078108,341.0,208.0,2026-08-04 20:47:47,Top Place Pakchong,9,0,,2026-08-18,26.68,Nakhonratchasima,LT,Lower Isan - Central,Mapped,Unknown,9858.0,0.0,1319.0,341.0,0.0,0.1153672437474015,0.1153672437474015,1.0,1.0,,0,0.2585291887793783,0.0,0.15,0.0,100,0,50.0,5.41,20.76,862,Low,Investigate Booking Conversion,"Demand exists, but no booking is matched to the current check-in demand."
4862289,0.38730229453749737,0.38730229453749737,0.38730229453749737,0.5059224053927407,15.0,15.0,2026-08-04 10:02:48,ibis Styles Bangkok Silom,3,0,,2026-08-09,25.9,Bangkok,LT,BKK - Metro - Chon,Mapped,Unknown,84247.0,0.0,1786.5,15.0,0.0,,,0.0,0.0,,0,0.008396305625524769,0.0,1.3,0.0,100,0,50.0,5.83,20.74,863,Low,Monitor,No immediate distribution issue requires action.
4857741,0.3202055119656795,0.3202055119656795,0.3202055119656795,0.5115236219892608,10.0,10.0,2026-08-04 08:14:54,Maithong Riverside Hotel,5,0,,2026-08-18,23.52,Phetchaburi,KA,Lower South - West,Mapped,Not Mapped,274162.0,28.0,85.0,10.0,0.0,,,0.0,2.0,,0,0.11764705882352941,0.0,4.23,0.94,100,0,50.0,7.1,20.72,864,Low,Expand to Ctrip,The hotel has demand but is not mapped on Ctrip.
183651,0.37948304368124003,0.383985488517249,0.37948304368124003,0.5101284022224358,148.0,58.0,2026-08-04 11:51:06,Xanadu Hotel U Tapao,6,0,,2026-08-05,26.0,Rayong,LT,Upper Isan - East,Not Mapped,Mapped,56567.0,0.0,1716.0,148.0,0.0,,,0.0,0.0,,0,0.08624708624708624,0.0,0.87,0.0,0,100,50.0,5.64,20.72,865,Low,Map Hotel to Agoda,"Demand exists, but hotel-level mapping is missing on Agoda."
4920761,0.39477814841676007,0.39477814841676007,0.39477814841676007,0.5038480148321394,348.0,348.0,2026-08-04 19:05:32,Keingtawan Resort,4,2,2026-08-04 18:36:27,2026-08-04,26.35,Tak,LT,North,Mapped,Not Mapped,22420.0,6.0,237.0,348.0,0.0,,,0.0,0.0,,0,1.4683544303797469,0.0,0.35,0.2,100,0,50.0,5.51,20.7,866,Low,Investigate Booking Conversion,"Demand exists, but no booking is matched to the current check-in demand."
63411,0.2765100597697051,0.2909227942170694,0.2765100597697051,0.506415396865547,62.0,25.0,2026-08-04 23:18:39,Banchan Muang Hotel,30,0,,2026-08-17,24.05,Mukdahan,KA,Lower Isan - Central,Not Mapped,Mapped,262715.0,1.0,322.0,62.0,0.0,,,0.0,8.0,,0,0.19254658385093168,0.0,4.06,0.03,0,100,50.0,6.85,20.7,867,Low,Map Hotel to Agoda,"Demand exists, but hotel-level mapping is missing on Agoda."
4757218,0.35924506650525845,0.36229187554186965,0.35924506650525845,0.5093055395542343,71.0,45.0,2026-08-04 19:05:32,Shanya Guesthouse,16,1,2026-08-04 16:21:17,2026-08-04,26.09,Nakhon Sawan,LT,North,Mapped,Not Mapped,43132.0,0.0,1451.0,71.0,0.0,,,0.0,0.0,,0,0.04893177119228118,0.0,0.67,0.0,100,0,50.0,5.55,20.7,868,Low,Investigate Booking Conversion,"Demand exists, but no booking is matched to the current check-in demand."
2000025,0.2978041270763563,0.347349887395959,0.2978041270763563,0.5101795834138084,148.0,89.0,2026-08-04 23:33:09,Wish Hotel Ubonratchathani,44,1,2026-08-04 22:51:02,2026-08-06,26.33,Ubon Ratchathani,KA,Lower Isan - Central,Mapped,Mapped,1298591.0,8.0,1555.5,148.0,0.0,,,0.0,12.0,,0,0.09514625522340084,0.0,20.06,0.27,100,100,100.0,15.38,20.69,869,Low,Investigate Booking Conversion,"Demand exists, but no booking is matched to the current check-in demand."
4884605,0.3233743339809106,0.3233743339809106,0.3233743339809106,0.5049184501726626,341.0,341.0,2026-08-04 23:33:09,Palm Hug Resort,7,0,,2026-08-04,23.8,Chiang Rai,KA,North,Mapped,Not Mapped,197490.0,71.0,865.5,341.0,0.0,,,0.0,0.0,,0,0.39399191218948587,0.0,3.05,2.39,100,0,50.0,7.0,20.69,870,Low,Expand to Ctrip,The hotel has demand but is not mapped on Ctrip.
4921127,0.3195182663509052,0.34524605034489586,0.3195182663509052,0.5084473930202653,69.0,35.0,2026-08-04 23:33:09,Rungthip Resort,27,0,,2026-08-05,25.53,Kanchanaburi,KA,Lower South - West,Not Mapped,Mapped,93540.0,6.0,762.0,69.0,0.0,,,0.0,10.0,,0,0.09055118110236221,0.0,1.44,0.2,0,100,50.0,5.89,20.69,871,Low,Map Hotel to Agoda,"Demand exists, but hotel-level mapping is missing on Agoda."
4918033,0.3912540269595248,0.3912540269595248,0.3912540269595248,0.5177549341263737,13.0,13.0,2026-08-04 11:51:06,Siwilai Resort Songphinong,2,0,,2026-08-04,26.2,Suphan Buri,LT,Lower Isan - Central,Not Mapped,Mapped,4028.0,2.0,385.0,13.0,0.0,,,0.0,0.0,,0,0.033766233766233764,0.0,0.06,0.07,0,100,50.0,5.29,20.68,872,Low,Map Hotel to Agoda,"Demand exists, but hotel-level mapping is missing on Agoda."
4922712,0.3753204450793149,0.3753204450793149,0.3753204450793149,0.4992444426061251,46.0,46.0,2026-08-04 21:34:17,One Chumphon Hotel,3,0,,2026-08-04,25.3,Chumphon,KA,Upper South,Mapped,Unknown,144856.0,1.0,847.5,46.0,0.0,,,0.0,0.0,,0,0.054277286135693215,0.0,2.24,0.03,100,0,50.0,6.19,20.68,873,Low,Monitor,No immediate distribution issue requires action.
183428,0.30896403261943317,0.30896403261943317,0.30896403261943317,0.5230695267648051,3.0,3.0,2026-08-04 10:02:48,Pobruk Resort Nong Khai Tha Bo,3,0,,2026-08-07,23.11,Nong Khai,KA,Upper Isan - East,Mapped,Not Mapped,268665.0,31.0,209.0,3.0,0.0,,,0.0,0.0,,0,0.014354066985645933,0.0,4.15,1.04,100,0,50.0,7.01,20.67,874,Low,Expand to Ctrip,The hotel has demand but is not mapped on Ctrip.
21395,0.39188749006353,0.45061284312576927,0.39188749006353,0.5105521696435862,1086.0,403.0,2026-08-04 19:05:32,Laplaya Boutique Resort,41,3,2026-08-04 14:04:20,2026-08-04,30.1,Bangsaen,LT,BKK - Metro - Chon,Mapped,Not Live,90621.0,33.0,2288.0,1086.0,0.0,0.4014855576912735,0.4014855576912735,1.0,3.0,,0,0.47465034965034963,0.0,1.4,1.11,100,40,70.0,7.05,20.66,875,Low,Investigate Booking Conversion,"Demand exists, but no booking is matched to the current check-in demand."
4945677,0.3814044118371298,0.39304201723641474,0.3814044118371298,0.5103110535331501,221.0,77.0,2026-08-04 14:04:20,SC Saiwatana,6,0,,2026-08-05,26.1,Kanchanaburi,LT,Lower South - West,Mapped,Unknown,27889.0,0.0,762.0,221.0,0.0,,,0.0,0.0,,0,0.2900262467191601,0.0,0.43,0.0,100,0,50.0,5.44,20.65,876,Low,Investigate Booking Conversion,"Demand exists, but no booking is matched to the current check-in demand."
63840,0.3296999291285637,0.3378026892622932,0.3296999291285637,0.5283979582817822,93.0,25.0,2026-08-04 23:33:09,Le Park Hotel Thung Song,60,0,,2026-08-10,29.47,Nakhon Si Thammarat,KA,Lower South - West,Mapped,Mapped,508514.0,317.0,704.0,93.0,1.0,,,0.0,6.0,,0,0.13210227272727273,0.010752688172043012,7.85,10.68,100,100,100.0,13.02,20.64,877,Low,Monitor,No immediate distribution issue requires action.
4536036,0.3890408719144691,0.3890408719144691,0.3890408719144691,0.5090419996673298,95.0,95.0,2026-08-04 11:36:45,T2 Ao Nang Krabi,3,0,,2026-08-10,26.06,Krabi,LT,Upper South,Mapped,Not Mapped,15775.0,12.0,149.0,95.0,0.0,,,0.0,0.0,,0,0.6375838926174496,0.0,0.24,0.4,100,0,50.0,5.45,20.63,878,Low,Investigate Booking Conversion,"Demand exists, but no booking is matched to the current check-in demand."
138050,0.30482195530635475,0.36299030137044197,0.30482195530635475,0.5082998831088479,20.0,6.0,2026-08-04 22:18:28,The ICon 304 - B Building,20,0,,2026-08-05,24.26,Prachin Buri,KA,Upper Isan - East,Not Mapped,Mapped,208203.0,8.0,955.5,20.0,0.0,,,0.0,0.0,,0,0.020931449502878074,0.0,3.22,0.27,0,100,50.0,6.54,20.63,879,Low,Map Hotel to Agoda,"Demand exists, but hotel-level mapping is missing on Agoda."
177840,0.36298496337361036,0.4164849779899433,0.36298496337361036,0.5110395014109761,2863.0,479.0,2026-08-04 23:03:24,Must Come Boutique Hotel,78,5,2026-08-04 22:51:02,2026-08-10,33.0,Phrae,KA,North,Mapped,Mapped,435956.0,118.0,434.0,2863.0,0.0,,,0.0,12.0,,0,6.596774193548387,0.0,6.73,3.97,100,100,100.0,11.16,20.59,880,Low,Investigate Booking Conversion,"Demand exists, but no booking is matched to the current check-in demand."
2011676,0.43397017430493745,0.45996030544139693,0.43397017430493745,0.510164431126329,2714.0,708.0,2026-08-04 20:47:47,Look at Home Lamphun,40,7,2026-08-04 16:06:46,2026-08-07,32.18,Lamphun,KA,North,Mapped,Mapped,593167.0,64.0,220.0,2714.0,0.0,,,0.0,7.0,,0,12.336363636363636,0.0,9.16,2.16,100,100,100.0,11.66,20.59,881,Low,Investigate Booking Conversion,"Demand exists, but no booking is matched to the current check-in demand."
25116,0.36557366218458975,0.36557366218458975,0.36557366218458975,0.5074901493721372,57.0,57.0,2026-08-04 23:33:09,Park 38 Hotel,5,1,2026-08-04 22:51:02,2026-08-05,25.26,Phuket,KA,Upper South,Mapped,Mapped,686284.0,546.0,1542.0,57.0,0.0,,,0.0,0.0,,0,0.03696498054474708,0.0,10.6,18.39,100,100,100.0,15.87,20.59,882,Low,Monitor,No immediate distribution issue requires action.
4880036,0.35232512004098343,0.39723300293095437,0.35232512004098343,0.5077535473312166,87.0,36.0,2026-08-04 06:44:52,Wyndham La Vita Phuket,18,0,,2026-08-17,25.98,Phuket,LT,Upper South,Mapped,Unknown,17144.0,8.0,598.0,87.0,0.0,,,0.0,42.0,0.4199,2,0.1454849498327759,0.0,0.26,0.27,100,0,50.0,5.41,20.58,883,Low,Review Agoda Rate Competitiveness,Agoda reports a price disadvantage; 0% is cheapest.
4933204,0.38139895689643377,0.38139895689643377,0.38139895689643377,0.5089150917308879,94.0,94.0,2026-08-04 10:02:48,The Spring Srinakarin Hotel,4,0,,2026-08-04,25.84,Bangkok,LT,BKK - Metro - Chon,Mapped,Unknown,21916.0,14.0,2531.5,94.0,0.0,,,0.0,0.0,0.3911,1,0.037132135097768124,0.0,0.34,0.47,100,0,50.0,5.48,20.58,884,Low,Review Agoda Rate Competitiveness,Agoda reports a price disadvantage; 0% is cheapest.
2010985,0.3905055507412565,0.3905055507412565,0.3905055507412565,0.5110313107685345,117.0,117.0,2026-08-04 18:21:46,Submukda Grand Hotel,3,0,,2026-08-13,26.16,Mukdahan,LT,Lower Isan - Central,Mapped,Unknown,0.0,0.0,105.0,117.0,0.0,,,0.0,1.0,,0,1.1142857142857143,0.0,0.0,0.0,100,0,50.0,5.23,20.57,885,Low,Investigate Booking Conversion,"Demand exists, but no booking is matched to the current check-in demand."
65618,0.40477964653234183,0.4139674626492677,0.40477964653234183,0.5112403575802729,581.0,234.0,2026-08-04 23:33:09,Tamarind Garden Hotel,13,1,2026-08-04 09:50:43,2026-08-06,27.82,Rayong,KA,Upper Isan - East,Mapped,Mapped,893788.0,174.0,1716.0,581.0,0.0,,,0.0,0.0,,0,0.3385780885780886,0.0,13.8,5.86,100,100,100.0,14.22,20.57,886,Low,Investigate Booking Conversion,"Demand exists, but no booking is matched to the current check-in demand."
4738,0.3948540796608682,0.39516995690538403,0.3948540796608682,0.5069204628228647,395.0,199.0,2026-08-04 02:59:13,Mayflower Grande Hotel Nimman,10,0,,2026-08-13,27.0,Chiang Mai,KA,North,Mapped,Mapped,569448.0,496.0,769.5,395.0,0.0,-0.0146011346323628,-0.00560293561966145,2.0,6.0,,0,0.5133203378817414,0.0,8.79,16.71,100,100,100.0,14.81,20.57,887,Low,Fix Internal Rate Parity,Our rate is more expensive than a comparable partner rate.
43629,0.39814369102648106,0.4519388319255197,0.39814369102648106,0.5095358548636814,684.0,255.0,2026-08-04 16:21:17,The Rubber Phuket Hotel,29,1,2026-08-04 10:02:48,2026-08-05,29.07,Phuket,KA,Upper South,Mapped,Mapped,749445.0,185.0,1544.0,684.0,0.0,,,0.0,9.0,-0.0,2,0.4430051813471503,0.0,11.57,6.23,100,100,100.0,13.47,20.55,888,Low,Investigate Booking Conversion,"Demand exists, but no booking is matched to the current check-in demand."
2011669,0.33719766691847664,0.33719766691847664,0.33719766691847664,0.5121578224114106,11.0,11.0,2026-08-04 18:21:46,The Sept Korat,3,0,,2026-08-05,24.02,Nakhonratchasima,LT,Lower Isan - Central,Mapped,Unknown,201587.0,9.0,1179.0,11.0,0.0,,,0.0,0.0,,0,0.009329940627650551,0.0,3.11,0.3,100,0,50.0,6.45,20.55,889,Low,Monitor,No immediate distribution issue requires action.
2000046,0.3675827824036034,0.4082942370724554,0.3675827824036034,0.5099219216990136,454.0,144.0,2026-08-04 21:48:56,PS Resort Hatyai,34,2,2026-08-04 12:51:31,2026-08-04,28.26,Hatyai,KA,Lower South - West,Mapped,Mapped,324653.0,573.0,1150.5,454.0,0.0,,,0.0,16.0,,0,0.3946110386788353,0.0,5.01,19.3,100,100,100.0,13.95,20.55,890,Low,Investigate Booking Conversion,"Demand exists, but no booking is matched to the current check-in demand."
2011049,0.3740074976302638,0.4123346303586719,0.3740074976302638,0.5130642725484981,90.0,48.0,2026-08-04 23:33:09,Worita Cove Hotel,7,1,2026-08-04 22:51:02,2026-08-07,25.91,Pattaya,LT,BKK - Metro - Chon,Mapped,Unknown,11055.0,0.0,1058.5,90.0,0.0,0.0835881224424737,0.0835881224424737,1.0,2.0,,0,0.08502598016060463,0.0,0.17,0.0,100,0,50.0,5.27,20.54,891,Low,Monitor,No immediate distribution issue requires action.
303,0.38582639042254196,0.38582639042254196,0.38582639042254196,0.5049849965776114,90.0,90.0,2026-08-04 16:21:17,Woraburi Sukhumvit Hotel & Resort,4,0,,2026-08-04,25.94,Bangkok,KA,BKK - Metro - Chon,Mapped,Not Live,247383.0,226.0,2531.5,90.0,0.0,,,0.0,0.0,,0,0.03555204424254395,0.0,3.82,7.61,100,40,70.0,9.38,20.52,892,Low,Activate Ctrip,"Ctrip connectivity exists, but the hotel is not live."
5101787,0.3848105230558329,0.3848105230558329,0.3848105230558329,0.5006348718191663,453.0,453.0,2026-08-04 23:33:09,HillSide Premium Hotel,7,4,2026-08-04 23:18:39,2026-08-04,26.21,Surat Thani,LT,Upper South,Mapped,Unknown,8053.0,0.0,1083.5,453.0,0.0,,,0.0,0.0,,0,0.41808952468850946,0.0,0.12,0.0,100,0,50.0,5.3,20.52,893,Low,Investigate Booking Conversion,"Demand exists, but no booking is matched to the current check-in demand."
4889,0.3622189490785313,0.3683558658505499,0.3622189490785313,0.5060758779064176,255.0,85.0,2026-08-04 14:04:20,Ariya Inn Hotel,16,0,,2026-08-07,26.2,Chiang Rai,KA,North,Mapped,Mapped,989838.0,226.0,880.5,255.0,0.0,,,0.0,0.0,,0,0.28960817717206133,0.0,15.29,7.61,100,100,100.0,15.17,20.5,894,Low,Investigate Booking Conversion,"Demand exists, but no booking is matched to the current check-in demand."
2001565,0.3780343064109271,0.3780343064109271,0.3780343064109271,0.5107404491979238,107.0,107.0,2026-08-04 19:05:32,Zing Resort & Spa,6,0,,2026-08-06,25.94,Pattaya,LT,BKK - Metro - Chon,Mapped,Unknown,3822.0,0.0,1232.0,107.0,0.0,,,0.0,0.0,,0,0.08685064935064934,0.0,0.06,0.0,100,0,50.0,5.22,20.5,895,Low,Monitor,No immediate distribution issue requires action.
183467,0.3185445266221905,0.3270510897609334,0.3185445266221905,0.5164155624058124,24.0,4.0,2026-08-04 16:21:17,37 Nature House,24,0,,2026-08-09,25.35,Bangkok,LT,BKK - Metro - Chon,Mapped,Not Mapped,46329.0,1.0,2851.0,24.0,0.0,,,0.0,0.0,,0,0.008418098912662224,0.0,0.72,0.03,100,0,50.0,5.44,20.49,896,Low,Expand to Ctrip,The hotel has demand but is not mapped on Ctrip.
2007973,0.35594109553924336,0.35594109553924336,0.35594109553924336,0.513904123692311,6.0,6.0,2026-08-04 22:18:28,Arnarjak Resort,6,0,,2026-08-05,25.09,Sakon Nakhon,LT,Upper Isan - East,Mapped,Not Mapped,78046.0,0.0,211.5,6.0,0.0,,,0.0,0.0,,0,0.028368794326241134,0.0,1.21,0.0,100,0,50.0,5.62,20.48,897,Low,Expand to Ctrip,The hotel has demand but is not mapped on Ctrip.
181635,0.28827412279226466,0.38615129913592655,0.28827412279226466,0.5072689739624235,186.0,75.0,2026-08-04 17:52:50,Blue Rabbit Hotel Chanthaburi,19,0,,2026-08-13,23.53,Chanthaburi,KA,Upper Isan - East,Mapped,Mapped,1113128.0,336.0,322.5,186.0,0.0,0.1907132292663292,0.1907132292663292,1.0,14.0,,0,0.5767441860465117,0.0,17.19,11.32,100,100,100.0,16.7,20.48,898,Low,Monitor,No immediate distribution issue requires action.
21430,0.38876517243585984,0.39045303491238653,0.38876517243585984,0.5071908594245227,797.0,236.0,2026-08-04 16:21:17,Avana Laemchabang Boutique Hotel,26,1,2026-08-04 02:29:52,2026-08-06,28.4,Sriracha,KA,BKK - Metro - Chon,Mapped,Not Live,246628.0,16.0,2288.0,797.0,0.0,,,0.0,0.0,,0,0.34833916083916083,0.0,3.81,0.54,100,40,70.0,7.75,20.47,899,Low,Investigate Booking Conversion,"Demand exists, but no booking is matched to the current check-in demand."
4921162,0.3065265443489408,0.3065265443489408,0.3065265443489408,0.509000980522064,16.0,16.0,2026-08-04 14:04:20,Field Town Apartment,3,0,,2026-08-04,22.73,Nakhon Nayok,KA,Lower Isan - Central,Mapped,Unknown,201417.0,101.0,161.0,16.0,0.0,,,0.0,0.0,,0,0.09937888198757763,0.0,3.11,3.4,100,0,50.0,7.12,20.47,900,Low,Monitor,No immediate distribution issue requires action.
4883815,0.3387332223777376,0.3387332223777376,0.3387332223777376,0.5094212924825731,175.0,175.0,2026-08-04 19:05:32,Tharin Hotel Ra Node,5,0,,2026-08-04,24.26,Songkhla,LT,Lower South - West,Not Mapped,Mapped,151567.0,15.0,940.0,175.0,0.0,,,0.0,0.0,,0,0.18617021276595744,0.0,2.34,0.51,0,100,50.0,6.18,20.46,901,Low,Map Hotel to Agoda,"Demand exists, but hotel-level mapping is missing on Agoda."
2009920,0.3480901598261988,0.3480901598261988,0.3480901598261988,0.503480880066487,33.0,33.0,2026-08-04 04:15:26,Oakwood Hotel & Residence Sri Racha,8,0,,2026-08-05,24.76,Sriracha,LT,BKK - Metro - Chon,Mapped,Not Mapped,130812.0,3.0,1645.0,33.0,0.0,,,0.0,0.0,,0,0.02006079027355623,0.0,2.02,0.1,100,0,50.0,5.99,20.46,902,Low,Expand to Ctrip,The hotel has demand but is not mapped on Ctrip.
63617,0.3400969549834952,0.3400969549834952,0.3400969549834952,0.5085726014817055,20.0,20.0,2026-08-04 19:05:32,Huandalha Resort,3,0,,2026-08-05,24.07,Lamphun,KA,North,Mapped,Not Mapped,169430.0,16.0,220.0,20.0,0.0,,,0.0,0.0,,0,0.09090909090909091,0.0,2.62,0.54,100,0,50.0,6.29,20.45,903,Low,Expand to Ctrip,The hotel has demand but is not mapped on Ctrip.
181639,0.3208337272285113,0.3334257444021884,0.3208337272285113,0.5214621909794419,106.0,16.0,2026-08-04 23:33:09,Phurinda Residence Saraburi,51,0,,2026-08-06,28.13,Saraburi,KA,Lower Isan - Central,Mapped,Mapped,1031830.0,0.0,568.5,106.0,0.0,,,0.0,27.0,,0,0.1864555848724714,0.0,15.94,0.0,100,100,100.0,13.6,20.45,904,Low,Investigate Booking Conversion,"Demand exists, but no booking is matched to the current check-in demand."
63832,0.33407007462178046,0.33407007462178046,0.33407007462178046,0.5378438432243507,6.0,6.0,2026-08-04 03:29:50,Fondness Hotel,6,0,,2026-08-04,24.69,Phang Nga,LT,Upper South,Mapped,Not Mapped,49740.0,0.0,866.0,6.0,0.0,,,0.0,0.0,,0,0.006928406466512702,0.0,0.77,0.0,100,0,50.0,5.32,20.45,905,Low,Expand to Ctrip,The hotel has demand but is not mapped on Ctrip.
4918103,0.3131395683958184,0.3131395683958184,0.3131395683958184,0.5069281733059413,16.0,16.0,2026-08-04 19:05:32,The Minitel Hotel Bangsaphan,11,0,,2026-08-04,23.71,Prachuapkhirikhan,KA,Lower South - West,Mapped,Not Mapped,229433.0,1.0,531.0,16.0,0.0,,,0.0,0.0,,0,0.030131826741996232,0.0,3.54,0.03,100,0,50.0,6.52,20.44,906,Low,Expand to Ctrip,The hotel has demand but is not mapped on Ctrip.
675,0.40515089154935385,0.43633677960353023,0.40515089154935385,0.5202526979389485,325.0,56.0,2026-08-04 19:05:32,Cross Vibe Chiang Mai Decem Hotel,34,2,2026-08-04 15:36:41,2026-08-05,29.93,Chiang Mai,KA,North,Mapped,Mapped,510028.0,255.0,1208.0,325.0,3.0,,,0.0,18.0,0.329,4,0.26903973509933776,0.009230769230769232,7.88,8.59,100,100,100.0,12.5,20.43,907,Low,Review Agoda Rate Competitiveness,Agoda reports a price disadvantage; 0% is cheapest.
21690,0.3798763043450874,0.3798763043450874,0.3798763043450874,0.5080975244234098,111.0,111.0,2026-08-04 08:30:09,Thipurai City Hotel,5,0,,2026-08-05,25.86,Hua Hin,LT,Lower South - West,Mapped,Unknown,0.0,0.0,893.0,111.0,0.0,,,0.0,0.0,,0,0.12430011198208286,0.0,0.0,0.0,100,0,50.0,5.17,20.42,908,Low,Monitor,No immediate distribution issue requires action.
4731,0.37201167122307316,0.3786058201721661,0.37201167122307316,0.5097081850361672,236.0,167.0,2026-08-04 23:33:09,Mida Grande Hotel Dhavaravati Nakhon Pathom,17,0,,2026-08-05,26.76,Nakhon Pathom,KA,BKK - Metro - Chon,Mapped,Mapped,745732.0,344.0,968.5,236.0,0.0,,,0.0,0.0,,0,0.24367578729994838,0.0,11.52,11.59,100,100,100.0,14.59,20.42,909,Low,Investigate Booking Conversion,"Demand exists, but no booking is matched to the current check-in demand."
716,0.37800030431692627,0.37800030431692627,0.37800030431692627,0.507273420987602,106.0,106.0,2026-08-04 09:17:17,Thipurai Beach Hotel,6,0,,2026-08-05,25.87,,,,Mapped,Unknown,0.0,0.0,893.0,106.0,0.0,,,0.0,0.0,,0,0.1187010078387458,0.0,0.0,0.0,100,0,50.0,5.17,20.42,910,Low,Monitor,No immediate distribution issue requires action.
21400,0.42418590313316107,0.43944658819212157,0.42418590313316107,0.5118515831647439,80.0,29.0,2026-08-04 14:04:20,Calypzo Bangkok,10,2,2026-08-04 13:52:08,2026-08-04,28.18,Bangkok,KA,BKK - Metro - Chon,Mapped,Mapped,623948.0,319.0,2531.5,80.0,1.0,-0.1802559345564522,-0.1225543443236568,3.0,12.0,,0,0.03160181710448351,0.0125,9.64,10.74,100,100,100.0,13.68,20.41,911,Low,Fix Internal Rate Parity,Our rate is more expensive than a comparable partner rate.
2008217,0.32619491502619535,0.32655921829980866,0.32619491502619535,0.5266919241470598,6.0,3.0,2026-08-04 12:51:31,Won Place Khon Kaen,6,0,,2026-08-06,24.15,Khon Kaen,KA,Upper Isan - East,Mapped,Not Mapped,120038.0,5.0,1021.0,6.0,0.0,,,0.0,0.0,,0,0.005876591576885406,0.0,1.85,0.17,100,0,50.0,5.81,20.41,912,Low,Expand to Ctrip,The hotel has demand but is not mapped on Ctrip.
4884544,0.39318336742386345,0.4481564248272537,0.39318336742386345,0.507676335716965,784.0,579.0,2026-08-04 23:03:24,Rangsit Residence,17,2,2026-08-04 22:34:47,2026-08-04,27.73,Pathum Thani,KA,BKK - Metro - Chon,Mapped,Not Live,210826.0,83.0,701.0,784.0,0.0,0.2292302475521135,0.2292302475521135,1.0,18.0,,0,1.1184022824536377,0.0,3.26,2.8,100,40,70.0,8.02,20.4,913,Low,Investigate Booking Conversion,"Demand exists, but no booking is matched to the current check-in demand."
2000189,0.3270024970591874,0.3270024970591874,0.3270024970591874,0.5178344967472746,5.0,5.0,2026-08-04 14:04:20,Kinnaree Apartment,2,0,,2026-08-04,23.63,Kanchanaburi,KA,Lower South - West,Not Mapped,Mapped,186555.0,9.0,637.0,5.0,0.0,,,0.0,0.0,,0,0.007849293563579277,0.0,2.88,0.3,0,100,50.0,6.26,20.4,914,Low,Map Hotel to Agoda,"Demand exists, but hotel-level mapping is missing on Agoda."
4910,0.3548247894790894,0.36171741193978835,0.3548247894790894,0.5049897127989856,87.0,71.0,2026-08-04 16:21:17,Banyan House Samui bed and breakfast,13,0,,2026-08-06,25.55,Koh Samui,LT,Upper South,Mapped,Unknown,31935.0,0.0,1844.5,87.0,0.0,,,0.0,0.0,,0,0.04716725399837354,0.0,0.49,0.0,100,0,50.0,5.36,20.39,915,Low,Monitor,No immediate distribution issue requires action.
2004820,0.26572602719244875,0.26572602719244875,0.26572602719244875,0.5059455474155131,11.0,11.0,2026-08-04 23:03:24,Kor Wanburi Resort,11,0,,2026-08-04,21.79,Prachuapkhirikhan,LT,Lower South - West,No Room,Unknown,27112.0,0.0,531.0,11.0,0.0,,,0.0,0.0,,0,0.02071563088512241,0.0,0.42,0.0,70,0,35.0,4.57,20.38,916,Low,Complete Room-Type Mapping,"Hotel-level mapping exists, but room types are not mapped."
4857703,0.31881851665451477,0.37099374662139356,0.31881851665451477,0.5113818893257986,10.0,5.0,2026-08-04 19:05:32,Saransuk Grand V.I.P,8,0,,2026-08-15,23.74,Phra Nakhon Si Ayutthaya,KA,Lower Isan - Central,Unknown,Mapped,196276.0,3.0,675.5,10.0,0.0,,,0.0,2.0,,0,0.014803849000740192,0.0,3.03,0.1,0,100,50.0,6.29,20.38,917,Low,Monitor,No immediate distribution issue requires action.
2006042,0.3803532191792458,0.3803532191792458,0.3803532191792458,0.5064556248114241,11.0,11.0,2026-08-04 11:36:45,The Seven Luck - Stay in Style,3,0,,2026-08-15,25.63,Bangkok,LT,BKK - Metro - Chon,Mapped,Not Mapped,8174.0,5.0,1382.5,11.0,0.0,,,0.0,3.0,,0,0.007956600361663653,0.0,0.13,0.17,100,0,50.0,5.24,20.37,918,Low,Expand to Ctrip,The hotel has demand but is not mapped on Ctrip.
25124,0.3302800294207944,0.3335677015687464,0.3302800294207944,0.5086052302532135,20.0,8.0,2026-08-04 11:51:06,Phanthong Hotel,6,0,,2026-08-04,23.96,Nakhon Pathom,KA,BKK - Metro - Chon,Mapped,Mapped,1106792.0,279.0,968.5,20.0,0.0,,,0.0,0.0,,0,0.020650490449148167,0.0,17.09,9.4,100,100,100.0,16.16,20.35,919,Low,Monitor,No immediate distribution issue requires action.
4795629,0.34399949382088685,0.40940077892594856,0.34399949382088685,0.5116043199038941,155.0,64.0,2026-08-04 20:47:47,Suwatchai Garden,48,3,2026-08-04 18:49:41,2026-08-08,28.59,Samut Prakan,KA,BKK - Metro - Chon,Mapped,Not Live,203493.0,1.0,1394.0,155.0,0.0,,,0.0,12.0,,0,0.11119081779053085,0.0,3.14,0.03,100,40,70.0,7.3,20.34,920,Low,Investigate Booking Conversion,"Demand exists, but no booking is matched to the current check-in demand."
4884787,0.37130937077798504,0.4285583972919424,0.37130937077798504,0.508648298597769,424.0,168.0,2026-08-04 22:18:28,Ananzitra Hotel,25,3,2026-08-04 22:18:28,2026-08-18,27.52,Kanchanaburi,KA,Lower South - West,Mapped,Mapped,609549.0,373.0,469.0,424.0,0.0,,,0.0,15.0,-0.0,1,0.9040511727078892,0.0,9.41,12.56,100,100,100.0,13.98,20.33,921,Low,Investigate Booking Conversion,"Demand exists, but no booking is matched to the current check-in demand."
63435,0.40943557135044567,0.4179389094040105,0.40943557135044567,0.5075046909396684,165.0,47.0,2026-08-04 20:47:47,Benjatara Boutique Resort,26,6,2026-08-04 19:05:32,2026-08-07,29.04,Lop Buri,KA,Lower Isan - Central,Mapped,Mapped,765407.0,131.0,460.5,165.0,0.0,,,0.0,0.0,,0,0.3583061889250814,0.0,11.82,4.41,100,100,100.0,13.04,20.31,922,Low,Investigate Booking Conversion,"Demand exists, but no booking is matched to the current check-in demand."
4915675,0.3958296057323335,0.44324416341943235,0.3958296057323335,0.5080052074662619,217.0,57.0,2026-08-04 23:03:24,The Gold Living Life,18,0,,2026-08-09,27.77,Nakhon Si Thammarat,KA,Lower South - West,Mapped,Mapped,625763.0,334.0,961.5,217.0,0.0,,,0.0,7.0,,0,0.22568902756110246,0.0,9.66,11.25,100,100,100.0,13.76,20.29,923,Low,Investigate Booking Conversion,"Demand exists, but no booking is matched to the current check-in demand."
43648,0.39689836057309735,0.41244062915419527,0.39689836057309735,0.5104661726934067,241.0,91.0,2026-08-04 03:15:05,Triple B Boutique Residence,12,1,2026-08-04 01:30:42,2026-08-11,27.3,Sriracha,KA,BKK - Metro - Chon,Mapped,Mapped,526575.0,442.0,1645.0,241.0,0.0,,,0.0,5.0,,0,0.14650455927051673,0.0,8.13,14.89,100,100,100.0,13.99,20.29,924,Low,Investigate Booking Conversion,"Demand exists, but no booking is matched to the current check-in demand."
43623,0.2985259847955558,0.3031515824124664,0.2985259847955558,0.5100790242824997,28.0,23.0,2026-08-04 23:33:09,Pruksa Thara Park & Resort Hotel,14,0,,2026-08-10,23.48,Phichit,KA,North,Not Mapped,Mapped,207112.0,0.0,178.0,28.0,0.0,,,0.0,0.0,,0,0.15730337078651685,0.0,3.2,0.0,0,100,50.0,6.3,20.29,925,Low,Map Hotel to Agoda,"Demand exists, but hotel-level mapping is missing on Agoda."
4896927,0.3247933836969881,0.3247933836969881,0.3247933836969881,0.5365453312511387,3.0,2.0,2026-08-04 23:33:09,Pan On Residence Pluakdaeng,3,0,,2026-08-04,24.01,Rayong,LT,Upper Isan - East,Not Mapped,Mapped,69582.0,11.0,1322.5,3.0,0.0,,,0.0,0.0,,0,0.002268431001890359,0.0,1.07,0.37,0,100,50.0,5.45,20.29,926,Low,Map Hotel to Agoda,"Demand exists, but hotel-level mapping is missing on Agoda."
182822,0.3138258451084286,0.3141810712509098,0.3138258451084286,0.5226091735317726,16.0,8.0,2026-08-04 23:33:09,Baan Im Oon,16,0,,2026-08-08,24.53,Bangkok,KA,BKK - Metro - Chon,Mapped,Mapped,1331109.0,20.0,1678.5,16.0,0.0,,,0.0,0.0,,0,0.009532320524277629,0.0,20.56,0.67,100,100,100.0,15.39,20.28,927,Low,Monitor,No immediate distribution issue requires action.
4884615,0.3603113964470544,0.3603113964470544,0.3603113964470544,0.5048413611207793,9.0,9.0,2026-08-04 20:47:47,Top Residence Surat Thani,2,0,,2026-08-04,24.7,Surat Thani,LT,Upper South,Mapped,Not Mapped,70023.0,17.0,1083.5,9.0,0.0,,,0.0,0.0,,0,0.008306414397784956,0.0,1.08,0.57,100,0,50.0,5.65,20.28,928,Low,Expand to Ctrip,The hotel has demand but is not mapped on Ctrip.
4856321,0.32561370212340685,0.32561370212340685,0.32561370212340685,0.5282809475395267,4.0,4.0,2026-08-04 16:21:17,Hormuenlee Resort Sangkhla Buri,4,0,,2026-08-05,23.97,Sangkhlaburi,LT,Lower South - West,Mapped,Not Mapped,97640.0,6.0,762.0,4.0,0.0,,,0.0,0.0,,0,0.005249343832020997,0.0,1.51,0.2,100,0,50.0,5.61,20.28,929,Low,Expand to Ctrip,The hotel has demand but is not mapped on Ctrip.
2009795,0.34604984302642877,0.34604984302642877,0.34604984302642877,0.506238168832775,66.0,66.0,2026-08-04 20:47:47,Luck Swan Boutique,9,0,,2026-08-04,24.84,Chiang Rai,LT,North,Mapped,Unknown,60769.0,10.0,865.5,66.0,0.0,,,0.0,0.0,,0,0.07625649913344887,0.0,0.94,0.34,100,0,50.0,5.54,20.28,930,Low,Monitor,No immediate distribution issue requires action.
63406,0.37693362069116937,0.4336058837545483,0.37693362069116937,0.5092037930195205,199.0,107.0,2026-08-04 23:33:09,G2 Hotel Group,27,3,2026-08-04 23:33:09,2026-08-05,27.88,Hatyai,KA,Lower South - West,Mapped,Mapped,723210.0,246.0,1894.0,199.0,0.0,,,0.0,8.0,,0,0.10506863780359028,0.0,11.17,8.29,100,100,100.0,13.65,20.28,931,Low,Investigate Booking Conversion,"Demand exists, but no booking is matched to the current check-in demand."
5101104,0.3444055440981225,0.3445995745988468,0.3444055440981225,0.5089925196921409,6.0,3.0,2026-08-04 14:04:20,Baan Suan Chan provides accommodation services,6,0,,2026-08-06,24.53,Mukdahan,LT,Lower Isan - Central,Not Mapped,Mapped,85569.0,8.0,298.0,6.0,0.0,,,0.0,0.0,,0,0.020134228187919462,0.0,1.32,0.27,0,100,50.0,5.65,20.27,932,Low,Map Hotel to Agoda,"Demand exists, but hotel-level mapping is missing on Agoda."
4921023,0.42638792178021584,0.44459978180052123,0.42638792178021584,0.5112143486991979,457.0,228.0,2026-08-04 20:47:47,Ceniq Hotel Lampang,26,0,,2026-08-04,29.88,Lampang,KA,North,Mapped,Mapped,654560.0,134.0,941.0,457.0,0.0,,,0.0,0.0,,0,0.485653560042508,0.0,10.11,4.51,100,100,100.0,12.38,20.27,933,Low,Investigate Booking Conversion,"Demand exists, but no booking is matched to the current check-in demand."
4884985,0.36383223403874904,0.36383223403874904,0.36383223403874904,0.5060264626104077,460.0,460.0,2026-08-04 18:36:27,The punn,4,1,2026-08-04 18:06:03,2026-08-26,25.19,Si Sa Ket,LT,Lower Isan - Central,Mapped,Not Mapped,13813.0,15.0,22.0,460.0,0.0,,,0.0,2.0,,0,20.90909090909091,0.0,0.21,0.51,100,0,50.0,5.3,20.27,934,Low,Expand to Ctrip,The hotel has demand but is not mapped on Ctrip.
63648,0.4711788840667074,0.4866652565172567,0.4711788840667074,0.5109142845066494,318.0,168.0,2026-08-04 11:51:06,The O Valley Hotel,7,2,2026-08-04 10:02:48,2026-08-11,29.83,Surat Thani,KA,Upper South,Mapped,Mapped,507315.0,250.0,692.0,318.0,0.0,-0.9036559439482236,-0.9036559439482236,1.0,2.0,,0,0.4595375722543353,0.0,7.84,8.42,100,100,100.0,12.41,20.26,935,Low,Fix Internal Rate Parity,Our rate is more expensive than a comparable partner rate.
181653,0.3062816121324878,0.3062816121324878,0.3062816121324878,0.5096055015090256,36.0,12.0,2026-08-04 14:04:20,Tianchan Hotel,12,0,,2026-08-16,23.59,Maha Sarakham,LT,Upper Isan - East,Not Mapped,Mapped,134537.0,41.0,114.0,36.0,0.0,,,0.0,3.0,,0,0.3157894736842105,0.0,2.08,1.38,0,100,50.0,6.17,20.26,936,Low,Map Hotel to Agoda,"Demand exists, but hotel-level mapping is missing on Agoda."
4935454,0.36179250142828695,0.36179250142828695,0.36179250142828695,0.5094158491346367,139.0,139.0,2026-08-04 12:38:07,Syama Hana Executive Apartment Thonglor,3,0,,2026-08-22,24.99,Bangkok,LT,BKK - Metro - Chon,Mapped,Unknown,23615.0,16.0,42.0,139.0,0.0,,,0.0,6.0,,0,3.3095238095238093,0.0,0.36,0.54,100,0,50.0,5.34,20.26,937,Low,Monitor,No immediate distribution issue requires action.
4915580,0.4473996950358985,0.45504688501035107,0.4473996950358985,0.4981718509869102,576.0,448.0,2026-08-04 16:21:17,Top inn Hotel Mahasarakham,6,2,2026-08-04 16:21:17,2026-08-07,28.6,Maha Sarakham,KA,Upper Isan - East,Mapped,Mapped,747305.0,188.0,266.0,576.0,0.0,,,0.0,0.0,0.02,1,2.1654135338345863,0.0,11.54,6.33,100,100,100.0,13.39,20.26,938,Low,Review Agoda Rate Competitiveness,Agoda reports a price disadvantage; 0% is cheapest.
64985,0.40084947306048063,0.40084947306048063,0.40084947306048063,0.5068193734289658,31.0,31.0,2026-08-04 22:34:47,Merdelong Hotel Phatthalung,6,1,2026-08-04 22:34:47,2026-08-04,26.75,Phatthalung,KA,Lower South - West,Mapped,Mapped,618144.0,414.0,414.5,31.0,0.0,,,0.0,0.0,,0,0.07478890229191798,0.0,9.55,13.94,100,100,100.0,14.31,20.25,939,Low,Investigate Booking Conversion,"Demand exists, but no booking is matched to the current check-in demand."
4921355,0.34768932140862374,0.3525241366710992,0.34768932140862374,0.5105804021641092,23.0,12.0,2026-08-04 16:21:17,Shama Yen-akat Bangkok,8,0,,2026-08-19,24.88,Bangkok,LT,BKK - Metro - Chon,Mapped,Unknown,28900.0,14.0,81.0,23.0,0.0,,,0.0,12.0,,0,0.2839506172839506,0.0,0.45,0.47,100,0,50.0,5.34,20.24,940,Low,Monitor,No immediate distribution issue requires action.
5102098,0.353581715756224,0.353581715756224,0.353581715756224,0.5088327289968616,125.0,125.0,2026-08-04 19:05:32,Plearn View Khong Resort,6,0,,2026-08-04,24.93,Bungkan,LT,Upper Isan - East,Mapped,Not Mapped,41139.0,3.0,25.0,125.0,0.0,,,0.0,0.0,,0,5.0,0.0,0.64,0.1,100,0,50.0,5.34,20.24,941,Low,Expand to Ctrip,The hotel has demand but is not mapped on Ctrip.
183078,0.3063567914564801,0.3063567914564801,0.3063567914564801,0.5076077245515122,3.0,3.0,2026-08-04 23:33:09,The 28th Hotel,1,0,,2026-09-02,22.5,Kanchanaburi,KA,Lower South - West,Mapped,Mapped,1015155.0,442.0,0.0,3.0,0.0,,,0.0,1.0,,0,,0.0,15.68,14.89,100,100,100.0,16.81,20.23,942,Low,Monitor,No immediate distribution issue requires action.
43885,0.4359031170327847,0.44639128010214735,0.4359031170327847,0.5111413730995013,454.0,372.0,2026-08-04 19:05:32,S Tara Grand Hotel,19,2,2026-08-04 07:59:49,2026-08-04,29.6,Surat Thani,KA,Upper South,Mapped,Mapped,767407.0,62.0,1283.5,454.0,0.0,,,0.0,0.0,,0,0.353720296065446,0.0,11.85,2.09,100,100,100.0,12.47,20.23,943,Low,Investigate Booking Conversion,"Demand exists, but no booking is matched to the current check-in demand."
4606550,0.3411391472718188,0.3411391472718188,0.3411391472718188,0.5071576384618184,105.0,105.0,2026-08-04 18:36:27,Dookhao Chomklong Mongtalay Hotel,4,0,,2026-08-04,24.2,Prachuapkhirikhan,LT,Lower South - West,Mapped,Not Mapped,98416.0,17.0,531.0,105.0,0.0,,,0.0,0.0,,0,0.1977401129943503,0.0,1.52,0.57,100,0,50.0,5.77,20.22,944,Low,Expand to Ctrip,The hotel has demand but is not mapped on Ctrip.
4896923,0.32333276533368904,0.3300693991285653,0.32333276533368904,0.5138534593451044,10.0,6.0,2026-08-04 18:21:46,Terra Villa Resort,6,0,,2026-08-05,23.78,Nakhonratchasima,KA,Lower Isan - Central,Mapped,Not Mapped,147185.0,0.0,1319.0,10.0,0.0,,,0.0,0.0,,0,0.0075815011372251705,0.0,2.27,0.0,100,0,50.0,5.89,20.22,945,Low,Expand to Ctrip,The hotel has demand but is not mapped on Ctrip.
4915539,0.3487600722298116,0.3487600722298116,0.3487600722298116,0.506675611708559,12.0,12.0,2026-08-04 10:02:48,Hugna Resort Wanonniwat,4,0,,2026-08-04,24.47,Sakon Nakhon,LT,Upper Isan - East,Not Mapped,Mapped,92458.0,2.0,412.5,12.0,0.0,,,0.0,0.0,,0,0.02909090909090909,0.0,1.43,0.07,0,100,50.0,5.63,20.22,946,Low,Map Hotel to Agoda,"Demand exists, but hotel-level mapping is missing on Agoda."
408,0.3417305415106693,0.4939565387419965,0.3417305415106693,0.5159553842316027,37.0,23.0,2026-08-04 23:33:09,Citadines Sukhumvit 16 Bangkok,12,0,,2026-08-04,25.14,Bangkok,LT,BKK - Metro - Chon,Mapped,Unknown,0.0,0.0,2531.5,37.0,0.0,,,0.0,12.0,,0,0.014615840410823623,0.0,0.0,0.0,100,0,50.0,5.03,20.22,947,Low,Monitor,No immediate distribution issue requires action.
4921218,0.36192699495064995,0.36192699495064995,0.36192699495064995,0.5084070409894477,45.0,45.0,2026-08-04 06:59:25,Valia Hotel Bangkok,5,0,,2026-08-18,25.13,Bangkok,LT,BKK - Metro - Chon,Mapped,Unknown,13607.0,5.0,1984.5,45.0,0.0,,,0.0,2.0,,0,0.022675736961451247,0.0,0.21,0.17,100,0,50.0,5.18,20.21,948,Low,Monitor,No immediate distribution issue requires action.
2003360,0.29589076204689385,0.3005673349479413,0.29589076204689385,0.5085111196343912,33.0,11.0,2026-08-04 16:21:17,Loft Buriram,19,0,,2026-08-05,23.82,Buriram,KA,Lower Isan - Central,Mapped,Unknown,139792.0,12.0,764.0,33.0,0.0,,,0.0,2.0,,0,0.04319371727748691,0.0,2.16,0.4,100,0,50.0,5.96,20.21,949,Low,Monitor,No immediate distribution issue requires action.
4921159,0.3195327708432317,0.36521875217936745,0.3195327708432317,0.5072118453551228,162.0,64.0,2026-08-04 22:18:28,Anantaya Chiangmai Boutique Hotel,22,2,2026-08-04 21:48:56,2026-08-06,25.06,Chiang Mai,LT,North,Mapped,Unknown,23282.0,3.0,1475.5,162.0,0.0,,,0.0,6.0,,0,0.1097932904100305,0.0,0.36,0.1,100,0,50.0,5.22,20.2,950,Low,Monitor,No immediate distribution issue requires action.
152909,0.3343640589968903,0.36525786742484656,0.3343640589968903,0.5091838698568139,42.0,22.0,2026-08-04 23:33:09,Ruenrabeng Mountainview Khao Soidao,13,0,,2026-08-04,24.8,Chanthaburi,LT,Upper Isan - East,Not Mapped,Mapped,46030.0,0.0,1086.0,42.0,0.0,,,0.0,0.0,,0,0.03867403314917127,0.0,0.71,0.0,0,100,50.0,5.32,20.19,951,Low,Map Hotel to Agoda,"Demand exists, but hotel-level mapping is missing on Agoda."
183266,0.34188462015159465,0.34188462015159465,0.34188462015159465,0.5094344755490926,34.0,34.0,2026-08-04 19:05:32,Aileen Hotel,6,0,,2026-08-04,24.44,Khon Kaen,LT,Upper Isan - East,Mapped,Not Mapped,57682.0,19.0,1025.5,34.0,0.0,,,0.0,0.0,,0,0.03315455875182838,0.0,0.89,0.64,100,0,50.0,5.52,20.19,952,Low,Expand to Ctrip,The hotel has demand but is not mapped on Ctrip.
183023,0.3847986504302711,0.4815484780306317,0.3847986504302711,0.5137007027237817,272.0,75.0,2026-08-04 23:33:09,Samui City Hotel,32,2,2026-08-04 11:51:06,2026-08-27,28.78,Koh Samui,KA,Upper South,Mapped,Mapped,546235.0,283.0,954.5,272.0,0.0,,,0.0,7.0,,0,0.28496595075956,0.0,8.44,9.53,100,100,100.0,12.84,20.19,953,Low,Investigate Booking Conversion,"Demand exists, but no booking is matched to the current check-in demand."
23876,0.36771422723480235,0.36771422723480235,0.36771422723480235,0.5109236784179629,38.0,38.0,2026-08-04 11:51:06,Pung Waan Resort Sai Yoke,2,0,,2026-08-08,25.13,Kanchanaburi,LT,Lower South - West,Not Mapped,Mapped,4519.0,0.0,14.0,38.0,0.0,,,0.0,0.0,,0,2.7142857142857144,0.0,0.07,0.0,0,100,50.0,5.06,20.18,954,Low,Map Hotel to Agoda,"Demand exists, but hotel-level mapping is missing on Agoda."
63795,0.4312558953001254,0.47676385636525076,0.4312558953001254,0.5099465078076956,907.0,191.0,2026-08-04 16:21:17,Maison de Cheer,28,3,2026-08-04 09:50:43,2026-08-06,30.38,Trang,KA,Upper South,Mapped,Mapped,340941.0,317.0,623.0,907.0,1.0,0.0141870017538387,0.02513048887508515,4.0,28.0,0.1403,2,1.4558587479935794,0.0011025358324145535,5.27,10.68,100,100,100.0,11.92,20.17,955,Low,Review Agoda Rate Competitiveness,Agoda reports a price disadvantage; 0% is cheapest.
730,0.4050776303784063,0.44623681698012413,0.4050776303784063,0.5104923704956585,278.0,90.0,2026-08-04 14:04:20,Hinn Namm Hotel,21,2,2026-08-04 09:17:17,2026-08-07,28.49,Hua Hin,KA,Lower South - West,Mapped,Mapped,520980.0,328.0,842.5,278.0,0.0,0.0596786232840706,0.14672842397523705,2.0,4.0,0.0088,4,0.32997032640949553,0.0,8.05,11.05,100,100,100.0,13.04,20.17,956,Low,Review Agoda Rate Competitiveness,Agoda reports a price disadvantage; 0% is cheapest.
4921149,0.3953584939458334,0.40501866888630733,0.3953584939458334,0.5081682704250345,740.0,446.0,2026-08-04 19:05:32,Saney Apartment,25,4,2026-08-04 18:21:46,2026-08-05,28.57,Nakhonratchasima,KA,Lower Isan - Central,Mapped,Mapped,850554.0,75.0,1319.0,740.0,0.0,,,0.0,0.0,,0,0.5610310841546626,0.0,13.14,2.53,100,100,100.0,13.04,20.17,957,Low,Investigate Booking Conversion,"Demand exists, but no booking is matched to the current check-in demand."
5102022,0.3242212235409826,0.41010759683058984,0.3242212235409826,0.506215326909938,66.0,38.0,2026-08-04 20:47:47,One Budget Hotel Chiangrai Bypass-West,15,1,2026-08-04 19:05:32,2026-08-04,24.54,Chiang Rai,LT,North,Mapped,Unknown,66909.0,4.0,865.5,66.0,0.0,,,0.0,3.0,,0,0.07625649913344887,0.0,1.03,0.13,100,0,50.0,5.46,20.16,958,Low,Monitor,No immediate distribution issue requires action.
183011,0.37683982435750374,0.37683982435750374,0.37683982435750374,0.5182230431679615,11.0,11.0,2026-08-04 11:51:06,Sita Krabi Hotel,6,1,2026-08-04 10:02:48,2026-08-04,26.01,Krabi,KA,Upper South,Not Live,Mapped,406021.0,0.0,400.0,11.0,0.0,,,0.0,0.0,,0,0.0275,0.0,6.27,0.0,40,100,70.0,8.34,20.15,959,Low,Activate Agoda,"Agoda connectivity exists, but the hotel is not live."
4885266,0.3327075760048203,0.3327075760048203,0.3327075760048203,0.5125697543506397,54.0,54.0,2026-08-04 22:03:21,Pakchong Center Poshtel,10,1,2026-08-04 21:34:17,2026-08-05,24.52,Khaoyai,LT,Lower Isan - Central,Mapped,Unknown,55784.0,0.0,1179.0,54.0,0.0,,,0.0,0.0,,0,0.04580152671755725,0.0,0.86,0.0,100,0,50.0,5.33,20.15,960,Low,Monitor,No immediate distribution issue requires action.
183623,0.36009984028592185,0.42020136321721724,0.36009984028592185,0.5202737604791408,109.0,46.0,2026-08-04 22:34:47,Fortune Buriram,32,3,2026-08-04 22:34:47,2026-08-18,27.88,Buriram,KA,Lower Isan - Central,Mapped,Mapped,925583.0,44.0,764.0,109.0,0.0,,,0.0,4.0,,0,0.14267015706806283,0.0,14.29,1.48,100,100,100.0,13.16,20.15,961,Low,Investigate Booking Conversion,"Demand exists, but no booking is matched to the current check-in demand."
43826,0.39604865017784147,0.41903860555983447,0.39604865017784147,0.5071883319673081,669.0,236.0,2026-08-04 18:36:27,Srilamduan Hotel Srisaket,34,7,2026-08-04 18:36:27,2026-08-05,29.41,Si Sa Ket,KA,Lower Isan - Central,Mapped,Mapped,712930.0,109.0,245.5,669.0,0.0,0.2111672267589905,0.21891922215187054,4.0,6.0,-0.0,1,2.725050916496945,0.0,11.01,3.67,100,100,100.0,12.49,20.14,962,Low,Investigate Booking Conversion,"Demand exists, but no booking is matched to the current check-in demand."
183031,0.3418685280683769,0.3418685280683769,0.3418685280683769,0.5202209284093399,7.0,7.0,2026-08-04 04:58:51,Perfect Place Surat,7,0,,2026-08-17,24.74,Surat Thani,LT,Upper South,Unknown,Mapped,11464.0,0.0,438.0,7.0,0.0,,,0.0,3.0,,0,0.01598173515981735,0.0,0.18,0.0,0,100,50.0,5.04,20.14,963,Low,Monitor,No immediate distribution issue requires action.
2001967,0.32020608557478714,0.3314318482974624,0.32020608557478714,0.5113227477986663,22.0,12.0,2026-08-04 19:05:32,At Home Phetkasem,17,0,,2026-08-04,24.65,Bangkok,LT,BKK - Metro - Chon,Unknown,Mapped,42091.0,0.0,2851.0,22.0,0.0,,,0.0,0.0,,0,0.007716590669940372,0.0,0.65,0.0,0,100,50.0,5.26,20.14,964,Low,Monitor,No immediate distribution issue requires action.
4996599,0.33598257401642656,0.33598257401642656,0.33598257401642656,0.5095354258397241,75.0,75.0,2026-08-04 01:45:09,Lalynn Resort,3,0,,2026-08-29,23.94,Chumphon,LT,Upper South,Mapped,Not Mapped,60907.0,47.0,8.0,75.0,0.0,,,0.0,1.0,,0,9.375,0.0,0.94,1.58,100,0,50.0,5.73,20.14,965,Low,Expand to Ctrip,The hotel has demand but is not mapped on Ctrip.
4914130,0.3578676042917373,0.3578676042917373,0.3578676042917373,0.506675611708559,2.0,2.0,2026-08-04 01:45:09,S.B. Hotel Kantharalak (Room on Request),2,0,,2026-08-12,24.64,Si Sa Ket,LT,Lower Isan - Central,Not Mapped,Mapped,56206.0,0.0,0.0,2.0,0.0,,,0.0,2.0,,0,,0.0,0.87,0.0,0,100,50.0,5.36,20.14,966,Low,Map Hotel to Agoda,"Demand exists, but hotel-level mapping is missing on Agoda."
4874338,0.33410897393712374,0.3805963054103632,0.33410897393712374,0.5051756252292355,75.0,38.0,2026-08-04 23:33:09,Big Zen Condotel,17,0,,2026-08-04,25.1,Nonthaburi,LT,BKK - Metro - Chon,Mapped,Unknown,7189.0,2.0,501.0,75.0,0.0,,,0.0,2.0,,0,0.1497005988023952,0.0,0.11,0.07,100,0,50.0,5.1,20.13,967,Low,Monitor,No immediate distribution issue requires action.
4867257,0.41703878936332617,0.41703878936332617,0.41703878936332617,0.5075755416175557,633.0,633.0,2026-08-04 22:03:21,Grand PL Hotel,10,0,,2026-08-04,27.97,Phatthalung,KA,Lower South - West,Mapped,Not Live,138366.0,64.0,414.5,633.0,0.0,,,0.0,0.0,,0,1.5271411338962606,0.0,2.14,2.16,100,40,70.0,7.31,20.12,968,Low,Investigate Booking Conversion,"Demand exists, but no booking is matched to the current check-in demand."
5101957,0.28525583713101355,0.30857884271385033,0.28525583713101355,0.5032227207667799,16.0,5.0,2026-08-04 20:47:47,Maison Stay Bangkok,16,0,,2026-08-05,23.0,Bangkok,LT,BKK - Metro - Chon,Mapped,Unknown,119160.0,84.0,2851.0,16.0,0.0,,,0.0,10.0,,0,0.0056120659417748155,0.0,1.84,2.83,100,0,50.0,6.37,20.12,969,Low,Monitor,No immediate distribution issue requires action.
4920449,0.31154435671479436,0.32734215131788263,0.31154435671479436,0.5089208785416145,11.0,4.0,2026-08-04 19:05:32,S.R. Sunshine Hotel,11,0,,2026-08-12,23.69,Phetchabun,LT,North,Mapped,Not Mapped,133871.0,6.0,428.0,11.0,0.0,,,0.0,6.0,,0,0.02570093457943925,0.0,2.07,0.2,100,0,50.0,5.83,20.11,970,Low,Expand to Ctrip,The hotel has demand but is not mapped on Ctrip.
183150,0.3099066637144858,0.3154166180437524,0.3099066637144858,0.5136243977398927,25.0,11.0,2026-08-04 23:33:09,Sattahip 9 Boutique Hotel,21,0,,2026-08-04,24.67,Pattaya,LT,BKK - Metro - Chon,Mapped,Not Mapped,20489.0,4.0,2288.0,25.0,0.0,,,0.0,0.0,,0,0.010926573426573426,0.0,0.32,0.13,100,0,50.0,5.13,20.1,971,Low,Expand to Ctrip,The hotel has demand but is not mapped on Ctrip.
21359,0.3172702762925523,0.32142764278282804,0.3172702762925523,0.5242915483437545,14.0,11.0,2026-08-04 23:33:09,PS Hotel Saraburi,9,0,,2026-08-05,24.03,Saraburi,LT,Lower Isan - Central,Mapped,Not Mapped,61545.0,1.0,568.5,14.0,0.0,,,0.0,0.0,,0,0.024626209322779244,0.0,0.95,0.03,100,0,50.0,5.29,20.1,972,Low,Expand to Ctrip,The hotel has demand but is not mapped on Ctrip.
63594,0.3613402010973019,0.3613402010973019,0.3613402010973019,0.5098931106353392,49.0,49.0,2026-08-04 14:04:20,Diary Suite Hotel,6,0,,2026-08-05,25.24,Nakhon Pathom,KA,BKK - Metro - Chon,Mapped,Mapped,891870.0,290.0,968.5,49.0,0.0,,,0.0,0.0,,0,0.05059370160041301,0.0,13.77,9.77,100,100,100.0,14.86,20.1,973,Low,Monitor,No immediate distribution issue requires action.
5101537,0.34685715331559824,0.34685715331559824,0.34685715331559824,0.5094313066451426,92.0,92.0,2026-08-04 10:02:48,Kokotel Pattaya North Beach,4,0,,2026-08-29,24.47,Pattaya,LT,BKK - Metro - Chon,Mapped,Unknown,55876.0,0.0,36.0,92.0,0.0,,,0.0,1.0,,0,2.5555555555555554,0.0,0.86,0.0,100,0,50.0,5.32,20.1,974,Low,Monitor,No immediate distribution issue requires action.
4931455,0.3348692184023847,0.3348692184023847,0.3348692184023847,0.5080275615731105,73.0,73.0,2026-08-04 20:47:47,HT9 Hotel,3,0,,2026-08-19,23.86,Pattaya,LT,BKK - Metro - Chon,Mapped,Unknown,112402.0,8.0,57.5,73.0,0.0,,,0.0,2.0,,0,1.2695652173913043,0.0,1.74,0.27,100,0,50.0,5.72,20.1,975,Low,Monitor,No immediate distribution issue requires action.
4896856,0.29963706546612806,0.3139366953312192,0.29963706546612806,0.5082440798636222,29.0,20.0,2026-08-04 22:03:21,Na Gaysorn Resort,10,0,,2026-08-04,23.11,Chaiyaphum,KA,Upper Isan - East,Not Mapped,Mapped,195020.0,2.0,421.0,29.0,0.0,,,0.0,4.0,,0,0.0688836104513064,0.0,3.01,0.07,0,100,50.0,6.15,20.09,976,Low,Map Hotel to Agoda,"Demand exists, but hotel-level mapping is missing on Agoda."
5102194,0.36094134747347134,0.36094134747347134,0.36094134747347134,0.507402133555387,42.0,42.0,2026-08-04 12:51:31,19 Degrees Resort,4,0,,2026-08-05,24.98,Kanchanaburi,LT,Lower South - West,Mapped,Unknown,2703.0,0.0,762.0,42.0,0.0,,,0.0,0.0,,0,0.05511811023622047,0.0,0.04,0.0,100,0,50.0,5.02,20.08,977,Low,Monitor,No immediate distribution issue requires action.
25144,0.3764477687330495,0.3840883971854295,0.3764477687330495,0.5073765244175388,247.0,221.0,2026-08-04 23:03:24,Khaoyai Lumtakong Hotel,17,3,2026-08-04 21:48:56,2026-08-05,26.89,Khaoyai,KA,Lower Isan - Central,Mapped,Not Live,237912.0,66.0,1319.0,247.0,0.0,,,0.0,0.0,,0,0.18726307808946172,0.0,3.67,2.22,100,40,70.0,7.88,20.08,978,Low,Investigate Booking Conversion,"Demand exists, but no booking is matched to the current check-in demand."
2005767,0.3556988383848627,0.3556988383848627,0.3556988383848627,0.5142108458570397,27.0,27.0,2026-08-04 18:21:46,Nature Line Resort Khanom,3,0,,2026-08-04,24.8,Nakhon Si Thammarat,LT,Lower South - West,Mapped,Unknown,4372.0,0.0,799.5,27.0,0.0,,,0.0,0.0,,0,0.03377110694183865,0.0,0.07,0.0,100,0,50.0,5.0,20.08,979,Low,Monitor,No immediate distribution issue requires action.
65488,0.31417697774990566,0.3189832435894146,0.31417697774990566,0.5152255848348481,18.0,5.0,2026-08-04 20:47:47,The Zell Budget Hotel Buriram,12,0,,2026-08-07,24.01,Buriram,KA,Lower Isan - Central,Not Live,Mapped,491069.0,83.0,764.0,18.0,0.0,,,0.0,0.0,,0,0.02356020942408377,0.0,7.58,2.8,40,100,70.0,9.43,20.07,980,Low,Activate Agoda,"Agoda connectivity exists, but the hotel is not live."
65444,0.32058469574656734,0.32058469574656734,0.32058469574656734,0.5098523473672526,19.0,19.0,2026-08-04 11:36:45,Viranya Resort Buriram,3,0,,2026-08-04,23.31,Buriram,KA,Lower Isan - Central,Mapped,Not Mapped,129612.0,30.0,504.5,19.0,0.0,,,0.0,0.0,,0,0.03766105054509415,0.0,2.0,1.01,100,0,50.0,5.96,20.07,981,Low,Expand to Ctrip,The hotel has demand but is not mapped on Ctrip.
21999,0.34889732105220406,0.4063834961640727,0.34889732105220406,0.5084902744710884,253.0,233.0,2026-08-04 19:05:32,PhoomThai Garden Hotel,16,2,2026-08-04 13:52:08,2026-08-04,25.72,Phrae,KA,North,Mapped,Mapped,683269.0,407.0,305.0,253.0,0.0,,,0.0,1.0,,0,0.8295081967213115,0.0,10.55,13.71,100,100,100.0,14.53,20.07,982,Low,Monitor,No immediate distribution issue requires action.
138051,0.32730648321491834,0.32730648321491834,0.32730648321491834,0.5111062833506586,25.0,25.0,2026-08-04 13:52:08,Tanee Resort Sakaeo,5,0,,2026-08-12,23.8,Sa Kaeo,KA,Upper Isan - East,Not Mapped,Mapped,111333.0,2.0,3.5,25.0,0.0,,,0.0,2.0,,0,7.142857142857143,0.0,1.72,0.07,0,100,50.0,5.64,20.07,983,Low,Map Hotel to Agoda,"Demand exists, but hotel-level mapping is missing on Agoda."
4896913,0.39597620509079895,0.4422387079651834,0.39597620509079895,0.5072279592847615,505.0,155.0,2026-08-04 22:18:28,ABIZZ Hotel Kwan Phayao,27,3,2026-08-04 22:03:21,2026-08-06,28.7,Phayao,KA,North,Mapped,Mapped,673502.0,179.0,478.5,505.0,0.0,,,0.0,7.0,0.3464,1,1.0553814002089865,0.0,10.4,6.03,100,100,100.0,12.75,20.06,984,Low,Review Agoda Rate Competitiveness,Agoda reports a price disadvantage; 0% is cheapest.
2008496,0.415327525011012,0.44999003835837065,0.415327525011012,0.5097360107944816,386.0,209.0,2026-08-04 23:33:09,Thongphaphum River,13,2,2026-08-04 23:18:39,2026-08-04,28.16,Kanchanaburi,KA,Lower South - West,Mapped,Not Live,156196.0,19.0,762.0,386.0,0.0,,,0.0,0.0,,0,0.5065616797900262,0.0,2.41,0.64,100,40,70.0,7.03,20.06,985,Low,Investigate Booking Conversion,"Demand exists, but no booking is matched to the current check-in demand."
2000215,0.4123444756114759,0.4123444756114759,0.4123444756114759,0.5100021888543387,7.0,7.0,2026-08-04 00:03:17,Feungfah Litz,1,0,,2026-08-07,26.79,Phetchabun,KA,North,Mapped,Mapped,1043847.0,43.0,33.0,7.0,0.0,,,0.0,0.0,,0,0.21212121212121213,0.0,16.12,1.45,100,100,100.0,13.85,20.06,986,Low,Investigate Booking Conversion,"Demand exists, but no booking is matched to the current check-in demand."
4936661,0.3330115940603721,0.3350597093051606,0.3330115940603721,0.5066106565456461,636.0,351.0,2026-08-04 15:36:41,Smile Resort Mukdahan,14,1,2026-08-04 12:38:07,2026-08-08,24.97,Mukdahan,LT,Lower Isan - Central,Mapped,Unknown,0.0,0.0,84.5,636.0,1.0,,,0.0,0.0,,0,7.5266272189349115,0.0015723270440251573,0.0,0.0,100,0,50.0,4.99,20.05,987,Low,Monitor,No immediate distribution issue requires action.
183441,0.3366252695712947,0.3427052187554578,0.3366252695712947,0.508214690208624,47.0,42.0,2026-08-04 22:34:47,Ruen Narisara Resort,10,0,,2026-08-04,24.59,Sukhothai,LT,North,Mapped,Not Mapped,34120.0,0.0,205.5,47.0,0.0,,,0.0,0.0,,0,0.22871046228710462,0.0,0.53,0.0,100,0,50.0,5.18,20.05,988,Low,Expand to Ctrip,The hotel has demand but is not mapped on Ctrip.
65427,0.4557634908423298,0.5097159307830664,0.4557634908423298,0.5102559402256521,2059.0,765.0,2026-08-04 23:33:09,Diamond Plaza Hotel Suratthani,39,2,2026-08-04 23:33:09,2026-08-05,32.76,Surat Thani,KA,Upper South,Mapped,Mapped,317346.0,121.0,1844.5,2059.0,0.0,,,0.0,2.0,,0,1.116291677961507,0.0,4.9,4.08,100,100,100.0,10.23,20.04,989,Low,Investigate Booking Conversion,"Demand exists, but no booking is matched to the current check-in demand."
43625,0.3683262889501788,0.4158607257571092,0.3683262889501788,0.5084165870091241,187.0,78.0,2026-08-04 23:33:09,P.N. Gold Resort,30,4,2026-08-04 23:33:09,2026-08-04,27.8,Bangsaen,KA,BKK - Metro - Chon,Mapped,Mapped,656014.0,257.0,2288.0,187.0,0.0,,,0.0,6.0,,0,0.08173076923076923,0.0,10.13,8.66,100,100,100.0,13.22,20.04,990,Low,Investigate Booking Conversion,"Demand exists, but no booking is matched to the current check-in demand."
4885062,0.2883829547657303,0.29086673418498415,0.2883829547657303,0.506457037903413,8.0,6.0,2026-08-04 23:33:09,Tien Thong Apartment Kaeng Khoi,8,0,,2026-08-05,22.43,Saraburi,KA,Lower Isan - Central,Not Mapped,Mapped,253210.0,5.0,568.5,8.0,0.0,,,0.0,0.0,,0,0.014072119613016711,0.0,3.91,0.17,0,100,50.0,6.49,20.04,991,Low,Map Hotel to Agoda,"Demand exists, but hotel-level mapping is missing on Agoda."
4883783,0.3426527490512026,0.3426527490512026,0.3426527490512026,0.5091262655234655,19.0,19.0,2026-08-04 23:03:24,Baan Suan Wassana Buriram,7,1,2026-08-04 21:34:17,2026-08-04,24.56,Buriram,LT,Lower Isan - Central,Mapped,Unknown,23058.0,6.0,504.5,19.0,0.0,,,0.0,0.0,,0,0.03766105054509415,0.0,0.36,0.2,100,0,50.0,5.15,20.04,992,Low,Monitor,No immediate distribution issue requires action.
23548,0.4345665139825954,0.4348701921936667,0.4345665139825954,0.5126892168230524,76.0,40.0,2026-08-04 12:38:07,Blue Carina Inn Hotel,6,0,,2026-08-05,28.23,Phuket,LT,Upper South,Mapped,Not Live,125822.0,26.0,1544.0,76.0,0.0,,,0.0,0.0,,0,0.04922279792746114,0.0,1.94,0.88,100,40,70.0,6.88,20.04,993,Low,Investigate Booking Conversion,"Demand exists, but no booking is matched to the current check-in demand."
4918105,0.30778481972714056,0.30896754618759026,0.30778481972714056,0.5086413267566637,47.0,24.0,2026-08-04 23:33:09,Rodsarin Garden Resort 2,14,0,,2026-08-05,23.83,Saraburi,LT,Lower Isan - Central,Mapped,Unknown,104874.0,4.0,568.5,47.0,0.0,,,0.0,0.0,,0,0.08267370272647317,0.0,1.62,0.13,100,0,50.0,5.62,20.04,994,Low,Monitor,No immediate distribution issue requires action.
4936660,0.3891510601338447,0.42785922415052924,0.3891510601338447,0.5226268669055258,110.0,34.0,2026-08-04 20:47:47,Chor Grande Resort,24,0,,2026-08-17,28.33,Trat,KA,Upper Isan - East,Mapped,Mapped,739123.0,123.0,285.0,110.0,0.0,0.2896449171725996,0.28964491717260116,2.0,4.0,,0,0.38596491228070173,0.0,11.42,4.14,100,100,100.0,12.62,20.03,995,Low,Investigate Booking Conversion,"Demand exists, but no booking is matched to the current check-in demand."
5101681,0.31109329095999166,0.3342140425606281,0.31109329095999166,0.507218538595701,61.0,45.0,2026-08-04 23:33:09,Rasi Resort Si Sa Ket,19,2,2026-08-04 18:21:46,2026-08-04,24.41,Si Sa Ket,LT,Lower Isan - Central,Not Mapped,Mapped,34061.0,10.0,140.5,61.0,0.0,,,0.0,6.0,,0,0.43416370106761565,0.0,0.53,0.34,0,100,50.0,5.25,20.02,996,Low,Map Hotel to Agoda,"Demand exists, but hotel-level mapping is missing on Agoda."
63685,0.3980935910003386,0.4372912123964538,0.3980935910003386,0.5146424665176552,440.0,206.0,2026-08-04 19:05:32,14 Residence,24,1,2026-08-04 17:52:50,2026-08-05,28.63,Samut Prakan,KA,BKK - Metro - Chon,Mapped,Mapped,521741.0,279.0,1394.0,440.0,0.0,,,0.0,0.0,,0,0.31563845050215206,0.0,8.06,9.4,100,100,100.0,12.58,20.02,997,Low,Investigate Booking Conversion,"Demand exists, but no booking is matched to the current check-in demand."
183236,0.35127195997484706,0.35127195997484706,0.35127195997484706,0.5096721471464155,23.0,23.0,2026-08-04 01:45:09,Baan Supannikar Boutique Hotel,3,0,,2026-08-04,24.54,Nakhon Si Thammarat,LT,Lower South - West,Mapped,Not Mapped,26218.0,1.0,799.5,23.0,0.0,,,0.0,0.0,,0,0.028767979987492184,0.0,0.4,0.03,100,0,50.0,5.12,20.02,998,Low,Expand to Ctrip,The hotel has demand but is not mapped on Ctrip.
2000033,0.33105719820679735,0.3333783661483551,0.33105719820679735,0.5089668180596456,22.0,16.0,2026-08-04 14:04:20,Chiang Khum Tailue Resort,6,0,,2026-08-08,24.0,Phayao,LT,North,Mapped,Not Mapped,60504.0,19.0,0.0,22.0,0.0,,,0.0,0.0,,0,,0.0,0.93,0.64,100,0,50.0,5.46,20.02,999,Low,Expand to Ctrip,The hotel has demand but is not mapped on Ctrip.
4543060,0.3394030672783564,0.3503199027685952,0.3394030672783564,0.5095989606533367,251.0,238.0,2026-08-04 18:36:27,Baan Mali Rimhkong,5,0,,2026-08-08,24.32,Ubon Ratchathani,LT,Lower Isan - Central,Not Mapped,Mapped,40872.0,6.0,517.5,251.0,0.0,,,0.0,0.0,,0,0.485024154589372,0.0,0.63,0.2,0,100,50.0,5.24,20.01,1000,Low,Map Hotel to Agoda,"Demand exists, but hotel-level mapping is missing on Agoda."
5102110,0.3338592305984167,0.33520755167537236,0.3338592305984167,0.5107902153578658,89.0,74.0,2026-08-04 20:47:47,Naiyarat Apartment,9,0,,2026-08-12,24.45,Khon Kaen,LT,Upper Isan - East,Not Mapped,Mapped,24723.0,6.0,210.0,89.0,0.0,,,0.0,6.0,,0,0.4238095238095238,0.0,0.38,0.2,0,100,50.0,5.14,20.01,1001,Low,Map Hotel to Agoda,"Demand exists, but hotel-level mapping is missing on Agoda."
4717274,0.3210060331955305,0.3210060331955305,0.3210060331955305,0.510461581621863,26.0,26.0,2026-08-04 16:21:17,Garden House Resort Suratthani,4,0,,2026-08-04,23.44,Surat Thani,KA,Upper South,Mapped,Not Mapped,137816.0,0.0,1083.5,26.0,0.0,,,0.0,0.0,,0,0.023996308260267652,0.0,2.13,0.0,100,0,50.0,5.75,20.01,1002,Low,Expand to Ctrip,The hotel has demand but is not mapped on Ctrip.
4887243,0.34475641757552855,0.37815418561559433,0.34475641757552855,0.5063165570102339,8.0,6.0,2026-08-04 14:04:20,Sweet Home Resort Wangsammo,4,0,,2026-08-04,24.3,Udon Thani,LT,Upper Isan - East,Not Mapped,Mapped,53396.0,5.0,1007.0,8.0,0.0,,,0.0,0.0,,0,0.007944389275074478,0.0,0.82,0.17,0,100,50.0,5.32,20.01,1003,Low,Map Hotel to Agoda,"Demand exists, but hotel-level mapping is missing on Agoda."
3014362,0.35046500863245234,0.35552618339774966,0.35046500863245234,0.5084844063212377,8.0,4.0,2026-08-04 14:04:20,Borkhunyom and Resort @ Pong,4,0,,2026-08-05,24.57,Phayao,LT,North,Unknown,Mapped,18598.0,0.0,478.5,8.0,0.0,,,0.0,0.0,,0,0.01671891327063741,0.0,0.29,0.0,0,100,50.0,5.06,19.99,1004,Low,Monitor,No immediate distribution issue requires action.
183370,0.3170044286420588,0.3170044286420588,0.3170044286420588,0.5029262915644239,7.0,7.0,2026-08-04 16:21:17,SC Resort Chachoengsao,7,0,,2026-08-04,23.4,Chachoengsao,KA,Upper Isan - East,Not Mapped,Mapped,156722.0,0.0,831.5,7.0,0.0,,,0.0,0.0,,0,0.00841852074564041,0.0,2.42,0.0,0,100,50.0,5.89,19.99,1005,Low,Map Hotel to Agoda,"Demand exists, but hotel-level mapping is missing on Agoda."
5101956,0.3541551989801195,0.37041353169014957,0.3541551989801195,0.5089417406326585,77.0,41.0,2026-08-04 11:51:06,BaanPaa Resort,3,0,,2026-08-04,24.65,Ratchaburi,LT,Lower South - West,Mapped,Unknown,4228.0,3.0,406.5,77.0,0.0,,,0.0,0.0,,0,0.18942189421894218,0.0,0.07,0.1,100,0,50.0,5.0,19.98,1006,Low,Monitor,No immediate distribution issue requires action.
183037,0.39242435156523303,0.4112305781617716,0.39242435156523303,0.502045301195217,628.0,378.0,2026-08-04 23:03:24,The Route Sriracha Hotel and Residence,20,4,2026-08-04 23:03:24,2026-08-04,27.82,Sriracha,KA,BKK - Metro - Chon,Mapped,Not Live,116539.0,75.0,2288.0,628.0,0.0,,,0.0,0.0,,0,0.2744755244755245,0.0,1.8,2.53,100,40,70.0,7.22,19.98,1007,Low,Investigate Booking Conversion,"Demand exists, but no booking is matched to the current check-in demand."
182892,0.34216486428491805,0.34216486428491805,0.34216486428491805,0.5177859739791221,6.0,6.0,2026-08-04 14:04:20,Baan Suan Chan Resort,2,0,,2026-08-04,24.23,Kanchanaburi,LT,Lower South - West,Mapped,Not Mapped,19813.0,2.0,637.0,6.0,0.0,,,0.0,0.0,,0,0.009419152276295133,0.0,0.31,0.07,100,0,50.0,5.02,19.96,1008,Low,Expand to Ctrip,The hotel has demand but is not mapped on Ctrip.
4543050,0.32032278494707356,0.3757981461499281,0.32032278494707356,0.507734274082288,737.0,99.0,2026-08-04 16:21:17,New Wanchai Hotel Pakchong,140,4,2026-08-04 16:21:17,2026-08-04,36.46,Khaoyai,LT,Lower Isan - Central,Mapped,Mapped,42141.0,28.0,1319.0,737.0,0.0,0.0008389491693126,0.007996527672557999,8.0,42.0,,0,0.558756633813495,0.0,0.65,0.94,100,100,100.0,7.9,19.96,1009,Low,Investigate Booking Conversion,"Demand exists, but no booking is matched to the current check-in demand."
182901,0.3380120618158876,0.3380120618158876,0.3380120618158876,0.5093639319165698,130.0,130.0,2026-08-04 02:45:27,Two Fo House Kanchanaburi,4,0,,2026-08-04,24.13,Kanchanaburi,LT,Lower South - West,Mapped,Not Mapped,40253.0,10.0,637.0,130.0,0.0,,,0.0,0.0,,0,0.20408163265306123,0.0,0.62,0.34,100,0,50.0,5.24,19.95,1010,Low,Expand to Ctrip,The hotel has demand but is not mapped on Ctrip.
2000181,0.44784594009720075,0.5196884893855087,0.44784594009720075,0.5077025612292866,942.0,899.0,2026-08-04 20:47:47,Tamsabai Hotel,14,3,2026-08-04 16:21:17,2026-08-04,29.68,Nakhon Sawan,KA,North,Mapped,Mapped,647974.0,99.0,1451.0,942.0,1.0,,,0.0,4.0,0.0412,1,0.6492074431426602,0.0010615711252653928,10.01,3.33,100,100,100.0,11.94,19.95,1011,Low,Review Agoda Rate Competitiveness,Agoda reports a price disadvantage; 0% is cheapest.
5101673,0.33554628690535704,0.33554628690535704,0.33554628690535704,0.5075646839465433,28.0,28.0,2026-08-04 23:33:09,Sai Yok Noi Hotel Bungalow,2,0,,2026-08-25,23.77,Kanchanaburi,LT,Lower South - West,Mapped,Unknown,36009.0,45.0,0.0,28.0,0.0,,,0.0,2.0,,0,,0.0,0.56,1.52,100,0,50.0,5.49,19.95,1012,Low,Monitor,No immediate distribution issue requires action.
63712,0.4410701350719696,0.4410701350719696,0.4410701350719696,0.511354152117569,68.0,68.0,2026-08-04 17:52:50,Rongsang Resort,3,1,2026-08-04 16:06:46,2026-08-04,28.17,Saraburi,LT,Lower Isan - Central,Mapped,Not Live,126753.0,16.0,522.5,68.0,0.0,,,0.0,0.0,,0,0.13014354066985645,0.0,1.96,0.54,100,40,70.0,6.78,19.95,1013,Low,Investigate Booking Conversion,"Demand exists, but no booking is matched to the current check-in demand."
5101656,0.39209753878471904,0.44590646956188706,0.39209753878471904,0.5115132235139572,1584.0,582.0,2026-08-04 23:03:24,Green white Resort & Cafe,24,3,2026-08-04 16:06:46,2026-08-04,28.67,Khon Kaen,KA,Upper Isan - East,Mapped,Mapped,699385.0,131.0,1025.5,1584.0,0.0,,,0.0,0.0,,0,1.5446123842028279,0.0,10.8,4.41,100,100,100.0,12.46,19.94,1014,Low,Investigate Booking Conversion,"Demand exists, but no booking is matched to the current check-in demand."
5101678,0.33551968929036013,0.33551968929036013,0.33551968929036013,0.5134405844430878,19.0,19.0,2026-08-04 14:04:20,Ta Phai Country House Resort & Restaurants,2,0,,2026-08-04,23.88,Phra Nakhon Si Ayutthaya,LT,Lower Isan - Central,Not Mapped,Mapped,46435.0,15.0,675.5,19.0,0.0,,,0.0,0.0,,0,0.028127313101406367,0.0,0.72,0.51,0,100,50.0,5.29,19.94,1015,Low,Map Hotel to Agoda,"Demand exists, but hotel-level mapping is missing on Agoda."
138057,0.40508502269691077,0.4604295757164771,0.40508502269691077,0.51252381302872,111.0,58.0,2026-08-04 16:21:17,Vasana Design Hotel Ayuutthaya,16,3,2026-08-04 16:06:46,2026-08-04,28.0,Phra Nakhon Si Ayutthaya,KA,Lower Isan - Central,Mapped,Mapped,835304.0,78.0,675.5,111.0,0.0,,,0.0,0.0,,0,0.16432272390821615,0.0,12.9,2.63,100,100,100.0,12.84,19.94,1016,Low,Investigate Booking Conversion,"Demand exists, but no booking is matched to the current check-in demand."
2000519,0.3484239303172723,0.3484239303172723,0.3484239303172723,0.5071693684119227,23.0,23.0,2026-08-04 19:05:32,Borsaen Villa,6,0,,2026-08-04,24.66,,,,Mapped,Unknown,0.0,0.0,866.0,23.0,0.0,,,0.0,0.0,,0,0.026558891454965358,0.0,0.0,0.0,100,0,50.0,4.93,19.94,1017,Low,Monitor,No immediate distribution issue requires action.
4921268,0.35000430175674185,0.35000430175674185,0.35000430175674185,0.5086155339309841,28.0,28.0,2026-08-04 15:36:41,Nakan Home,3,0,,2026-08-04,24.47,Kanchanaburi,LT,Lower South - West,Mapped,Unknown,10305.0,2.0,637.0,28.0,0.0,,,0.0,0.0,,0,0.04395604395604396,0.0,0.16,0.07,100,0,50.0,5.0,19.92,1018,Low,Monitor,No immediate distribution issue requires action.
2006052,0.32403141549657527,0.3500827588322322,0.32403141549657527,0.5047984201351936,51.0,38.0,2026-08-04 17:52:50,The Plimplace Hotel,9,1,2026-08-04 02:59:13,2026-08-04,23.93,Bangkok,LT,BKK - Metro - Chon,Mapped,Unknown,74414.0,1.0,2531.5,51.0,0.0,,,0.0,2.0,,0,0.020146158404108237,0.0,1.15,0.03,100,0,50.0,5.37,19.91,1019,Low,Monitor,No immediate distribution issue requires action.
4756,0.4214435231305348,0.4412959510434513,0.4214435231305348,0.5116530510804598,232.0,145.0,2026-08-04 16:21:17,Songphanburi Hotel,13,0,,2026-08-04,28.39,Suphan Buri,KA,Lower Isan - Central,Mapped,Mapped,613274.0,210.0,385.0,232.0,0.0,,,0.0,0.0,,0,0.6025974025974026,0.0,9.47,7.07,100,100,100.0,12.53,19.9,1020,Low,Investigate Booking Conversion,"Demand exists, but no booking is matched to the current check-in demand."
180653,0.3287896787285511,0.3287896787285511,0.3287896787285511,0.5046087545547523,18.0,18.0,2026-08-04 18:36:27,Mafai Koo Resort,9,2,2026-08-04 18:36:27,2026-08-04,24.1,Kanchanaburi,LT,Lower South - West,Not Mapped,Mapped,53957.0,1.0,637.0,18.0,0.0,,,0.0,0.0,,0,0.0282574568288854,0.0,0.83,0.03,0,100,50.0,5.24,19.9,1021,Low,Map Hotel to Agoda,"Demand exists, but hotel-level mapping is missing on Agoda."
177807,0.3878997065547382,0.4073489386683785,0.3878997065547382,0.5151909666943387,314.0,71.0,2026-08-04 23:33:09,Pranee Home Phangnga,55,4,2026-08-04 22:18:28,2026-08-04,31.13,Phang Nga,KA,Upper South,Mapped,Mapped,386124.0,160.0,866.0,314.0,0.0,0.1874029303050158,0.1874029303050158,1.0,10.0,,0,0.3625866050808314,0.0,5.96,5.39,100,100,100.0,10.82,19.9,1022,Low,Investigate Booking Conversion,"Demand exists, but no booking is matched to the current check-in demand."
2001407,0.3211176037503338,0.3211176037503338,0.3211176037503338,0.5244584303732138,3.0,3.0,2026-08-04 18:06:03,Baan Budsarin,3,0,,2026-08-04,23.62,Sing Buri,KA,Lower Isan - Central,Mapped,Not Mapped,51907.0,1.0,270.0,3.0,0.0,,,0.0,0.0,,0,0.011111111111111112,0.0,0.8,0.03,100,0,50.0,5.13,19.9,1023,Low,Expand to Ctrip,The hotel has demand but is not mapped on Ctrip.
5101689,0.2784179084738405,0.2813310071349046,0.2784179084738405,0.5077083644282279,11.0,4.0,2026-08-04 23:33:09,SureStay by Best Western Iconic Ari-Jatujak,11,0,,2026-08-25,22.34,Bangkok,KA,BKK - Metro - Chon,Mapped,Unknown,183518.0,36.0,73.5,11.0,0.0,,,0.0,10.0,,0,0.14965986394557823,0.0,2.83,1.21,100,0,50.0,6.25,19.9,1024,Low,Monitor,No immediate distribution issue requires action.
4920334,0.28628492355705565,0.28628492355705565,0.28628492355705565,0.5068450810051235,10.0,10.0,2026-08-04 15:36:41,Yousabai Bungkan,3,0,,2026-08-04,21.88,Bungkan,KA,Upper Isan - East,Mapped,Not Mapped,279974.0,1.0,25.0,10.0,0.0,,,0.0,0.0,,0,0.4,0.0,4.32,0.03,100,0,50.0,6.54,19.9,1025,Low,Expand to Ctrip,The hotel has demand but is not mapped on Ctrip.
2009504,0.3469900020476094,0.3469900020476094,0.3469900020476094,0.5097732605019689,13.0,13.0,2026-08-04 18:06:03,Dae Ma Place,3,0,,2026-08-18,24.36,Nonthaburi,,BKK - Metro - Chon,Mapped,Unknown,12743.0,0.0,426.5,13.0,0.0,0.105695909518036,0.105695909518036,1.0,1.0,,0,0.03048065650644783,0.0,0.2,0.0,100,0,50.0,4.97,19.89,1026,Low,Monitor,No immediate distribution issue requires action.
4884590,0.287276479162813,0.287276479162813,0.287276479162813,0.5082370531340779,33.0,11.0,2026-08-04 19:05:32,Grand Garden Resort Prachinburi,18,0,,2026-08-07,23.37,Prachin Buri,LT,Upper Isan - East,Not Mapped,Mapped,118346.0,0.0,955.5,33.0,0.0,,,0.0,0.0,,0,0.03453689167974882,0.0,1.83,0.0,0,100,50.0,5.59,19.89,1027,Low,Map Hotel to Agoda,"Demand exists, but hotel-level mapping is missing on Agoda."
5101058,0.39520538884965706,0.414427712156482,0.39520538884965706,0.5103620925052731,100.0,60.0,2026-08-04 11:51:06,The Navy House Hotel,3,0,,2026-08-29,26.33,Pattaya,KA,BKK - Metro - Chon,Mapped,Mapped,611458.0,375.0,2288.0,100.0,1.0,,,0.0,1.0,,0,0.043706293706293704,0.01,9.44,12.63,100,100,100.0,13.78,19.89,1028,Low,Monitor,No immediate distribution issue requires action.
4884915,0.38645108209172885,0.4140989284316407,0.38645108209172885,0.5084122695429195,2048.0,356.0,2026-08-04 19:05:32,Avarin Resort,73,5,2026-08-04 16:06:46,2026-08-07,33.17,Khaoyai,KA,Lower Isan - Central,Mapped,Mapped,283346.0,85.0,1319.0,2048.0,0.0,,,0.0,12.0,,0,1.552691432903715,0.0,4.38,2.86,100,100,100.0,9.68,19.88,1029,Low,Investigate Booking Conversion,"Demand exists, but no booking is matched to the current check-in demand."
4921038,0.40802235778195417,0.41125419175683775,0.40802235778195417,0.5141162484676982,2192.0,1123.0,2026-08-04 19:05:32,314 Art Hotel Nakhonsawan,13,4,2026-08-04 18:36:27,2026-08-04,28.5,Nakhon Sawan,KA,North,Mapped,Mapped,517081.0,265.0,1451.0,2192.0,0.0,,,0.0,0.0,,0,1.5106822880771882,0.0,7.99,8.93,100,100,100.0,12.37,19.88,1030,Low,Investigate Booking Conversion,"Demand exists, but no booking is matched to the current check-in demand."
4267030,0.34525502165533534,0.34525502165533534,0.34525502165533534,0.5061366049549179,28.0,28.0,2026-08-04 10:02:48,Lullaby Boutique Resort,5,0,,2026-08-04,24.42,Prachuapkhirikhan,LT,Lower South - West,Mapped,Unknown,9899.0,0.0,531.0,28.0,0.0,,,0.0,0.0,,0,0.05273069679849341,0.0,0.15,0.0,100,0,50.0,4.96,19.87,1031,Low,Monitor,No immediate distribution issue requires action.
2010997,0.33833517785959805,0.33833517785959805,0.33833517785959805,0.5082556861545382,11.0,11.0,2026-08-04 10:02:48,The Nest Hotel Korat,4,0,,2026-08-04,24.08,Nakhonratchasima,LT,Lower Isan - Central,Mapped,Not Mapped,37789.0,0.0,1319.0,11.0,0.0,,,0.0,0.0,,0,0.008339651250947688,0.0,0.58,0.0,100,0,50.0,5.11,19.86,1032,Low,Expand to Ctrip,The hotel has demand but is not mapped on Ctrip.
5101672,0.3294643079425394,0.3294643079425394,0.3294643079425394,0.5178266102920506,6.0,6.0,2026-08-04 14:04:20,Sangchan View Hotel,2,0,,2026-08-04,23.73,Kanchanaburi,LT,Lower South - West,Mapped,Not Mapped,33535.0,7.0,637.0,6.0,0.0,,,0.0,0.0,,0,0.009419152276295133,0.0,0.52,0.24,100,0,50.0,5.08,19.84,1033,Low,Expand to Ctrip,The hotel has demand but is not mapped on Ctrip.
4948519,0.39405315241578204,0.43504057136098767,0.39405315241578204,0.5102030783467187,1036.0,261.0,2026-08-04 20:47:47,AVA Hotel,37,3,2026-08-04 19:05:32,2026-08-06,29.79,Udon Thani,KA,Upper Isan - East,Mapped,Mapped,637745.0,71.0,1007.0,1036.0,0.0,,,0.0,6.0,,0,1.028798411122145,0.0,9.85,2.39,100,100,100.0,11.6,19.84,1034,Low,Investigate Booking Conversion,"Demand exists, but no booking is matched to the current check-in demand."
5101538,0.30183461341537837,0.3027143109575435,0.30183461341537837,0.5080146355474673,118.0,46.0,2026-08-04 15:52:08,Nipon Resort,19,0,,2026-08-04,24.07,Cha-am,LT,Lower South - West,Mapped,Unknown,32924.0,1.0,953.0,118.0,0.0,,,0.0,0.0,,0,0.12381951731374606,0.0,0.51,0.03,100,0,50.0,5.08,19.84,1035,Low,Monitor,No immediate distribution issue requires action.
2003289,0.4518778528129834,0.4518778528129834,0.4518778528129834,0.5126443097393714,639.0,639.0,2026-08-04 23:03:24,Ban Bang Home Resort,7,1,2026-08-04 21:48:56,2026-08-11,29.19,Phetchaburi,LT,Lower South - West,Mapped,Not Live,7168.0,0.0,98.0,639.0,0.0,,,0.0,1.0,,0,6.520408163265306,0.0,0.11,0.0,100,40,70.0,5.89,19.83,1036,Low,Investigate Booking Conversion,"Demand exists, but no booking is matched to the current check-in demand."
43611,0.3036339216760039,0.3353657864802194,0.3036339216760039,0.5100696810326724,36.0,33.0,2026-08-04 13:52:08,Grand Southern Hotel Thungsong,8,1,2026-08-04 13:52:08,2026-08-17,23.12,Nakhon Si Thammarat,LT,Lower South - West,Mapped,Not Mapped,82013.0,33.0,65.0,36.0,0.0,,,0.0,8.0,,0,0.5538461538461539,0.0,1.27,1.11,100,0,50.0,5.59,19.83,1037,Low,Expand to Ctrip,The hotel has demand but is not mapped on Ctrip.
5004716,0.3602298681464444,0.3609908465317089,0.3602298681464444,0.5094538466026296,32.0,17.0,2026-08-04 16:21:17,Urbana House Samut Songkhram,19,0,,2026-08-04,26.41,Samut Songkhram,KA,Lower South - West,Mapped,Mapped,1035014.0,32.0,710.0,32.0,0.0,,,0.0,0.0,,0,0.04507042253521127,0.0,15.98,1.08,100,100,100.0,13.6,19.82,1038,Low,Investigate Booking Conversion,"Demand exists, but no booking is matched to the current check-in demand."
21421,0.3589849725728203,0.4542082814200741,0.3589849725728203,0.5114141328997268,332.0,97.0,2026-08-04 19:05:32,Siam Tara Palace Hotel,20,1,2026-08-04 18:21:46,2026-08-04,26.58,Maha Sarakham,KA,Upper Isan - East,Mapped,Mapped,639064.0,318.0,274.0,332.0,0.0,,,0.0,24.0,-0.0,1,1.2116788321167884,0.0,9.87,10.71,100,100,100.0,13.46,19.82,1039,Low,Investigate Booking Conversion,"Demand exists, but no booking is matched to the current check-in demand."
2007588,0.3477082040931722,0.3477082040931722,0.3477082040931722,0.5056290495292921,21.0,21.0,2026-08-04 21:34:17,Sonrisa Sriracha Condominium,3,0,,2026-08-05,24.31,Sriracha,LT,BKK - Metro - Chon,Not Mapped,Mapped,6585.0,3.0,1645.0,21.0,0.0,,,0.0,0.0,,0,0.01276595744680851,0.0,0.1,0.1,0,100,50.0,4.94,19.82,1040,Low,Map Hotel to Agoda,"Demand exists, but hotel-level mapping is missing on Agoda."
5102417,0.31963354254556875,0.3394608002678707,0.31963354254556875,0.5131335726329607,25.0,7.0,2026-08-04 14:04:20,Nakra Functionality Hotel,12,0,,2026-08-16,24.19,Samut Prakan,LT,BKK - Metro - Chon,Mapped,Unknown,1930.0,0.0,160.0,25.0,0.0,-0.0646644580005373,-0.0202189660033518,3.0,4.0,,0,0.15625,0.0,0.03,0.0,100,0,50.0,4.85,19.81,1041,Low,Fix Internal Rate Parity,Our rate is more expensive than a comparable partner rate.
63786,0.35960192950659114,0.425153018389528,0.35960192950659114,0.5111888879532793,79.0,43.0,2026-08-04 20:33:04,V Hotel Ubon Ratchathani,15,3,2026-08-04 20:33:04,2026-08-07,26.05,Ubon Ratchathani,KA,Lower Isan - Central,Mapped,Mapped,1032126.0,58.0,1063.0,79.0,0.0,,,0.0,2.0,,0,0.07431796801505174,0.0,15.94,1.95,100,100,100.0,13.76,19.81,1042,Low,Investigate Booking Conversion,"Demand exists, but no booking is matched to the current check-in demand."
4918055,0.2748601331060806,0.27925210263621153,0.2748601331060806,0.5068705370170878,16.0,13.0,2026-08-04 19:05:32,SP2 Hotel,16,0,,2026-08-12,22.65,Nakhon Nayok,KA,Lower Isan - Central,Mapped,Not Mapped,160872.0,13.0,265.0,16.0,0.0,,,0.0,1.0,,0,0.06037735849056604,0.0,2.48,0.44,100,0,50.0,5.9,19.81,1043,Low,Expand to Ctrip,The hotel has demand but is not mapped on Ctrip.
138022,0.29209574787363124,0.29209574787363124,0.29209574787363124,0.5090046783202363,6.0,6.0,2026-08-04 15:52:08,Come Moon Loft Hotel,4,0,,2026-08-04,22.24,Phrae,KA,North,Mapped,Not Mapped,164304.0,38.0,305.0,6.0,0.0,,,0.0,0.0,,0,0.019672131147540985,0.0,2.54,1.28,100,0,50.0,6.1,19.81,1044,Low,Expand to Ctrip,The hotel has demand but is not mapped on Ctrip.
2009227,0.40817846128838786,0.41986005016585565,0.40817846128838786,0.5088105071293112,594.0,146.0,2026-08-04 18:49:41,Paradiso Boutique Resort,19,0,,2026-08-17,28.48,Trat,LT,Upper Isan - East,Mapped,Not Live,71442.0,4.0,285.0,594.0,0.0,,,0.0,1.0,,0,2.0842105263157893,0.0,1.1,0.13,100,40,70.0,6.29,19.77,1045,Low,Investigate Booking Conversion,"Demand exists, but no booking is matched to the current check-in demand."
4968455,0.2978346731354532,0.304391129420255,0.2978346731354532,0.5080014249036169,10.0,8.0,2026-08-04 18:21:46,Sibtis Hotel,5,0,,2026-08-29,22.55,Lampang,LT,North,Mapped,Unknown,168828.0,3.0,0.0,10.0,0.0,,,0.0,6.0,,0,,0.0,2.61,0.1,100,0,50.0,5.85,19.77,1046,Low,Monitor,No immediate distribution issue requires action.
43865,0.35976483495907463,0.3893006413903101,0.35976483495907463,0.5128707404304116,269.0,143.0,2026-08-04 19:05:32,Boonme Heritage Hotel,30,2,2026-08-04 15:36:41,2026-08-04,27.57,Phitsanulok,KA,North,Mapped,Mapped,721160.0,163.0,1391.5,269.0,0.0,0.0524091059997993,0.0726682482851763,2.0,2.0,,0,0.19331656485806684,0.0,11.14,5.49,100,100,100.0,12.73,19.77,1047,Low,Investigate Booking Conversion,"Demand exists, but no booking is matched to the current check-in demand."
4921140,0.2797977646453215,0.2889096113356693,0.2797977646453215,0.502935035641558,12.0,8.0,2026-08-04 14:04:20,Mark and Minnie Bangsaphan Resort,8,0,,2026-08-06,22.01,Prachuapkhirikhan,KA,Lower South - West,Mapped,Not Mapped,239221.0,0.0,801.0,12.0,0.0,,,0.0,0.0,,0,0.0149812734082397,0.0,3.69,0.0,100,0,50.0,6.25,19.76,1048,Low,Expand to Ctrip,The hotel has demand but is not mapped on Ctrip.
2001534,0.3202966175750652,0.3202966175750652,0.3202966175750652,0.5171249918980309,7.0,7.0,2026-08-04 22:03:21,Kasarin Court,5,0,,2026-08-04,23.63,Chiang Mai,LT,North,Mapped,Unknown,27628.0,2.0,896.0,7.0,0.0,,,0.0,0.0,,0,0.0078125,0.0,0.43,0.07,100,0,50.0,4.96,19.74,1049,Low,Monitor,No immediate distribution issue requires action.
63776,0.3278655055243077,0.3278655055243077,0.3278655055243077,0.510083020866731,3.0,3.0,2026-08-04 00:03:17,City Park Hotel Nakhon Ratchasima,1,0,,2026-08-15,23.41,Nakhonratchasima,LT,Lower Isan - Central,Mapped,Not Mapped,53802.0,13.0,559.5,3.0,0.0,0.0036219965452823,0.0036219965452823,1.0,1.0,,0,0.005361930294906166,0.0,0.83,0.44,100,0,50.0,5.23,19.74,1050,Low,Expand to Ctrip,The hotel has demand but is not mapped on Ctrip.
4543019,0.4030493503359461,0.4030493503359461,0.4030493503359461,0.5155648966915112,214.0,214.0,2026-08-04 18:49:41,Moose Hotel Chiangmai,5,0,,2026-08-07,26.97,Chiang Mai,KA,North,Mapped,Mapped,743721.0,180.0,915.5,214.0,1.0,,,0.0,0.0,0.409,1,0.23375204806116875,0.004672897196261682,11.49,6.06,100,100,100.0,12.96,19.73,1051,Low,Review Agoda Rate Competitiveness,Agoda reports a price disadvantage; 0% is cheapest.
4606556,0.33063271873739203,0.33063271873739203,0.33063271873739203,0.5091416673570234,11.0,11.0,2026-08-04 17:52:50,Jumbo Villa,3,0,,2026-08-04,23.7,Ang Thong,LT,Lower Isan - Central,Mapped,Not Mapped,35860.0,4.0,80.0,11.0,0.0,,,0.0,0.0,,0,0.1375,0.0,0.55,0.13,100,0,50.0,5.05,19.73,1052,Low,Expand to Ctrip,The hotel has demand but is not mapped on Ctrip.
4920882,0.2842117289095955,0.31268946265142245,0.2842117289095955,0.5072966415519707,15.0,10.0,2026-08-04 17:52:50,Niyom STN Hotel 2 (Ban Phue District),10,0,,2026-08-19,22.47,Udon Thani,KA,Upper Isan - East,Not Mapped,Mapped,158432.0,10.0,950.0,15.0,0.0,,,0.0,4.0,,0,0.015789473684210527,0.0,2.45,0.34,0,100,50.0,5.82,19.72,1053,Low,Map Hotel to Agoda,"Demand exists, but hotel-level mapping is missing on Agoda."
4598708,0.2818655806743257,0.28550682931116117,0.2818655806743257,0.5063550986621076,9.0,3.0,2026-08-04 15:36:41,Nap Hotel Chiangrai,9,0,,2026-09-02,22.26,Chiang Rai,LT,North,Mapped,Not Mapped,95622.0,73.0,21.0,9.0,0.0,,,0.0,6.0,,0,0.42857142857142855,0.0,1.48,2.46,100,0,50.0,5.93,19.71,1054,Low,Expand to Ctrip,The hotel has demand but is not mapped on Ctrip.
137898,0.33185929479254256,0.35819965887408783,0.33185929479254256,0.5137607567274335,225.0,50.0,2026-08-04 23:33:09,BR Grand Hotel Hatyai,36,0,,2026-08-10,27.03,Hatyai,KA,Lower South - West,Mapped,Mapped,781026.0,148.0,940.0,225.0,0.0,,,0.0,14.0,,0,0.2393617021276596,0.0,12.06,4.98,100,100,100.0,12.93,19.71,1055,Low,Investigate Booking Conversion,"Demand exists, but no booking is matched to the current check-in demand."
4606567,0.33555546532588937,0.33555546532588937,0.33555546532588937,0.5075787539154116,14.0,14.0,2026-08-04 18:06:03,Green Guesthouse Phanat Nikhom,3,0,,2026-08-04,23.86,Chonburi,LT,BKK - Metro - Chon,Not Mapped,Mapped,19705.0,2.0,2288.0,14.0,0.0,,,0.0,0.0,,0,0.006118881118881119,0.0,0.3,0.07,0,100,50.0,4.94,19.71,1056,Low,Map Hotel to Agoda,"Demand exists, but hotel-level mapping is missing on Agoda."
2010510,0.3051464752847138,0.33117963939523004,0.3051464752847138,0.5079023811831606,164.0,102.0,2026-08-04 21:34:17,The Green Hotel 304,17,0,,2026-08-05,24.03,Prachin Buri,KA,Upper Isan - East,Mapped,Mapped,1060321.0,183.0,284.0,164.0,0.0,,,0.0,4.0,,0,0.5774647887323944,0.0,16.38,6.16,100,100,100.0,14.84,19.71,1057,Low,Monitor,No immediate distribution issue requires action.
4632547,0.39808752466173364,0.4261772922756366,0.39808752466173364,0.5067404524913521,2253.0,431.0,2026-08-04 22:03:21,VST Residence Thepharak,65,2,2026-08-04 22:03:21,2026-08-11,32.9,Samut Prakan,LT,BKK - Metro - Chon,Mapped,Mapped,352319.0,22.0,1394.0,2253.0,0.0,,,0.0,8.0,,0,1.6162123385939742,0.0,5.44,0.74,100,100,100.0,9.52,19.7,1058,Low,Investigate Booking Conversion,"Demand exists, but no booking is matched to the current check-in demand."
65661,0.4433648677560193,0.47990171543256854,0.4433648677560193,0.5116895124815727,6583.0,1398.0,2026-08-04 23:33:09,Mantra Varee Hotel,30,5,2026-08-04 22:51:02,2026-08-08,32.81,Khon Kaen,KA,Upper Isan - East,Mapped,Mapped,250096.0,97.0,1122.0,6583.0,0.0,0.2979306655060183,0.2979306655060183,1.0,5.0,,0,5.867201426024955,0.0,3.86,3.27,100,100,100.0,9.47,19.7,1059,Low,Investigate Booking Conversion,"Demand exists, but no booking is matched to the current check-in demand."
1559,0.43697456531505746,0.501737108570395,0.43697456531505746,0.510028083969601,3490.0,792.0,2026-08-04 23:33:09,Mood Hotel Pattaya,64,5,2026-08-04 23:18:39,2026-08-04,34.81,Pattaya,LT,BKK - Metro - Chon,Mapped,Mapped,122941.0,38.0,2288.0,3490.0,0.0,,,0.0,16.0,0.3942,7,1.5253496503496504,0.0,1.9,1.28,100,100,100.0,8.3,19.69,1060,Low,Review Agoda Rate Competitiveness,Agoda reports a price disadvantage; 0% is cheapest.
4921421,0.33564230794938776,0.33564230794938776,0.33564230794938776,0.5064539220370552,8.0,8.0,2026-08-04 10:02:48,Manomon Residence,2,0,,2026-08-04,23.75,Khon Kaen,KA,Upper Isan - East,Mapped,Mapped,1212106.0,88.0,1025.5,8.0,0.0,,,0.0,0.0,,0,0.0078010726474890294,0.0,18.72,2.96,100,100,100.0,15.0,19.69,1061,Low,Monitor,No immediate distribution issue requires action.
4884642,0.39484775396751925,0.41510329885544117,0.39484775396751925,0.5291636647967686,40.0,20.0,2026-08-04 10:02:48,BaanLita,11,3,2026-08-04 09:50:43,2026-08-11,27.43,Nakhonratchasima,LT,Lower Isan - Central,Mapped,Not Live,107973.0,0.0,1319.0,40.0,0.0,0.0231123375748763,0.0231123375748763,1.0,1.0,,0,0.030326004548900682,0.0,1.67,0.0,100,40,70.0,6.32,19.68,1062,Low,Investigate Booking Conversion,"Demand exists, but no booking is matched to the current check-in demand."
5101667,0.29414502593840564,0.29414502593840564,0.29414502593840564,0.5072790976467247,27.0,27.0,2026-08-04 23:33:09,RP Mansion Ratchaburi,7,0,,2026-08-04,22.58,Ratchaburi,KA,Lower South - West,Not Mapped,Mapped,110747.0,26.0,406.5,27.0,0.0,,,0.0,0.0,,0,0.06642066420664207,0.0,1.71,0.88,0,100,50.0,5.64,19.66,1063,Low,Map Hotel to Agoda,"Demand exists, but hotel-level mapping is missing on Agoda."
4935461,0.31107137056711665,0.33018866986036105,0.31107137056711665,0.507597512723958,32.0,19.0,2026-08-04 23:33:09,Pae Por Piang,7,0,,2026-08-24,23.27,Rayong,LT,Upper Isan - East,Mapped,Unknown,41935.0,21.0,254.0,32.0,0.0,,,0.0,2.0,,0,0.12598425196850394,0.0,0.65,0.71,100,0,50.0,5.19,19.65,1064,Low,Monitor,No immediate distribution issue requires action.
182869,0.42383142501695203,0.42383142501695203,0.42383142501695203,0.5346183006539272,36.0,36.0,2026-08-04 22:03:21,Sabai at Chiangrai Hotel,5,1,2026-08-04 20:33:04,2026-08-04,28.13,Chiang Rai,KA,North,Mapped,Mapped,547755.0,183.0,865.5,36.0,0.0,,,0.0,0.0,,0,0.0415944540727903,0.0,8.46,6.16,100,100,100.0,11.7,19.64,1065,Low,Investigate Booking Conversion,"Demand exists, but no booking is matched to the current check-in demand."
152386,0.4749678845384943,0.4749678845384943,0.4749678845384943,0.5401591124815381,4.0,4.0,2026-08-04 14:04:20,Sinkiat Buri Hotel,2,0,,2026-08-16,29.99,Satun,KA,Upper South,Mapped,Mapped,248182.0,255.0,32.0,4.0,0.0,0.2911925897081935,0.2911925897081935,1.0,1.0,,0,0.125,0.0,3.83,8.59,100,100,100.0,10.49,19.64,1066,Low,Investigate Booking Conversion,"Demand exists, but no booking is matched to the current check-in demand."
4918043,0.3021963621267672,0.3021963621267672,0.3021963621267672,0.5100557988352169,7.0,7.0,2026-08-04 16:21:17,Baan Nalin Resort Sahatsakhan,4,0,,2026-08-04,22.67,Kalasin,LT,Upper Isan - East,Not Mapped,Mapped,116717.0,5.0,54.0,7.0,0.0,,,0.0,0.0,,0,0.12962962962962962,0.0,1.8,0.17,0,100,50.0,5.49,19.64,1067,Low,Map Hotel to Agoda,"Demand exists, but hotel-level mapping is missing on Agoda."
5101691,0.3233756857421749,0.3233756857421749,0.3233756857421749,0.5059193540944985,9.0,9.0,2026-08-04 20:47:47,Thai Guest House 2 Bung Khong Long,3,0,,2026-08-08,23.34,Bungkan,LT,Upper Isan - East,Mapped,Unknown,56740.0,1.0,50.0,9.0,0.0,,,0.0,0.0,,0,0.18,0.0,0.88,0.03,100,0,50.0,5.12,19.62,1068,Low,Monitor,No immediate distribution issue requires action.
3333,0.47939434133405,0.48440829045873507,0.47939434133405,0.5215707422676994,103.0,64.0,2026-08-04 23:33:09,Jintana Resort Buriram,12,2,2026-08-04 22:18:28,2026-08-15,30.78,Buriram,KA,Lower Isan - Central,Mapped,Mapped,381066.0,122.0,145.0,103.0,0.0,,,0.0,6.0,0.193,1,0.7103448275862069,0.0,5.89,4.11,100,100,100.0,10.33,19.62,1069,Low,Review Agoda Rate Competitiveness,Agoda reports a price disadvantage; 0% is cheapest.
4922660,0.3228906831553185,0.3228906831553185,0.3228906831553185,0.50774644703906,30.0,30.0,2026-08-04 07:59:49,EXII Hotel,4,0,,2026-08-22,23.46,Nonthaburi,LT,BKK - Metro - Chon,Mapped,Unknown,41153.0,0.0,0.0,30.0,1.0,0.0179123177914949,0.0179123177914949,1.0,1.0,,0,,0.03333333333333333,0.64,0.0,100,0,50.0,5.01,19.62,1070,Low,Monitor,No immediate distribution issue requires action.
183282,0.3301386231066169,0.3346190450201427,0.3301386231066169,0.506675611708559,7.0,4.0,2026-08-04 20:47:47,99 Park & Resort Pichai,5,0,,2026-08-20,23.82,Uttaradit,LT,North,Not Mapped,Mapped,5762.0,0.0,62.0,7.0,0.0,,,0.0,2.0,,0,0.11290322580645161,0.0,0.09,0.0,0,100,50.0,4.81,19.62,1071,Low,Map Hotel to Agoda,"Demand exists, but hotel-level mapping is missing on Agoda."
63828,0.4239503965556593,0.43325649154432,0.4239503965556593,0.5089848492973407,729.0,352.0,2026-08-04 17:52:50,The D257 Hotel,20,3,2026-08-04 12:38:07,2026-08-05,29.26,Phetchabun,KA,North,Mapped,Mapped,662385.0,51.0,428.0,729.0,0.0,,,0.0,0.0,,0,1.7032710280373833,0.0,10.23,1.72,100,100,100.0,11.48,19.61,1072,Low,Investigate Booking Conversion,"Demand exists, but no booking is matched to the current check-in demand."
4884974,0.32318730720278355,0.3466762098943151,0.32318730720278355,0.5099558857181942,19.0,13.0,2026-08-04 14:04:20,Bussaracum Resort,6,0,,2026-08-04,23.7,Kanchanaburi,LT,Lower South - West,Mapped,Not Mapped,4571.0,0.0,762.0,19.0,0.0,,,0.0,0.0,,0,0.024934383202099737,0.0,0.07,0.0,100,0,50.0,4.78,19.6,1073,Low,Expand to Ctrip,The hotel has demand but is not mapped on Ctrip.
183125,0.3222571055708116,0.3222571055708116,0.3222571055708116,0.5164246126742399,10.0,10.0,2026-08-04 14:04:20,Greenview Resort Khonkaen,2,0,,2026-08-04,23.41,Khon Kaen,LT,Upper Isan - East,Mapped,Not Mapped,11107.0,3.0,1025.5,10.0,0.0,,,0.0,0.0,,0,0.009751340809361287,0.0,0.17,0.1,100,0,50.0,4.8,19.59,1074,Low,Expand to Ctrip,The hotel has demand but is not mapped on Ctrip.
182851,0.3165599891172773,0.3165599891172773,0.3165599891172773,0.5091162533141939,4.0,4.0,2026-08-04 02:29:52,Khong Chiam 2 Hotel Ubon,3,0,,2026-08-07,23.13,Ubon Ratchathani,LT,Lower Isan - Central,Not Mapped,Mapped,58347.0,2.0,782.5,4.0,0.0,,,0.0,0.0,,0,0.005111821086261981,0.0,0.9,0.07,0,100,50.0,5.1,19.58,1075,Low,Map Hotel to Agoda,"Demand exists, but hotel-level mapping is missing on Agoda."
4267489,0.5251010866670229,0.5251010866670229,0.5251010866670229,0.521296176998186,303.0,303.0,2026-08-04 19:05:32,Bansuan Resort Nakhonsawan,5,1,2026-08-04 18:06:03,2026-08-05,32.0,Nakhon Sawan,KA,North,Mapped,Mapped,295875.0,83.0,823.0,303.0,0.0,,,0.0,0.0,,0,0.36816524908869985,0.0,4.57,2.8,100,100,100.0,9.52,19.58,1076,Low,Investigate Booking Conversion,"Demand exists, but no booking is matched to the current check-in demand."
5101860,0.3140574822081388,0.31631230980810504,0.3140574822081388,0.5073985435341162,9.0,5.0,2026-08-04 20:47:47,V Rich Place,4,0,,2026-08-17,23.09,Roi Et,LT,Lower Isan - Central,Mapped,Unknown,67059.0,2.0,34.0,9.0,0.0,,,0.0,6.0,,0,0.2647058823529412,0.0,1.04,0.07,100,0,50.0,5.16,19.58,1077,Low,Monitor,No immediate distribution issue requires action.
4883785,0.3873538980660144,0.39140291831908375,0.3873538980660144,0.5198209486255542,455.0,125.0,2026-08-04 19:05:32,The Square 101,24,1,2026-08-04 17:52:50,2026-08-06,28.3,Bangkok,LT,BKK - Metro - Chon,Mapped,Not Live,13850.0,0.0,2851.0,455.0,0.0,,,0.0,0.0,,0,0.15959312521922134,0.0,0.21,0.0,100,40,70.0,5.76,19.57,1078,Low,Investigate Booking Conversion,"Demand exists, but no booking is matched to the current check-in demand."
183577,0.30305317442798746,0.30305317442798746,0.30305317442798746,0.5077320249657675,27.0,27.0,2026-08-04 16:21:17,Rutna Resort Buriram,6,0,,2026-08-04,22.85,Buriram,LT,Lower Isan - Central,Mapped,Not Mapped,88061.0,2.0,504.5,27.0,0.0,,,0.0,0.0,,0,0.053518334985133795,0.0,1.36,0.07,100,0,50.0,5.27,19.57,1079,Low,Expand to Ctrip,The hotel has demand but is not mapped on Ctrip.
4896919,0.2870389209719068,0.28884350797846875,0.2870389209719068,0.5087190667493163,20.0,14.0,2026-08-04 16:21:17,Lomsak Garden Home,12,0,,2026-08-04,22.8,Phetchabun,LT,North,Not Mapped,Mapped,89119.0,3.0,428.0,20.0,0.0,,,0.0,0.0,,0,0.04672897196261682,0.0,1.38,0.1,0,100,50.0,5.28,19.57,1080,Low,Map Hotel to Agoda,"Demand exists, but hotel-level mapping is missing on Agoda."
43599,0.3425708620024445,0.41165794314182413,0.3425708620024445,0.5081489829142956,225.0,221.0,2026-08-04 18:06:03,Brown House Hotel Udonthani,4,1,2026-08-04 16:21:17,2026-08-05,24.31,Udon Thani,KA,Upper Isan - East,Mapped,Mapped,869049.0,277.0,1007.0,225.0,0.0,0.1652284158559367,0.1652284158559367,1.0,6.0,,0,0.2234359483614697,0.0,13.42,9.33,100,100,100.0,14.37,19.56,1081,Low,Monitor,No immediate distribution issue requires action.
4933899,0.3120480664505818,0.3120480664505818,0.3120480664505818,0.517853820669976,3.0,3.0,2026-08-04 18:21:46,Baan Siri Mukdahan,3,0,,2026-08-13,23.12,Mukdahan,LT,Lower Isan - Central,Mapped,Unknown,30123.0,3.0,105.0,3.0,0.0,,,0.0,6.0,,0,0.02857142857142857,0.0,0.47,0.1,100,0,50.0,4.89,19.56,1082,Low,Monitor,No immediate distribution issue requires action.
2000021,0.3993340351365046,0.4225114438249108,0.3993340351365046,0.5076287662598742,623.0,46.0,2026-08-04 20:33:04,Samrong Garden Resort,80,20,2026-08-04 20:33:04,2026-08-08,33.9,Udon Thani,KA,Upper Isan - East,Mapped,Mapped,132172.0,82.0,1007.0,623.0,0.0,0.0438108484005565,0.05163506149357295,2.0,41.0,,0,0.6186693147964251,0.0,2.04,2.76,100,100,100.0,8.63,19.56,1083,Low,Investigate Booking Conversion,"Demand exists, but no booking is matched to the current check-in demand."
4920295,0.3228389594510692,0.3228389594510692,0.3228389594510692,0.5104205431131853,14.0,14.0,2026-08-04 17:52:50,Tonrak Resort Saraburi,3,0,,2026-08-04,23.41,Saraburi,LT,Lower Isan - Central,Mapped,Not Mapped,23645.0,0.0,522.5,14.0,0.0,,,0.0,0.0,,0,0.026794258373205742,0.0,0.37,0.0,100,0,50.0,4.87,19.56,1084,Low,Expand to Ctrip,The hotel has demand but is not mapped on Ctrip.
4887269,0.40303491720060497,0.4158812588886552,0.40303491720060497,0.47429569818288025,1559.0,751.0,2026-08-04 11:51:06,Home At 9,10,3,2026-08-04 11:51:06,2026-08-08,27.03,Chiang Mai,KA,North,Mapped,Mapped,767461.0,204.0,1106.5,1559.0,0.0,,,0.0,0.0,,0,1.4089471305919565,0.0,11.85,6.87,100,100,100.0,13.39,19.55,1085,Low,Investigate Booking Conversion,"Demand exists, but no booking is matched to the current check-in demand."
1027,0.3271864210640208,0.3271864210640208,0.3271864210640208,0.5085798199375411,82.0,82.0,2026-08-04 12:51:31,Namaka Resort Kamala,4,0,,2026-08-21,23.66,,,,Mapped,Unknown,0.0,0.0,41.0,82.0,0.0,,,0.0,4.0,,0,2.0,0.0,0.0,0.0,100,0,50.0,4.73,19.55,1086,Low,Monitor,No immediate distribution issue requires action.
181641,0.38088175176060884,0.38088175176060884,0.38088175176060884,0.5080385382828445,98.0,98.0,2026-08-04 22:18:28,Rueanchorfa Hotel,10,0,,2026-08-04,26.37,Nong Bua Lamphu,KA,Upper Isan - East,Mapped,Mapped,926571.0,68.0,309.0,98.0,0.0,,,0.0,0.0,,0,0.31715210355987056,0.0,14.31,2.29,100,100,100.0,13.12,19.55,1087,Low,Investigate Booking Conversion,"Demand exists, but no booking is matched to the current check-in demand."
182914,0.340389586723262,0.3597943808698503,0.340389586723262,0.5096428039351636,134.0,54.0,2026-08-04 22:51:02,Farisa Garden Hotel Kalasin,39,4,2026-08-04 18:06:03,2026-08-04,27.55,Kalasin,KA,Upper Isan - East,Mapped,Mapped,855557.0,25.0,85.0,134.0,1.0,,,0.0,18.0,,0,1.576470588235294,0.007462686567164179,13.21,0.84,100,100,100.0,12.37,19.54,1088,Low,Monitor,No immediate distribution issue requires action.
4920925,0.4531914739815101,0.4611325765792154,0.4531914739815101,0.5151135092020102,711.0,376.0,2026-08-04 23:18:39,One Budget Hotel Chiangrai Soi Sawan,15,3,2026-08-04 21:34:17,2026-08-05,30.07,Chiang Rai,KA,North,Mapped,Mapped,299864.0,237.0,880.5,711.0,1.0,,,0.0,1.0,,0,0.807495741056218,0.0014064697609001407,4.63,7.98,100,100,100.0,10.72,19.53,1089,Low,Monitor,No immediate distribution issue requires action.
182,0.41067382803387914,0.43918266342815465,0.41067382803387914,0.5007814948003771,371.0,177.0,2026-08-04 23:33:09,Furama Silom Bangkok,23,4,2026-08-04 23:33:09,2026-08-04,28.74,Bangkok,KA,BKK - Metro - Chon,Mapped,Not Live,5244.0,0.0,2851.0,371.0,1.0,,,0.0,2.0,0.0339,1,0.13012977902490355,0.0026954177897574125,0.08,0.0,100,40,70.0,5.79,19.52,1090,Low,Review Agoda Rate Competitiveness,Agoda reports a price disadvantage; 0% is cheapest.
2002899,0.31324961361474246,0.31324961361474246,0.31324961361474246,0.521294246031266,3.0,3.0,2026-08-04 17:52:50,Srisomthai Hotel Ubon Ratchathani,3,0,,2026-08-04,23.24,Ubon Ratchathani,LT,Lower Isan - Central,Mapped,Not Mapped,2172.0,1.0,787.5,3.0,0.0,,,0.0,0.0,,0,0.0038095238095238095,0.0,0.03,0.03,100,0,50.0,4.67,19.52,1091,Low,Expand to Ctrip,The hotel has demand but is not mapped on Ctrip.
2012145,0.4471220593145319,0.46669430426971426,0.4471220593145319,0.5171284523300197,501.0,268.0,2026-08-04 23:33:09,Sans Hotel,20,2,2026-08-04 17:52:50,2026-08-05,30.28,Ratchaburi,KA,Lower South - West,Mapped,Mapped,402013.0,133.0,715.0,501.0,0.0,,,0.0,0.0,,0,0.7006993006993008,0.0,6.21,4.48,100,100,100.0,10.5,19.51,1092,Low,Investigate Booking Conversion,"Demand exists, but no booking is matched to the current check-in demand."
2012478,0.4287664835021835,0.46547406601975344,0.4287664835021835,0.5095139871859231,1279.0,703.0,2026-08-04 22:34:47,Porestva Hotel Sriracha,25,3,2026-08-04 20:47:47,2026-08-07,30.1,Sriracha,KA,BKK - Metro - Chon,Mapped,Mapped,392721.0,169.0,1584.0,1279.0,0.0,,,0.0,1.0,0.0563,2,0.8074494949494949,0.0,6.07,5.69,100,100,100.0,10.76,19.51,1093,Low,Review Agoda Rate Competitiveness,Agoda reports a price disadvantage; 0% is cheapest.
174257,0.4924238322302288,0.4924238322302288,0.4924238322302288,0.5131219384291644,246.0,246.0,2026-08-04 08:30:09,The Charm Boutique Resort,6,1,2026-08-04 06:44:52,2026-08-09,30.6,Khon Kaen,KA,Upper Isan - East,Mapped,Mapped,291105.0,200.0,1122.0,246.0,0.0,,,0.0,0.0,,0,0.2192513368983957,0.0,4.5,6.74,100,100,100.0,10.39,19.51,1094,Low,Investigate Booking Conversion,"Demand exists, but no booking is matched to the current check-in demand."
5102538,0.32864642060763516,0.32864642060763516,0.32864642060763516,0.5070387333717653,11.0,11.0,2026-08-04 01:45:09,Ouranos Hotel,3,0,,2026-08-05,23.57,,,,Mapped,Unknown,0.0,0.0,1645.0,11.0,0.0,,,0.0,0.0,,0,0.006686930091185411,0.0,0.0,0.0,100,0,50.0,4.71,19.5,1095,Low,Monitor,No immediate distribution issue requires action.
2000263,0.34472665519446105,0.3729635272247319,0.34472665519446105,0.5084187790771738,356.0,126.0,2026-08-04 22:34:47,Non C Park Hotel,58,8,2026-08-04 20:33:04,2026-08-04,29.56,Khon Kaen,KA,Upper Isan - East,Mapped,Mapped,410617.0,200.0,1025.5,356.0,1.0,,,0.0,4.0,0.0464,2,0.34714773281326183,0.0028089887640449437,6.34,6.74,100,100,100.0,11.1,19.5,1096,Low,Review Agoda Rate Competitiveness,Agoda reports a price disadvantage; 0% is cheapest.
4543127,0.38963139870781804,0.3985368710021916,0.38963139870781804,0.5086516612933315,520.0,244.0,2026-08-04 23:33:09,Hotel Fuse Rayong,15,0,,2026-08-05,27.34,Rayong,KA,Upper Isan - East,Mapped,Mapped,656703.0,187.0,1322.5,520.0,0.0,,,0.0,0.0,,0,0.3931947069943289,0.0,10.14,6.3,100,100,100.0,12.43,19.5,1097,Low,Investigate Booking Conversion,"Demand exists, but no booking is matched to the current check-in demand."
38,0.36948437536751516,0.3809144141404213,0.36948437536751516,0.5150668600025988,153.0,58.0,2026-08-04 09:17:17,Thepnakorn Hotel Buriram,32,3,2026-08-04 09:17:17,2026-08-05,28.16,Buriram,LT,Lower Isan - Central,Mapped,Not Live,18536.0,0.0,764.0,153.0,0.0,,,0.0,0.0,,0,0.20026178010471204,0.0,0.29,0.0,100,40,70.0,5.78,19.49,1098,Low,Investigate Booking Conversion,"Demand exists, but no booking is matched to the current check-in demand."
181654,0.3130089793830262,0.3130089793830262,0.3130089793830262,0.5084745341425918,14.0,14.0,2026-08-04 18:36:27,Sunee View Hotel,4,0,,2026-08-06,23.07,Chachoengsao,LT,Upper Isan - East,Mapped,Not Mapped,30821.0,11.0,689.5,14.0,0.0,,,0.0,0.0,,0,0.02030456852791878,0.0,0.48,0.37,100,0,50.0,4.96,19.49,1099,Low,Expand to Ctrip,The hotel has demand but is not mapped on Ctrip.
4264588,0.28960332983712256,0.3125633729866092,0.28960332983712256,0.5078995202543504,18.0,12.0,2026-08-04 23:33:09,Me 2 Singhamuntra Kamphaengsaen,10,0,,2026-08-04,22.7,Nakhon Pathom,LT,BKK - Metro - Chon,Not Mapped,Mapped,84299.0,0.0,960.5,18.0,0.0,,,0.0,0.0,,0,0.018740239458615304,0.0,1.3,0.0,0,100,50.0,5.19,19.48,1100,Low,Map Hotel to Agoda,"Demand exists, but hotel-level mapping is missing on Agoda."
4792662,0.29888234155870586,0.32250685870512,0.29888234155870586,0.5082770424044954,76.0,75.0,2026-08-04 12:51:31,The Peak Songkhla,10,0,,2026-08-04,23.09,Songkhla,LT,Lower South - West,Mapped,Unknown,18194.0,18.0,940.0,76.0,0.0,,,0.0,2.0,,0,0.08085106382978724,0.0,0.28,0.61,100,0,50.0,4.94,19.48,1101,Low,Monitor,No immediate distribution issue requires action.
4884134,0.27744511051614223,0.28284602243039536,0.27744511051614223,0.5113645285338518,10.0,4.0,2026-08-04 23:33:09,Siri Regent,10,0,,2026-08-08,22.28,Nakhon Phanom,LT,Upper Isan - East,Not Mapped,Mapped,116401.0,0.0,103.0,10.0,0.0,,,0.0,4.0,,0,0.0970873786407767,0.0,1.8,0.0,0,100,50.0,5.36,19.48,1102,Low,Map Hotel to Agoda,"Demand exists, but hotel-level mapping is missing on Agoda."
4922407,0.2966148979189049,0.3172506651173722,0.2966148979189049,0.5113397375095041,9.0,5.0,2026-08-04 14:04:20,The Sleeper Homestay Kanchanaburi,6,0,,2026-08-06,22.66,Kanchanaburi,LT,Lower South - West,Mapped,Not Mapped,76935.0,0.0,762.0,9.0,0.0,,,0.0,0.0,,0,0.011811023622047244,0.0,1.19,0.0,100,0,50.0,5.13,19.47,1103,Low,Expand to Ctrip,The hotel has demand but is not mapped on Ctrip.
2000347,0.3083527875078662,0.3083527875078662,0.3083527875078662,0.5109825697442025,14.0,14.0,2026-08-04 18:21:46,The Click Resort,6,0,,2026-08-04,23.13,Ratchaburi,LT,Lower South - West,Mapped,Not Mapped,22308.0,3.0,406.5,14.0,0.0,,,0.0,0.0,,0,0.03444034440344403,0.0,0.34,0.1,100,0,50.0,4.83,19.46,1104,Low,Expand to Ctrip,The hotel has demand but is not mapped on Ctrip.
4922733,0.28436207632449073,0.285559071861138,0.28436207632449073,0.5046022136610673,8.0,4.0,2026-08-04 16:21:17,Blue Hippo Hotel,8,0,,2026-08-28,22.23,Samut Prakan,LT,BKK - Metro - Chon,Mapped,Not Mapped,103851.0,24.0,25.5,8.0,0.0,,,0.0,4.0,,0,0.3137254901960784,0.0,1.6,0.81,100,0,50.0,5.49,19.46,1105,Low,Expand to Ctrip,The hotel has demand but is not mapped on Ctrip.
43948,0.32834100348148854,0.3595994815635855,0.32834100348148854,0.5079918224321324,1142.0,456.0,2026-08-04 23:33:09,VILLA'S DAY Phitsanulok,46,1,2026-08-04 23:33:09,2026-08-06,28.0,Phitsanulok,KA,North,Mapped,Mapped,693471.0,99.0,1391.5,1142.0,0.0,,,0.0,16.0,,0,0.820697089471793,0.0,10.71,3.33,100,100,100.0,11.95,19.46,1106,Low,Investigate Booking Conversion,"Demand exists, but no booking is matched to the current check-in demand."
22229,0.37688276543374843,0.4932428598756878,0.37688276543374843,0.5080374129676087,1552.0,590.0,2026-08-04 23:33:09,Poonsook Resident Hotel Phitsanulok,63,6,2026-08-04 21:34:17,2026-08-05,31.68,Phitsanulok,KA,North,Mapped,Mapped,339912.0,78.0,1391.5,1552.0,0.0,,,0.0,18.0,,0,1.1153431548688466,0.0,5.25,2.63,100,100,100.0,9.75,19.46,1107,Low,Investigate Booking Conversion,"Demand exists, but no booking is matched to the current check-in demand."
152411,0.28968079043969597,0.3071449107991462,0.28968079043969597,0.5075593442162614,22.0,17.0,2026-08-04 12:38:07,Aoontawan Resort Songkhla,5,0,,2026-08-04,22.22,Songkhla,LT,Lower South - West,Mapped,Not Mapped,98379.0,23.0,940.0,22.0,0.0,,,0.0,2.0,,0,0.023404255319148935,0.0,1.52,0.77,100,0,50.0,5.44,19.46,1108,Low,Expand to Ctrip,The hotel has demand but is not mapped on Ctrip.
2006774,0.2533378058666544,0.2533378058666544,0.2533378058666544,0.506675611708559,7.0,7.0,2026-08-04 23:03:24,Pornpong Hotel Nan,7,0,,2026-08-04,20.93,Nan,KA,North,Mapped,Not Mapped,246369.0,14.0,482.5,7.0,0.0,,,0.0,0.0,,0,0.014507772020725389,0.0,3.8,0.47,100,0,50.0,6.23,19.46,1109,Low,Expand to Ctrip,The hotel has demand but is not mapped on Ctrip.
137953,0.3257856552712909,0.33334148359875165,0.3257856552712909,0.5202408760678588,26.0,20.0,2026-08-04 20:47:47,Qoo Hotel Buriram,19,1,2026-08-04 20:47:47,2026-08-04,25.25,Buriram,KA,Lower Isan - Central,Not Live,Mapped,239686.0,46.0,764.0,26.0,0.0,,,0.0,0.0,,0,0.034031413612565446,0.0,3.7,1.55,40,100,70.0,7.36,19.46,1110,Low,Activate Agoda,"Agoda connectivity exists, but the hotel is not live."
21797,0.38696513377329156,0.4249965149787986,0.38696513377329156,0.5092734461335848,167.0,77.0,2026-08-04 18:36:27,Golden City Rayong Hotel,10,0,,2026-08-09,26.66,Rayong,KA,Upper Isan - East,Mapped,Mapped,621239.0,256.0,602.0,167.0,0.0,,,0.0,28.0,,0,0.27740863787375414,0.0,9.59,8.62,100,100,100.0,12.71,19.45,1111,Low,Investigate Booking Conversion,"Demand exists, but no booking is matched to the current check-in demand."
63436,0.3174907925313184,0.35478602038475043,0.3174907925313184,0.5075230029833813,34.0,17.0,2026-08-04 18:49:41,Ban Suan Dokmai,10,0,,2026-08-05,23.81,Prachin Buri,KA,Upper Isan - East,Mapped,Mapped,1205490.0,38.0,284.0,34.0,0.0,,,0.0,0.0,,0,0.11971830985915492,0.0,18.62,1.28,100,100,100.0,14.46,19.45,1112,Low,Monitor,No immediate distribution issue requires action.
137955,0.3693257106782366,0.4022831303627756,0.3693257106782366,0.5104762600362783,265.0,160.0,2026-08-04 19:05:32,The Coconut Hotel Lampang,20,3,2026-08-04 19:05:32,2026-08-04,26.96,Lampang,KA,North,Mapped,Mapped,798893.0,95.0,941.0,265.0,0.0,,,0.0,0.0,,0,0.281615302869288,0.0,12.34,3.2,100,100,100.0,12.52,19.45,1113,Low,Investigate Booking Conversion,"Demand exists, but no booking is matched to the current check-in demand."
5101189,0.2951768803447065,0.2951768803447065,0.2951768803447065,0.5092945911909605,22.0,22.0,2026-08-04 23:33:09,Wanpen Apartment,7,0,,2026-08-07,22.66,Suphan Buri,LT,Lower Isan - Central,Not Mapped,Mapped,52347.0,15.0,83.0,22.0,0.0,,,0.0,0.0,,0,0.26506024096385544,0.0,0.81,0.51,0,100,50.0,5.09,19.44,1114,Low,Map Hotel to Agoda,"Demand exists, but hotel-level mapping is missing on Agoda."
43559,0.3931321247513744,0.43914771973950434,0.3931321247513744,0.533802263526106,14.0,8.0,2026-08-04 11:51:06,C Tower Hotel,4,0,,2026-08-13,26.78,Surat Thani,LT,Upper South,Mapped,Not Live,82187.0,12.0,431.0,14.0,0.0,,,0.0,4.0,,0,0.03248259860788863,0.0,1.27,0.4,100,40,70.0,6.11,19.43,1115,Low,Investigate Booking Conversion,"Demand exists, but no booking is matched to the current check-in demand."
4902939,0.3081503534330322,0.3081503534330322,0.3081503534330322,0.5177151978453792,3.0,3.0,2026-08-04 16:21:17,Crystal Place Prathai,3,0,,2026-08-04,22.97,Nakhonratchasima,LT,Lower Isan - Central,Unknown,Mapped,17761.0,0.0,1319.0,3.0,0.0,,,0.0,0.0,,0,0.002274450341167551,0.0,0.27,0.0,0,100,50.0,4.73,19.43,1116,Low,Monitor,No immediate distribution issue requires action.
4918063,0.35070661346367293,0.3702119778707117,0.35070661346367293,0.5117076514682736,35.0,17.0,2026-08-04 20:47:47,Thongchen Residence,8,0,,2026-08-06,25.03,Samut Sakhon,KA,BKK - Metro - Chon,Mapped,Mapped,757044.0,273.0,509.0,35.0,2.0,,,0.0,4.0,,0,0.068762278978389,0.05714285714285714,11.69,9.2,100,100,100.0,13.61,19.43,1117,Low,Monitor,No immediate distribution issue requires action.
4885004,0.37153205847416615,0.41970114585774504,0.37153205847416615,0.5090824941474872,450.0,184.0,2026-08-04 23:33:09,Hotel Dawa,42,2,2026-08-04 08:30:09,2026-08-07,29.16,Chiang Mai,KA,North,Mapped,Mapped,645819.0,36.0,1475.5,450.0,0.0,,,0.0,5.0,,0,0.3049813622500847,0.0,9.97,1.21,100,100,100.0,11.18,19.43,1118,Low,Investigate Booking Conversion,"Demand exists, but no booking is matched to the current check-in demand."
4857598,0.2719534586435763,0.2719534586435763,0.2719534586435763,0.5064159160973888,20.0,10.0,2026-08-04 23:33:09,Inside Resort Sanamchaikhet,20,0,,2026-08-06,22.91,Chachoengsao,LT,Upper Isan - East,Not Mapped,Mapped,52011.0,0.0,1260.5,20.0,0.0,,,0.0,0.0,,0,0.01586671955573185,0.0,0.8,0.0,0,100,50.0,4.98,19.43,1119,Low,Map Hotel to Agoda,"Demand exists, but hotel-level mapping is missing on Agoda."
1437,0.32732528697313745,0.32732528697313745,0.32732528697313745,0.5057135120576559,2.0,2.0,2026-08-04 20:47:47,Ambassador City Jomtien Pattaya,2,0,,2026-08-21,23.4,Pattaya,LT,BKK - Metro - Chon,Mapped,Unknown,0.0,0.0,30.0,2.0,0.0,,,0.0,2.0,,0,0.06666666666666667,0.0,0.0,0.0,100,0,50.0,4.68,19.42,1120,Low,Monitor,No immediate distribution issue requires action.
182961,0.35119295356257374,0.36157244630772123,0.35119295356257374,0.5163064026356419,6.0,3.0,2026-08-04 13:52:08,Irabbit Hotel Prachinburi,6,0,,2026-08-12,24.94,Prachin Buri,KA,Upper Isan - East,Mapped,Mapped,963601.0,108.0,257.0,6.0,0.0,,,0.0,5.0,,0,0.023346303501945526,0.0,14.88,3.64,100,100,100.0,13.52,19.41,1121,Low,Monitor,No immediate distribution issue requires action.
4578,0.47306445470355263,0.473872530097083,0.47306445470355263,0.5039003178028103,783.0,524.0,2026-08-04 20:47:47,A-Te Chumphon Hotel,9,2,2026-08-04 15:52:08,2026-08-04,30.09,Chumphon,KA,Upper South,Mapped,Mapped,459956.0,111.0,847.5,783.0,0.0,0.379952884551152,0.379952884551152,1.0,12.0,-0.0,1,0.9238938053097345,0.0,7.1,3.74,100,100,100.0,10.69,19.41,1122,Low,Investigate Booking Conversion,"Demand exists, but no booking is matched to the current check-in demand."
571,0.3147691150864626,0.3147691150864626,0.3147691150864626,0.507553071820147,31.0,31.0,2026-08-04 05:44:15,The Imperial River House Resort Chiang Rai,6,0,,2026-08-29,23.32,Chiang Rai,LT,North,Mapped,Unknown,0.0,0.0,0.0,31.0,0.0,,,0.0,2.0,,0,,0.0,0.0,0.0,100,0,50.0,4.66,19.4,1123,Low,Monitor,No immediate distribution issue requires action.
2001943,0.3623939701478787,0.381029625470134,0.3623939701478787,0.5083353133910623,155.0,105.0,2026-08-04 14:04:20,Phitsanulok Orchid Hotel,11,0,,2026-08-04,25.75,Phitsanulok,KA,North,Mapped,Not Live,106410.0,118.0,1163.0,155.0,0.0,,,0.0,4.0,,0,0.13327601031814273,0.0,1.64,3.97,100,40,70.0,7.16,19.39,1124,Low,Activate Ctrip,"Ctrip connectivity exists, but the hotel is not live."
3332,0.32172407896851224,0.42289225221568727,0.32172407896851224,0.5188088331661922,46.0,9.0,2026-08-04 11:36:45,Ray Hotel Buriram,23,1,2026-08-04 00:03:17,2026-08-05,25.44,Buriram,KA,Lower Isan - Central,Not Live,Mapped,214820.0,39.0,764.0,46.0,2.0,0.186849689610085,0.186849689610085,1.0,56.0,,0,0.060209424083769635,0.043478260869565216,3.32,1.31,40,100,70.0,7.14,19.39,1125,Low,Activate Agoda,"Agoda connectivity exists, but the hotel is not live."
63737,0.36978034292265305,0.4071344773352254,0.36978034292265305,0.5183763213457181,242.0,149.0,2026-08-04 19:05:32,Panya Resort Hotel,36,6,2026-08-04 18:36:27,2026-08-04,28.64,Udon Thani,KA,Upper Isan - East,Mapped,Mapped,571903.0,108.0,950.0,242.0,0.0,,,0.0,10.0,,0,0.25473684210526315,0.0,8.83,3.64,100,100,100.0,11.24,19.39,1126,Low,Investigate Booking Conversion,"Demand exists, but no booking is matched to the current check-in demand."
183439,0.2863122965043186,0.2863122965043186,0.2863122965043186,0.510835853515443,5.0,5.0,2026-08-04 18:49:41,Srisuphan Villa Hotel,5,0,,2026-08-06,22.14,Suphan Buri,KA,Lower Isan - Central,Not Mapped,Mapped,108316.0,0.0,304.5,5.0,0.0,,,0.0,0.0,,0,0.016420361247947456,0.0,1.67,0.0,0,100,50.0,5.26,19.38,1127,Low,Map Hotel to Agoda,"Demand exists, but hotel-level mapping is missing on Agoda."
2000036,0.2922079786356533,0.2922079786356533,0.2922079786356533,0.507797242390749,8.0,8.0,2026-08-04 20:47:47,Sawatdee Resort Sisaket,6,0,,2026-08-04,22.42,Si Sa Ket,LT,Lower Isan - Central,Mapped,Not Mapped,53519.0,25.0,140.5,8.0,0.0,,,0.0,0.0,,0,0.05693950177935943,0.0,0.83,0.84,100,0,50.0,5.15,19.38,1128,Low,Expand to Ctrip,The hotel has demand but is not mapped on Ctrip.
2000320,0.393885292331027,0.393885292331027,0.393885292331027,0.5039724586239446,76.0,76.0,2026-08-04 23:33:09,Chunlee Grand Hotel,7,0,,2026-08-04,26.52,Nakhonratchasima,LT,Lower Isan - Central,Mapped,Not Live,146609.0,31.0,1319.0,76.0,0.0,,,0.0,0.0,,0,0.0576194086429113,0.0,2.26,1.04,100,40,70.0,6.75,19.37,1129,Low,Investigate Booking Conversion,"Demand exists, but no booking is matched to the current check-in demand."
4933170,0.415231304991588,0.4428274835426997,0.415231304991588,0.51131254415716,1741.0,207.0,2026-08-04 23:33:09,C Hotel Bangna,71,10,2026-08-04 08:14:54,2026-08-16,34.09,Bangkok,KA,BKK - Metro - Chon,Mapped,Mapped,94432.0,50.0,2531.5,1741.0,0.0,-0.2588291617255606,-0.04964789176163825,8.0,20.0,0.4107,3,0.6877345447363223,0.0,1.46,1.68,100,100,100.0,8.05,19.37,1130,Low,Fix Internal Rate Parity,Our rate is more expensive than a comparable partner rate.
181657,0.3602706329108647,0.39785259895512015,0.3602706329108647,0.5346365947998202,71.0,26.0,2026-08-04 19:05:32,Civilize Hotel Udon,23,2,2026-08-04 16:06:46,2026-08-10,27.31,Udon Thani,KA,Upper Isan - East,Mapped,Mapped,624345.0,134.0,613.0,71.0,0.0,0.1366782255859807,0.1387899540638772,2.0,2.0,,0,0.11582381729200653,0.0,9.64,4.51,100,100,100.0,11.64,19.36,1131,Low,Investigate Booking Conversion,"Demand exists, but no booking is matched to the current check-in demand."
2010846,0.29267038343593005,0.29267038343593005,0.29267038343593005,0.5067069218770883,9.0,9.0,2026-08-04 19:05:32,PN Hotel Fang,9,0,,2026-08-05,22.7,Chiang Mai,LT,North,Mapped,Not Mapped,53656.0,1.0,1208.0,9.0,0.0,,,0.0,0.0,,0,0.0074503311258278145,0.0,0.83,0.03,100,0,50.0,4.96,19.36,1132,Low,Expand to Ctrip,The hotel has demand but is not mapped on Ctrip.
2001054,0.40960792181430394,0.4805306009338335,0.40960792181430394,0.5070711144741509,2136.0,1159.0,2026-08-04 22:34:47,Jasmine Resort Sriracha,26,1,2026-08-04 09:50:43,2026-08-04,29.64,Sriracha,KA,BKK - Metro - Chon,Mapped,Mapped,314929.0,242.0,2288.0,2136.0,0.0,,,0.0,36.0,0.3572,3,0.9335664335664335,0.0,4.86,8.15,100,100,100.0,10.8,19.36,1133,Low,Review Agoda Rate Competitiveness,Agoda reports a price disadvantage; 0% is cheapest.
2010153,0.38630689709421145,0.4227804886464696,0.38630689709421145,0.5086699057841312,222.0,101.0,2026-08-04 19:05:32,The Kannas Hotel & Serviced Apartment Chiangmai,12,2,2026-08-04 18:36:27,2026-08-04,26.83,Chiang Mai,KA,North,Mapped,Mapped,579416.0,256.0,896.0,222.0,0.0,0.2105364955322495,0.2105364955322495,1.0,12.0,,0,0.24776785714285715,0.0,8.95,8.62,100,100,100.0,12.43,19.35,1134,Low,Investigate Booking Conversion,"Demand exists, but no booking is matched to the current check-in demand."
5101864,0.2960744019088703,0.3000274722578207,0.2960744019088703,0.5044442857787033,30.0,19.0,2026-08-04 19:05:32,Deetel Hotel,10,2,2026-08-04 11:51:06,2026-08-05,22.89,Nakhon Sawan,LT,North,Not Mapped,Mapped,25971.0,9.0,1451.0,30.0,0.0,,,0.0,0.0,,0,0.02067539627842867,0.0,0.4,0.3,0,100,50.0,4.87,19.35,1135,Low,Map Hotel to Agoda,"Demand exists, but hotel-level mapping is missing on Agoda."
5101728,0.3706686856656933,0.406510392254251,0.3706686856656933,0.5126944522905036,138.0,52.0,2026-08-04 16:21:17,Eli-an Haus,12,0,,2026-08-05,26.26,Phra Nakhon Si Ayutthaya,KA,Lower Isan - Central,Mapped,Not Live,177146.0,6.0,675.5,138.0,0.0,,,0.0,0.0,,0,0.20429311621021465,0.0,2.74,0.2,100,40,70.0,6.68,19.35,1136,Low,Investigate Booking Conversion,"Demand exists, but no booking is matched to the current check-in demand."
43669,0.30934221819405266,0.30934221819405266,0.30934221819405266,0.5169318648437595,12.0,12.0,2026-08-04 16:21:17,New Dhara Place Lomsak,8,0,,2026-08-04,23.47,Phetchabun,KA,North,Mapped,Not Live,463325.0,1.0,428.0,12.0,0.0,,,0.0,0.0,,0,0.028037383177570093,0.0,7.16,0.03,100,40,70.0,8.28,19.35,1137,Low,Activate Ctrip,"Ctrip connectivity exists, but the hotel is not live."
2004219,0.4220405049762273,0.45443507386674914,0.4220405049762273,0.5018692975430015,6458.0,2622.0,2026-08-04 22:03:21,Hisoplace Hotel,53,13,2026-08-04 21:34:17,2026-08-08,33.91,Udon Thani,KA,Upper Isan - East,Mapped,Mapped,142839.0,42.0,950.0,6458.0,0.0,,,0.0,3.0,,0,6.797894736842105,0.0,2.21,1.41,100,100,100.0,8.31,19.35,1138,Low,Investigate Booking Conversion,"Demand exists, but no booking is matched to the current check-in demand."
183601,0.3635161459429659,0.3635161459429659,0.3635161459429659,0.510836660743798,110.0,110.0,2026-08-04 23:33:09,Le Park 23 Boutique Resort,14,0,,2026-08-04,26.12,Roi Et,LT,Lower Isan - Central,Mapped,Not Live,146732.0,44.0,460.0,110.0,0.0,,,0.0,0.0,,0,0.2391304347826087,0.0,2.27,1.48,100,40,70.0,6.8,19.35,1139,Low,Investigate Booking Conversion,"Demand exists, but no booking is matched to the current check-in demand."
4920847,0.30301585909596546,0.30301585909596546,0.30301585909596546,0.5095275982617038,16.0,16.0,2026-08-04 19:05:32,Resort Landmark Nakon Sawan,6,0,,2026-08-04,22.88,Nakhon Sawan,LT,North,Not Mapped,Mapped,23254.0,1.0,1451.0,16.0,0.0,,,0.0,0.0,,0,0.011026878015161957,0.0,0.36,0.03,0,100,50.0,4.76,19.34,1140,Low,Map Hotel to Agoda,"Demand exists, but hotel-level mapping is missing on Agoda."
2138,0.3900573757801175,0.44056680717967467,0.3900573757801175,0.507073343021174,142.0,75.0,2026-08-04 22:51:02,Koranaree Courtyard Boutique Hotel,20,5,2026-08-04 18:06:03,2026-08-04,27.68,Nakhonratchasima,KA,Lower Isan - Central,Mapped,Mapped,627788.0,153.0,1319.0,142.0,0.0,,,0.0,4.0,,0,0.10765731614859743,0.0,9.7,5.15,100,100,100.0,11.93,19.34,1141,Low,Investigate Booking Conversion,"Demand exists, but no booking is matched to the current check-in demand."
4884641,0.2889096113356693,0.2889096113356693,0.2889096113356693,0.506675611708559,24.0,12.0,2026-08-04 03:29:50,Suksamraan Village Sakeo,12,0,,2026-08-05,22.83,Sa Kaeo,LT,Upper Isan - East,Unknown,Mapped,35215.0,0.0,463.5,24.0,0.0,,,0.0,0.0,,0,0.05177993527508091,0.0,0.54,0.0,0,100,50.0,4.84,19.33,1142,Low,Monitor,No immediate distribution issue requires action.
2000197,0.29142105967803,0.29142105967803,0.29142105967803,0.5096939459646923,6.0,6.0,2026-08-04 19:05:32,Phudin Hotel Loeng Nok Tha,6,0,,2026-08-15,22.42,Yasothon,LT,Lower Isan - Central,Not Mapped,Mapped,59445.0,7.0,83.0,6.0,0.0,,,0.0,1.0,,0,0.07228915662650602,0.0,0.92,0.24,0,100,50.0,5.02,19.33,1143,Low,Map Hotel to Agoda,"Demand exists, but hotel-level mapping is missing on Agoda."
4920586,0.41764969065063856,0.4285827595164547,0.41764969065063856,0.5079313628144607,1648.0,664.0,2026-08-04 18:49:41,Baan Phitcha Pranburi,29,5,2026-08-04 12:51:31,2026-08-04,30.11,Pranburi,KA,Lower South - West,Mapped,Mapped,460839.0,85.0,893.0,1648.0,0.0,,,0.0,3.0,,0,1.845464725643897,0.0,7.12,2.86,100,100,100.0,10.44,19.33,1144,Low,Investigate Booking Conversion,"Demand exists, but no booking is matched to the current check-in demand."
5102087,0.3436606363211292,0.40139505202063247,0.3436606363211292,0.5124690545282748,179.0,85.0,2026-08-04 15:52:08,U-SABAI VILLA,27,2,2026-08-04 15:52:08,2026-08-05,26.61,Yasothon,KA,Lower Isan - Central,Mapped,Not Live,143121.0,0.0,587.0,179.0,0.0,0.1109518592914202,0.1109518592914202,1.0,12.0,,0,0.3049403747870528,0.0,2.21,0.0,100,40,70.0,6.43,19.32,1145,Low,Investigate Booking Conversion,"Demand exists, but no booking is matched to the current check-in demand."
321,0.3646132584375286,0.36603545839768586,0.3646132584375286,0.5059437782975205,338.0,53.0,2026-08-04 09:02:00,Royal Princess Larn Luang,35,0,,2026-08-09,28.12,Bangkok,LT,BKK - Metro - Chon,Mapped,Not Live,1586.0,0.0,1857.0,338.0,0.0,,,0.0,24.0,,0,0.1820140010770059,0.0,0.02,0.0,100,40,70.0,5.63,19.31,1146,Low,Investigate Booking Conversion,"Demand exists, but no booking is matched to the current check-in demand."
5002707,0.28083686519690415,0.28083686519690415,0.28083686519690415,0.5069372601116794,16.0,16.0,2026-08-04 22:51:02,Ruenkumsub Hotel,6,0,,2026-08-08,21.95,Saraburi,LT,Lower Isan - Central,Mapped,Unknown,90097.0,23.0,111.0,16.0,0.0,,,0.0,0.0,,0,0.14414414414414414,0.0,1.39,0.77,100,0,50.0,5.32,19.31,1147,Low,Monitor,No immediate distribution issue requires action.
64980,0.3796197286328524,0.42417114029900804,0.3796197286328524,0.5089877600060165,1129.0,435.0,2026-08-04 23:33:09,K.N. Grand Hotel,57,5,2026-08-04 19:05:32,2026-08-04,31.11,Saraburi,KA,Lower Isan - Central,Mapped,Mapped,440743.0,15.0,568.5,1129.0,0.0,,,0.0,8.0,,0,1.9859278803869833,0.0,6.81,0.51,100,100,100.0,9.78,19.31,1148,Low,Investigate Booking Conversion,"Demand exists, but no booking is matched to the current check-in demand."
63839,0.27996551896220295,0.2908434627521683,0.27996551896220295,0.5064010122680214,10.0,6.0,2026-08-04 17:52:50,King Thong Resort,7,0,,2026-08-06,21.99,Uttaradit,LT,North,Not Mapped,Mapped,112944.0,0.0,62.0,10.0,0.0,,,0.0,3.0,,0,0.16129032258064516,0.0,1.74,0.0,0,100,50.0,5.27,19.3,1149,Low,Map Hotel to Agoda,"Demand exists, but hotel-level mapping is missing on Agoda."
177866,0.4077575853977555,0.41396533203218777,0.4077575853977555,0.5081349815129691,76.0,28.0,2026-08-04 16:21:17,Praso Ratchada Private Residence,12,7,2026-08-04 16:21:17,2026-08-05,27.63,Bangkok,KA,BKK - Metro - Chon,Mapped,Mapped,759684.0,46.0,2851.0,76.0,0.0,0.1905081346419009,0.1905081346419009,1.0,3.0,,0,0.026657313223430377,0.0,11.73,1.55,100,100,100.0,11.86,19.3,1150,Low,Investigate Booking Conversion,"Demand exists, but no booking is matched to the current check-in demand."
25131,0.40831558304712523,0.4349580969980537,0.40831558304712523,0.5116547517451185,2119.0,592.0,2026-08-04 23:33:09,R1 Nimman Hotel Chiangmai,40,3,2026-08-04 22:51:02,2026-08-08,31.0,Chiang Mai,KA,North,Mapped,Mapped,287871.0,132.0,1475.5,2119.0,0.0,,,0.0,2.0,0.3783,3,1.4361233480176212,0.0,4.45,4.45,100,100,100.0,9.76,19.3,1151,Low,Review Agoda Rate Competitiveness,Agoda reports a price disadvantage; 0% is cheapest.
43879,0.31859716895460255,0.31859716895460255,0.31859716895460255,0.5199502449855442,7.0,7.0,2026-08-04 15:36:41,Rose Garden Hotel Ayutthaya,5,0,,2026-08-04,23.62,Phra Nakhon Si Ayutthaya,LT,Lower Isan - Central,No Room,Not Live,40451.0,0.0,675.5,7.0,0.0,,,0.0,0.0,,0,0.010362694300518135,0.0,0.62,0.0,70,40,55.0,5.03,19.3,1152,Low,Complete Room-Type Mapping,"Hotel-level mapping exists, but room types are not mapped."
5101845,0.29581498747365687,0.3063008197557272,0.29581498747365687,0.5069490015223748,9.0,3.0,2026-08-04 23:33:09,Nara Pruksa Apartment,7,0,,2026-08-23,22.64,Narathiwat,LT,Lower South - West,Mapped,Unknown,20248.0,18.0,0.0,9.0,0.0,,,0.0,2.0,,0,,0.0,0.31,0.61,100,0,50.0,4.87,19.29,1153,Low,Monitor,No immediate distribution issue requires action.
5101861,0.37942821383488873,0.43533350384561936,0.37942821383488873,0.5099152555564922,295.0,146.0,2026-08-04 22:51:02,Chapter Hotel Hatyai,37,3,2026-08-04 11:51:06,2026-08-21,28.97,Hatyai,KA,Lower South - West,Mapped,Mapped,483491.0,146.0,12.0,295.0,2.0,,,0.0,6.0,,0,24.583333333333332,0.006779661016949152,7.47,4.92,100,100,100.0,11.0,19.29,1154,Low,Monitor,No immediate distribution issue requires action.
4915,0.38015149737768983,0.38015149737768983,0.38015149737768983,0.513767733516309,79.0,79.0,2026-08-04 12:51:31,Riverside Hotel Krabi,4,0,,2026-08-04,25.88,Krabi,KA,Upper South,Mapped,Mapped,664331.0,245.0,400.0,79.0,0.0,,,0.0,0.0,,0,0.1975,0.0,10.26,8.25,100,100,100.0,12.78,19.29,1155,Low,Monitor,No immediate distribution issue requires action.
2010376,0.4261570083571823,0.4261570083571823,0.4261570083571823,0.5123359150639721,68.0,68.0,2026-08-04 16:21:17,Shanti-Retreat Hotel,4,0,,2026-08-04,27.69,Nan,LT,North,Mapped,Not Live,11157.0,10.0,482.5,68.0,0.0,,,0.0,0.0,,0,0.14093264248704662,0.0,0.17,0.34,100,40,70.0,5.72,19.29,1156,Low,Investigate Booking Conversion,"Demand exists, but no booking is matched to the current check-in demand."
302,0.35355170145301373,0.39448491103260774,0.35355170145301373,0.5103099007696421,469.0,168.0,2026-08-04 14:04:20,Ambassador Bangkok,31,1,2026-08-04 12:38:07,2026-08-04,27.43,Bangkok,LT,BKK - Metro - Chon,Mapped,Not Live,40812.0,12.0,2851.0,469.0,0.0,,,0.0,39.0,,0,0.1645036829182743,0.0,0.63,0.4,100,40,70.0,5.92,19.29,1157,Low,Investigate Booking Conversion,"Demand exists, but no booking is matched to the current check-in demand."
4884630,0.28441790062500605,0.28823944131833806,0.28441790062500605,0.5081465080854595,17.0,11.0,2026-08-04 03:29:50,C Pattana Apartment Sakaeo,12,0,,2026-08-04,22.68,Sa Kaeo,LT,Upper Isan - East,Not Mapped,Mapped,31039.0,4.0,463.5,17.0,0.0,,,0.0,0.0,,0,0.036677454153182305,0.0,0.48,0.13,0,100,50.0,4.82,19.29,1158,Low,Map Hotel to Agoda,"Demand exists, but hotel-level mapping is missing on Agoda."
183462,0.42793163250291766,0.4575229119882519,0.42793163250291766,0.5132968264418217,922.0,188.0,2026-08-04 23:33:09,Eastpana 304 Executive Residence,27,2,2026-08-04 23:03:24,2026-08-10,30.22,Prachin Buri,KA,Upper Isan - East,Mapped,Mapped,401886.0,102.0,955.5,922.0,0.0,,,0.0,0.0,,0,0.9649398220826793,0.0,6.21,3.44,100,100,100.0,10.18,19.29,1159,Low,Investigate Booking Conversion,"Demand exists, but no booking is matched to the current check-in demand."
4973322,0.31080828329310817,0.31080828329310817,0.31080828329310817,0.5066476917809124,8.0,8.0,2026-08-04 20:47:47,Baan Rak Resort Ranong,2,0,,2026-08-04,22.76,Ranong,LT,Upper South,Not Mapped,Mapped,21164.0,5.0,207.5,8.0,0.0,,,0.0,0.0,,0,0.03855421686746988,0.0,0.33,0.17,0,100,50.0,4.77,19.28,1160,Low,Map Hotel to Agoda,"Demand exists, but hotel-level mapping is missing on Agoda."
2001941,0.3934510170789982,0.3934510170789982,0.3934510170789982,0.511291040983434,315.0,315.0,2026-08-04 19:05:32,Baan Nannapas,12,1,2026-08-04 12:38:07,2026-08-04,27.2,Wangnamkeow,LT,Lower Isan - Central,Mapped,Not Live,71220.0,0.0,1319.0,315.0,0.0,,,0.0,0.0,,0,0.23881728582259287,0.0,1.1,0.0,100,40,70.0,5.99,19.27,1161,Low,Investigate Booking Conversion,"Demand exists, but no booking is matched to the current check-in demand."
65460,0.4578998608950071,0.47175849784631513,0.4578998608950071,0.5106585295068342,3246.0,952.0,2026-08-04 22:51:02,Mukdaview Hotel,26,4,2026-08-04 21:34:17,2026-08-06,31.98,Mukdahan,KA,Lower Isan - Central,Mapped,Mapped,297744.0,44.0,322.0,3246.0,0.0,,,0.0,0.0,,0,10.080745341614907,0.0,4.6,1.48,100,100,100.0,9.14,19.27,1162,Low,Investigate Booking Conversion,"Demand exists, but no booking is matched to the current check-in demand."
5102403,0.286503733077089,0.2919256251343617,0.286503733077089,0.5080392751974908,25.0,11.0,2026-08-04 14:04:20,One Budget Hotel Chiangrai Chiangsaen 2,12,0,,2026-08-31,22.77,Chiang Rai,LT,North,Mapped,Unknown,12558.0,1.0,21.0,25.0,0.0,,,0.0,3.0,,0,1.1904761904761905,0.0,0.19,0.03,100,0,50.0,4.66,19.24,1163,Low,Monitor,No immediate distribution issue requires action.
22960,0.3255857664740188,0.3272079605108257,0.3255857664740188,0.5241905457810144,52.0,47.0,2026-08-04 23:33:09,Season Palace Hua Hin,35,1,2026-08-04 13:52:08,2026-08-04,26.84,Cha-am,LT,Lower South - West,Mapped,Not Live,68492.0,0.0,953.0,52.0,0.0,,,0.0,0.0,,0,0.05456453305351522,0.0,1.06,0.0,100,40,70.0,5.9,19.24,1164,Low,Investigate Booking Conversion,"Demand exists, but no booking is matched to the current check-in demand."
43903,0.31309588143270217,0.3138390424932951,0.31309588143270217,0.5081619338297447,2.0,1.0,2026-08-04 00:03:17,JRD Grand Place,2,0,,2026-08-23,22.88,Lop Buri,LT,Lower Isan - Central,Mapped,Unknown,0.0,0.0,20.0,2.0,0.0,,,0.0,6.0,,0,0.1,0.0,0.0,0.0,100,0,50.0,4.58,19.23,1165,Low,Monitor,No immediate distribution issue requires action.
703,0.37587378294089996,0.3891982300815797,0.37587378294089996,0.5062380362848378,714.0,160.0,2026-08-04 20:47:47,We Valley Boutique Hotel,29,4,2026-08-04 20:47:47,2026-08-10,28.13,Chiang Mai,KA,North,Mapped,Mapped,495932.0,198.0,1475.5,714.0,0.0,,,0.0,10.0,,0,0.4839037614368011,0.0,7.66,6.67,100,100,100.0,11.46,19.23,1166,Low,Investigate Booking Conversion,"Demand exists, but no booking is matched to the current check-in demand."
4914149,0.3828324254424167,0.3848472274234257,0.3828324254424167,0.5089349208492049,385.0,236.0,2026-08-04 23:33:09,Tour De Phuket,27,4,2026-08-04 23:03:24,2026-08-04,28.17,Phuket,KA,Upper South,Mapped,Mapped,679336.0,50.0,1544.0,385.0,0.0,,,0.0,0.0,,0,0.24935233160621761,0.0,10.49,1.68,100,100,100.0,11.38,19.23,1167,Low,Investigate Booking Conversion,"Demand exists, but no booking is matched to the current check-in demand."
181609,0.3778363529450516,0.3778363529450516,0.3778363529450516,0.5178624653374011,43.0,43.0,2026-08-04 23:33:09,Green Hotel & Resort Khon Kaen,8,0,,2026-08-13,26.24,Khon Kaen,KA,Upper Isan - East,Mapped,Mapped,680627.0,184.0,234.0,43.0,0.0,,,0.0,6.0,,0,0.18376068376068377,0.0,10.51,6.2,100,100,100.0,12.36,19.23,1168,Low,Investigate Booking Conversion,"Demand exists, but no booking is matched to the current check-in demand."
4952929,0.2953808951731559,0.2953808951731559,0.2953808951731559,0.5110513631990143,2.0,2.0,2026-08-04 00:03:17,Sakkanit Chai Lay Thung Noi Resort,1,0,,2026-08-08,22.13,Prachuapkhirikhan,LT,Lower South - West,Not Mapped,Mapped,53633.0,11.0,828.0,2.0,0.0,,,0.0,0.0,,0,0.0024154589371980675,0.0,0.83,0.37,0,100,50.0,4.95,19.23,1169,Low,Map Hotel to Agoda,"Demand exists, but hotel-level mapping is missing on Agoda."
21388,0.3576127259886898,0.3576127259886898,0.3576127259886898,0.5077636686506093,23.0,23.0,2026-08-04 16:21:17,Grand Richmond Stylish Convention Hotel,4,0,,2026-08-08,24.85,Nonthaburi,LT,BKK - Metro - Chon,Mapped,Not Live,227510.0,66.0,333.0,23.0,0.0,,,0.0,0.0,0.0955,1,0.06906906906906907,0.0,3.51,2.22,100,40,70.0,7.39,19.23,1170,Low,Review Agoda Rate Competitiveness,Agoda reports a price disadvantage; 0% is cheapest.
25160,0.4474026733646741,0.5070564181908375,0.4474026733646741,0.512986611614738,838.0,344.0,2026-08-04 19:05:32,MT Place,16,2,2026-08-04 09:50:43,2026-08-04,29.93,Sakon Nakhon,KA,Upper Isan - East,Mapped,Mapped,284774.0,202.0,440.0,838.0,0.0,0.1708372823102366,0.1877715340301589,2.0,10.0,,0,1.9045454545454545,0.0,4.4,6.8,100,100,100.0,10.23,19.22,1171,Low,Investigate Booking Conversion,"Demand exists, but no booking is matched to the current check-in demand."
4606571,0.27913633994446096,0.27913633994446096,0.27913633994446096,0.5066460429769067,9.0,9.0,2026-08-04 22:34:47,Sukai Riverview,8,0,,2026-08-23,22.06,Phra Nakhon Si Ayutthaya,LT,Lower Isan - Central,Unknown,Mapped,79305.0,0.0,24.0,9.0,0.0,,,0.0,3.0,,0,0.375,0.0,1.22,0.0,0,100,50.0,5.02,19.2,1172,Low,Monitor,No immediate distribution issue requires action.
183493,0.29937676212613296,0.29937676212613296,0.29937676212613296,0.5074673587486925,12.0,12.0,2026-08-04 10:02:48,Baan Rim Klong Guesthouse,6,0,,2026-08-04,22.7,Nong Khai,LT,Upper Isan - East,Not Mapped,Mapped,10467.0,0.0,34.0,12.0,0.0,,,0.0,0.0,,0,0.35294117647058826,0.0,0.16,0.0,0,100,50.0,4.62,19.19,1173,Low,Map Hotel to Agoda,"Demand exists, but hotel-level mapping is missing on Agoda."
2005102,0.28388297689361514,0.2839298463865541,0.28388297689361514,0.5065793695348858,30.0,15.0,2026-08-04 18:06:03,Ruentara Resort Buriram,6,0,,2026-08-23,22.06,Buriram,LT,Lower Isan - Central,Mapped,Not Mapped,45397.0,23.0,4.0,30.0,0.0,,,0.0,10.0,,0,7.5,0.0,0.7,0.77,100,0,50.0,4.99,19.18,1174,Low,Expand to Ctrip,The hotel has demand but is not mapped on Ctrip.
2056,0.3724507611112014,0.43582945817242164,0.3724507611112014,0.5067234867018771,3158.0,1366.0,2026-08-04 23:33:09,Krungsri River Hotel,30,2,2026-08-04 23:18:39,2026-08-06,28.84,Phra Nakhon Si Ayutthaya,KA,Lower Isan - Central,Mapped,Mapped,414295.0,194.0,590.0,3158.0,1.0,,,0.0,21.0,,0,5.352542372881356,0.00031665611146295124,6.4,6.53,100,100,100.0,10.93,19.18,1175,Low,Monitor,No immediate distribution issue requires action.
4915565,0.27933501124568955,0.27933501124568955,0.27933501124568955,0.5062516817822152,11.0,11.0,2026-08-04 23:03:24,Soontree Boutique Resort Muang Khong,7,0,,2026-08-06,21.97,Nakhonratchasima,KA,Lower Isan - Central,Not Mapped,Mapped,83533.0,0.0,784.5,11.0,0.0,,,0.0,0.0,,0,0.014021669853409816,0.0,1.29,0.0,0,100,50.0,5.04,19.17,1176,Low,Map Hotel to Agoda,"Demand exists, but hotel-level mapping is missing on Agoda."
2009741,0.2931930282977227,0.3065539514368949,0.2931930282977227,0.5071646805381348,14.0,8.0,2026-08-04 11:36:45,The Bed Kolok Resort,9,1,2026-08-04 09:50:43,2026-08-05,22.73,Narathiwat,LT,Lower South - West,Mapped,Unknown,1402.0,0.0,163.0,14.0,0.0,,,0.0,0.0,,0,0.08588957055214724,0.0,0.02,0.0,100,0,50.0,4.56,19.17,1177,Low,Monitor,No immediate distribution issue requires action.
4920830,0.34054387303602685,0.38490916870389913,0.34054387303602685,0.5177752956897038,30.0,12.0,2026-08-04 22:34:47,Aiyara Riverine Hotel Nakhon Phanom,14,0,,2026-08-06,25.31,Nakhon Phanom,KA,Upper Isan - East,Not Live,Mapped,164349.0,46.0,316.0,30.0,0.0,,,0.0,0.0,,0,0.0949367088607595,0.0,2.54,1.55,40,100,70.0,6.8,19.17,1178,Low,Activate Agoda,"Agoda connectivity exists, but the hotel is not live."
4915636,0.2933673270621295,0.2933673270621295,0.2933673270621295,0.5046408353259233,2.0,2.0,2026-08-04 11:51:06,House Number 3,2,0,,2026-08-04,22.02,Phitsanulok,LT,North,Mapped,Not Mapped,65129.0,12.0,1163.0,2.0,0.0,,,0.0,0.0,,0,0.0017196904557179708,0.0,1.01,0.4,100,0,50.0,5.03,19.17,1179,Low,Expand to Ctrip,The hotel has demand but is not mapped on Ctrip.
5092,0.3713040041889594,0.37285646397648037,0.3713040041889594,0.5085298621191101,197.0,104.0,2026-08-04 15:52:08,Recenta Suite Phuket Suanluang,18,0,,2026-08-06,26.79,Phuket,LT,Upper South,Mapped,Not Live,81502.0,11.0,1542.0,197.0,0.0,,,0.0,0.0,,0,0.12775616083009078,0.0,1.26,0.37,100,40,70.0,6.1,19.17,1180,Low,Investigate Booking Conversion,"Demand exists, but no booking is matched to the current check-in demand."
2010259,0.39263804554829107,0.39784036022702474,0.39263804554829107,0.5087614214019295,220.0,55.0,2026-08-04 14:04:20,Sasi Nonthaburi hotel and apartment,20,1,2026-08-04 13:52:08,2026-08-04,27.84,Nonthaburi,KA,BKK - Metro - Chon,Mapped,Mapped,621028.0,106.0,501.0,220.0,0.0,,,0.0,0.0,,0,0.43912175648702595,0.0,9.59,3.57,100,100,100.0,11.43,19.16,1181,Low,Investigate Booking Conversion,"Demand exists, but no booking is matched to the current check-in demand."
4857755,0.28195107324755386,0.30565774379394045,0.28195107324755386,0.5055388659879699,18.0,12.0,2026-08-04 19:05:32,Gong Seua Resort,12,0,,2026-08-04,22.53,Rayong,LT,Upper Isan - East,Unknown,Mapped,23281.0,0.0,1716.0,18.0,0.0,,,0.0,0.0,,0,0.01048951048951049,0.0,0.36,0.0,0,100,50.0,4.69,19.16,1182,Low,Monitor,No immediate distribution issue requires action.
4922716,0.34557917843436126,0.3524194466803929,0.34557917843436126,0.5074083963739393,68.0,40.0,2026-08-04 23:33:09,The Peach Hotel Phetchaburi,13,0,,2026-08-05,25.22,Phetchaburi,KA,Lower South - West,Mapped,Not Live,214405.0,33.0,953.0,68.0,0.0,,,0.0,0.0,,0,0.07135362014690451,0.0,3.31,1.11,100,40,70.0,7.03,19.16,1183,Low,Activate Ctrip,"Ctrip connectivity exists, but the hotel is not live."
4921188,0.2812682602138897,0.28137771538164846,0.2812682602138897,0.5052882313563029,36.0,6.0,2026-08-04 20:47:47,The Salil Hotel Riverside Bangkok,12,0,,2026-09-02,22.5,Bangkok,LT,BKK - Metro - Chon,Mapped,Unknown,19907.0,5.0,73.5,36.0,0.0,,,0.0,11.0,,0,0.4897959183673469,0.0,0.31,0.17,100,0,50.0,4.71,19.16,1184,Low,Monitor,No immediate distribution issue requires action.
137967,0.38401460101911855,0.4358446887040188,0.38401460101911855,0.49954985278134617,440.0,316.0,2026-08-04 22:18:28,The Original Orange Hotel,16,2,2026-08-04 22:18:28,2026-08-04,27.0,Nakhon Si Thammarat,KA,Lower South - West,Mapped,Mapped,439492.0,328.0,961.5,440.0,0.0,,,0.0,4.0,,0,0.4576183047321893,0.0,6.79,11.05,100,100,100.0,12.11,19.15,1185,Low,Investigate Booking Conversion,"Demand exists, but no booking is matched to the current check-in demand."
65616,0.40696265002325127,0.45981373440491,0.40696265002325127,0.5111048536796359,680.0,84.0,2026-08-04 21:34:17,Bed by Cruise@Samakkhi-Tivanont,57,3,2026-08-04 14:04:20,2026-08-12,32.11,Nonthaburi,KA,BKK - Metro - Chon,Mapped,Mapped,199765.0,82.0,501.0,680.0,0.0,0.0108584335450079,0.046030424741396,9.0,17.0,0.2037,8,1.3572854291417165,0.0,3.09,2.76,100,100,100.0,8.8,19.14,1186,Low,Review Agoda Rate Competitiveness,Agoda reports a price disadvantage; 0% is cheapest.
63686,0.44500097904212105,0.44521364818797843,0.44500097904212105,0.514200967253527,395.0,199.0,2026-08-04 11:36:45,The ICon 304 - C Building,14,2,2026-08-04 08:30:09,2026-08-06,29.53,Prachin Buri,KA,Upper Isan - East,Mapped,Mapped,487659.0,59.0,955.5,395.0,0.0,,,0.0,0.0,,0,0.413396127681842,0.0,7.53,1.99,100,100,100.0,10.27,19.14,1187,Low,Investigate Booking Conversion,"Demand exists, but no booking is matched to the current check-in demand."
2006757,0.37252772939699325,0.45405281581372714,0.37252772939699325,0.5090911510290811,166.0,89.0,2026-08-04 22:18:28,AA Resort Hotel Nonthaburi,25,1,2026-08-04 22:03:21,2026-08-18,27.5,Nonthaburi,KA,BKK - Metro - Chon,Mapped,Mapped,712865.0,52.0,426.5,166.0,0.0,,,0.0,12.0,,0,0.3892145369284877,0.0,11.01,1.75,100,100,100.0,11.53,19.11,1188,Low,Investigate Booking Conversion,"Demand exists, but no booking is matched to the current check-in demand."
2009815,0.3762798568794176,0.3762798568794176,0.3762798568794176,0.5079486945520251,34.0,34.0,2026-08-04 21:34:17,B-your home Hotel Donmueang Airport Bangkok,3,1,2026-08-04 21:34:17,2026-08-04,25.5,Bangkok,LT,BKK - Metro - Chon,Mapped,Not Live,141391.0,55.0,2531.5,34.0,0.0,,,0.0,0.0,,0,0.013430772269405492,0.0,2.18,1.85,100,40,70.0,6.75,19.1,1189,Low,Activate Ctrip,"Ctrip connectivity exists, but the hotel is not live."
43854,0.3655234827357277,0.37630660147379924,0.3655234827357277,0.5248993843796013,20.0,10.0,2026-08-04 20:47:47,Hi Hotel Saraburi,18,0,,2026-08-05,26.83,Saraburi,KA,Lower Isan - Central,Mapped,Mapped,779095.0,23.0,568.5,20.0,0.0,,,0.0,0.0,,0,0.03518029903254178,0.0,12.03,0.77,100,100,100.0,11.61,19.1,1190,Low,Investigate Booking Conversion,"Demand exists, but no booking is matched to the current check-in demand."
4857609,0.2759690819088683,0.27824342124959195,0.2759690819088683,0.5054051137430631,15.0,8.0,2026-08-04 18:06:03,Tonjik Resort,15,0,,2026-08-09,22.57,Bangkok,LT,BKK - Metro - Chon,Unknown,Mapped,3654.0,0.0,1786.5,15.0,0.0,,,0.0,1.0,,0,0.008396305625524769,0.0,0.06,0.0,0,100,50.0,4.54,19.1,1191,Low,Monitor,No immediate distribution issue requires action.
4677895,0.3873541296244172,0.39268981944237197,0.3873541296244172,0.5078537144979735,74.0,40.0,2026-08-04 23:33:09,Thorada Place,16,0,,2026-08-08,27.19,Chiang Rai,LT,North,Mapped,Not Live,25566.0,10.0,353.0,74.0,0.0,,,0.0,2.0,,0,0.2096317280453258,0.0,0.39,0.34,100,40,70.0,5.74,19.1,1192,Low,Investigate Booking Conversion,"Demand exists, but no booking is matched to the current check-in demand."
4606500,0.266643286687636,0.266643286687636,0.266643286687636,0.506675611708559,6.0,6.0,2026-08-04 19:05:32,Wanlapa Baanpuk,6,0,,2026-08-19,21.37,Ratchaburi,LT,Lower South - West,Not Mapped,Mapped,112110.0,9.0,15.0,6.0,0.0,,,0.0,1.0,,0,0.4,0.0,1.73,0.3,0,100,50.0,5.23,19.09,1193,Low,Map Hotel to Agoda,"Demand exists, but hotel-level mapping is missing on Agoda."
2005742,0.3918402620843674,0.3918402620843674,0.3918402620843674,0.5303941082263273,8.0,8.0,2026-08-04 16:21:17,The Bliss Loei Living Hotel,4,0,,2026-08-04,26.66,Loei,KA,Upper Isan - East,Mapped,Mapped,622550.0,140.0,238.5,8.0,0.0,,,0.0,0.0,,0,0.033542976939203356,0.0,9.61,4.72,100,100,100.0,11.55,19.08,1194,Low,Investigate Booking Conversion,"Demand exists, but no booking is matched to the current check-in demand."
181581,0.39461655082453695,0.39461655082453695,0.39461655082453695,0.5098979554785682,104.0,104.0,2026-08-04 18:06:03,Namthong Nan Hotel,10,1,2026-08-04 16:21:17,2026-08-04,26.96,Nan,KA,North,Mapped,Mapped,738655.0,65.0,482.5,104.0,0.0,,,0.0,0.0,,0,0.2155440414507772,0.0,11.41,2.19,100,100,100.0,11.75,19.06,1195,Low,Investigate Booking Conversion,"Demand exists, but no booking is matched to the current check-in demand."
5101982,0.2953077939200037,0.2953077939200037,0.2953077939200037,0.5079378676559972,8.0,8.0,2026-08-04 20:47:47,Wangnua Riverside Resort&Hotel,2,0,,2026-08-04,22.16,Lampang,LT,North,Mapped,Unknown,21170.0,6.0,941.0,8.0,0.0,,,0.0,0.0,,0,0.008501594048884165,0.0,0.33,0.2,100,0,50.0,4.66,19.06,1196,Low,Monitor,No immediate distribution issue requires action.
5085,0.3627241593754907,0.3655964556130142,0.3627241593754907,0.510073500556214,102.0,66.0,2026-08-04 11:36:45,Recenta Phuket Suanluang,13,0,,2026-08-04,25.97,Phuket,LT,Upper South,Mapped,Not Live,142991.0,4.0,1544.0,102.0,0.0,,,0.0,0.0,,0,0.06606217616580311,0.0,2.21,0.13,100,40,70.0,6.34,19.06,1197,Low,Activate Ctrip,"Ctrip connectivity exists, but the hotel is not live."
4726,0.3446437165165376,0.3446437165165376,0.3446437165165376,0.5079926794185871,16.0,16.0,2026-08-04 18:49:41,Trat City Hotel,5,0,,2026-08-17,24.42,Trat,KA,Upper Isan - East,Mapped,Mapped,779539.0,238.0,207.0,16.0,0.0,0.1429143632300168,0.1429143632300168,1.0,3.0,,0,0.07729468599033816,0.0,12.04,8.02,100,100,100.0,13.31,19.06,1198,Low,Monitor,No immediate distribution issue requires action.
4866348,0.42764367262682995,0.44434461622607885,0.42764367262682995,0.49838698204390686,1170.0,360.0,2026-08-04 16:06:46,TT Residence​,13,5,2026-08-04 15:52:08,2026-08-08,28.66,Chachoengsao,KA,Upper Isan - East,Mapped,Mapped,495329.0,138.0,831.5,1170.0,0.0,,,0.0,0.0,,0,1.407095610342754,0.0,7.65,4.65,100,100,100.0,10.95,19.06,1199,Low,Investigate Booking Conversion,"Demand exists, but no booking is matched to the current check-in demand."
4543091,0.4034898209822917,0.4034898209822917,0.4034898209822917,0.5108665785585772,47.0,47.0,2026-08-04 22:18:28,Green Happy Homestay Khuan Khanun,6,2,2026-08-04 20:47:47,2026-08-04,26.94,Phatthalung,LT,Lower South - West,Mapped,Not Live,32717.0,7.0,414.5,47.0,0.0,,,0.0,0.0,,0,0.11338962605548854,0.0,0.51,0.24,100,40,70.0,5.72,19.05,1200,Low,Investigate Booking Conversion,"Demand exists, but no booking is matched to the current check-in demand."
4921058,0.375027507304669,0.3995265383357815,0.375027507304669,0.5269081064314716,95.0,39.0,2026-08-04 23:33:09,The Space Hotel Lampang,31,0,,2026-08-06,28.51,Lampang,KA,North,Mapped,Mapped,556463.0,46.0,941.0,95.0,0.0,,,0.0,0.0,,0,0.10095642933049948,0.0,8.59,1.55,100,100,100.0,10.46,19.05,1201,Low,Investigate Booking Conversion,"Demand exists, but no booking is matched to the current check-in demand."
4320786,0.2938972640717946,0.2938972640717946,0.2938972640717946,0.506273816731642,6.0,6.0,2026-08-04 19:05:32,Sukwimol Place,6,0,,2026-08-04,22.45,Phitsanulok,LT,North,Unknown,Mapped,1682.0,0.0,1163.0,6.0,0.0,,,0.0,0.0,,0,0.005159071367153913,0.0,0.03,0.0,0,100,50.0,4.5,19.05,1202,Low,Monitor,No immediate distribution issue requires action.
4857639,0.2705232868913919,0.2705232868913919,0.2705232868913919,0.5067548888357408,10.0,10.0,2026-08-04 23:03:24,Phrao Boutique Hotel,7,0,,2026-08-11,21.62,Chiang Mai,LT,North,Not Mapped,Mapped,61771.0,19.0,924.5,10.0,0.0,,,0.0,1.0,,0,0.01081665765278529,0.0,0.95,0.64,0,100,50.0,4.99,19.05,1203,Low,Map Hotel to Agoda,"Demand exists, but hotel-level mapping is missing on Agoda."
4920988,0.36492869655332105,0.36736673199369413,0.36492869655332105,0.5143010452076247,72.0,40.0,2026-08-04 16:21:17,Ratchapruek DC Resort Angthong,8,0,,2026-08-05,25.66,Ang Thong,KA,Lower Isan - Central,Mapped,Mapped,784271.0,119.0,4.0,72.0,0.0,,,0.0,0.0,,0,18.0,0.0,12.11,4.01,100,100,100.0,12.39,19.04,1204,Low,Monitor,No immediate distribution issue requires action.
4865,0.39630938303873264,0.39630938303873264,0.39630938303873264,0.5087321165201532,201.0,201.0,2026-08-04 18:49:41,City Hotel Krabi,5,0,,2026-08-04,26.56,Krabi,LT,Upper South,Mapped,Not Live,50175.0,25.0,400.0,201.0,0.0,,,0.0,0.0,,0,0.5025,0.0,0.77,0.84,100,40,70.0,5.95,19.03,1205,Low,Investigate Booking Conversion,"Demand exists, but no booking is matched to the current check-in demand."
182839,0.26862542421250063,0.26862542421250063,0.26862542421250063,0.5066222302854744,6.0,6.0,2026-08-04 23:33:09,Li Resort Lamphun,6,0,,2026-08-04,21.45,Lamphun,LT,North,Not Mapped,Mapped,96777.0,0.0,114.0,6.0,0.0,,,0.0,0.0,,0,0.05263157894736842,0.0,1.49,0.0,0,100,50.0,5.04,19.02,1206,Low,Map Hotel to Agoda,"Demand exists, but hotel-level mapping is missing on Agoda."
4931453,0.30705360040330937,0.33405267910645103,0.30705360040330937,0.5258122099570159,9.0,3.0,2026-08-04 12:38:07,Best Western Ratchada Hotel,9,0,,2026-08-19,23.65,Bangkok,KA,BKK - Metro - Chon,Mapped,Mapped,1033046.0,60.0,1984.5,9.0,0.0,,,0.0,19.0,,0,0.0045351473922902496,0.0,15.95,2.02,100,100,100.0,13.31,19.01,1207,Low,Monitor,No immediate distribution issue requires action.
1521,0.40148161598714927,0.40148161598714927,0.40148161598714927,0.5252070766741195,48.0,48.0,2026-08-04 23:33:09,A-One Pattaya Beach Resort,2,0,,2026-08-08,26.77,Pattaya,LT,BKK - Metro - Chon,Mapped,Not Live,11116.0,2.0,1584.0,48.0,0.0,,,0.0,0.0,,0,0.030303030303030304,0.0,0.17,0.07,100,40,70.0,5.46,19.01,1208,Low,Investigate Booking Conversion,"Demand exists, but no booking is matched to the current check-in demand."
183111,0.4115106702152556,0.4146253316211851,0.4115106702152556,0.5074192333343637,180.0,119.0,2026-08-04 19:05:32,Toh Buk Seng Ayutthaya Hotel,14,3,2026-08-04 18:49:41,2026-08-04,27.99,Amnart Charoen,KA,Lower Isan - Central,Mapped,Mapped,595162.0,88.0,675.5,180.0,0.0,,,0.0,0.0,,0,0.2664692820133235,0.0,9.19,2.96,100,100,100.0,11.08,19.01,1209,Low,Investigate Booking Conversion,"Demand exists, but no booking is matched to the current check-in demand."
137991,0.329311456142299,0.3355314258835144,0.329311456142299,0.5094939538091612,36.0,22.0,2026-08-04 14:04:20,Praso At Ratchada 12,6,0,,2026-08-30,23.94,Bangkok,KA,BKK - Metro - Chon,Mapped,Mapped,731911.0,297.0,28.5,36.0,0.0,,,0.0,8.0,,0,1.263157894736842,0.0,11.3,10.0,100,100,100.0,13.44,19.0,1210,Low,Monitor,No immediate distribution issue requires action.
4914117,0.2926252924931609,0.2926252924931609,0.2926252924931609,0.5077616696918709,16.0,16.0,2026-08-04 16:21:17,Apartment BaanKlong16,4,0,,2026-08-21,22.24,Chachoengsao,LT,Upper Isan - East,Unknown,Mapped,5715.0,0.0,6.0,16.0,0.0,,,0.0,1.0,,0,2.6666666666666665,0.0,0.09,0.0,0,100,50.0,4.49,19.0,1211,Low,Monitor,No immediate distribution issue requires action.
4128123,0.28027719388893835,0.28027719388893835,0.28027719388893835,0.5085737893246088,8.0,8.0,2026-08-04 05:57:40,River Kwai Mansion,7,0,,2026-08-07,22.05,Kanchanaburi,LT,Lower South - West,Mapped,Unknown,10820.0,11.0,449.0,8.0,0.0,,,0.0,0.0,,0,0.017817371937639197,0.0,0.17,0.37,100,0,50.0,4.61,19.0,1212,Low,Monitor,No immediate distribution issue requires action.
4922691,0.29256016852871736,0.29256016852871736,0.29256016852871736,0.5054998317795276,6.0,6.0,2026-08-04 12:51:31,Pattanan Hotel,4,0,,2026-08-04,22.19,Si Sa Ket,LT,Lower Isan - Central,Not Mapped,Mapped,13693.0,1.0,140.5,6.0,0.0,,,0.0,0.0,,0,0.042704626334519574,0.0,0.21,0.03,0,100,50.0,4.55,18.99,1213,Low,Map Hotel to Agoda,"Demand exists, but hotel-level mapping is missing on Agoda."
2012461,0.4205412876412207,0.4328599290921096,0.4205412876412207,0.5099391547399849,579.0,238.0,2026-08-04 23:03:24,Boonbundal hotel,27,1,2026-08-04 18:06:03,2026-08-06,29.76,Roi Et,KA,Lower Isan - Central,Mapped,Mapped,402294.0,86.0,659.0,579.0,0.0,,,0.0,6.0,,0,0.8786039453717754,0.0,6.21,2.9,100,100,100.0,9.93,18.99,1214,Low,Investigate Booking Conversion,"Demand exists, but no booking is matched to the current check-in demand."
4857673,0.266643286687636,0.266643286687636,0.266643286687636,0.506675611708559,4.0,4.0,2026-08-04 23:33:09,Khanu Jaidee Resort,4,0,,2026-08-05,21.18,Kamphaeng Phet,LT,North,Not Mapped,Mapped,116704.0,0.0,221.0,4.0,0.0,,,0.0,0.0,,0,0.01809954751131222,0.0,1.8,0.0,0,100,50.0,5.14,18.99,1215,Low,Map Hotel to Agoda,"Demand exists, but hotel-level mapping is missing on Agoda."
65504,0.3879475544027929,0.4463337011251851,0.3879475544027929,0.5101581433290044,260.0,121.0,2026-08-04 23:18:39,S Hadyai Hotel,17,0,,2026-08-22,27.41,Hatyai,KA,Lower South - West,Mapped,Mapped,552838.0,150.0,650.5,260.0,1.0,0.0424830382794625,0.1377279049892912,2.0,4.0,,0,0.3996925441967717,0.0038461538461538464,8.54,5.05,100,100,100.0,11.27,18.96,1216,Low,Monitor,No immediate distribution issue requires action.
5101042,0.27601790321925884,0.27601790321925884,0.27601790321925884,0.5064170150275452,8.0,8.0,2026-08-04 04:44:53,Sany Resort Dong Khui Phetchabun,8,0,,2026-08-04,21.93,Phetchabun,LT,North,Not Mapped,Mapped,31470.0,1.0,428.0,8.0,0.0,,,0.0,0.0,,0,0.018691588785046728,0.0,0.49,0.03,0,100,50.0,4.64,18.96,1217,Low,Map Hotel to Agoda,"Demand exists, but hotel-level mapping is missing on Agoda."
43911,0.34023462399536414,0.35252799981137545,0.34023462399536414,0.5137224660629678,306.0,116.0,2026-08-04 23:33:09,Sritrakul Place,56,1,2026-08-04 22:18:28,2026-08-06,29.28,Pattaya,KA,BKK - Metro - Chon,Mapped,Mapped,485768.0,46.0,1645.0,306.0,0.0,,,0.0,2.0,,0,0.18601823708206686,0.0,7.5,1.55,100,100,100.0,10.07,18.96,1218,Low,Investigate Booking Conversion,"Demand exists, but no booking is matched to the current check-in demand."
183567,0.2744264940219748,0.2744264940219748,0.2744264940219748,0.506675611708559,5.0,5.0,2026-08-04 19:05:32,River Loei Grandview Hotel,5,0,,2026-08-05,21.59,Loei,LT,Upper Isan - East,Not Mapped,Mapped,65860.0,0.0,365.5,5.0,0.0,,,0.0,0.0,,0,0.013679890560875513,0.0,1.02,0.0,0,100,50.0,4.83,18.96,1219,Low,Map Hotel to Agoda,"Demand exists, but hotel-level mapping is missing on Agoda."
2005527,0.3879175626346548,0.3879175626346548,0.3879175626346548,0.5034383144623529,345.0,345.0,2026-08-04 23:03:24,The Avail Hotel Ayutthaya,8,1,2026-08-04 00:03:17,2026-08-04,26.45,Phra Nakhon Si Ayutthaya,LT,Lower Isan - Central,Mapped,Not Live,67474.0,16.0,675.5,345.0,0.0,,,0.0,0.0,,0,0.5107327905255367,0.0,1.04,0.54,100,40,70.0,5.97,18.96,1220,Low,Investigate Booking Conversion,"Demand exists, but no booking is matched to the current check-in demand."
152418,0.3882513605778269,0.40879498690058225,0.3882513605778269,0.5114677639888232,621.0,192.0,2026-08-04 16:21:17,Trang Grand Hotel,22,1,2026-08-04 15:36:41,2026-08-04,28.03,Trang,KA,Upper South,Mapped,Mapped,437955.0,185.0,623.0,621.0,0.0,,,0.0,0.0,,0,0.9967897271268058,0.0,6.76,6.23,100,100,100.0,10.86,18.95,1221,Low,Investigate Booking Conversion,"Demand exists, but no booking is matched to the current check-in demand."
84,0.4051459734543494,0.4051459734543494,0.4051459734543494,0.5162056735075007,4.0,4.0,2026-08-04 01:45:09,Hotel Icon Bangkok,2,0,,2026-08-05,26.72,Bangkok,LT,BKK - Metro - Chon,Mapped,Not Live,25393.0,0.0,2851.0,4.0,0.0,,,0.0,0.0,,0,0.0014030164854437039,0.0,0.39,0.0,100,40,70.0,5.54,18.95,1222,Low,Investigate Booking Conversion,"Demand exists, but no booking is matched to the current check-in demand."
5102008,0.2897451577243566,0.2897451577243566,0.2897451577243566,0.506675611708559,6.0,3.0,2026-08-04 00:03:17,Phutawan place and resort,2,0,,2026-08-11,21.91,Phetchabun,LT,North,Not Mapped,Mapped,18156.0,8.0,182.5,6.0,0.0,,,0.0,2.0,,0,0.03287671232876712,0.0,0.28,0.27,0,100,50.0,4.6,18.94,1223,Low,Map Hotel to Agoda,"Demand exists, but hotel-level mapping is missing on Agoda."
183459,0.39041062346885774,0.44428767907447553,0.39041062346885774,0.5136752892513481,130.0,86.0,2026-08-04 12:51:31,Puranakhon Hotel,7,0,,2026-08-04,26.59,Nakhon Si Thammarat,KA,Lower South - West,Mapped,Mapped,456170.0,276.0,799.5,130.0,0.0,,,0.0,7.0,,0,0.16260162601626016,0.0,7.05,9.3,100,100,100.0,11.63,18.93,1224,Low,Investigate Booking Conversion,"Demand exists, but no booking is matched to the current check-in demand."
5101087,0.28199734890481054,0.2853021919693117,0.28199734890481054,0.5084351326341403,11.0,6.0,2026-08-04 12:51:31,Phufa Resort,7,0,,2026-08-06,22.12,Buriram,,Lower Isan - Central,Mapped,Unknown,0.0,0.0,677.5,11.0,0.0,,,0.0,0.0,,0,0.016236162361623615,0.0,0.0,0.0,100,0,50.0,4.42,18.93,1225,Low,Monitor,No immediate distribution issue requires action.
183073,0.35176535288938376,0.3633528133920767,0.35176535288938376,0.5093232796020507,119.0,41.0,2026-08-04 14:04:20,The Rooms Residence Pattani,9,0,,2026-08-05,25.15,Pattani,KA,Lower South - West,Mapped,Not Live,193759.0,3.0,78.0,119.0,0.0,,,0.0,2.0,,0,1.5256410256410255,0.0,2.99,0.1,100,40,70.0,6.56,18.92,1226,Low,Activate Ctrip,"Ctrip connectivity exists, but the hotel is not live."
5084,0.3727910907819977,0.3872822247594233,0.3727910907819977,0.506084023526862,393.0,109.0,2026-08-04 12:51:31,Recenta Style Phuket Town,19,0,,2026-08-07,26.95,Phuket,LT,Upper South,Mapped,Not Live,9185.0,6.0,1542.0,393.0,0.0,,,0.0,1.0,,0,0.25486381322957197,0.0,0.14,0.2,100,40,70.0,5.52,18.91,1227,Low,Investigate Booking Conversion,"Demand exists, but no booking is matched to the current check-in demand."
4772,0.34380865407420125,0.34380865407420125,0.34380865407420125,0.5077232009221961,22.0,22.0,2026-08-04 12:51:31,Seeharaj Hotel Uttaradit,4,0,,2026-08-10,24.29,Uttaradit,KA,North,Mapped,Mapped,517285.0,418.0,112.0,22.0,0.0,,,0.0,0.0,,0,0.19642857142857142,0.0,7.99,14.08,100,100,100.0,13.08,18.9,1228,Low,Monitor,No immediate distribution issue requires action.
152941,0.4623307532308317,0.4623307532308317,0.4623307532308317,0.5027990802091474,498.0,498.0,2026-08-04 21:48:56,My Room By Sermsub,7,0,,2026-08-04,29.36,Aranyaprathet,KA,Upper Isan - East,Mapped,Mapped,350013.0,151.0,463.5,498.0,0.0,,,0.0,0.0,,0,1.0744336569579287,0.0,5.41,5.09,100,100,100.0,10.1,18.89,1229,Low,Investigate Booking Conversion,"Demand exists, but no booking is matched to the current check-in demand."
43829,0.41541288419553934,0.41541288419553934,0.41541288419553934,0.5103294077902334,199.0,199.0,2026-08-04 23:33:09,Easy Hotel 1 Lamphun,7,1,2026-08-04 22:03:21,2026-08-05,27.55,Lamphun,KA,North,Mapped,Mapped,521961.0,149.0,220.0,199.0,0.0,,,0.0,0.0,,0,0.9045454545454545,0.0,8.06,5.02,100,100,100.0,11.05,18.89,1230,Low,Investigate Booking Conversion,"Demand exists, but no booking is matched to the current check-in demand."
4884385,0.2749153758277113,0.2831874649677867,0.2749153758277113,0.5058268032880139,8.0,5.0,2026-08-04 23:33:09,Takfa Resort Pinthong,8,0,,2026-08-05,21.87,Nakhon Sawan,LT,North,Unknown,Mapped,19168.0,0.0,1451.0,8.0,0.0,,,0.0,0.0,,0,0.005513439007580979,0.0,0.3,0.0,0,100,50.0,4.52,18.88,1231,Low,Monitor,No immediate distribution issue requires action.
4977976,0.3777121112907976,0.5120992184292986,0.3777121112907976,0.5123546053494058,317.0,102.0,2026-08-04 22:03:21,Rose Space Hotel Chaiyaphum,43,2,2026-08-04 19:05:32,2026-08-05,29.53,Chaiyaphum,KA,Upper Isan - East,Mapped,Mapped,454865.0,35.0,421.0,317.0,0.0,,,0.0,20.0,,0,0.7529691211401425,0.0,7.03,1.18,100,100,100.0,9.78,18.87,1232,Low,Investigate Booking Conversion,"Demand exists, but no booking is matched to the current check-in demand."
5102299,0.3236165264997103,0.3861387898419831,0.3236165264997103,0.5105518674199836,284.0,29.0,2026-08-04 19:05:32,Deraya Hotel,117,0,,2026-08-13,34.33,Nakhonratchasima,LT,Lower Isan - Central,Mapped,Mapped,3346.0,4.0,1319.0,284.0,0.0,,,0.0,34.0,,0,0.21531463229719486,0.0,0.05,0.13,100,100,100.0,6.93,18.87,1233,Low,Investigate Booking Conversion,"Demand exists, but no booking is matched to the current check-in demand."
4312224,0.3684970504713119,0.38663904543263156,0.3684970504713119,0.5077406071264706,1461.0,1160.0,2026-08-04 23:03:24,PM Residence,54,5,2026-08-04 23:03:24,2026-08-05,30.46,Hatyai,KA,Lower South - West,Mapped,Mapped,214244.0,153.0,1894.0,1461.0,0.0,0.4253111301512738,0.4253111301512738,1.0,4.0,,0,0.7713833157338965,0.0,3.31,5.15,100,100,100.0,9.29,18.86,1234,Low,Investigate Booking Conversion,"Demand exists, but no booking is matched to the current check-in demand."
2077,0.3470184119530245,0.38194760199137767,0.3470184119530245,0.5104496142991488,98.0,69.0,2026-08-04 23:33:09,Sukhothai Treasure Resort & Spa,13,0,,2026-08-22,25.35,Sukhothai,LT,North,Mapped,Not Live,115484.0,34.0,0.0,98.0,1.0,0.1707156451380335,0.1707156451380335,1.0,4.0,,0,,0.01020408163265306,1.78,1.15,100,40,70.0,6.3,18.86,1235,Low,Activate Ctrip,"Ctrip connectivity exists, but the hotel is not live."
2127,0.4261845103542304,0.4261845103542304,0.4261845103542304,0.5035190688953591,43.0,43.0,2026-08-04 20:47:47,Soda Resort,3,1,2026-08-04 19:05:32,2026-08-04,27.42,Kamphaeng Phet,KA,North,Mapped,Mapped,725774.0,8.0,448.0,43.0,0.0,,,0.0,0.0,,0,0.09598214285714286,0.0,11.21,0.27,100,100,100.0,11.17,18.85,1236,Low,Investigate Booking Conversion,"Demand exists, but no booking is matched to the current check-in demand."
4921314,0.3373489748606436,0.36784621528525935,0.3373489748606436,0.5103092159087449,48.0,27.0,2026-08-04 20:33:04,Morocc Hotel Chachoengsao,16,0,,2026-08-05,25.23,Chachoengsao,LT,Upper Isan - East,Mapped,Not Live,170084.0,0.0,1260.5,48.0,0.0,,,0.0,0.0,,0,0.038080126933756446,0.0,2.63,0.0,100,40,70.0,6.36,18.85,1237,Low,Activate Ctrip,"Ctrip connectivity exists, but the hotel is not live."
2006096,0.3839032098632361,0.4130758065261187,0.3839032098632361,0.5113049601640102,45.0,27.0,2026-08-04 18:21:46,Coco View Hotel,8,0,,2026-08-05,26.35,Samut Songkhram,LT,Lower South - West,Mapped,Not Live,48481.0,0.0,710.0,45.0,0.0,,,0.0,0.0,,0,0.06338028169014084,0.0,0.75,0.0,100,40,70.0,5.64,18.84,1238,Low,Investigate Booking Conversion,"Demand exists, but no booking is matched to the current check-in demand."
2009639,0.4009936891075298,0.4628854713818051,0.4009936891075298,0.5111793789439519,1791.0,1093.0,2026-08-04 23:33:09,Hotel Together,51,0,,2026-08-08,31.64,Khaoyai,KA,Lower Isan - Central,Mapped,Mapped,247362.0,23.0,1179.0,1791.0,0.0,,,0.0,12.0,0.2306,2,1.5190839694656488,0.0,3.82,0.77,100,100,100.0,8.47,18.84,1239,Low,Review Agoda Rate Competitiveness,Agoda reports a price disadvantage; 0% is cheapest.
4603163,0.3939065553389396,0.421729756683775,0.3939065553389396,0.5095523318343438,426.0,170.0,2026-08-04 19:05:32,The Bed Hotel 101,14,2,2026-08-04 19:05:32,2026-08-04,27.4,Roi Et,KA,Lower Isan - Central,Mapped,Mapped,570793.0,111.0,659.0,426.0,0.0,,,0.0,0.0,,0,0.6464339908952959,0.0,8.82,3.74,100,100,100.0,11.01,18.82,1240,Low,Investigate Booking Conversion,"Demand exists, but no booking is matched to the current check-in demand."
718,0.39032013478580857,0.39731502699873633,0.39032013478580857,0.511413464583307,117.0,69.0,2026-08-04 01:45:09,Asia Cha Am Hotel,5,0,,2026-08-08,26.35,Cha-am,LT,Lower South - West,Mapped,Not Live,33845.0,8.0,154.0,117.0,0.0,,,0.0,0.0,,0,0.7597402597402597,0.0,0.52,0.27,100,40,70.0,5.61,18.82,1241,Low,Investigate Booking Conversion,"Demand exists, but no booking is matched to the current check-in demand."
2000300,0.37848179086070544,0.37848179086070544,0.37848179086070544,0.5094576084690199,62.0,62.0,2026-08-04 17:52:50,A day in Phetchabun,6,1,2026-08-04 12:38:07,2026-08-04,25.92,Phetchabun,LT,North,Mapped,Not Live,90941.0,0.0,428.0,62.0,0.0,,,0.0,0.0,,0,0.14485981308411214,0.0,1.4,0.0,100,40,70.0,5.88,18.81,1242,Low,Activate Ctrip,"Ctrip connectivity exists, but the hotel is not live."
63830,0.39355375535980447,0.39355375535980447,0.39355375535980447,0.5119600507385015,104.0,104.0,2026-08-04 16:21:17,Chansuda Lake View Hotel,3,0,,2026-08-04,26.3,Ubon Ratchathani,LT,Lower Isan - Central,Mapped,Not Live,34879.0,6.0,787.5,104.0,0.0,,,0.0,0.0,,0,0.13206349206349208,0.0,0.54,0.2,100,40,70.0,5.59,18.8,1243,Low,Investigate Booking Conversion,"Demand exists, but no booking is matched to the current check-in demand."
43888,0.31175704125793585,0.3255664021538161,0.31175704125793585,0.5042416015307962,39.0,19.0,2026-08-04 23:33:09,Kaewsamui Resort,6,0,,2026-08-19,23.14,Surat Thani,KA,Upper South,Mapped,Mapped,706607.0,351.0,44.0,39.0,1.0,,,0.0,3.0,,0,0.8863636363636364,0.02564102564102564,10.91,11.82,100,100,100.0,13.63,18.8,1244,Low,Monitor,No immediate distribution issue requires action.
446,0.2818853729032143,0.2818853729032143,0.2818853729032143,0.5074713512756712,6.0,6.0,2026-08-04 18:21:46,Citadines Sukhumvit 8 Bangkok,4,0,,2026-08-29,21.81,,,,Mapped,Unknown,0.0,0.0,34.5,6.0,0.0,,,0.0,9.0,,0,0.17391304347826086,0.0,0.0,0.0,100,0,50.0,4.36,18.8,1245,Low,Monitor,No immediate distribution issue requires action.
4583,0.49523041986681005,0.49523041986681005,0.49523041986681005,0.5166635473553957,60.0,60.0,2026-08-04 16:21:17,Prajaktra Design Hotel,4,1,2026-08-04 16:21:17,2026-08-04,30.54,Udon Thani,LT,Upper Isan - East,Mapped,Mapped,182577.0,140.0,950.0,60.0,0.0,,,0.0,0.0,,0,0.06315789473684211,0.0,2.82,4.72,100,100,100.0,8.93,18.8,1246,Low,Investigate Booking Conversion,"Demand exists, but no booking is matched to the current check-in demand."
2001988,0.36172776556378655,0.3650538227621986,0.36172776556378655,0.5079994695287352,196.0,34.0,2026-08-04 16:21:17,The Loft Resort Bangkok,28,0,,2026-08-08,27.34,Bangkok,KA,BKK - Metro - Chon,Mapped,Mapped,327276.0,299.0,1857.0,196.0,0.0,,,0.0,12.0,,0,0.10554658050619278,0.0,5.05,10.07,100,100,100.0,11.01,18.79,1247,Low,Investigate Booking Conversion,"Demand exists, but no booking is matched to the current check-in demand."
2010951,0.43329292101279493,0.43329292101279493,0.43329292101279493,0.5088358446995567,58.0,58.0,2026-08-04 16:21:17,De Princess Hotel Udonthani,4,0,,2026-08-05,27.91,Udon Thani,KA,Upper Isan - East,Mapped,Mapped,464330.0,147.0,1007.0,58.0,0.0,,,0.0,0.0,,0,0.05759682224428997,0.0,7.17,4.95,100,100,100.0,10.65,18.79,1248,Low,Investigate Booking Conversion,"Demand exists, but no booking is matched to the current check-in demand."
4914171,0.2800268197290656,0.2800268197290656,0.2800268197290656,0.5035595451794774,5.0,5.0,2026-08-04 20:47:47,Hinyai Hotel,5,0,,2026-08-04,21.75,Kanchanaburi,LT,Lower South - West,Not Mapped,Mapped,10986.0,0.0,637.0,5.0,0.0,,,0.0,0.0,,0,0.007849293563579277,0.0,0.17,0.0,0,100,50.0,4.44,18.78,1249,Low,Map Hotel to Agoda,"Demand exists, but hotel-level mapping is missing on Agoda."
2008893,0.4783721929814438,0.4821747561192118,0.4783721929814438,0.5184221817183122,328.0,74.0,2026-08-04 16:21:17,The Pride Salaya,20,0,,2026-08-17,31.5,Nakhon Pathom,KA,BKK - Metro - Chon,Mapped,Mapped,225460.0,25.0,434.0,328.0,1.0,0.2141886104497193,0.2141886104497193,1.0,14.0,0.3306,2,0.7557603686635944,0.003048780487804878,3.48,0.84,100,100,100.0,8.29,18.78,1250,Low,Review Agoda Rate Competitiveness,Agoda reports a price disadvantage; 0% is cheapest.
2000044,0.4071920830522082,0.42823400327961403,0.4071920830522082,0.49266421529610405,3050.0,728.0,2026-08-04 18:36:27,Maihom Resort Hotel Daowadung,24,9,2026-08-04 18:21:46,2026-08-09,29.34,Nakhon Sawan,KA,North,Mapped,Mapped,326028.0,170.0,1451.0,3050.0,0.0,,,0.0,0.0,,0,2.101998621640248,0.0,5.04,5.73,100,100,100.0,10.11,18.78,1251,Low,Investigate Booking Conversion,"Demand exists, but no booking is matched to the current check-in demand."
177855,0.4482236005219297,0.4578917154275696,0.4482236005219297,0.5093151480759809,1022.0,511.0,2026-08-04 23:03:24,The Rich Residence Surat Thani,33,5,2026-08-04 23:03:24,2026-08-05,31.55,Surat Thani,LT,Upper South,Mapped,Mapped,97874.0,135.0,1844.5,1022.0,0.0,,,0.0,0.0,,0,0.5540796963946869,0.0,1.51,4.55,100,100,100.0,8.43,18.77,1252,Low,Investigate Booking Conversion,"Demand exists, but no booking is matched to the current check-in demand."
2000118,0.3226897230801564,0.33610529763158026,0.3226897230801564,0.5158325986657318,34.0,25.0,2026-08-04 23:18:39,Vieng Khong Hotel Mukdahan,22,0,,2026-08-12,25.32,Mukdahan,LT,Lower Isan - Central,Not Live,Mapped,110855.0,11.0,298.0,34.0,0.0,,,0.0,2.0,,0,0.11409395973154363,0.0,1.71,0.37,40,100,70.0,6.03,18.77,1253,Low,Activate Agoda,"Agoda connectivity exists, but the hotel is not live."
4862544,0.36289414410248777,0.3992757629249329,0.36289414410248777,0.5086825617770605,256.0,85.0,2026-08-04 23:33:09,Mest Hotel,39,5,2026-08-04 23:33:09,2026-08-05,28.46,Phatthalung,KA,Lower South - West,Mapped,Mapped,418401.0,136.0,540.0,256.0,0.0,,,0.0,9.0,,0,0.4740740740740741,0.0,6.46,4.58,100,100,100.0,10.3,18.77,1254,Low,Investigate Booking Conversion,"Demand exists, but no booking is matched to the current check-in demand."
4920978,0.28611064039140643,0.297275783817306,0.28611064039140643,0.5053801424383115,314.0,68.0,2026-08-04 19:05:32,Sky & Star Loft,64,1,2026-08-04 18:36:27,2026-08-08,27.71,Samut Prakan,KA,BKK - Metro - Chon,Mapped,Mapped,586819.0,64.0,951.0,314.0,0.0,,,0.0,6.0,,0,0.3301787592008412,0.0,9.06,2.16,100,100,100.0,10.72,18.73,1255,Low,Investigate Booking Conversion,"Demand exists, but no booking is matched to the current check-in demand."
4896898,0.3877871925181544,0.3877871925181544,0.3877871925181544,0.5161951220666141,18.0,18.0,2026-08-04 16:21:17,Luxe Villa Chiang Rai,4,0,,2026-08-04,26.22,Chiang Rai,KA,North,Mapped,Mapped,592835.0,157.0,865.5,18.0,0.0,,,0.0,0.0,,0,0.02079722703639515,0.0,9.16,5.29,100,100,100.0,11.41,18.73,1256,Low,Investigate Booking Conversion,"Demand exists, but no booking is matched to the current check-in demand."
239,0.27244732879896216,0.27244732879896216,0.27244732879896216,0.5066088849297032,5.0,5.0,2026-08-04 06:44:52,Aetas Lumpini,5,0,,2026-08-29,21.51,Bangkok,LT,BKK - Metro - Chon,Unknown,Mapped,12401.0,0.0,34.5,5.0,0.0,,,0.0,2.0,,0,0.14492753623188406,0.0,0.19,0.0,0,100,50.0,4.4,18.72,1257,Low,Monitor,No immediate distribution issue requires action.
2004970,0.2799487675086177,0.2799487675086177,0.2799487675086177,0.506675611708559,3.0,3.0,2026-08-04 16:21:17,Sandee Homeplace,3,0,,2026-08-24,21.62,Udon Thani,LT,Upper Isan - East,Mapped,Unknown,0.0,0.0,19.0,3.0,0.0,,,0.0,2.0,,0,0.15789473684210525,0.0,0.0,0.0,100,0,50.0,4.32,18.71,1258,Low,Monitor,No immediate distribution issue requires action.
4896904,0.2533378058666544,0.2533378058666544,0.2533378058666544,0.506675611708559,10.0,5.0,2026-08-04 23:33:09,Green Resort Chumpuang,10,0,,2026-08-20,21.22,Nakhonratchasima,LT,Lower Isan - Central,Not Mapped,Mapped,38252.0,0.0,37.5,10.0,0.0,,,0.0,6.0,,0,0.26666666666666666,0.0,0.59,0.0,0,100,50.0,4.54,18.7,1259,Low,Map Hotel to Agoda,"Demand exists, but hotel-level mapping is missing on Agoda."
181511,0.4543122695435109,0.4543122695435109,0.4543122695435109,0.5130711538740218,99.0,99.0,2026-08-04 13:52:08,14 Place,4,1,2026-08-04 11:51:06,2026-08-04,28.84,Bangkok,KA,BKK - Metro - Chon,Mapped,Mapped,488145.0,30.0,2531.5,99.0,0.0,,,0.0,0.0,,0,0.03910724866679834,0.0,7.54,1.01,100,100,100.0,9.84,18.7,1260,Low,Investigate Booking Conversion,"Demand exists, but no booking is matched to the current check-in demand."
4733,0.40163095092606227,0.47520026983165126,0.40163095092606227,0.5163504267013709,606.0,289.0,2026-08-04 18:49:41,Sri U-Thong Grande Hotel,12,1,2026-08-04 12:51:31,2026-08-06,27.71,Suphan Buri,KA,Lower Isan - Central,Mapped,Mapped,421169.0,164.0,385.0,606.0,0.0,,,0.0,0.0,,0,1.574025974025974,0.0,6.5,5.52,100,100,100.0,10.45,18.7,1261,Low,Investigate Booking Conversion,"Demand exists, but no booking is matched to the current check-in demand."
65466,0.44899028951884623,0.490647080899523,0.44899028951884623,0.5094666074569152,1399.0,1025.0,2026-08-04 16:21:17,Leosor Hotel,21,4,2026-08-04 14:04:20,2026-08-06,30.56,Nakhonratchasima,KA,Lower Isan - Central,Mapped,Mapped,244845.0,84.0,1319.0,1399.0,0.0,,,0.0,0.0,,0,1.0606520090978013,0.0,3.78,2.83,100,100,100.0,8.85,18.69,1262,Low,Investigate Booking Conversion,"Demand exists, but no booking is matched to the current check-in demand."
21320,0.40930153748370124,0.40930153748370124,0.40930153748370124,0.5042381978187214,65.0,65.0,2026-08-04 18:06:03,Meesuk Chiangrai Hotel,5,1,2026-08-04 15:52:08,2026-08-05,26.95,Chiang Rai,KA,North,Mapped,Mapped,395532.0,264.0,880.5,65.0,0.0,,,0.0,0.0,,0,0.07382169222032936,0.0,6.11,8.89,100,100,100.0,11.11,18.68,1263,Low,Investigate Booking Conversion,"Demand exists, but no booking is matched to the current check-in demand."
4543120,0.3456777696585897,0.37029459877465587,0.3456777696585897,0.5111488485957628,40.0,12.0,2026-08-04 19:05:32,Daydream House,30,0,,2026-08-05,26.91,Khon Kaen,KA,Upper Isan - East,Mapped,Mapped,558032.0,128.0,1025.5,40.0,0.0,,,0.0,1.0,,0,0.03900536323744515,0.0,8.62,4.31,100,100,100.0,10.98,18.68,1264,Low,Investigate Booking Conversion,"Demand exists, but no booking is matched to the current check-in demand."
1655,0.3829096147289642,0.383556299917331,0.3829096147289642,0.5091262828835633,172.0,131.0,2026-08-04 11:51:06,Mida Resort Kanchanaburi,8,0,,2026-08-17,26.31,Kanchanaburi,LT,Lower South - West,Mapped,Not Live,10471.0,3.0,469.0,172.0,0.0,-0.0821901835192822,-0.07738408588943266,2.0,32.0,,0,0.36673773987206826,0.0,0.16,0.1,100,40,70.0,5.37,18.67,1265,Low,Fix Internal Rate Parity,Our rate is more expensive than a comparable partner rate.
345,0.349044961003328,0.349044961003328,0.349044961003328,0.5080770514139442,130.0,130.0,2026-08-04 05:44:15,Gold Orchid Bangkok,7,0,,2026-08-29,24.83,Bangkok,LT,BKK - Metro - Chon,Mapped,Not Live,94984.0,55.0,34.5,130.0,0.0,,,0.0,2.0,,0,3.7681159420289854,0.0,1.47,1.85,100,40,70.0,6.26,18.66,1266,Low,Activate Ctrip,"Ctrip connectivity exists, but the hotel is not live."
4921150,0.35575343656363434,0.37755183390088887,0.35575343656363434,0.5071790322999026,318.0,82.0,2026-08-04 23:33:09,JS Hotel,53,0,,2026-08-09,29.49,Hatyai,KA,Lower South - West,Mapped,Mapped,416841.0,36.0,940.0,318.0,0.0,0.1212750040987574,0.12692217859954752,4.0,4.0,,0,0.3382978723404255,0.0,6.44,1.21,100,100,100.0,9.48,18.66,1267,Low,Investigate Booking Conversion,"Demand exists, but no booking is matched to the current check-in demand."
4922333,0.2689377491378762,0.2689377491378762,0.2689377491378762,0.5060757317194802,6.0,6.0,2026-08-04 19:05:32,Sweet Home Villa,6,0,,2026-08-04,21.45,Bungkan,LT,Upper Isan - East,Mapped,Unknown,3084.0,0.0,25.0,6.0,0.0,,,0.0,0.0,,0,0.24,0.0,0.05,0.0,100,0,50.0,4.32,18.65,1268,Low,Monitor,No immediate distribution issue requires action.
63647,0.3108744286201808,0.3132242124357811,0.3108744286201808,0.5167868732136033,6.0,3.0,2026-08-04 20:47:47,Baan Thana Boutique Hotel,6,0,,2026-08-18,23.34,Surat Thani,KA,Upper South,Mapped,Mapped,1003087.0,54.0,954.5,6.0,0.0,,,0.0,6.0,,0,0.006286013619696176,0.0,15.49,1.82,100,100,100.0,12.96,18.65,1269,Low,Monitor,No immediate distribution issue requires action.
4932370,0.3682591320924039,0.3910165419601447,0.3682591320924039,0.5106813552650888,282.0,148.0,2026-08-04 22:51:02,99/9 Box Resort,13,2,2026-08-04 22:34:47,2026-08-05,26.26,Phetchaburi,LT,Lower South - West,Mapped,Not Live,5805.0,2.0,953.0,282.0,0.0,,,0.0,0.0,,0,0.29590766002098634,0.0,0.09,0.07,100,40,70.0,5.32,18.64,1270,Low,Investigate Booking Conversion,"Demand exists, but no booking is matched to the current check-in demand."
4857645,0.4408151532540974,0.4408151532540974,0.4408151532540974,0.5033038101614095,164.0,164.0,2026-08-04 23:33:09,B Hotel Khonkaen,3,1,2026-08-04 23:03:24,2026-08-05,28.03,Khon Kaen,KA,Upper Isan - East,Mapped,Mapped,556529.0,47.0,1021.0,164.0,0.0,,,0.0,0.0,,0,0.16062683643486778,0.0,8.6,1.58,100,100,100.0,10.38,18.63,1271,Low,Investigate Booking Conversion,"Demand exists, but no booking is matched to the current check-in demand."
4799851,0.40326908968020353,0.40326908968020353,0.40326908968020353,0.5056754145826792,75.0,75.0,2026-08-04 21:34:17,Wises Hotel,8,0,,2026-08-04,27.03,Chachoengsao,KA,Upper Isan - East,Mapped,Mapped,645371.0,51.0,831.5,75.0,0.0,,,0.0,0.0,,0,0.09019843656043296,0.0,9.97,1.72,100,100,100.0,10.91,18.62,1272,Low,Investigate Booking Conversion,"Demand exists, but no booking is matched to the current check-in demand."
4817086,0.38356116472804896,0.39018398688650313,0.38356116472804896,0.5113833514468842,1090.0,270.0,2026-08-04 23:33:09,The Resort Kamphaengphet,19,0,,2026-08-06,27.7,Kamphaeng Phet,KA,North,Mapped,Mapped,352019.0,212.0,229.0,1090.0,0.0,,,0.0,0.0,-0.0,1,4.759825327510917,0.0,5.44,7.14,100,100,100.0,10.4,18.62,1273,Low,Investigate Booking Conversion,"Demand exists, but no booking is matched to the current check-in demand."
4968465,0.3710717955914923,0.3710717955914923,0.3710717955914923,0.5118000878994586,108.0,108.0,2026-08-04 19:05:32,COZY SHIROI RESORT,5,0,,2026-08-04,25.59,Buriram,LT,Lower Isan - Central,Mapped,Not Live,65678.0,1.0,504.5,108.0,0.0,,,0.0,0.0,,0,0.21407333994053518,0.0,1.01,0.03,100,40,70.0,5.63,18.61,1274,Low,Activate Ctrip,"Ctrip connectivity exists, but the hotel is not live."
181593,0.4654399269249294,0.4862119930926314,0.4654399269249294,0.5458571466910938,182.0,99.0,2026-08-04 23:33:09,Fortune D Loei,23,0,,2026-08-06,31.77,Loei,LT,Upper Isan - East,Mapped,Mapped,109908.0,4.0,377.0,182.0,0.0,,,0.0,0.0,,0,0.4827586206896552,0.0,1.7,0.13,100,100,100.0,7.24,18.61,1275,Low,Investigate Booking Conversion,"Demand exists, but no booking is matched to the current check-in demand."
107200,0.3324086299510438,0.3349838344102844,0.3324086299510438,0.5305089309531791,72.0,11.0,2026-08-04 19:05:32,Central Place Serviced Apartment,42,0,,2026-08-18,27.91,Chonburi,KA,BKK - Metro - Chon,Mapped,Mapped,239962.0,237.0,961.0,72.0,0.0,0.1520653082343967,0.1589018622648506,7.0,7.0,,0,0.07492195629552549,0.0,3.71,7.98,100,100,100.0,9.83,18.59,1276,Low,Investigate Booking Conversion,"Demand exists, but no booking is matched to the current check-in demand."
2000113,0.35014994060856575,0.4081665493315881,0.35014994060856575,0.5073548450394381,814.0,419.0,2026-08-04 23:33:09,Yaibua Hotel,33,1,2026-08-04 18:06:03,2026-08-04,27.53,Chanthaburi,KA,Upper Isan - East,Mapped,Mapped,267555.0,289.0,1086.0,814.0,0.0,0.1213340790635404,0.1440234291554062,4.0,8.0,,0,0.7495395948434622,0.0,4.13,9.73,100,100,100.0,10.49,18.58,1277,Low,Investigate Booking Conversion,"Demand exists, but no booking is matched to the current check-in demand."
63792,0.4018197901973119,0.4018197901973119,0.4018197901973119,0.5077855700250336,78.0,78.0,2026-08-04 19:05:32,Win Hotel Phayao,5,1,2026-08-04 18:36:27,2026-08-04,26.73,Phayao,KA,North,Mapped,Mapped,441177.0,218.0,478.5,78.0,0.0,,,0.0,0.0,,0,0.16300940438871472,0.0,6.81,7.34,100,100,100.0,10.95,18.57,1278,Low,Investigate Booking Conversion,"Demand exists, but no booking is matched to the current check-in demand."
181632,0.3111062069392909,0.34241723704619753,0.3111062069392909,0.5134962712954784,35.0,14.0,2026-08-04 23:33:09,The Museum Hotel Nakhon Pathom,21,0,,2026-08-08,24.72,Nakhon Pathom,KA,BKK - Metro - Chon,Mapped,Mapped,682296.0,176.0,209.0,35.0,0.0,-0.0423762736636998,-0.0423762736636998,1.0,2.0,,0,0.1674641148325359,0.0,10.54,5.93,100,100,100.0,11.99,18.55,1279,Low,Fix Internal Rate Parity,Our rate is more expensive than a comparable partner rate.
43637,0.29416227128230404,0.3313179387180933,0.29416227128230404,0.505728219739279,76.0,27.0,2026-08-04 23:33:09,Kanok Udom Place 3,54,1,2026-08-04 19:05:32,2026-08-05,27.02,Amnart Charoen,KA,Lower Isan - Central,Mapped,Mapped,675376.0,16.0,675.5,76.0,0.0,,,0.0,2.0,,0,0.11250925240562547,0.0,10.43,0.54,100,100,100.0,10.78,18.55,1280,Low,Investigate Booking Conversion,"Demand exists, but no booking is matched to the current check-in demand."
4857770,0.266643286687636,0.266643286687636,0.266643286687636,0.506675611708559,1.0,1.0,2026-08-04 00:03:17,Pluekmai Resort,1,0,,2026-08-03,20.89,Chainat,LT,Lower Isan - Central,Not Mapped,Mapped,29532.0,0.0,1.0,1.0,0.0,,,0.0,0.0,,0,1.0,0.0,0.46,0.0,0,100,50.0,4.41,18.54,1281,Low,Map Hotel to Agoda,"Demand exists, but hotel-level mapping is missing on Agoda."
152399,0.3625781823601175,0.37279676899815284,0.3625781823601175,0.5082271998583414,104.0,63.0,2026-08-04 15:52:08,Loft Village Nakhonnayok,9,0,,2026-08-04,25.55,Nakhon Nayok,LT,Lower Isan - Central,Mapped,Not Live,52136.0,7.0,265.0,104.0,0.0,,,0.0,1.0,,0,0.39245283018867927,0.0,0.81,0.24,100,40,70.0,5.59,18.54,1282,Low,Activate Ctrip,"Ctrip connectivity exists, but the hotel is not live."
137926,0.3810414790154643,0.4515157813291953,0.3810414790154643,0.5089178613280931,3621.0,1017.0,2026-08-04 23:33:09,Feel@Home Place,54,9,2026-08-04 23:18:39,2026-08-08,31.64,Nakhonratchasima,KA,Lower Isan - Central,Mapped,Mapped,116844.0,67.0,1319.0,3621.0,1.0,,,0.0,27.0,,0,2.7452615617892344,0.00027616680475006904,1.8,2.26,100,100,100.0,7.91,18.53,1283,Low,Monitor,No immediate distribution issue requires action.
4640,0.36621536921031006,0.3681111956077059,0.36621536921031006,0.5131472856516727,145.0,143.0,2026-08-04 22:34:47,Aramis Hotel Nakhon Sawan,9,0,,2026-08-04,25.81,Nakhon Sawan,KA,North,Mapped,Mapped,679212.0,88.0,1451.0,145.0,0.0,,,0.0,4.0,,0,0.09993108201240523,0.0,10.49,2.96,100,100,100.0,11.3,18.52,1284,Low,Monitor,No immediate distribution issue requires action.
183200,0.48251416294264954,0.496422359775981,0.48251416294264954,0.515688891444484,1351.0,549.0,2026-08-04 14:04:20,Narai Iyara Palace,12,1,2026-08-04 12:51:31,2026-08-06,31.16,Lop Buri,KA,Lower Isan - Central,Mapped,Mapped,177485.0,40.0,460.5,1351.0,0.0,,,0.0,0.0,,0,2.9337676438653637,0.0,2.74,1.35,100,100,100.0,8.01,18.51,1285,Low,Investigate Booking Conversion,"Demand exists, but no booking is matched to the current check-in demand."
4732,0.38796283322422503,0.409300383953353,0.38796283322422503,0.509924171391789,100.0,32.0,2026-08-04 18:21:46,At Sakon Hotel,19,3,2026-08-04 15:52:08,2026-08-14,27.55,Sakon Nakhon,KA,Upper Isan - East,Mapped,Mapped,579944.0,27.0,412.5,100.0,1.0,,,0.0,4.0,,0,0.24242424242424243,0.01,8.96,0.91,100,100,100.0,10.26,18.5,1286,Low,Monitor,No immediate distribution issue requires action.
4920890,0.36567700701982886,0.37752614309685517,0.36567700701982886,0.5096785271444294,115.0,32.0,2026-08-04 11:51:06,The Finn Hotel,8,0,,2026-08-05,25.61,Nakhonratchasima,KA,Lower Isan - Central,Mapped,Mapped,507213.0,237.0,1179.0,115.0,0.0,,,0.0,0.0,0.0719,2,0.09754028837998303,0.0,7.83,7.98,100,100,100.0,11.43,18.5,1287,Low,Review Agoda Rate Competitiveness,Agoda reports a price disadvantage; 0% is cheapest.
2001222,0.37780715611319293,0.3842995452297486,0.37780715611319293,0.5139440985268352,343.0,197.0,2026-08-04 19:05:32,Rinradee Place Buriram,12,0,,2026-08-04,26.63,Buriram,KA,Lower Isan - Central,Mapped,Mapped,179759.0,399.0,764.0,343.0,0.0,,,0.0,0.0,,0,0.4489528795811518,0.0,2.78,13.44,100,100,100.0,10.75,18.5,1288,Low,Investigate Booking Conversion,"Demand exists, but no booking is matched to the current check-in demand."
182809,0.36970757434965273,0.36970757434965273,0.36970757434965273,0.5096919743250966,32.0,32.0,2026-08-04 19:05:32,Talay Hotel & Villa Cha-am,9,0,,2026-08-04,25.84,Cha-am,LT,Lower South - West,Mapped,Not Live,11392.0,2.0,953.0,32.0,0.0,,,0.0,0.0,,0,0.033578174186778595,0.0,0.18,0.07,100,40,70.0,5.28,18.49,1289,Low,Activate Ctrip,"Ctrip connectivity exists, but the hotel is not live."
138007,0.40445114320785136,0.40873138907359563,0.40445114320785136,0.5296689984643331,209.0,32.0,2026-08-04 19:05:32,Central Place Angsila,42,0,,2026-08-18,30.82,Chonburi,KA,BKK - Metro - Chon,Mapped,Mapped,224021.0,0.0,961.0,209.0,0.0,-0.0217192748889267,0.0451925818085569,7.0,14.0,,0,0.21748178980228927,0.0,3.46,0.0,100,100,100.0,7.89,18.49,1290,Low,Fix Internal Rate Parity,Our rate is more expensive than a comparable partner rate.
43909,0.36772085426689033,0.40419162733402236,0.36772085426689033,0.5105093970617273,696.0,247.0,2026-08-04 18:49:41,Privacy Residence Lopburi,15,1,2026-08-04 18:49:41,2026-08-05,26.55,Lop Buri,KA,Lower Isan - Central,Mapped,Mapped,607341.0,82.0,460.5,696.0,0.0,,,0.0,2.0,,0,1.511400651465798,0.0,9.38,2.76,100,100,100.0,10.83,18.48,1291,Low,Investigate Booking Conversion,"Demand exists, but no booking is matched to the current check-in demand."
43830,0.2913963543683264,0.3500279262370186,0.2913963543683264,0.5076245053950014,71.0,50.0,2026-08-04 22:03:21,Hobby Hotel Uttaradit,26,0,,2026-08-04,24.29,Uttaradit,KA,North,Mapped,Mapped,895865.0,44.0,112.0,71.0,0.0,,,0.0,2.0,,0,0.6339285714285714,0.0,13.84,1.48,100,100,100.0,12.22,18.47,1292,Low,Monitor,No immediate distribution issue requires action.
429,0.3158532622594628,0.320760337132578,0.3158532622594628,0.507680669236028,142.0,29.0,2026-08-04 20:47:47,La Petite Salil Sukhumvit 8,12,0,,2026-09-02,23.97,Bangkok,LT,BKK - Metro - Chon,Mapped,Not Live,99813.0,84.0,73.5,142.0,0.0,,,0.0,30.0,,0,1.9319727891156462,0.0,1.54,2.83,100,40,70.0,6.41,18.47,1293,Low,Activate Ctrip,"Ctrip connectivity exists, but the hotel is not live."
63458,0.4081561334877454,0.43693173467482455,0.4081561334877454,0.5082656585194119,165.0,91.0,2026-08-04 19:05:32,P.A. Ville Hotel Nakhon Sawan,9,0,,2026-08-04,27.39,Nakhon Sawan,KA,North,Mapped,Mapped,371578.0,197.0,1451.0,165.0,0.0,,,0.0,0.0,,0,0.11371467953135768,0.0,5.74,6.64,100,100,100.0,10.34,18.47,1294,Low,Investigate Booking Conversion,"Demand exists, but no booking is matched to the current check-in demand."
65011,0.35071039390848596,0.3610238083220332,0.35071039390848596,0.5054148890810419,239.0,152.0,2026-08-04 23:33:09,Aziss Boutique Hotel,25,1,2026-08-04 23:33:09,2026-08-05,26.58,Phitsanulok,KA,North,Mapped,Mapped,615521.0,79.0,1391.5,239.0,0.0,,,0.0,0.0,,0,0.17175709665828243,0.0,9.51,2.66,100,100,100.0,10.87,18.46,1295,Low,Investigate Booking Conversion,"Demand exists, but no booking is matched to the current check-in demand."
22104,0.41571015925603005,0.4346923564072409,0.41571015925603005,0.511605592346493,1214.0,423.0,2026-08-04 21:34:17,Phuketa Hotel,21,5,2026-08-04 17:52:50,2026-08-04,29.22,Phuket,LT,Upper South,Mapped,Mapped,275036.0,117.0,1544.0,1214.0,0.0,,,0.0,0.0,,0,0.7862694300518135,0.0,4.25,3.94,100,100,100.0,9.15,18.46,1296,Low,Investigate Booking Conversion,"Demand exists, but no booking is matched to the current check-in demand."
4879476,0.3341451777077237,0.34688698617901864,0.3341451777077237,0.5105661809593943,266.0,100.0,2026-08-04 23:33:09,CS Klongtoey Grand Resort,18,0,,2026-08-16,25.36,Hatyai,LT,Lower South - West,Mapped,Not Live,28778.0,20.0,686.0,266.0,0.0,,,0.0,4.0,,0,0.3877551020408163,0.0,0.44,0.67,100,40,70.0,5.49,18.46,1297,Low,Activate Ctrip,"Ctrip connectivity exists, but the hotel is not live."
43831,0.4230083230561716,0.4841721304481352,0.4230083230561716,0.5110533910526214,59.0,35.0,2026-08-04 23:33:09,Smile Resort Thungsong,13,3,2026-08-04 18:36:27,2026-08-04,28.39,Nakhon Si Thammarat,KA,Lower South - West,Mapped,Mapped,453914.0,47.0,961.5,59.0,0.0,,,0.0,7.0,,0,0.061362454498179925,0.0,7.01,1.58,100,100,100.0,9.66,18.46,1298,Low,Investigate Booking Conversion,"Demand exists, but no booking is matched to the current check-in demand."
2006474,0.3747724608612091,0.3747724608612091,0.3747724608612091,0.5064701157034666,109.0,109.0,2026-08-04 19:05:32,A Hotel Simply,6,0,,2026-08-04,25.72,Chiang Rai,LT,North,Mapped,Not Live,18193.0,4.0,865.5,109.0,0.0,,,0.0,0.0,,0,0.12593876372039284,0.0,0.28,0.13,100,40,70.0,5.32,18.44,1299,Low,Activate Ctrip,"Ctrip connectivity exists, but the hotel is not live."
2011250,0.3735030735914749,0.385690903563311,0.3735030735914749,0.508282450255393,118.0,77.0,2026-08-04 11:51:06,Mayor Hotel And Villa Cha Am,7,0,,2026-08-04,25.81,Cha-am,LT,Lower South - West,Mapped,Not Live,6074.0,0.0,953.0,118.0,0.0,,,0.0,0.0,,0,0.12381951731374606,0.0,0.09,0.0,100,40,70.0,5.21,18.43,1300,Low,Activate Ctrip,"Ctrip connectivity exists, but the hotel is not live."
2002124,0.3756162727205903,0.4128074444965407,0.3756162727205903,0.5070274649480568,88.0,31.0,2026-08-04 11:51:06,Central Place Hotel Rayong,11,0,,2026-08-17,26.23,Rayong,KA,Upper Isan - East,Mapped,Mapped,275723.0,356.0,1716.0,88.0,0.0,,,0.0,2.0,,0,0.05128205128205128,0.0,4.26,11.99,100,100,100.0,10.97,18.43,1301,Low,Investigate Booking Conversion,"Demand exists, but no booking is matched to the current check-in demand."
63395,0.397246675393007,0.397246675393007,0.397246675393007,0.5169261493865634,27.0,27.0,2026-08-04 18:21:46,Resort At Lampang,3,0,,2026-08-04,26.52,Lampang,KA,North,Mapped,Mapped,503854.0,135.0,941.0,27.0,0.0,,,0.0,0.0,,0,0.028692879914984058,0.0,7.78,4.55,100,100,100.0,10.56,18.4,1302,Low,Investigate Booking Conversion,"Demand exists, but no booking is matched to the current check-in demand."
4718,0.4286697977473912,0.43410668904976457,0.4286697977473912,0.5080567941825027,413.0,225.0,2026-08-04 21:34:17,Baan Ingna Resort Chaiyaphoom,14,1,2026-08-04 13:52:08,2026-08-04,28.76,Chaiyaphum,KA,Upper Isan - East,Mapped,Mapped,458732.0,8.0,421.0,413.0,0.0,,,0.0,0.0,,0,0.9809976247030879,0.0,7.08,0.27,100,100,100.0,9.37,18.4,1303,Low,Investigate Booking Conversion,"Demand exists, but no booking is matched to the current check-in demand."
63722,0.33757591070703713,0.33757591070703713,0.33757591070703713,0.5085598102487677,375.0,375.0,2026-08-04 23:18:39,Golden Place Guesthouse,8,0,,2026-08-18,24.55,Kamphaeng Phet,LT,North,Mapped,Not Live,126626.0,1.0,8.0,375.0,0.0,,,0.0,2.0,,0,46.875,0.0,1.96,0.03,100,40,70.0,5.9,18.4,1304,Low,Activate Ctrip,"Ctrip connectivity exists, but the hotel is not live."
2010883,0.4998766438813892,0.4998766438813892,0.4998766438813892,0.5081709922028456,85.0,85.0,2026-08-04 00:03:17,Neca Reiche Hotel,1,0,,2026-08-08,30.28,Hatyai,KA,Lower South - West,Mapped,Mapped,199436.0,86.0,650.5,85.0,1.0,,,0.0,0.0,-0.0,1,0.13066871637202152,0.011764705882352941,3.08,2.9,100,100,100.0,8.47,18.4,1305,Low,Monitor,No immediate distribution issue requires action.
4857724,0.3678673850284147,0.40984009919013975,0.3678673850284147,0.5110867248797326,462.0,55.0,2026-08-04 22:18:28,The Rich Ratchapruek Hotel & Residence,46,2,2026-08-04 22:18:28,2026-08-09,29.44,Nonthaburi,KA,BKK - Metro - Chon,Mapped,Mapped,319374.0,54.0,501.0,462.0,0.0,0.1122389648431241,0.120097098942196,5.0,5.0,,0,0.9221556886227545,0.0,4.93,1.82,100,100,100.0,8.9,18.39,1306,Low,Investigate Booking Conversion,"Demand exists, but no booking is matched to the current check-in demand."
4543129,0.3329318798544153,0.3329318798544153,0.3329318798544153,0.5233437487161411,12.0,12.0,2026-08-04 14:04:20,Nunglen Gunmai Resort,4,0,,2026-08-05,24.17,Chonburi,LT,BKK - Metro - Chon,Mapped,Not Live,108401.0,14.0,1645.0,12.0,0.0,,,0.0,0.0,-0.0,1,0.00729483282674772,0.0,1.67,0.47,100,40,70.0,5.81,18.39,1307,Low,Activate Ctrip,"Ctrip connectivity exists, but the hotel is not live."
220,0.40817140646684924,0.4182420523976446,0.40817140646684924,0.5075175621971695,721.0,210.0,2026-08-04 18:21:46,Atrium Boutique Resort,48,8,2026-08-04 17:52:50,2026-08-07,31.25,Bangkok,LT,BKK - Metro - Chon,Mapped,Mapped,114398.0,74.0,1857.0,721.0,0.0,,,0.0,4.0,,0,0.38826063543349487,0.0,1.77,2.49,100,100,100.0,7.88,18.39,1308,Low,Investigate Booking Conversion,"Demand exists, but no booking is matched to the current check-in demand."
2009098,0.35752774323016867,0.3625894506124018,0.35752774323016867,0.5055382455439721,87.0,35.0,2026-08-04 12:51:31,Phuket Chinoinn Hotel,12,0,,2026-08-05,25.58,Phuket,LT,Upper South,Mapped,Not Live,27041.0,0.0,1542.0,87.0,0.0,,,0.0,0.0,,0,0.05642023346303502,0.0,0.42,0.0,100,40,70.0,5.33,18.39,1309,Low,Activate Ctrip,"Ctrip connectivity exists, but the hotel is not live."
2010790,0.4171220249161508,0.46563134668437556,0.4171220249161508,0.5174127304953646,59.0,44.0,2026-08-04 14:04:20,HUG Sakonnakhon,8,0,,2026-08-04,27.81,Sakon Nakhon,KA,Upper Isan - East,Mapped,Mapped,376662.0,124.0,412.5,59.0,0.0,0.396994465790982,0.396994465790982,1.0,3.0,,0,0.14303030303030304,0.0,5.82,4.18,100,100,100.0,9.73,18.38,1310,Low,Investigate Booking Conversion,"Demand exists, but no booking is matched to the current check-in demand."
4932284,0.3665071049623084,0.3729243531680453,0.3665071049623084,0.5130810519841775,24.0,15.0,2026-08-04 14:04:20,Alto Hotel M - Maesot,4,0,,2026-08-05,25.31,Tak,KA,North,Mapped,Mapped,534242.0,211.0,534.0,24.0,0.0,,,0.0,0.0,,0,0.0449438202247191,0.0,8.25,7.11,100,100,100.0,11.32,18.38,1311,Low,Monitor,No immediate distribution issue requires action.
2007611,0.3548160977608864,0.3554316281495187,0.3548160977608864,0.5113026189763628,149.0,138.0,2026-08-04 23:33:09,Grandsiri Resort Khaoyai,12,0,,2026-08-05,25.6,Khaoyai,LT,Lower Isan - Central,Mapped,Not Live,7652.0,0.0,1319.0,149.0,0.0,,,0.0,0.0,,0,0.11296436694465505,0.0,0.12,0.0,100,40,70.0,5.18,18.38,1312,Low,Activate Ctrip,"Ctrip connectivity exists, but the hotel is not live."
5101966,0.3591908712027337,0.3591908712027337,0.3591908712027337,0.5089378736885792,21.0,21.0,2026-08-04 15:52:08,Aspira Central Patong Hotel,3,0,,2026-09-02,24.84,Phuket,LT,Upper South,Mapped,Not Live,35204.0,41.0,4.0,21.0,0.0,,,0.0,6.0,,0,5.25,0.0,0.54,1.38,100,40,70.0,5.65,18.37,1313,Low,Activate Ctrip,"Ctrip connectivity exists, but the hotel is not live."
4885053,0.33241153161974557,0.37785783236988957,0.33241153161974557,0.5180845561432453,12.0,6.0,2026-08-04 20:47:47,Thai Guest House 1,10,0,,2026-08-05,24.61,Bungkan,LT,Upper Isan - East,Mapped,Not Live,88019.0,0.0,50.0,12.0,0.0,,,0.0,0.0,,0,0.24,0.0,1.36,0.0,100,40,70.0,5.6,18.36,1314,Low,Activate Ctrip,"Ctrip connectivity exists, but the hotel is not live."
2009561,0.3960237261820647,0.3972825677649812,0.3960237261820647,0.515125547788355,517.0,262.0,2026-08-04 18:49:41,Montara Hotel and Resort Korat,10,1,2026-08-04 18:49:41,2026-08-06,27.25,Nakhonratchasima,KA,Lower Isan - Central,Mapped,Mapped,500840.0,73.0,1179.0,517.0,0.0,,,0.0,0.0,,0,0.4385072094995759,0.0,7.74,2.46,100,100,100.0,10.06,18.36,1315,Low,Investigate Booking Conversion,"Demand exists, but no booking is matched to the current check-in demand."
4915578,0.2533378058666544,0.2533378058666544,0.2533378058666544,0.506675611708559,4.0,4.0,2026-08-04 21:48:56,Thatsana Resort Non Sung,4,0,,2026-08-22,20.65,Nakhonratchasima,LT,Lower Isan - Central,Unknown,Mapped,7850.0,0.0,5.0,4.0,0.0,,,0.0,2.0,,0,0.8,0.0,0.12,0.0,0,100,50.0,4.19,18.36,1316,Low,Monitor,No immediate distribution issue requires action.
181449,0.3481143085413437,0.38557323726524273,0.3481143085413437,0.5179481571146629,22.0,20.0,2026-08-04 20:47:47,The Park Nangrong Resort Buriram,6,0,,2026-08-05,24.86,Buriram,LT,Lower Isan - Central,Not Live,Mapped,54481.0,5.0,764.0,22.0,0.0,,,0.0,0.0,,0,0.028795811518324606,0.0,0.84,0.17,40,100,70.0,5.44,18.36,1317,Low,Activate Agoda,"Agoda connectivity exists, but the hotel is not live."
63834,0.4103163599707315,0.46478605872078943,0.4103163599707315,0.5115637894612453,179.0,124.0,2026-08-04 20:47:47,Baan Na Khon Hotel,12,2,2026-08-04 20:47:47,2026-08-04,27.84,Nakhon Si Thammarat,KA,Lower South - West,Mapped,Mapped,456282.0,69.0,961.5,179.0,0.0,,,0.0,0.0,,0,0.18616744669786792,0.0,7.05,2.32,100,100,100.0,9.79,18.36,1318,Low,Investigate Booking Conversion,"Demand exists, but no booking is matched to the current check-in demand."
2008838,0.42614113205384446,0.4283160283382388,0.42614113205384446,0.5112294909833808,120.0,46.0,2026-08-04 14:04:20,Anchan Laguna Hotel,12,3,2026-08-04 12:38:07,2026-08-18,28.44,Khon Kaen,KA,Upper Isan - East,Mapped,Mapped,324347.0,121.0,836.5,120.0,0.0,,,0.0,24.0,0.1039,1,0.1434548714883443,0.0,5.01,4.08,100,100,100.0,9.42,18.35,1319,Low,Review Agoda Rate Competitiveness,Agoda reports a price disadvantage; 0% is cheapest.
3014271,0.4023897234029505,0.43745589196287143,0.4023897234029505,0.5068027528145458,153.0,73.0,2026-08-04 15:36:41,Palm Sweet Resort,11,1,2026-08-04 13:52:08,2026-08-04,27.32,Chumphon,KA,Upper South,Mapped,Mapped,378678.0,176.0,847.5,153.0,0.0,,,0.0,0.0,-0.0,2,0.18053097345132743,0.0,5.85,5.93,100,100,100.0,10.17,18.35,1320,Low,Investigate Booking Conversion,"Demand exists, but no booking is matched to the current check-in demand."
183431,0.41615242620170456,0.4543505240260766,0.41615242620170456,0.5061173496766018,2130.0,1129.0,2026-08-04 23:33:09,Easy Planet Pattaya,55,9,2026-08-04 23:03:24,2026-08-04,32.63,Pattaya,LT,BKK - Metro - Chon,Mapped,Mapped,43206.0,11.0,2288.0,2130.0,0.0,-0.24548400655432,-0.23115446505294934,2.0,9.0,,0,0.9309440559440559,0.0,0.67,0.37,100,100,100.0,6.97,18.34,1321,Low,Fix Internal Rate Parity,Our rate is more expensive than a comparable partner rate.
183052,0.36612460078333714,0.36612460078333714,0.36612460078333714,0.5326493543179767,5.0,5.0,2026-08-04 18:49:41,Berich Hotel Tak,5,0,,2026-08-11,25.77,Tak,KA,North,Mapped,Mapped,597339.0,76.0,186.0,5.0,0.0,,,0.0,4.0,,0,0.026881720430107527,0.0,9.23,2.56,100,100,100.0,10.54,18.33,1322,Low,Monitor,No immediate distribution issue requires action.
63633,0.412998060290633,0.4713315109158541,0.412998060290633,0.5121209736954611,230.0,72.0,2026-08-04 22:03:21,24@Home Hotel,17,0,,2026-08-05,28.44,Nonthaburi,KA,BKK - Metro - Chon,Mapped,Mapped,454056.0,14.0,492.5,230.0,0.0,,,0.0,4.0,,0,0.467005076142132,0.0,7.01,0.47,100,100,100.0,9.33,18.32,1323,Low,Investigate Booking Conversion,"Demand exists, but no booking is matched to the current check-in demand."
4920629,0.340168779570577,0.3846592070058084,0.340168779570577,0.5096624411292786,51.0,37.0,2026-08-04 18:21:46,KONG INN Renunakhon,9,2,2026-08-04 18:06:03,2026-08-04,24.67,Nakhon Phanom,LT,Upper Isan - East,Mapped,Not Live,71127.0,15.0,289.5,51.0,0.0,-0.0170074537543101,-0.01649883982615465,2.0,2.0,,0,0.17616580310880828,0.0,1.1,0.51,100,40,70.0,5.64,18.32,1324,Low,Fix Internal Rate Parity,Our rate is more expensive than a comparable partner rate.
63638,0.3833063440029518,0.41266492270210187,0.3833063440029518,0.5093607645549819,155.0,98.0,2026-08-04 23:33:09,Trat Center Hotel,10,1,2026-08-04 22:51:02,2026-08-04,26.51,Trat,KA,Upper Isan - East,Mapped,Mapped,365757.0,236.0,156.0,155.0,0.0,,,0.0,0.0,,0,0.9935897435897436,0.0,5.65,7.95,100,100,100.0,10.51,18.3,1325,Low,Investigate Booking Conversion,"Demand exists, but no booking is matched to the current check-in demand."
63742,0.4292541940886676,0.4292541940886676,0.4292541940886676,0.5151746905568872,19.0,19.0,2026-08-04 14:04:20,Chokdee Place,2,0,,2026-08-04,27.67,Sakon Nakhon,KA,Upper Isan - East,Mapped,Mapped,502335.0,26.0,412.5,19.0,0.0,,,0.0,0.0,,0,0.04606060606060606,0.0,7.76,0.88,100,100,100.0,9.68,18.29,1326,Low,Investigate Booking Conversion,"Demand exists, but no booking is matched to the current check-in demand."
4920613,0.4108023088394269,0.4434618976314298,0.4108023088394269,0.5109303316981115,312.0,42.0,2026-08-04 19:05:32,The Vita Plus Hotel Hatyai,30,0,,2026-08-04,29.59,Hatyai,KA,Lower South - West,Mapped,Mapped,303452.0,34.0,1894.0,312.0,0.0,,,0.0,3.0,,0,0.16473072861668428,0.0,4.69,1.15,100,100,100.0,8.61,18.29,1327,Low,Investigate Booking Conversion,"Demand exists, but no booking is matched to the current check-in demand."
722,0.40901003294276783,0.41906015886319803,0.40901003294276783,0.5091451462376055,150.0,79.0,2026-08-04 23:18:39,The Regent Cha Am Beach Resort,12,0,,2026-08-13,27.73,Cha-am,KA,Lower South - West,Mapped,Mapped,320753.0,171.0,426.0,150.0,0.0,-0.1290201180632463,-0.1290201180632463,1.0,12.0,0.2027,1,0.352112676056338,0.0,4.95,5.76,100,100,100.0,9.75,18.28,1328,Low,Fix Internal Rate Parity,Our rate is more expensive than a comparable partner rate.
180822,0.3458329630392845,0.3458329630392845,0.3458329630392845,0.5095971303475555,24.0,24.0,2026-08-04 14:04:20,Zak Residence,4,0,,2026-08-04,24.41,Chiang Mai,KA,North,Mapped,Mapped,459963.0,321.0,896.0,24.0,0.0,,,0.0,0.0,,0,0.026785714285714284,0.0,7.1,10.81,100,100,100.0,11.68,18.26,1329,Low,Monitor,No immediate distribution issue requires action.
4886320,0.28354360341495943,0.32941024264710383,0.28354360341495943,0.5077443097412395,35.0,12.0,2026-08-04 22:34:47,Ampai Resort,21,0,,2026-08-05,23.5,Rayong,KA,Upper Isan - East,Mapped,Mapped,961485.0,11.0,1322.5,35.0,0.0,,,0.0,14.0,,0,0.026465028355387523,0.0,14.85,0.37,100,100,100.0,12.24,18.25,1330,Low,Monitor,No immediate distribution issue requires action.
181629,0.35186152239468277,0.3644040212547045,0.35186152239468277,0.5107926561062245,392.0,301.0,2026-08-04 19:05:32,Sakura Budget Hotel,51,1,2026-08-04 16:21:17,2026-08-05,29.24,Hatyai,KA,Lower South - West,Mapped,Mapped,207283.0,129.0,1894.0,392.0,0.0,0.1146182183333327,0.1204293887256573,3.0,6.0,,0,0.20696937697993664,0.0,3.2,4.34,100,100,100.0,8.75,18.25,1331,Low,Investigate Booking Conversion,"Demand exists, but no booking is matched to the current check-in demand."
43855,0.3811063666595595,0.39804270307051204,0.3811063666595595,0.5099450054355271,60.0,43.0,2026-08-04 14:04:20,Thara Cholapruek Resort,6,0,,2026-08-12,26.03,Nakhon Nayok,KA,Lower Isan - Central,Mapped,Mapped,640006.0,52.0,265.0,60.0,0.0,,,0.0,3.0,,0,0.22641509433962265,0.0,9.88,1.75,100,100,100.0,10.67,18.24,1332,Low,Investigate Booking Conversion,"Demand exists, but no booking is matched to the current check-in demand."
750,0.40406183988553096,0.4576132017789487,0.40406183988553096,0.510669901448908,398.0,163.0,2026-08-04 23:33:09,Riche Hua Hin Hotel,15,0,,2026-08-06,27.92,Hua Hin,KA,Lower South - West,Mapped,Mapped,486669.0,12.0,893.0,398.0,0.0,,,0.0,11.0,,0,0.44568868980963045,0.0,7.52,0.4,100,100,100.0,9.46,18.21,1333,Low,Investigate Booking Conversion,"Demand exists, but no booking is matched to the current check-in demand."
183478,0.3464917054092233,0.3464917054092233,0.3464917054092233,0.5088407529264689,51.0,51.0,2026-08-04 19:05:32,Eco Inn Prime Nakhon Si Thammarat,10,0,,2026-08-05,25.0,Nakhon Si Thammarat,LT,Lower South - West,Mapped,Not Live,20895.0,4.0,961.5,51.0,0.0,,,0.0,0.0,,0,0.0530421216848674,0.0,0.32,0.13,100,40,70.0,5.2,18.19,1334,Low,Activate Ctrip,"Ctrip connectivity exists, but the hotel is not live."
2009469,0.3970355214690926,0.4077363666517768,0.3970355214690926,0.5095035941250572,133.0,65.0,2026-08-04 22:51:02,Thanburi Hotel,25,8,2026-08-04 22:18:28,2026-08-17,28.48,Udon Thani,KA,Upper Isan - East,Mapped,Mapped,340778.0,76.0,872.0,133.0,0.0,0.1127173285770433,0.11443485306528234,2.0,8.0,,0,0.15252293577981652,0.0,5.26,2.56,100,100,100.0,9.09,18.19,1335,Low,Investigate Booking Conversion,"Demand exists, but no booking is matched to the current check-in demand."
1767,0.44660402127861176,0.5029231614468864,0.44660402127861176,0.5111040757438621,1031.0,480.0,2026-08-04 23:33:09,Ruean Phae Royal Park Hotel,12,3,2026-08-04 23:33:09,2026-08-05,29.54,Phitsanulok,KA,North,Mapped,Mapped,250150.0,56.0,1391.5,1031.0,0.0,,,0.0,8.0,,0,0.7409270571325908,0.0,3.86,1.89,100,100,100.0,8.41,18.18,1336,Low,Investigate Booking Conversion,"Demand exists, but no booking is matched to the current check-in demand."
183020,0.38382856183651404,0.45247520811937186,0.38382856183651404,0.5086241404528832,227.0,92.0,2026-08-04 21:34:17,Euro Boutique Hotel Chumphon,16,1,2026-08-04 21:34:17,2026-08-05,27.11,Chumphon,KA,Upper South,Mapped,Mapped,355620.0,173.0,714.5,227.0,0.0,,,0.0,18.0,,0,0.317704688593422,0.0,5.49,5.83,100,100,100.0,9.92,18.18,1337,Low,Investigate Booking Conversion,"Demand exists, but no booking is matched to the current check-in demand."
21414,0.33584049602905197,0.33584049602905197,0.33584049602905197,0.509121483568701,9.0,9.0,2026-08-04 14:04:20,The One Boutique Hotel,2,0,,2026-08-16,23.81,Satun,LT,Upper South,Mapped,Not Live,140448.0,4.0,32.0,9.0,0.0,,,0.0,2.0,,0,0.28125,0.0,2.17,0.13,100,40,70.0,5.89,18.18,1338,Low,Activate Ctrip,"Ctrip connectivity exists, but the hotel is not live."
5101068,0.3973023028491879,0.40044546929118247,0.3973023028491879,0.5017709475145071,130.0,69.0,2026-08-04 19:05:32,D Hut Resort Chiangmai,9,3,2026-08-04 19:05:32,2026-08-04,26.82,Chiang Mai,KA,North,Mapped,Mapped,505660.0,93.0,1208.0,130.0,0.0,,,0.0,0.0,,0,0.1076158940397351,0.0,7.81,3.13,100,100,100.0,10.21,18.17,1339,Low,Investigate Booking Conversion,"Demand exists, but no booking is matched to the current check-in demand."
63595,0.31909307309764096,0.3431250005009708,0.31909307309764096,0.5066248710895137,66.0,24.0,2026-08-04 21:34:17,Watthanasup Mansion,30,1,2026-08-04 12:38:07,2026-08-04,25.76,Suphan Buri,KA,Lower Isan - Central,Mapped,Mapped,691156.0,26.0,385.0,66.0,0.0,,,0.0,8.0,,0,0.17142857142857143,0.0,10.67,0.88,100,100,100.0,10.75,18.17,1340,Low,Monitor,No immediate distribution issue requires action.
75,0.31763363440262626,0.3499314292825344,0.31763363440262626,0.5070229335706655,478.0,144.0,2026-08-04 22:18:28,The Grand Sathorn Hotel,40,0,,2026-08-28,26.78,Bangkok,LT,BKK - Metro - Chon,Mapped,Mapped,345120.0,207.0,1984.5,478.0,0.0,,,0.0,22.0,,0,0.24086671705719326,0.0,5.33,6.97,100,100,100.0,10.11,18.16,1341,Low,Investigate Booking Conversion,"Demand exists, but no booking is matched to the current check-in demand."
4519925,0.36081662674533577,0.36081662674533577,0.36081662674533577,0.5098072689704802,82.0,82.0,2026-08-04 14:04:20,Good Vibes Resort,2,0,,2026-08-04,24.84,Phitsanulok,LT,North,Mapped,Not Live,23985.0,7.0,1163.0,82.0,0.0,,,0.0,0.0,,0,0.0705073086844368,0.0,0.37,0.24,100,40,70.0,5.22,18.16,1342,Low,Activate Ctrip,"Ctrip connectivity exists, but the hotel is not live."
4884916,0.3913769290220951,0.4173052927188159,0.3913769290220951,0.512964251533014,98.0,33.0,2026-08-04 16:21:17,NK Residence Sakon Nakhon,18,0,,2026-08-04,27.65,Sakon Nakhon,KA,Upper Isan - East,Mapped,Mapped,323859.0,141.0,440.0,98.0,0.0,0.159998412933622,0.159998412933622,1.0,3.0,,0,0.22272727272727272,0.0,5.0,4.75,100,100,100.0,9.46,18.15,1343,Low,Investigate Booking Conversion,"Demand exists, but no booking is matched to the current check-in demand."
2011510,0.40126349728429694,0.47000911288358177,0.40126349728429694,0.5091564450331926,123.0,52.0,2026-08-04 21:34:17,Amman Unique Hotel Udonthani,11,0,,2026-08-09,27.31,Udon Thani,KA,Upper Isan - East,Mapped,Mapped,338885.0,163.0,613.0,123.0,0.0,0.1865410180362531,0.191455204002398,2.0,12.0,-0.0,1,0.200652528548124,0.0,5.23,5.49,100,100,100.0,9.72,18.15,1344,Low,Investigate Booking Conversion,"Demand exists, but no booking is matched to the current check-in demand."
4863030,0.4092265934830536,0.46793380101748994,0.4092265934830536,0.509849624099809,1257.0,178.0,2026-08-04 23:33:09,Mandarin Eastville Pattaya,32,2,2026-08-04 13:52:08,2026-08-05,29.98,Pattaya,LT,BKK - Metro - Chon,Mapped,Mapped,214891.0,45.0,2288.0,1257.0,0.0,,,0.0,30.0,,0,0.5493881118881119,0.0,3.32,1.52,100,100,100.0,8.11,18.15,1345,Low,Investigate Booking Conversion,"Demand exists, but no booking is matched to the current check-in demand."
183500,0.39079331417740365,0.42056020281118167,0.39079331417740365,0.5085283141533387,269.0,104.0,2026-08-04 23:33:09,Mosstel Phitsanulok,44,5,2026-08-04 21:34:17,2026-08-06,30.05,Phitsanulok,LT,North,Mapped,Mapped,202545.0,52.0,993.5,269.0,0.0,0.0502981967073835,0.0692596503907517,2.0,5.0,,0,0.27075993960744843,0.0,3.13,1.75,100,100,100.0,8.1,18.15,1346,Low,Investigate Booking Conversion,"Demand exists, but no booking is matched to the current check-in demand."
65670,0.38069845403565616,0.38069845403565616,0.38069845403565616,0.5317261606915981,14.0,14.0,2026-08-04 14:04:20,Chaisaeng Villa Singburi,4,0,,2026-08-06,26.25,Sing Buri,KA,Lower Isan - Central,Mapped,Mapped,414446.0,143.0,170.0,14.0,0.0,,,0.0,0.0,,0,0.08235294117647059,0.0,6.4,4.82,100,100,100.0,9.9,18.14,1347,Low,Investigate Booking Conversion,"Demand exists, but no booking is matched to the current check-in demand."
4920991,0.3581859635715864,0.3581859635715864,0.3581859635715864,0.5067853369714115,10.0,10.0,2026-08-04 00:03:17,Golden Nest Hotel Suvarnabhumi,1,0,,2026-08-16,24.56,Bangkok,KA,BKK - Metro - Chon,Mapped,Mapped,454297.0,295.0,1723.0,10.0,0.0,,,0.0,1.0,0.136,1,0.005803830528148578,0.0,7.02,9.94,100,100,100.0,11.4,18.14,1348,Low,Review Agoda Rate Competitiveness,Agoda reports a price disadvantage; 0% is cheapest.
4806353,0.3425012260976535,0.39528560673134155,0.3425012260976535,0.5261553130768857,23.0,8.0,2026-08-04 19:05:32,Salee Boutique Hotel,19,0,,2026-08-04,26.03,Chiang Mai,KA,North,Mapped,Mapped,474468.0,126.0,1475.5,23.0,0.0,,,0.0,0.0,,0,0.015587936292782108,0.0,7.33,4.24,100,100,100.0,10.14,18.14,1349,Low,Investigate Booking Conversion,"Demand exists, but no booking is matched to the current check-in demand."
4885010,0.4422150146534056,0.4422150146534056,0.4422150146534056,0.5126366749800524,179.0,179.0,2026-08-04 16:21:17,Sann Boutique Hotel,6,1,2026-08-04 01:30:42,2026-08-04,28.56,Chiang Rai,KA,North,Mapped,Mapped,280729.0,100.0,865.5,179.0,0.0,,,0.0,0.0,,0,0.20681686886192951,0.0,4.34,3.37,100,100,100.0,8.89,18.14,1350,Low,Investigate Booking Conversion,"Demand exists, but no booking is matched to the current check-in demand."
2009631,0.34794082655810754,0.35976485681990267,0.34794082655810754,0.5089613096101299,84.0,61.0,2026-08-04 14:04:20,Rimnam Photharam Resort,8,0,,2026-08-05,24.88,Ratchaburi,LT,Lower South - West,Mapped,Not Live,20064.0,0.0,715.0,84.0,0.0,,,0.0,0.0,,0,0.11748251748251748,0.0,0.31,0.0,100,40,70.0,5.13,18.12,1351,Low,Activate Ctrip,"Ctrip connectivity exists, but the hotel is not live."
4922552,0.38515898219084355,0.4163355220571183,0.38515898219084355,0.5072021757354463,421.0,129.0,2026-08-04 22:34:47,YSW Hotel,31,2,2026-08-04 06:59:25,2026-08-06,28.62,Lop Buri,KA,Lower Isan - Central,Mapped,Mapped,268252.0,109.0,460.5,421.0,0.0,,,0.0,6.0,,0,0.9142236699239956,0.0,4.14,3.67,100,100,100.0,8.9,18.11,1352,Low,Investigate Booking Conversion,"Demand exists, but no booking is matched to the current check-in demand."
2005052,0.33533780736661634,0.33533780736661634,0.33533780736661634,0.5094884396236413,93.0,93.0,2026-08-04 05:30:02,The Choice Hotel - Adults Only,7,0,,2026-08-22,24.3,Bangkok,LT,BKK - Metro - Chon,Mapped,Not Live,47805.0,20.0,42.0,93.0,0.0,,,0.0,3.0,,0,2.2142857142857144,0.0,0.74,0.67,100,40,70.0,5.43,18.1,1353,Low,Activate Ctrip,"Ctrip connectivity exists, but the hotel is not live."
2009838,0.3468033563808033,0.3468033563808033,0.3468033563808033,0.5075103942890632,88.0,88.0,2026-08-04 22:03:21,Tawanchay Hotel Phatthalung,9,0,,2026-08-04,24.9,Phatthalung,LT,Lower South - West,Mapped,Not Live,16447.0,0.0,414.5,88.0,0.0,,,0.0,0.0,,0,0.21230398069963813,0.0,0.25,0.0,100,40,70.0,5.11,18.1,1354,Low,Activate Ctrip,"Ctrip connectivity exists, but the hotel is not live."
177830,0.3614093882786661,0.3614093882786661,0.3614093882786661,0.5058112797673213,99.0,99.0,2026-08-04 23:33:09,The Zeit Riverkwai,2,0,,2026-08-22,24.79,Kanchanaburi,LT,Lower South - West,Mapped,Not Live,33754.0,0.0,1.0,99.0,0.0,,,0.0,4.0,,0,99.0,0.0,0.52,0.0,100,40,70.0,5.22,18.1,1355,Low,Activate Ctrip,"Ctrip connectivity exists, but the hotel is not live."
183010,0.3833867888118843,0.3833867888118843,0.3833867888118843,0.5203644563887195,31.0,30.0,2026-08-04 23:33:09,Bunprasop Garden Hotel,5,1,2026-08-04 15:52:08,2026-08-04,26.23,Nakhon Si Thammarat,KA,Lower South - West,Mapped,Mapped,601815.0,12.0,799.5,31.0,0.0,,,0.0,0.0,,0,0.03877423389618512,0.0,9.29,0.4,100,100,100.0,10.01,18.08,1356,Low,Investigate Booking Conversion,"Demand exists, but no booking is matched to the current check-in demand."
2010656,0.3593647760662633,0.3751218248461857,0.3593647760662633,0.5074078310867656,149.0,70.0,2026-08-04 17:52:50,Wisdom Hotel and Residence,13,0,,2026-08-06,25.8,Rayong,KA,Upper Isan - East,Mapped,Mapped,605484.0,69.0,1716.0,149.0,0.0,,,0.0,30.0,,0,0.08682983682983683,0.0,9.35,2.32,100,100,100.0,10.53,18.08,1357,Low,Monitor,No immediate distribution issue requires action.
2010085,0.3707046917539157,0.3707046917539157,0.3707046917539157,0.5110130555456407,148.0,148.0,2026-08-04 16:06:46,Chic Living Hotel,8,1,2026-08-04 09:50:43,2026-08-04,25.85,Ubon Ratchathani,KA,Lower Isan - Central,Mapped,Mapped,627835.0,39.0,787.5,148.0,0.0,,,0.0,0.0,,0,0.18793650793650793,0.0,9.7,1.31,100,100,100.0,10.41,18.07,1358,Low,Monitor,No immediate distribution issue requires action.
4921121,0.3861974885864952,0.4394963357831207,0.3861974885864952,0.509558320045109,928.0,459.0,2026-08-04 23:33:09,Sleep hotel Chachoengsao,19,1,2026-08-04 19:05:32,2026-08-06,27.72,Chachoengsao,KA,Upper Isan - East,Mapped,Mapped,460209.0,20.0,831.5,928.0,0.0,,,0.0,1.0,,0,1.1160553217077571,0.0,7.11,0.67,100,100,100.0,9.3,18.06,1359,Low,Investigate Booking Conversion,"Demand exists, but no booking is matched to the current check-in demand."
137899,0.3962020543447307,0.39660123554923077,0.3962020543447307,0.511822301088364,843.0,604.0,2026-08-04 23:33:09,We Terminal Hotel,19,0,,2026-08-04,28.14,Chiang Mai,LT,North,Mapped,Mapped,251060.0,142.0,1475.5,843.0,0.0,,,0.0,0.0,,0,0.5713317519484921,0.0,3.88,4.78,100,100,100.0,9.0,18.06,1360,Low,Investigate Booking Conversion,"Demand exists, but no booking is matched to the current check-in demand."
4884980,0.35244785630666475,0.3724553966444006,0.35244785630666475,0.5080351267440488,89.0,23.0,2026-08-04 18:06:03,Baron Resort Sakaeo,30,2,2026-08-04 13:52:08,2026-08-06,27.13,Sa Kaeo,KA,Upper Isan - East,Mapped,Mapped,543753.0,6.0,463.5,89.0,0.0,,,0.0,0.0,,0,0.19201725997842503,0.0,8.4,0.2,100,100,100.0,9.69,18.06,1361,Low,Investigate Booking Conversion,"Demand exists, but no booking is matched to the current check-in demand."
4921129,0.4090139192980011,0.4394413132480029,0.4090139192980011,0.5072641573627528,507.0,201.0,2026-08-04 23:33:09,Wellington Hotel Prachuapkhirikhan,12,0,,2026-08-04,27.8,Prachuapkhirikhan,KA,Lower South - West,Mapped,Mapped,366437.0,85.0,893.0,507.0,0.0,,,0.0,0.0,,0,0.5677491601343785,0.0,5.66,2.86,100,100,100.0,9.25,18.04,1362,Low,Investigate Booking Conversion,"Demand exists, but no booking is matched to the current check-in demand."
63443,0.40548992866145595,0.4597095657763096,0.40548992866145595,0.5161557122696395,32.0,20.0,2026-08-04 20:47:47,The Y Boutique Hotel,4,0,,2026-08-05,26.93,Chiang Mai,KA,North,Mapped,Mapped,541420.0,2.0,1208.0,32.0,0.0,,,0.0,0.0,,0,0.026490066225165563,0.0,8.36,0.07,100,100,100.0,9.59,18.03,1363,Low,Investigate Booking Conversion,"Demand exists, but no booking is matched to the current check-in demand."
4962738,0.3248709189732294,0.34925664513710375,0.3248709189732294,0.5073997844526731,36.0,13.0,2026-08-04 11:51:06,Dubble DD Residence Resort,18,0,,2026-08-06,24.86,Kamphaeng Phet,KA,North,Mapped,Mapped,770974.0,7.0,448.0,36.0,0.0,,,0.0,0.0,,0,0.08035714285714286,0.0,11.91,0.24,100,100,100.0,11.0,18.03,1364,Low,Monitor,No immediate distribution issue requires action.
4887250,0.35121846207757246,0.36663451889436977,0.35121846207757246,0.49519381706203786,2517.0,1634.0,2026-08-04 20:33:04,The Garden Resort Lopburi,23,4,2026-08-04 20:33:04,2026-08-06,26.9,Lop Buri,KA,Lower Isan - Central,Mapped,Mapped,543810.0,41.0,460.5,2517.0,0.0,,,0.0,0.0,,0,5.465798045602606,0.0,8.4,1.38,100,100,100.0,9.99,18.02,1365,Low,Investigate Booking Conversion,"Demand exists, but no booking is matched to the current check-in demand."
4884071,0.31547478859636063,0.32242797824440467,0.31547478859636063,0.50887210284796,51.0,14.0,2026-08-04 11:51:06,Grand Maihom Hotel,10,0,,2026-08-31,23.76,Chiang Mai,KA,North,Mapped,Mapped,628615.0,198.0,17.5,51.0,0.0,,,0.0,5.0,,0,2.914285714285714,0.0,9.71,6.67,100,100,100.0,11.61,18.02,1366,Low,Monitor,No immediate distribution issue requires action.
4857747,0.437933501308642,0.437933501308642,0.437933501308642,0.5113975941553409,214.0,214.0,2026-08-04 04:15:26,Grand Forest,8,1,2026-08-04 04:15:26,2026-08-04,28.57,Chanthaburi,KA,Upper Isan - East,Mapped,Mapped,312749.0,54.0,1086.0,214.0,0.0,,,0.0,0.0,,0,0.19705340699815838,0.0,4.83,1.82,100,100,100.0,8.68,18.02,1367,Low,Investigate Booking Conversion,"Demand exists, but no booking is matched to the current check-in demand."
4884559,0.33436620645502513,0.33436620645502513,0.33436620645502513,0.514615511959313,32.0,32.0,2026-08-04 18:49:41,Chertam Le Marjestic,5,0,,2026-08-04,24.15,Lampang,LT,North,Mapped,Not Live,47298.0,5.0,941.0,32.0,0.0,,,0.0,0.0,,0,0.03400637619553666,0.0,0.73,0.17,100,40,70.0,5.25,18.01,1368,Low,Activate Ctrip,"Ctrip connectivity exists, but the hotel is not live."
4880985,0.3202216355536003,0.3503207263645215,0.3202216355536003,0.509616159547102,23.0,14.0,2026-08-04 14:04:20,Monte Maesot Hotel,5,0,,2026-08-15,23.48,Tak,KA,North,Mapped,Mapped,746973.0,122.0,3.0,23.0,0.0,,,0.0,6.0,,0,7.666666666666667,0.0,11.54,4.11,100,100,100.0,11.7,17.99,1369,Low,Monitor,No immediate distribution issue requires action.
4920346,0.3719943996361662,0.3719943996361662,0.3719943996361662,0.518192903587376,10.0,10.0,2026-08-04 10:02:48,Babaline Hotel Sisaket,4,0,,2026-08-04,25.63,Si Sa Ket,KA,Lower Isan - Central,Mapped,Mapped,646307.0,12.0,140.5,10.0,0.0,,,0.0,0.0,,0,0.0711743772241993,0.0,9.98,0.4,100,100,100.0,10.24,17.99,1370,Low,Monitor,No immediate distribution issue requires action.
182917,0.44686580490704286,0.4961661146363652,0.44686580490704286,0.5224262847167831,138.0,119.0,2026-08-04 19:05:32,Studio Residence Sukhumvit 71,7,1,2026-08-04 17:52:50,2026-08-05,29.03,Bangkok,KA,BKK - Metro - Chon,Mapped,Mapped,155972.0,110.0,2851.0,138.0,0.0,,,0.0,0.0,,0,0.04840406874780779,0.0,2.41,3.7,100,100,100.0,8.12,17.99,1371,Low,Investigate Booking Conversion,"Demand exists, but no booking is matched to the current check-in demand."
4937186,0.31930390899600647,0.3218200357302127,0.31930390899600647,0.5108525304279141,63.0,32.0,2026-08-04 23:18:39,Kinbox Estate,18,1,2026-08-04 21:34:17,2026-08-05,24.71,Samut Sakhon,KA,BKK - Metro - Chon,Mapped,Mapped,715826.0,46.0,572.0,63.0,0.0,,,0.0,0.0,,0,0.11013986013986014,0.0,11.06,1.55,100,100,100.0,10.94,17.99,1372,Low,Monitor,No immediate distribution issue requires action.
4948535,0.45072711453263004,0.48573106368390073,0.45072711453263004,0.5071863973383828,611.0,411.0,2026-08-04 20:33:04,Studio F Sukhumvit,13,2,2026-08-04 20:33:04,2026-08-09,29.59,Bangkok,LT,BKK - Metro - Chon,Mapped,Mapped,145342.0,96.0,2531.5,611.0,0.0,,,0.0,0.0,,0,0.24135887813549278,0.0,2.24,3.23,100,100,100.0,8.01,17.95,1373,Low,Investigate Booking Conversion,"Demand exists, but no booking is matched to the current check-in demand."
2000277,0.3273903530162194,0.3341904280126502,0.3273903530162194,0.5090933947788672,36.0,32.0,2026-08-04 23:33:09,Bang Wua Garden Resort,8,0,,2026-08-07,24.05,Chachoengsao,KA,Upper Isan - East,Mapped,Mapped,474344.0,278.0,390.0,36.0,0.0,0.3556696292626611,0.3556696292626611,1.0,2.0,,0,0.09230769230769231,0.0,7.33,9.36,100,100,100.0,11.28,17.95,1374,Low,Monitor,No immediate distribution issue requires action.
43657,0.4415227666144479,0.45767100564326096,0.4415227666144479,0.5115567315866272,2638.0,1416.0,2026-08-04 16:21:17,Saraburi Garden Resort,11,3,2026-08-04 16:06:46,2026-08-04,29.74,Saraburi,KA,Lower Isan - Central,Mapped,Mapped,113769.0,92.0,522.5,2638.0,0.0,,,0.0,0.0,,0,5.048803827751196,0.0,1.76,3.1,100,100,100.0,7.76,17.92,1375,Low,Investigate Booking Conversion,"Demand exists, but no booking is matched to the current check-in demand."
4921112,0.30396521203899063,0.3393836339847087,0.30396521203899063,0.5073344092507515,125.0,104.0,2026-08-04 23:03:24,N24 Chonburi,25,0,,2026-08-05,24.71,Chonburi,KA,BKK - Metro - Chon,Mapped,Mapped,593467.0,132.0,1645.0,125.0,0.0,,,0.0,1.0,,0,0.07598784194528875,0.0,9.17,4.45,100,100,100.0,10.86,17.92,1376,Low,Monitor,No immediate distribution issue requires action.
65458,0.3844488787556677,0.384702997260618,0.3844488787556677,0.511641941572179,49.0,26.0,2026-08-04 23:33:09,Charoenchit House Khon Kaen,2,0,,2026-08-10,25.82,Khon Kaen,KA,Upper Isan - East,Mapped,Mapped,290861.0,267.0,892.5,49.0,0.0,0.1770745582846994,0.1770745582846994,1.0,2.0,,0,0.054901960784313725,0.0,4.49,8.99,100,100,100.0,10.11,17.92,1377,Low,Monitor,No immediate distribution issue requires action.
177848,0.3603889764507836,0.38011529498456376,0.3603889764507836,0.5158050907548499,41.0,35.0,2026-08-04 22:34:47,Good Morning Hotel at Takuapa,13,0,,2026-08-04,25.98,Phang Nga,KA,Upper South,Mapped,Mapped,453385.0,120.0,866.0,41.0,0.0,0.1109346387981808,0.2416326937674087,2.0,3.0,,0,0.04734411085450346,0.0,7.0,4.04,100,100,100.0,9.91,17.91,1378,Low,Investigate Booking Conversion,"Demand exists, but no booking is matched to the current check-in demand."
63414,0.3469603273216767,0.3469603273216767,0.3469603273216767,0.5223172114350844,19.0,19.0,2026-08-04 23:33:09,The Crystal Hotel Buriram,7,0,,2026-08-09,24.99,Buriram,KA,Lower Isan - Central,Mapped,Mapped,473624.0,171.0,327.0,19.0,0.0,,,0.0,0.0,,0,0.0581039755351682,0.0,7.31,5.76,100,100,100.0,10.38,17.91,1379,Low,Monitor,No immediate distribution issue requires action.
181573,0.35668363299222755,0.3705751390729436,0.35668363299222755,0.5261550011090912,23.0,9.0,2026-08-04 22:03:21,The Siri Place Udonthani,18,0,,2026-08-16,26.5,Udon Thani,KA,Upper Isan - East,Mapped,Mapped,356613.0,125.0,950.0,23.0,0.0,,,0.0,18.0,,0,0.024210526315789474,0.0,5.51,4.21,100,100,100.0,9.32,17.87,1380,Low,Investigate Booking Conversion,"Demand exists, but no booking is matched to the current check-in demand."
63626,0.4163744547736007,0.4424155454100575,0.4163744547736007,0.5081711358711893,88.0,51.0,2026-08-04 16:06:46,Baan Phor Phan Hotel,16,2,2026-08-04 16:06:46,2026-08-08,28.36,Khon Kaen,KA,Upper Isan - East,Mapped,Mapped,227951.0,110.0,536.5,88.0,0.0,,,0.0,0.0,0.3247,2,0.16402609506057783,0.0,3.52,3.7,100,100,100.0,8.54,17.86,1381,Low,Review Agoda Rate Competitiveness,Agoda reports a price disadvantage; 0% is cheapest.
43952,0.38556474705273686,0.3873470169542394,0.38556474705273686,0.5090333470820643,628.0,350.0,2026-08-04 09:02:00,Bluehouse Boutique Hotel,10,1,2026-08-04 07:59:49,2026-08-05,26.74,Chanthaburi,KA,Upper Isan - East,Mapped,Mapped,382266.0,119.0,1086.0,628.0,0.0,,,0.0,0.0,,0,0.578268876611418,0.0,5.9,4.01,100,100,100.0,9.5,17.86,1382,Low,Investigate Booking Conversion,"Demand exists, but no booking is matched to the current check-in demand."
1770,0.3750972442263515,0.39174353209726553,0.3750972442263515,0.514251962644629,407.0,190.0,2026-08-04 21:48:56,Grand Riverside Hotel Phitsanulok,38,1,2026-08-04 00:03:17,2026-08-05,29.01,Phitsanulok,LT,North,Mapped,Mapped,239344.0,37.0,1391.5,407.0,0.0,0.0396985098090683,0.0396985098090683,1.0,3.0,,0,0.2924901185770751,0.0,3.7,1.25,100,100,100.0,8.03,17.86,1383,Low,Investigate Booking Conversion,"Demand exists, but no booking is matched to the current check-in demand."
4516608,0.34771256474755236,0.49818545621003735,0.34771256474755236,0.5098724698912442,318.0,268.0,2026-08-04 23:33:09,Suanmaithara Resort and Spa,14,0,,2026-08-06,25.53,Chachoengsao,KA,Upper Isan - East,Mapped,Mapped,409225.0,189.0,689.5,318.0,0.0,0.0528081985294508,0.0528081985294508,1.0,6.0,,0,0.4612037708484409,0.0,6.32,6.37,100,100,100.0,10.18,17.85,1384,Low,Monitor,No immediate distribution issue requires action.
63599,0.3400203921843546,0.3400203921843546,0.3400203921843546,0.5047369031044661,11.0,11.0,2026-08-04 13:52:08,Korat Resort Hotel,3,0,,2026-08-04,23.98,Nakhonratchasima,LT,Lower Isan - Central,Mapped,Not Live,50721.0,4.0,1319.0,11.0,0.0,,,0.0,0.0,,0,0.008339651250947688,0.0,0.78,0.13,100,40,70.0,5.22,17.85,1385,Low,Activate Ctrip,"Ctrip connectivity exists, but the hotel is not live."
43630,0.42951204790250574,0.42951204790250574,0.42951204790250574,0.5114165312957258,86.0,86.0,2026-08-04 18:36:27,Tanisa Resort,7,0,,2026-08-05,28.1,Chumphon,KA,Upper South,Mapped,Mapped,316740.0,52.0,714.5,86.0,0.0,,,0.0,0.0,,0,0.12036389083275018,0.0,4.89,1.75,100,100,100.0,8.59,17.84,1386,Low,Investigate Booking Conversion,"Demand exists, but no booking is matched to the current check-in demand."
2009936,0.4031355197303776,0.41531358730882506,0.4031355197303776,0.5038694273204736,1023.0,229.0,2026-08-04 20:47:47,The Royal P Phuket,36,5,2026-08-04 19:05:32,2026-08-05,29.93,Phuket,LT,Upper South,Mapped,Mapped,151594.0,48.0,1544.0,1023.0,0.0,,,0.0,0.0,,0,0.6625647668393783,0.0,2.34,1.62,100,100,100.0,7.64,17.84,1387,Low,Investigate Booking Conversion,"Demand exists, but no booking is matched to the current check-in demand."
181542,0.4447748523835213,0.4447748523835213,0.4447748523835213,0.5116138738806632,228.0,228.0,2026-08-04 23:33:09,Satun Boutique Resort,10,1,2026-08-04 22:18:28,2026-08-04,29.04,Satun,KA,Upper South,Mapped,Mapped,187205.0,77.0,315.0,228.0,0.0,,,0.0,0.0,,0,0.7238095238095238,0.0,2.89,2.59,100,100,100.0,8.03,17.84,1388,Low,Investigate Booking Conversion,"Demand exists, but no booking is matched to the current check-in demand."
80,0.4544268336600688,0.45585612593743197,0.4544268336600688,0.513143534081314,270.0,142.0,2026-08-04 18:21:46,iCheck inn Residence Sathorn,10,1,2026-08-04 17:52:50,2026-08-07,29.47,Bangkok,LT,BKK - Metro - Chon,Mapped,Mapped,189043.0,35.0,1780.0,270.0,0.0,,,0.0,0.0,,0,0.15168539325842698,0.0,2.92,1.18,100,100,100.0,7.71,17.83,1389,Low,Investigate Booking Conversion,"Demand exists, but no booking is matched to the current check-in demand."
3334,0.3657295486867377,0.3777645647577919,0.3657295486867377,0.508204456646653,145.0,39.0,2026-08-04 12:51:31,111 Resort and Spa,26,3,2026-08-04 11:51:06,2026-08-13,27.3,Chainat,KA,Lower Isan - Central,Mapped,Mapped,421256.0,39.0,102.0,145.0,0.0,0.0789159142652281,0.0790580503331266,3.0,3.0,,0,1.4215686274509804,0.0,6.51,1.31,100,100,100.0,9.11,17.83,1390,Low,Investigate Booking Conversion,"Demand exists, but no booking is matched to the current check-in demand."
181436,0.3173878378095391,0.3173878378095391,0.3173878378095391,0.5196216627536048,6.0,6.0,2026-08-04 19:05:32,Cbd2 Hotel Suratthani,6,0,,2026-08-04,23.66,Surat Thani,KA,Upper South,Mapped,Mapped,418054.0,304.0,1083.5,6.0,0.0,,,0.0,0.0,,0,0.0055376095985233045,0.0,6.46,10.24,100,100,100.0,11.03,17.81,1391,Low,Monitor,No immediate distribution issue requires action.
152936,0.373321099302679,0.3835733653974364,0.373321099302679,0.5068334458265471,420.0,145.0,2026-08-04 23:33:09,The Terminal Khon Kaen Hotel,30,1,2026-08-04 18:21:46,2026-08-09,28.04,Khon Kaen,KA,Upper Isan - East,Mapped,Mapped,225260.0,129.0,1122.0,420.0,0.0,,,0.0,2.0,,0,0.37433155080213903,0.0,3.48,4.34,100,100,100.0,8.65,17.81,1392,Low,Investigate Booking Conversion,"Demand exists, but no booking is matched to the current check-in demand."
183075,0.33298928404837913,0.3745676087563064,0.33298928404837913,0.5117812559433487,1306.0,320.0,2026-08-04 23:33:09,ATM Service Apartment Yala,29,0,,2026-08-17,26.7,Yala,KA,Lower South - West,Mapped,Mapped,270932.0,191.0,2.0,1306.0,1.0,,,0.0,4.0,,0,653.0,0.0007656967840735069,4.18,6.43,100,100,100.0,9.36,17.81,1393,Low,Monitor,No immediate distribution issue requires action.
5102330,0.4673755081397549,0.5051389658931659,0.4673755081397549,0.5109367454834519,1320.0,692.0,2026-08-04 04:15:26,IMPRESS Hotel HUAI Khwang,20,1,2026-08-04 04:15:26,2026-08-06,31.21,Bangkok,LT,BKK - Metro - Chon,Mapped,Mapped,25901.0,21.0,2851.0,1320.0,0.0,,,0.0,0.0,,0,0.4629954401964223,0.0,0.4,0.71,100,100,100.0,6.66,17.8,1394,Low,Investigate Booking Conversion,"Demand exists, but no booking is matched to the current check-in demand."
4921233,0.3825479932794134,0.3825479932794134,0.3825479932794134,0.521650985473658,7.0,7.0,2026-08-04 16:21:17,Mali House Sakon Nakhon,4,0,,2026-08-07,26.12,Sakon Nakhon,KA,Upper Isan - East,Mapped,Mapped,537951.0,11.0,440.0,7.0,0.0,,,0.0,0.0,,0,0.015909090909090907,0.0,8.31,0.37,100,100,100.0,9.49,17.8,1395,Low,Investigate Booking Conversion,"Demand exists, but no booking is matched to the current check-in demand."
2000282,0.33220029076297153,0.33220029076297153,0.33220029076297153,0.5068227131538489,7.0,7.0,2026-08-04 16:21:17,VIB Best Western Sanam Pao,4,0,,2026-08-09,23.81,Bangkok,LT,BKK - Metro - Chon,Mapped,Not Live,48912.0,4.0,1786.5,7.0,0.0,,,0.0,0.0,,0,0.003918275958578225,0.0,0.76,0.13,100,40,70.0,5.18,17.8,1396,Low,Activate Ctrip,"Ctrip connectivity exists, but the hotel is not live."
63836,0.38378563661398657,0.4317062609415078,0.38378563661398657,0.5112158481970002,68.0,38.0,2026-08-04 23:33:09,Neca Complex Apartment,13,1,2026-08-04 22:03:21,2026-08-07,26.83,Hatyai,KA,Lower South - West,Mapped,Mapped,452791.0,38.0,662.0,68.0,0.0,,,0.0,3.0,,0,0.1027190332326284,0.0,6.99,1.28,100,100,100.0,9.24,17.78,1397,Low,Investigate Booking Conversion,"Demand exists, but no booking is matched to the current check-in demand."
2012150,0.3897304925160405,0.40692773305910757,0.3897304925160405,0.5106212774069634,1126.0,734.0,2026-08-04 20:33:04,The C hotel Amnatcharoen,25,7,2026-08-04 18:49:41,2026-08-05,28.51,Amnart Charoen,KA,Lower Isan - Central,Mapped,Mapped,289946.0,30.0,73.0,1126.0,0.0,,,0.0,0.0,,0,15.424657534246576,0.0,4.48,1.01,100,100,100.0,8.25,17.78,1398,Low,Investigate Booking Conversion,"Demand exists, but no booking is matched to the current check-in demand."
4933118,0.3427555883396121,0.3758768767838351,0.3427555883396121,0.5102482601775953,57.0,27.0,2026-08-04 23:33:09,Marble Arch De Loei Hotel,19,0,,2026-08-06,25.73,Loei,KA,Upper Isan - East,Mapped,Mapped,512879.0,81.0,377.0,57.0,0.0,0.1035935245977991,0.1035935245977991,1.0,6.0,,0,0.15119363395225463,0.0,7.92,2.73,100,100,100.0,9.93,17.78,1399,Low,Monitor,No immediate distribution issue requires action.
4543013,0.30746926223457866,0.3671457675201266,0.30746926223457866,0.5114608775826367,60.0,16.0,2026-08-04 23:33:09,Chokphaiboon Apartment Pattani,42,0,,2026-08-06,26.53,Pattani,KA,Lower South - West,Mapped,Mapped,427639.0,78.0,78.0,60.0,0.0,,,0.0,1.0,,0,0.7692307692307693,0.0,6.6,2.63,100,100,100.0,9.4,17.77,1400,Low,Investigate Booking Conversion,"Demand exists, but no booking is matched to the current check-in demand."
4606472,0.42394527782284874,0.4523633507433037,0.42394527782284874,0.5157981549534054,268.0,152.0,2026-08-04 18:36:27,Three Bays Resort,8,0,,2026-08-08,28.11,Prachuapkhirikhan,KA,Lower South - West,Mapped,Mapped,247312.0,78.0,828.0,268.0,0.0,,,0.0,0.0,,0,0.32367149758454106,0.0,3.82,2.63,100,100,100.0,8.32,17.75,1401,Low,Investigate Booking Conversion,"Demand exists, but no booking is matched to the current check-in demand."
764,0.42741744179767205,0.4590074463168042,0.42741744179767205,0.5108101317524005,3958.0,1593.0,2026-08-04 18:36:27,Huahin Grand Hotel & Plaza,32,5,2026-08-04 17:52:50,2026-08-05,31.55,Hua Hin,LT,Lower South - West,Mapped,Mapped,4239.0,0.0,893.0,3958.0,0.0,,,0.0,0.0,0.2884,2,4.432250839865621,0.0,0.07,0.0,100,100,100.0,6.35,17.75,1402,Low,Review Agoda Rate Competitiveness,Agoda reports a price disadvantage; 0% is cheapest.
1385,0.4193942600746085,0.4599921613899735,0.4193942600746085,0.5124938310121575,360.0,66.0,2026-08-04 14:04:20,The Imperial Hotel and Convention Centre Korat,27,5,2026-08-04 12:51:31,2026-08-06,29.69,Nakhonratchasima,LT,Lower Isan - Central,Mapped,Mapped,169701.0,18.0,1179.0,360.0,0.0,,,0.0,15.0,,0,0.3053435114503817,0.0,2.62,0.61,100,100,100.0,7.43,17.75,1403,Low,Investigate Booking Conversion,"Demand exists, but no booking is matched to the current check-in demand."
2007119,0.39470158235362046,0.4808463179557877,0.39470158235362046,0.511061751132657,197.0,67.0,2026-08-04 23:33:09,Chateau de bear Nakhonsawan,13,0,,2026-08-12,27.3,Nakhon Sawan,KA,North,Mapped,Mapped,294393.0,116.0,96.0,197.0,0.0,,,0.0,4.0,,0,2.0520833333333335,0.0,4.55,3.91,100,100,100.0,8.91,17.75,1404,Low,Investigate Booking Conversion,"Demand exists, but no booking is matched to the current check-in demand."
2010817,0.3472529358091466,0.42435962880984296,0.3472529358091466,0.5101623753580151,95.0,37.0,2026-08-04 22:03:21,Tarnsiri Boutique Resort,17,1,2026-08-04 09:50:43,2026-08-05,25.73,Kanchanaburi,KA,Lower South - West,Mapped,Mapped,397736.0,162.0,762.0,95.0,0.0,,,0.0,14.0,,0,0.12467191601049869,0.0,6.14,5.46,100,100,100.0,9.85,17.75,1405,Low,Monitor,No immediate distribution issue requires action.
63445,0.3418094870467654,0.43481143001776906,0.3418094870467654,0.5101350150167193,347.0,96.0,2026-08-04 16:21:17,Rittiboon Vintage,37,2,2026-08-04 03:43:58,2026-08-11,27.49,Phrae,KA,North,Mapped,Mapped,304821.0,91.0,429.0,347.0,0.0,,,0.0,8.0,,0,0.8088578088578089,0.0,4.71,3.07,100,100,100.0,8.77,17.74,1406,Low,Investigate Booking Conversion,"Demand exists, but no booking is matched to the current check-in demand."
2011319,0.46774395713539024,0.46774395713539024,0.46774395713539024,0.5127063091744747,28.0,28.0,2026-08-04 16:21:17,Hiso Potato Resort,3,1,2026-08-04 15:52:08,2026-08-16,29.26,Phra Nakhon Si Ayutthaya,KA,Lower Isan - Central,Mapped,Mapped,117044.0,91.0,132.0,28.0,0.0,0.0700419706209591,0.0700419706209591,1.0,2.0,,0,0.21212121212121213,0.0,1.81,3.07,100,100,100.0,7.68,17.74,1407,Low,Investigate Booking Conversion,"Demand exists, but no booking is matched to the current check-in demand."
4697656,0.4116329546525904,0.4315152164477837,0.4116329546525904,0.5097546812805477,253.0,91.0,2026-08-04 23:33:09,Kun Hostel,28,3,2026-08-04 21:48:56,2026-08-15,29.39,Nakhonratchasima,KA,Lower Isan - Central,Mapped,Mapped,88165.0,105.0,848.0,253.0,1.0,0.0065299128428651,0.27032846316642434,4.0,8.0,,0,0.2983490566037736,0.003952569169960474,1.36,3.54,100,100,100.0,7.62,17.72,1408,Low,Monitor,No immediate distribution issue requires action.
43663,0.39654814965311663,0.39654814965311663,0.39654814965311663,0.511275688584428,192.0,192.0,2026-08-04 18:06:03,The Capital Hotel,3,0,,2026-08-05,26.43,Roi Et,KA,Lower Isan - Central,Mapped,Mapped,372339.0,119.0,659.0,192.0,0.0,,,0.0,0.0,,0,0.291350531107739,0.0,5.75,4.01,100,100,100.0,9.36,17.72,1409,Low,Investigate Booking Conversion,"Demand exists, but no booking is matched to the current check-in demand."
63634,0.4240432986635452,0.4342086003447341,0.4240432986635452,0.5117967556956345,838.0,433.0,2026-08-04 18:49:41,The Farm House Hotel,20,0,,2026-08-15,29.35,Ranong,KA,Upper South,Mapped,Mapped,152452.0,55.0,229.0,838.0,1.0,0.2718579602949788,0.28335098827492067,2.0,7.0,-0.0,2,3.6593886462882095,0.0011933174224343676,2.35,1.85,100,100,100.0,7.6,17.72,1410,Low,Monitor,No immediate distribution issue requires action.
4543160,0.38190322126379433,0.38190322126379433,0.38190322126379433,0.5162946302219235,8.0,8.0,2026-08-04 13:52:08,Sitthinard Grandview Hotel,3,0,,2026-08-04,25.89,Phatthalung,KA,Lower South - West,Mapped,Mapped,351482.0,161.0,414.5,8.0,0.0,,,0.0,0.0,,0,0.019300361881785282,0.0,5.43,5.42,100,100,100.0,9.52,17.69,1411,Low,Monitor,No immediate distribution issue requires action.
4920368,0.4107564464220089,0.41470655700969694,0.4107564464220089,0.5153095018226537,140.0,72.0,2026-08-04 12:51:31,A Day Hotel Roiet,8,2,2026-08-04 12:38:07,2026-08-12,27.54,Roi Et,KA,Lower Isan - Central,Mapped,Mapped,309460.0,62.0,54.0,140.0,0.0,0.170733100133559,0.17496135342434865,2.0,4.0,,0,2.5925925925925926,0.0,4.78,2.09,100,100,100.0,8.52,17.68,1412,Low,Investigate Booking Conversion,"Demand exists, but no booking is matched to the current check-in demand."
4920985,0.34161249695134627,0.34161249695134627,0.34161249695134627,0.5065315661369729,24.0,24.0,2026-08-04 21:48:56,Calinton Hotel,4,0,,2026-08-18,24.18,Udon Thani,KA,Upper Isan - East,Mapped,Mapped,551140.0,162.0,328.0,24.0,0.0,,,0.0,3.0,,0,0.07317073170731707,0.0,8.51,5.46,100,100,100.0,10.73,17.68,1413,Low,Monitor,No immediate distribution issue requires action.
391,0.3181793486760242,0.3181793486760242,0.3181793486760242,0.5103678643522509,27.0,27.0,2026-08-04 18:49:41,Shanghai Mansion Bangkok,5,0,,2026-09-01,23.42,Bangkok,LT,BKK - Metro - Chon,Mapped,Not Live,34621.0,13.0,73.5,27.0,0.0,,,0.0,9.0,,0,0.3673469387755102,0.0,0.53,0.44,100,40,70.0,5.08,17.67,1414,Low,Activate Ctrip,"Ctrip connectivity exists, but the hotel is not live."
5102038,0.3772031525882671,0.44787891290965565,0.3772031525882671,0.5095751184263368,499.0,158.0,2026-08-04 23:33:09,DAY & NIGHT HOTEL,22,3,2026-08-04 23:18:39,2026-08-06,27.52,Roi Et,KA,Lower Isan - Central,Mapped,Mapped,282813.0,94.0,460.0,499.0,1.0,,,0.0,6.0,0.044,1,1.0847826086956522,0.002004008016032064,4.37,3.17,100,100,100.0,8.64,17.67,1415,Low,Review Agoda Rate Competitiveness,Agoda reports a price disadvantage; 0% is cheapest.
43642,0.30989047174466566,0.3367671806256407,0.30989047174466566,0.507433122063297,33.0,8.0,2026-08-04 22:51:02,Grand Charoonrat Hotel,23,0,,2026-08-11,24.73,Saraburi,KA,Lower Isan - Central,Mapped,Mapped,414206.0,217.0,568.5,33.0,0.0,,,0.0,2.0,,0,0.05804749340369393,0.0,6.4,7.31,100,100,100.0,10.34,17.66,1416,Low,Monitor,No immediate distribution issue requires action.
4935476,0.3142775212198453,0.33975672280308583,0.3142775212198453,0.5071764794353317,35.0,20.0,2026-08-04 20:47:47,Bluegelato House & Hostel,8,0,,2026-08-05,23.48,Koh Tao,LT,Upper South,Mapped,Not Live,51018.0,0.0,1283.5,35.0,0.0,,,0.0,0.0,,0,0.027269185820023373,0.0,0.79,0.0,100,40,70.0,5.09,17.66,1417,Low,Activate Ctrip,"Ctrip connectivity exists, but the hotel is not live."
182886,0.4280244659601727,0.4280244659601727,0.4280244659601727,0.5085976703584089,85.0,85.0,2026-08-04 20:47:47,Je T'aime Trang,6,0,,2026-08-04,27.89,Trang,KA,Upper South,Mapped,Mapped,283835.0,64.0,623.0,85.0,0.0,-0.1098952746773717,-0.1098952746773717,1.0,3.0,,0,0.13643659711075443,0.0,4.38,2.16,100,100,100.0,8.42,17.66,1418,Low,Fix Internal Rate Parity,Our rate is more expensive than a comparable partner rate.
4896886,0.30117643461722393,0.33216317960466024,0.30117643461722393,0.5083410404157013,100.0,70.0,2026-08-04 22:18:28,Baan Thamthong Lamnarai Resort,35,1,2026-08-04 22:18:28,2026-08-04,25.56,Lop Buri,KA,Lower Isan - Central,Mapped,Mapped,538619.0,50.0,460.5,100.0,0.0,,,0.0,3.0,,0,0.21715526601520088,0.0,8.32,1.68,100,100,100.0,9.78,17.64,1419,Low,Monitor,No immediate distribution issue requires action.
25140,0.42511441069320915,0.4347098008157272,0.42511441069320915,0.510358435502005,300.0,171.0,2026-08-04 16:21:17,Amorn Sukhothai Hotel,8,0,,2026-08-05,28.06,Sukhothai,KA,North,Mapped,Mapped,188028.0,116.0,222.0,300.0,0.0,,,0.0,0.0,,0,1.3513513513513513,0.0,2.9,3.91,100,100,100.0,8.24,17.64,1420,Low,Investigate Booking Conversion,"Demand exists, but no booking is matched to the current check-in demand."
2011654,0.39704002504711505,0.41418083164318353,0.39704002504711505,0.5080810249393246,353.0,231.0,2026-08-04 14:04:20,Purada Mansion,12,2,2026-08-04 04:15:26,2026-08-08,27.29,Chonburi,KA,BKK - Metro - Chon,Mapped,Mapped,259290.0,125.0,1645.0,353.0,0.0,,,0.0,0.0,,0,0.21458966565349544,0.0,4.0,4.21,100,100,100.0,8.72,17.63,1421,Low,Investigate Booking Conversion,"Demand exists, but no booking is matched to the current check-in demand."
4543026,0.3835806382369578,0.40900731798021334,0.3835806382369578,0.5197677553392023,70.0,31.0,2026-08-04 17:52:50,K2 Living Hotel Uttaradit,15,3,2026-08-04 08:30:09,2026-08-09,27.18,Uttaradit,KA,North,Mapped,Mapped,345328.0,46.0,166.0,70.0,0.0,,,0.0,0.0,,0,0.42168674698795183,0.0,5.33,1.55,100,100,100.0,8.57,17.63,1422,Low,Investigate Booking Conversion,"Demand exists, but no booking is matched to the current check-in demand."
4920618,0.45852123049104593,0.4593185427339553,0.45852123049104593,0.5124861605674145,220.0,123.0,2026-08-04 14:04:20,Sinsiri Hostel,6,2,2026-08-04 12:51:31,2026-08-05,29.23,Roi Et,KA,Lower Isan - Central,Mapped,Mapped,169650.0,32.0,659.0,220.0,0.0,,,0.0,0.0,,0,0.3338391502276176,0.0,2.62,1.08,100,100,100.0,7.48,17.63,1423,Low,Investigate Booking Conversion,"Demand exists, but no booking is matched to the current check-in demand."
2000293,0.32387260039755855,0.366535174777419,0.32387260039755855,0.524536896205602,51.0,17.0,2026-08-04 22:03:21,The Target Residence and Resort,40,1,2026-08-04 16:21:17,2026-08-09,27.25,Chiang Rai,KA,North,Mapped,Mapped,277389.0,82.0,880.5,51.0,1.0,,,0.0,13.0,,0,0.05792163543441227,0.0196078431372549,4.28,2.76,100,100,100.0,8.42,17.63,1424,Low,Monitor,No immediate distribution issue requires action.
181556,0.45249907726064775,0.45249907726064775,0.45249907726064775,0.517730191378724,150.0,150.0,2026-08-04 16:21:17,Sunee Boutique Hotel,4,0,,2026-08-04,28.88,Uttaradit,KA,North,Mapped,Mapped,152383.0,60.0,105.0,150.0,0.0,,,0.0,0.0,,0,1.4285714285714286,0.0,2.35,2.02,100,100,100.0,7.56,17.62,1425,Low,Investigate Booking Conversion,"Demand exists, but no booking is matched to the current check-in demand."
65437,0.473172475546983,0.4770607331012317,0.473172475546983,0.5168049354729435,150.0,57.0,2026-08-04 13:52:08,ABM Service Residence,9,0,,2026-08-14,30.16,Nakhonratchasima,LT,Lower Isan - Central,Mapped,Mapped,81987.0,12.0,848.0,150.0,0.0,0.0630413531928885,0.13235863191255232,2.0,9.0,0.1606,1,0.17688679245283018,0.0,1.27,0.4,100,100,100.0,6.79,17.61,1426,Low,Review Agoda Rate Competitiveness,Agoda reports a price disadvantage; 0% is cheapest.
2005587,0.3035165489434931,0.3056366301369715,0.3035165489434931,0.5081215253586053,28.0,15.0,2026-08-04 16:21:17,Dwella Suvarnabhumi Hotel,8,0,,2026-08-27,23.07,Samut Prakan,LT,BKK - Metro - Chon,Mapped,Not Live,76048.0,0.0,25.5,28.0,0.0,,,0.0,4.0,,0,1.0980392156862746,0.0,1.17,0.0,100,40,70.0,5.2,17.6,1427,Low,Activate Ctrip,"Ctrip connectivity exists, but the hotel is not live."
4863481,0.39157451314421904,0.3969799873614339,0.39157451314421904,0.508162894051599,298.0,150.0,2026-08-04 14:04:20,Ocean Gold Card Ayutthaya,9,1,2026-08-04 10:02:48,2026-08-15,26.77,Phra Nakhon Si Ayutthaya,KA,Lower Isan - Central,Mapped,Mapped,320279.0,110.0,675.5,298.0,0.0,0.061613406311774,0.061613406311774,1.0,3.0,-0.0,1,0.4411547002220577,0.0,4.95,3.7,100,100,100.0,8.94,17.58,1428,Low,Investigate Booking Conversion,"Demand exists, but no booking is matched to the current check-in demand."
63449,0.41972268890364967,0.41972268890364967,0.41972268890364967,0.5211735672814299,20.0,20.0,2026-08-04 12:51:31,FIG Boutique Hotel,4,2,2026-08-04 11:51:06,2026-08-04,27.6,Amphawa,KA,Lower South - West,Mapped,Mapped,249178.0,73.0,448.0,20.0,0.0,,,0.0,0.0,,0,0.044642857142857144,0.0,3.85,2.46,100,100,100.0,8.18,17.58,1429,Low,Investigate Booking Conversion,"Demand exists, but no booking is matched to the current check-in demand."
63394,0.3348436857805191,0.3348436857805191,0.3348436857805191,0.5175295054649921,2.0,2.0,2026-08-04 00:03:17,The Pino Hotel Pakchong,1,0,,2026-08-03,23.84,Khaoyai,KA,Lower Isan - Central,Mapped,Mapped,742455.0,1.0,44.0,2.0,0.0,,,0.0,0.0,,0,0.045454545454545456,0.0,11.47,0.03,100,100,100.0,10.51,17.58,1430,Low,Monitor,No immediate distribution issue requires action.
2000063,0.38267266023630564,0.4315672007541931,0.38267266023630564,0.5100381598336815,320.0,122.0,2026-08-04 20:47:47,Tanatnan Hotel,28,0,,2026-08-05,28.26,Ranong,KA,Upper South,Mapped,Mapped,294513.0,5.0,430.0,320.0,0.0,,,0.0,9.0,,0,0.7441860465116279,0.0,4.55,0.17,100,100,100.0,7.98,17.57,1431,Low,Investigate Booking Conversion,"Demand exists, but no booking is matched to the current check-in demand."
1772,0.43519285073810526,0.43972071671102037,0.43519285073810526,0.5104788013176198,4015.0,1576.0,2026-08-04 22:51:02,The Imperial Hotel and Convention Centre Phitsanulok,18,1,2026-08-04 22:03:21,2026-08-06,30.54,Phitsanulok,LT,North,Mapped,Mapped,60879.0,2.0,1391.5,4015.0,0.0,,,0.0,0.0,,0,2.8853754940711465,0.0,0.94,0.07,100,100,100.0,6.6,17.57,1432,Low,Investigate Booking Conversion,"Demand exists, but no booking is matched to the current check-in demand."
2008215,0.3892220814453777,0.392465332676055,0.3892220814453777,0.5215416087798099,321.0,57.0,2026-08-04 23:33:09,Levana Hotel Pattaya,18,0,,2026-08-11,27.8,Pattaya,LT,BKK - Metro - Chon,Mapped,Mapped,219634.0,76.0,1584.0,321.0,0.0,0.6594396423410281,0.6594396423410281,1.0,3.0,,0,0.20265151515151514,0.0,3.39,2.56,100,100,100.0,8.02,17.57,1433,Low,Investigate Booking Conversion,"Demand exists, but no booking is matched to the current check-in demand."
1763,0.3698998543204113,0.38336634281156223,0.3698998543204113,0.5071100103316372,584.0,206.0,2026-08-04 23:33:09,Ayara Grand Palace Hotel,44,1,2026-08-04 22:34:47,2026-08-06,29.29,Phitsanulok,LT,North,Mapped,Mapped,158161.0,34.0,1391.5,584.0,0.0,,,0.0,0.0,0.213,3,0.4196909809558031,0.0,2.44,1.15,100,100,100.0,7.42,17.57,1434,Low,Review Agoda Rate Competitiveness,Agoda reports a price disadvantage; 0% is cheapest.
64954,0.35098067015637324,0.38810705727868255,0.35098067015637324,0.5092929094533665,149.0,97.0,2026-08-04 23:33:09,KM Kwan Phayao Hotel,18,2,2026-08-04 20:33:04,2026-08-06,25.98,Phayao,KA,North,Mapped,Mapped,310139.0,174.0,478.5,149.0,0.0,,,0.0,8.0,,0,0.3113897596656217,0.0,4.79,5.86,100,100,100.0,9.35,17.56,1435,Low,Investigate Booking Conversion,"Demand exists, but no booking is matched to the current check-in demand."
65009,0.37961814444887776,0.3910163142821465,0.37961814444887776,0.5065785412682275,67.0,39.0,2026-08-04 19:05:32,White Inn Nongkhai,8,0,,2026-08-17,26.09,Nong Khai,KA,Upper Isan - East,Mapped,Mapped,235381.0,227.0,240.0,67.0,0.0,,,0.0,2.0,0.0835,2,0.2791666666666667,0.0,3.64,7.65,100,100,100.0,9.33,17.56,1436,Low,Review Agoda Rate Competitiveness,Agoda reports a price disadvantage; 0% is cheapest.
2010722,0.44345095933401946,0.485479467197775,0.44345095933401946,0.5184651265010443,90.0,38.0,2026-08-04 14:04:20,NongHan Grand hotel and resort,6,0,,2026-08-06,28.7,Udon Thani,KA,Upper Isan - East,Mapped,Mapped,192489.0,29.0,1007.0,90.0,0.0,,,0.0,0.0,,0,0.08937437934458789,0.0,2.97,0.98,100,100,100.0,7.52,17.55,1437,Low,Investigate Booking Conversion,"Demand exists, but no booking is matched to the current check-in demand."
2000850,0.34983298968880683,0.3695748223210658,0.34983298968880683,0.5062820477857812,707.0,90.0,2026-08-04 22:51:02,Thai Inter Hotel,68,2,2026-08-04 22:51:02,2026-08-13,30.78,Nakhonratchasima,LT,Lower Isan - Central,Mapped,Mapped,28255.0,10.0,848.0,707.0,0.0,0.0013591865018001,0.03238269977675465,6.0,8.0,,0,0.8337264150943396,0.0,0.44,0.34,100,100,100.0,6.48,17.54,1438,Low,Investigate Booking Conversion,"Demand exists, but no booking is matched to the current check-in demand."
4606456,0.31073879220712625,0.3173125250683612,0.31073879220712625,0.5103133899801262,56.0,31.0,2026-08-04 23:33:09,S.P. Garden Mansion,27,1,2026-08-04 21:48:56,2026-08-05,25.21,Bangkok,KA,BKK - Metro - Chon,Mapped,Mapped,518806.0,70.0,2851.0,56.0,0.0,,,0.0,0.0,,0,0.019642230796211857,0.0,8.01,2.36,100,100,100.0,9.76,17.54,1439,Low,Monitor,No immediate distribution issue requires action.
63612,0.4621930576223636,0.4621930576223636,0.4621930576223636,0.5054096256952137,57.0,57.0,2026-08-04 16:06:46,Bun Hotel,3,0,,2026-08-04,28.9,Surat Thani,KA,Upper South,Mapped,Mapped,220114.0,11.0,1083.5,57.0,0.0,,,0.0,0.0,,0,0.05260729118597139,0.0,3.4,0.37,100,100,100.0,7.59,17.52,1440,Low,Investigate Booking Conversion,"Demand exists, but no booking is matched to the current check-in demand."
2000684,0.4407577648382094,0.4489894105042809,0.4407577648382094,0.5034183595985285,770.0,352.0,2026-08-04 16:21:17,Boonsiri Boutique Hotel,20,9,2026-08-04 16:21:17,2026-08-05,29.83,Si Sa Ket,LT,Lower Isan - Central,Mapped,Mapped,77301.0,50.0,245.5,770.0,0.0,,,0.0,0.0,,0,3.1364562118126273,0.0,1.19,1.68,100,100,100.0,7.06,17.52,1441,Low,Investigate Booking Conversion,"Demand exists, but no booking is matched to the current check-in demand."
182982,0.3989114675573425,0.40619541232587447,0.3989114675573425,0.5062039800648271,338.0,243.0,2026-08-04 17:52:50,Panorama Hotel Buriram,6,3,2026-08-04 16:21:17,2026-08-04,26.75,Buriram,KA,Lower Isan - Central,Mapped,Mapped,210272.0,186.0,504.5,338.0,0.0,,,0.0,5.0,,0,0.6699702675916749,0.0,3.25,6.26,100,100,100.0,8.85,17.51,1442,Low,Investigate Booking Conversion,"Demand exists, but no booking is matched to the current check-in demand."
183606,0.38190716467608465,0.38363518859631096,0.38190716467608465,0.5031075694613125,199.0,126.0,2026-08-04 21:34:17,Top View Hotel Sriracha,9,2,2026-08-04 21:34:17,2026-08-05,26.25,Sriracha,KA,BKK - Metro - Chon,Mapped,Mapped,363806.0,113.0,1645.0,199.0,0.0,,,0.0,0.0,-0.0,1,0.1209726443768997,0.0,5.62,3.81,100,100,100.0,9.2,17.51,1443,Low,Investigate Booking Conversion,"Demand exists, but no booking is matched to the current check-in demand."
4920974,0.3760231003833985,0.3760231003833985,0.3760231003833985,0.5035597355612834,149.0,149.0,2026-08-04 20:47:47,Pillow Inn Chachoengsao,3,0,,2026-08-04,25.44,Chachoengsao,KA,Upper Isan - East,Mapped,Mapped,360273.0,177.0,831.5,149.0,0.0,,,0.0,0.0,,0,0.17919422730006013,0.0,5.56,5.96,100,100,100.0,9.66,17.5,1444,Low,Monitor,No immediate distribution issue requires action.
152937,0.39918221951404836,0.4140855270801295,0.39918221951404836,0.5089601359836518,219.0,137.0,2026-08-04 15:36:41,Taris Art Hotel,10,1,2026-08-04 03:43:58,2026-08-09,27.16,Phrae,KA,North,Mapped,Mapped,242927.0,121.0,429.0,219.0,0.0,,,0.0,0.0,0.43,1,0.5104895104895105,0.0,3.75,4.08,100,100,100.0,8.53,17.5,1445,Low,Review Agoda Rate Competitiveness,Agoda reports a price disadvantage; 0% is cheapest.
4988855,0.2956240223703954,0.3204865081792411,0.2956240223703954,0.5070587745863387,29.0,20.0,2026-08-04 23:33:09,U Sabai Hotel and Residence Mahachai,23,0,,2026-08-04,24.16,Samut Sakhon,KA,BKK - Metro - Chon,No Room,Mapped,285795.0,31.0,785.0,29.0,0.0,,,0.0,0.0,,0,0.03694267515923567,0.0,4.41,1.04,70,100,85.0,7.35,17.49,1446,Low,Complete Room-Type Mapping,"Hotel-level mapping exists, but room types are not mapped."
4276337,0.37760648070782254,0.3799201779008382,0.37760648070782254,0.5126561204653082,103.0,71.0,2026-08-04 23:33:09,Eco Inn Lite Chanthaburi,13,1,2026-08-04 15:52:08,2026-08-04,26.62,Chanthaburi,KA,Upper Isan - East,Mapped,Mapped,359938.0,61.0,1086.0,103.0,0.0,,,0.0,0.0,,0,0.09484346224677716,0.0,5.56,2.05,100,100,100.0,8.72,17.47,1447,Low,Investigate Booking Conversion,"Demand exists, but no booking is matched to the current check-in demand."
2008659,0.4202493959586162,0.42120074204360064,0.4202493959586162,0.5120364846746945,69.0,44.0,2026-08-04 19:05:32,The Garden 304,10,0,,2026-08-07,28.02,Prachin Buri,LT,Upper Isan - East,Mapped,Mapped,249817.0,32.0,955.5,69.0,0.0,,,0.0,0.0,,0,0.07221350078492936,0.0,3.86,1.08,100,100,100.0,7.86,17.46,1448,Low,Investigate Booking Conversion,"Demand exists, but no booking is matched to the current check-in demand."
4952935,0.27439968007793647,0.2821024455801603,0.27439968007793647,0.5067290543675951,17.0,8.0,2026-08-04 16:21:17,SB Residence Hotel Lom Sak,17,0,,2026-08-04,22.73,Phetchabun,KA,North,Mapped,Mapped,830200.0,18.0,428.0,17.0,0.0,,,0.0,12.0,,0,0.0397196261682243,0.0,12.82,0.61,100,100,100.0,11.14,17.46,1449,Low,Monitor,No immediate distribution issue requires action.
183448,0.30822126524206633,0.3112861093726115,0.30822126524206633,0.5107846133730307,24.0,8.0,2026-08-04 11:51:06,BaaiBaai Mansion,8,0,,2026-08-11,23.31,Hatyai,LT,Lower South - West,Mapped,Not Live,6682.0,0.0,540.0,24.0,0.0,,,0.0,6.0,,0,0.044444444444444446,0.0,0.1,0.0,100,40,70.0,4.71,17.46,1450,Low,Activate Ctrip,"Ctrip connectivity exists, but the hotel is not live."
79,0.29886101985310193,0.29886101985310193,0.29886101985310193,0.5073343182062648,46.0,46.0,2026-08-04 16:21:17,Ratchada Point Hotel,8,0,,2026-08-28,22.87,Bangkok,KA,BKK - Metro - Chon,Mapped,Mapped,546706.0,222.0,37.0,46.0,0.0,,,0.0,5.0,,0,1.2432432432432432,0.0,8.44,7.48,100,100,100.0,11.04,17.45,1451,Low,Monitor,No immediate distribution issue requires action.
4606455,0.30383207160314446,0.30383207160314446,0.30383207160314446,0.509995942470724,14.0,14.0,2026-08-04 23:03:24,J2 Hotel Mae Sot,7,0,,2026-08-04,23.02,Tak,LT,North,Mapped,Not Live,36432.0,0.0,237.0,14.0,0.0,,,0.0,0.0,,0,0.05907172995780591,0.0,0.56,0.0,100,40,70.0,4.88,17.45,1452,Low,Activate Ctrip,"Ctrip connectivity exists, but the hotel is not live."
21937,0.40037436873024174,0.43680199536251646,0.40037436873024174,0.5089976866810539,210.0,139.0,2026-08-04 23:33:09,Khonkaen Hotel,18,3,2026-08-04 23:03:24,2026-08-05,27.96,Khon Kaen,LT,Upper Isan - East,Mapped,Mapped,142832.0,123.0,1021.0,210.0,0.0,,,0.0,3.0,,0,0.20568070519098922,0.0,2.21,4.14,100,100,100.0,7.94,17.45,1453,Low,Investigate Booking Conversion,"Demand exists, but no booking is matched to the current check-in demand."
4723,0.4567966618713115,0.5192085717314432,0.4567966618713115,0.5168675731763215,367.0,331.0,2026-08-04 01:30:42,Sugar Marina Hotel-AVIATOR-Phuket Airport,3,0,,2026-08-16,29.01,Phuket,LT,Upper South,Mapped,Mapped,155802.0,13.0,336.0,367.0,0.0,,,0.0,8.0,,0,1.0922619047619047,0.0,2.41,0.44,100,100,100.0,7.14,17.44,1454,Low,Investigate Booking Conversion,"Demand exists, but no booking is matched to the current check-in demand."
63641,0.3612600780468827,0.3717975858325528,0.3612600780468827,0.5115460024340791,140.0,58.0,2026-08-04 23:18:39,Lucky Green View Hotel,21,0,,2026-08-10,26.71,Bangkok,KA,BKK - Metro - Chon,Mapped,Mapped,264154.0,123.0,2851.0,140.0,0.0,,,0.0,0.0,,0,0.049105576990529635,0.0,4.08,4.14,100,100,100.0,8.62,17.44,1455,Low,Investigate Booking Conversion,"Demand exists, but no booking is matched to the current check-in demand."
63700,0.3280192305021551,0.35036166785213674,0.3280192305021551,0.5191675093560437,17.0,10.0,2026-08-04 20:47:47,Rayong Lanna Hotel,8,0,,2026-08-04,24.27,Rayong,KA,Upper Isan - East,Mapped,Mapped,555710.0,79.0,1322.5,17.0,0.0,,,0.0,0.0,,0,0.01285444234404537,0.0,8.58,2.66,100,100,100.0,9.94,17.44,1456,Low,Monitor,No immediate distribution issue requires action.
4737,0.37500504429755604,0.38080344226054175,0.37500504429755604,0.5096112543242208,754.0,430.0,2026-08-04 23:33:09,Sakaeo Garden Hotel,20,0,,2026-08-04,27.32,Sa Kaeo,KA,Upper Isan - East,Mapped,Mapped,210630.0,120.0,463.5,754.0,0.0,,,0.0,0.0,,0,1.6267529665587919,0.0,3.25,4.04,100,100,100.0,8.3,17.44,1457,Low,Investigate Booking Conversion,"Demand exists, but no booking is matched to the current check-in demand."
183688,0.28461341406830426,0.3097441036370273,0.28461341406830426,0.5082190804221148,114.0,72.0,2026-08-04 23:33:09,DK Grand Chanthaburi Hotel,40,0,,2026-08-04,25.38,Chanthaburi,KA,Upper Isan - East,Mapped,Mapped,461645.0,82.0,1086.0,114.0,0.0,,,0.0,4.0,,0,0.10497237569060773,0.0,7.13,2.76,100,100,100.0,9.47,17.43,1458,Low,Monitor,No immediate distribution issue requires action.
245,0.44672617924071734,0.4806709623476334,0.44672617924071734,0.5108378508888114,307.0,95.0,2026-08-04 16:21:17,Montien Hotel Surawong Bangkok,14,3,2026-08-04 15:52:08,2026-08-19,29.51,Bangkok,LT,BKK - Metro - Chon,Mapped,Mapped,106493.0,21.0,1984.5,307.0,0.0,,,0.0,57.0,,0,0.15469891660367852,0.0,1.64,0.71,100,100,100.0,6.94,17.43,1459,Low,Investigate Booking Conversion,"Demand exists, but no booking is matched to the current check-in demand."
4922578,0.44800098697108565,0.44800098697108565,0.44800098697108565,0.5049661395141577,211.0,211.0,2026-08-04 17:52:50,Red Heritage Hotel,3,2,2026-08-04 16:21:17,2026-08-06,28.37,Uttaradit,KA,North,Mapped,Mapped,224434.0,30.0,62.0,211.0,0.0,,,0.0,0.0,,0,3.403225806451613,0.0,3.47,1.01,100,100,100.0,7.71,17.42,1460,Low,Investigate Booking Conversion,"Demand exists, but no booking is matched to the current check-in demand."
21582,0.38726644872061106,0.41267860400174783,0.38726644872061106,0.5109966241802811,2039.0,468.0,2026-08-04 19:05:32,Alexander Hotel,37,2,2026-08-04 06:44:52,2026-08-16,29.84,Bangkok,LT,BKK - Metro - Chon,Mapped,Mapped,49533.0,36.0,2851.0,2039.0,0.0,,,0.0,10.0,,0,0.7151876534549281,0.0,0.76,1.21,100,100,100.0,6.71,17.42,1461,Low,Investigate Booking Conversion,"Demand exists, but no booking is matched to the current check-in demand."
182960,0.31613609368207096,0.32824874133176574,0.31613609368207096,0.5239670096144409,14.0,10.0,2026-08-04 19:05:32,The Linux Garden Yala,10,0,,2026-08-04,24.08,Yala,KA,Lower South - West,Mapped,Mapped,355361.0,228.0,60.5,14.0,0.0,,,0.0,0.0,,0,0.23140495867768596,0.0,5.49,7.68,100,100,100.0,9.86,17.4,1462,Low,Monitor,No immediate distribution issue requires action.
4921064,0.32917735768002926,0.3431859529922625,0.32917735768002926,0.5065301558037016,50.0,33.0,2026-08-04 13:52:08,PT Grand Hotel,7,0,,2026-08-04,23.98,Kanchanaburi,KA,Lower South - West,Mapped,Mapped,469514.0,183.0,762.0,50.0,0.0,,,0.0,0.0,,0,0.06561679790026247,0.0,7.25,6.16,100,100,100.0,10.27,17.39,1463,Low,Monitor,No immediate distribution issue requires action.
4606512,0.4333186513052778,0.4875581704659793,0.4333186513052778,0.5137003914439162,683.0,388.0,2026-08-04 23:33:09,Prangtip Resort,8,2,2026-08-04 22:51:02,2026-08-05,28.57,Bangkok,KA,BKK - Metro - Chon,Mapped,Mapped,163177.0,38.0,2851.0,683.0,0.0,,,0.0,0.0,,0,0.23956506488951246,0.0,2.52,1.28,100,100,100.0,7.36,17.39,1464,Low,Investigate Booking Conversion,"Demand exists, but no booking is matched to the current check-in demand."
4884613,0.3145168319671763,0.3145168319671763,0.3145168319671763,0.5031608404558491,6.0,6.0,2026-08-04 16:06:46,Mayfair Suite,3,0,,2026-08-04,22.93,Bangkok,KA,BKK - Metro - Chon,Mapped,Mapped,791055.0,24.0,2531.5,6.0,0.0,,,0.0,0.0,,0,0.002370136282836263,0.0,12.22,0.81,100,100,100.0,10.94,17.38,1465,Low,Monitor,No immediate distribution issue requires action.
43837,0.32814426344659453,0.3282874219477794,0.32814426344659453,0.5341340738511259,4.0,2.0,2026-08-04 14:04:20,Boonjumnong Modern Apartment,4,0,,2026-08-12,24.19,Koh Samui,KA,Upper South,Mapped,Mapped,553484.0,40.0,431.0,4.0,0.0,0.2403828470450864,0.247570259609749,2.0,4.0,,0,0.009280742459396751,0.0,8.55,1.35,100,100,100.0,9.52,17.36,1466,Low,Monitor,No immediate distribution issue requires action.
23278,0.40122732482013357,0.44006310614846483,0.40122732482013357,0.5094695078383185,429.0,170.0,2026-08-04 18:49:41,Dream D Residence Phetchaburi,17,2,2026-08-04 15:36:41,2026-08-15,27.98,Phetchaburi,KA,Lower South - West,Mapped,Mapped,179113.0,75.0,953.0,429.0,0.0,,,0.0,6.0,,0,0.45015739769150054,0.0,2.77,2.53,100,100,100.0,7.74,17.36,1467,Low,Investigate Booking Conversion,"Demand exists, but no booking is matched to the current check-in demand."
183409,0.3578981762330034,0.3578981762330034,0.3578981762330034,0.5084418484541483,47.0,47.0,2026-08-04 17:52:50,Thaimit Resort,3,0,,2026-08-06,24.78,Uttaradit,KA,North,Mapped,Mapped,465268.0,112.0,62.0,47.0,0.0,,,0.0,0.0,,0,0.7580645161290323,0.0,7.19,3.77,100,100,100.0,9.68,17.36,1468,Low,Monitor,No immediate distribution issue requires action.
4712096,0.35519739582082455,0.38522566197841307,0.35519739582082455,0.5051933501414814,82.0,38.0,2026-08-04 23:18:39,Innara Hotel Pattaya,21,3,2026-08-04 22:51:02,2026-08-08,26.33,Pattaya,KA,BKK - Metro - Chon,Mapped,Mapped,338110.0,94.0,1645.0,82.0,0.0,,,0.0,0.0,,0,0.04984802431610942,0.0,5.22,3.17,100,100,100.0,8.83,17.36,1469,Low,Investigate Booking Conversion,"Demand exists, but no booking is matched to the current check-in demand."
4920885,0.33172291311249547,0.35227639650015163,0.33172291311249547,0.508807300272497,153.0,31.0,2026-08-04 16:21:17,Good Nine Hotel,34,1,2026-08-04 01:30:42,2026-08-04,26.71,Samut Prakan,KA,BKK - Metro - Chon,Mapped,Mapped,317623.0,69.0,1394.0,153.0,0.0,,,0.0,4.0,,0,0.10975609756097561,0.0,4.91,2.32,100,100,100.0,8.49,17.35,1470,Low,Investigate Booking Conversion,"Demand exists, but no booking is matched to the current check-in demand."
4639,0.3992311708868959,0.4461825571901176,0.3992311708868959,0.5099618283264741,463.0,214.0,2026-08-04 23:33:09,Ace of Hua Hin Resort,45,8,2026-08-04 23:18:39,2026-08-10,30.57,Cha-am,LT,Lower South - West,Mapped,Mapped,2776.0,1.0,636.0,463.0,0.0,,,0.0,36.0,,0,0.7279874213836478,0.0,0.04,0.03,100,100,100.0,6.14,17.34,1471,Low,Investigate Booking Conversion,"Demand exists, but no booking is matched to the current check-in demand."
183014,0.3619965064142011,0.38803266369476913,0.3619965064142011,0.5066410980312968,223.0,93.0,2026-08-04 23:33:09,D11 Hotel Phitsanulok,24,0,,2026-08-06,26.96,Phitsanulok,KA,North,Mapped,Mapped,283090.0,78.0,1391.5,223.0,0.0,,,0.0,0.0,,0,0.1602587136183974,0.0,4.37,2.63,100,100,100.0,8.37,17.34,1472,Low,Investigate Booking Conversion,"Demand exists, but no booking is matched to the current check-in demand."
4890153,0.42233892188350175,0.4921238610145451,0.42233892188350175,0.5049630453201222,1068.0,425.0,2026-08-04 19:05:32,JB Place Hotel Ban Phaeng,17,3,2026-08-04 18:36:27,2026-08-05,28.93,Nakhon Phanom,KA,Upper Isan - East,Mapped,Mapped,175064.0,6.0,316.0,1068.0,2.0,0.0964670376351361,0.10224077714996435,2.0,12.0,0.1298,1,3.3797468354430378,0.0018726591760299626,2.7,0.2,100,100,100.0,7.2,17.33,1473,Low,Review Agoda Rate Competitiveness,Agoda reports a price disadvantage; 0% is cheapest.
25157,0.325658201193091,0.325658201193091,0.325658201193091,0.506675611708559,8.0,6.0,2026-08-04 20:47:47,River Resort & Spa,8,0,,2026-08-28,23.92,Sa Kaeo,KA,Upper Isan - East,Mapped,Mapped,332158.0,277.0,6.0,8.0,0.0,,,0.0,12.0,,0,1.3333333333333333,0.0,5.13,9.33,100,100,100.0,10.15,17.32,1474,Low,Monitor,No immediate distribution issue requires action.
63564,0.36258177083320986,0.3848994982885898,0.36258177083320986,0.5326178337898797,10.0,2.0,2026-08-04 20:47:47,@24 Boutique Hotel,10,0,,2026-08-07,26.11,Nakhon Si Thammarat,LT,Lower South - West,No Room,Mapped,12381.0,1.0,961.5,10.0,0.0,,,0.0,2.0,,0,0.010400416016640665,0.0,0.19,0.03,70,100,85.0,5.33,17.32,1475,Low,Complete Room-Type Mapping,"Hotel-level mapping exists, but room types are not mapped."
43564,0.37903781847107765,0.420311212738316,0.37903781847107765,0.5090588398393443,87.0,46.0,2026-08-04 23:33:09,First & Frang Hotel,12,2,2026-08-04 23:03:24,2026-08-06,26.51,Koh Phangan,KA,Upper South,Mapped,Mapped,402545.0,11.0,1844.5,87.0,0.0,,,0.0,0.0,,0,0.04716725399837354,0.0,6.22,0.37,100,100,100.0,8.52,17.31,1476,Low,Investigate Booking Conversion,"Demand exists, but no booking is matched to the current check-in demand."
183586,0.41493696425850113,0.41571661907100865,0.41493696425850113,0.513932467446025,58.0,33.0,2026-08-04 12:51:31,Central Park Hotel Singburi,8,1,2026-08-04 11:51:06,2026-08-05,27.65,Sing Buri,KA,Lower Isan - Central,Mapped,Mapped,268348.0,15.0,270.0,58.0,0.0,,,0.0,0.0,,0,0.21481481481481482,0.0,4.14,0.51,100,100,100.0,7.75,17.31,1477,Low,Investigate Booking Conversion,"Demand exists, but no booking is matched to the current check-in demand."
21699,0.327366812440568,0.4506369672231035,0.327366812440568,0.5085295990935425,38.0,33.0,2026-08-04 22:03:21,New Travel Lodge,7,0,,2026-08-04,23.94,Chanthaburi,KA,Upper Isan - East,Mapped,Mapped,431695.0,190.0,1086.0,38.0,0.0,,,0.0,10.0,,0,0.034990791896869246,0.0,6.67,6.4,100,100,100.0,10.04,17.29,1478,Low,Monitor,No immediate distribution issue requires action.
2000166,0.4189271300142086,0.4189271300142086,0.4189271300142086,0.5082043122859061,166.0,166.0,2026-08-04 12:51:31,The Bangkok Major Suite,4,1,2026-08-04 11:36:45,2026-08-07,27.35,Bangkok,KA,BKK - Metro - Chon,Mapped,Mapped,166578.0,124.0,1678.5,166.0,0.0,,,0.0,0.0,,0,0.0988978254393804,0.0,2.57,4.18,100,100,100.0,8.01,17.29,1479,Low,Investigate Booking Conversion,"Demand exists, but no booking is matched to the current check-in demand."
4920929,0.3525459814834153,0.35706188320738635,0.3525459814834153,0.5080968079339967,100.0,62.0,2026-08-04 17:52:50,Baanna Place,12,0,,2026-08-12,25.43,Nakhon Nayok,KA,Lower Isan - Central,Mapped,Mapped,449604.0,60.0,265.0,100.0,0.0,,,0.0,4.0,,0,0.37735849056603776,0.0,6.94,2.02,100,100,100.0,9.16,17.29,1480,Low,Monitor,No immediate distribution issue requires action.
64994,0.4311037131785692,0.4671782559387104,0.4311037131785692,0.5126791769767256,397.0,336.0,2026-08-04 23:33:09,Fortune D Hotel Maesot,25,2,2026-08-04 18:21:46,2026-08-04,29.99,Tak,LT,North,Mapped,Mapped,40757.0,1.0,534.0,397.0,0.0,,,0.0,0.0,,0,0.7434456928838952,0.0,0.63,0.03,100,100,100.0,6.32,17.28,1481,Low,Investigate Booking Conversion,"Demand exists, but no booking is matched to the current check-in demand."
2003532,0.34472427544119183,0.34573893551176527,0.34472427544119183,0.5085318015807475,50.0,22.0,2026-08-04 23:33:09,Bualinn Resort,12,0,,2026-08-06,25.11,Nong Khai,KA,Upper Isan - East,Mapped,Mapped,504608.0,40.0,209.0,50.0,0.0,,,0.0,0.0,,0,0.23923444976076555,0.0,7.79,1.35,100,100,100.0,9.32,17.28,1482,Low,Monitor,No immediate distribution issue requires action.
23907,0.40345171137875596,0.40345171137875596,0.40345171137875596,0.5166363391599621,343.0,343.0,2026-08-04 23:33:09,Windsor Resort Hotel,6,0,,2026-08-04,27.14,Lop Buri,KA,Lower Isan - Central,Mapped,Mapped,169600.0,117.0,460.5,343.0,0.0,,,0.0,0.0,,0,0.744842562432139,0.0,2.62,3.94,100,100,100.0,7.92,17.27,1483,Low,Investigate Booking Conversion,"Demand exists, but no booking is matched to the current check-in demand."
181646,0.28361733592049504,0.33031573809357645,0.28361733592049504,0.5136310707040277,101.0,15.0,2026-08-04 05:44:15,ibooking Trams Square Chiang Mai,79,0,,2026-08-10,29.14,Chiang Mai,LT,North,Mapped,Mapped,102345.0,16.0,1127.0,101.0,0.0,0.0803438131606007,0.09417835081038275,6.0,24.0,,0,0.08961845607808341,0.0,1.58,0.54,100,100,100.0,6.78,17.27,1484,Low,Investigate Booking Conversion,"Demand exists, but no booking is matched to the current check-in demand."
1841,0.37893795957110205,0.3964814574526032,0.37893795957110205,0.509367356223051,1255.0,784.0,2026-08-04 23:33:09,Tohsang Heritage Ubonratchathani Hotel,31,2,2026-08-04 21:48:56,2026-08-05,28.66,Ubon Ratchathani,LT,Lower Isan - Central,Mapped,Mapped,113521.0,54.0,1555.5,1255.0,0.0,,,0.0,14.0,,0,0.8068145290903247,0.0,1.75,1.82,100,100,100.0,7.15,17.27,1485,Low,Investigate Booking Conversion,"Demand exists, but no booking is matched to the current check-in demand."
4883674,0.3334414085274298,0.3334414085274298,0.3334414085274298,0.506675611708559,12.0,6.0,2026-08-04 09:17:17,Roz Villa Resorts Khemarat,12,0,,2026-08-28,24.61,Ubon Ratchathani,KA,Lower Isan - Central,No Room,Mapped,201174.0,17.0,19.0,12.0,0.0,,,0.0,4.0,,0,0.631578947368421,0.0,3.11,0.57,70,100,85.0,6.65,17.27,1486,Low,Complete Room-Type Mapping,"Hotel-level mapping exists, but room types are not mapped."
2012397,0.42343716033433126,0.42343716033433126,0.42343716033433126,0.5129227345029546,42.0,42.0,2026-08-04 11:51:06,Southern Airport Hotel,2,0,,2026-08-12,27.4,Hatyai,LT,Lower South - West,Mapped,Mapped,177445.0,98.0,200.5,42.0,0.0,,,0.0,8.0,,0,0.20947630922693267,0.0,2.74,3.3,100,100,100.0,7.84,17.27,1487,Low,Investigate Booking Conversion,"Demand exists, but no booking is matched to the current check-in demand."
5032,0.4532099318231058,0.4532099318231058,0.4532099318231058,0.5076433930083085,130.0,130.0,2026-08-04 18:21:46,Blue House Sukhothai,3,0,,2026-08-04,28.61,Sukhothai,KA,North,Mapped,Mapped,141578.0,40.0,205.5,130.0,0.0,,,0.0,0.0,,0,0.6326034063260341,0.0,2.19,1.35,100,100,100.0,7.22,17.27,1488,Low,Investigate Booking Conversion,"Demand exists, but no booking is matched to the current check-in demand."
2007815,0.40193672945021885,0.40193672945021885,0.40193672945021885,0.5094666865962133,68.0,68.0,2026-08-04 23:03:24,Ac Sport Center Hotel,7,2,2026-08-04 22:51:02,2026-08-16,26.95,Hatyai,KA,Lower South - West,Mapped,Mapped,221934.0,102.0,384.5,68.0,0.0,0.2599116383517297,0.2599116383517297,1.0,1.0,,0,0.17685305591677503,0.0,3.43,3.44,100,100,100.0,8.14,17.25,1489,Low,Investigate Booking Conversion,"Demand exists, but no booking is matched to the current check-in demand."
43894,0.39065554239317785,0.3947027213427937,0.39065554239317785,0.5099753905248511,81.0,31.0,2026-08-04 00:03:17,Wangtai Hotel,3,0,,2026-08-05,26.13,Surat Thani,KA,Upper South,Mapped,Mapped,323282.0,89.0,1844.5,81.0,0.0,,,0.0,0.0,,0,0.043914339929520194,0.0,4.99,3.0,100,100,100.0,8.62,17.25,1490,Low,Investigate Booking Conversion,"Demand exists, but no booking is matched to the current check-in demand."
4921142,0.266643286687636,0.266643286687636,0.266643286687636,0.506675611708559,5.0,5.0,2026-08-04 18:49:41,R5 Resortel Krabi,5,0,,2026-08-04,21.27,Krabi,KA,Upper South,Mapped,Mapped,541880.0,313.0,400.0,5.0,0.0,,,0.0,0.0,,0,0.0125,0.0,8.37,10.54,100,100,100.0,11.6,17.25,1491,Low,Monitor,No immediate distribution issue requires action.
2007259,0.33138924909650197,0.4339929340051472,0.33138924909650197,0.5121487530194748,87.0,41.0,2026-08-04 22:51:02,The One House Resort PakChong,32,3,2026-08-04 21:48:56,2026-08-18,26.56,Khaoyai,KA,Lower Isan - Central,Mapped,Mapped,388157.0,1.0,1319.0,87.0,0.0,,,0.0,3.0,,0,0.06595905989385899,0.0,5.99,0.03,100,100,100.0,8.32,17.25,1492,Low,Investigate Booking Conversion,"Demand exists, but no booking is matched to the current check-in demand."
152420,0.3939242300558026,0.4140975710844346,0.3939242300558026,0.5144800225844068,59.0,24.0,2026-08-04 14:04:20,Pannara Hotel,10,2,2026-08-04 11:51:06,2026-08-06,27.01,Lop Buri,KA,Lower Isan - Central,Mapped,Mapped,166533.0,128.0,460.5,59.0,0.0,,,0.0,0.0,,0,0.1281216069489685,0.0,2.57,4.31,100,100,100.0,7.98,17.24,1493,Low,Investigate Booking Conversion,"Demand exists, but no booking is matched to the current check-in demand."
4853363,0.4155866792791687,0.4269486394048254,0.4155866792791687,0.5119119689187257,76.0,59.0,2026-08-04 13:52:08,De Vine House,5,1,2026-08-04 10:02:48,2026-08-04,27.36,Roi Et,KA,Lower Isan - Central,Mapped,Mapped,132899.0,132.0,659.0,76.0,0.0,,,0.0,0.0,,0,0.11532625189681335,0.0,2.05,4.45,100,100,100.0,7.83,17.24,1494,Low,Investigate Booking Conversion,"Demand exists, but no booking is matched to the current check-in demand."
4920959,0.3338751106142663,0.3338751106142663,0.3338751106142663,0.5346954129939664,1.0,1.0,2026-08-04 00:03:17,12 The Residence Hotel & Apartment,1,0,,2026-08-14,24.14,Bangkok,KA,BKK - Metro - Chon,Mapped,Mapped,455896.0,92.0,1772.5,1.0,0.0,,,0.0,1.0,,0,0.0005641748942172073,0.0,7.04,3.1,100,100,100.0,9.28,17.23,1495,Low,Monitor,No immediate distribution issue requires action.
65548,0.4187046197558736,0.45028709962263525,0.4187046197558736,0.5122327359918254,1381.0,627.0,2026-08-04 23:33:09,Baan Pha Chan Resort,18,4,2026-08-04 22:51:02,2026-08-05,29.12,Saraburi,LT,Lower Isan - Central,Mapped,Mapped,98320.0,15.0,568.5,1381.0,0.0,,,0.0,4.0,,0,2.4291996481970095,0.0,1.52,0.51,100,100,100.0,6.74,17.23,1496,Low,Investigate Booking Conversion,"Demand exists, but no booking is matched to the current check-in demand."
152425,0.32250927709465615,0.3472961456358665,0.32250927709465615,0.5096082760038665,32.0,8.0,2026-08-04 16:21:17,Saveone Boutique Hotel Chumpae,17,0,,2026-08-04,24.71,Khon Kaen,KA,Upper Isan - East,Mapped,Mapped,464453.0,90.0,1025.5,32.0,0.0,,,0.0,2.0,,0,0.031204290589956118,0.0,7.17,3.03,100,100,100.0,9.44,17.23,1497,Low,Monitor,No immediate distribution issue requires action.
4948369,0.3630086526690509,0.3864442708876675,0.3630086526690509,0.5105077013815318,84.0,25.0,2026-08-04 23:33:09,Nara Pattra Hotel,21,0,,2026-08-14,26.75,Narathiwat,KA,Lower South - West,Mapped,Mapped,158523.0,159.0,109.0,84.0,0.0,0.3180240103598957,0.3203260088419705,4.0,4.0,-0.0,1,0.7706422018348624,0.0,2.45,5.36,100,100,100.0,8.18,17.22,1498,Low,Investigate Booking Conversion,"Demand exists, but no booking is matched to the current check-in demand."
2007270,0.350387661977266,0.350387661977266,0.350387661977266,0.4970238542919599,101.0,101.0,2026-08-04 23:33:09,Wattana House Thayang,7,0,,2026-08-04,24.65,Phetchaburi,KA,Lower South - West,Mapped,Mapped,478257.0,107.0,953.0,101.0,0.0,,,0.0,0.0,,0,0.10598111227701994,0.0,7.39,3.6,100,100,100.0,9.7,17.22,1499,Low,Monitor,No immediate distribution issue requires action.
181618,0.33918379325524656,0.3419075885835999,0.33918379325524656,0.5081480012530925,21.0,10.0,2026-08-04 22:03:21,Chalermpan Resort Omkoi,18,1,2026-08-04 20:33:04,2026-08-05,25.44,Chiang Mai,KA,North,Mapped,Mapped,461099.0,35.0,1475.5,21.0,0.0,,,0.0,0.0,,0,0.01423246357167062,0.0,7.12,1.18,100,100,100.0,9.0,17.21,1500,Low,Monitor,No immediate distribution issue requires action.
2012247,0.3700175365673406,0.3759957353822666,0.3700175365673406,0.506717503049777,196.0,131.0,2026-08-04 23:33:09,Somerset Harbourview Sri Racha,16,1,2026-08-04 20:47:47,2026-08-08,26.51,Sriracha,KA,BKK - Metro - Chon,Mapped,Mapped,285164.0,86.0,1645.0,196.0,0.0,,,0.0,0.0,0.4993,2,0.11914893617021277,0.0,4.4,2.9,100,100,100.0,8.37,17.21,1501,Low,Review Agoda Rate Competitiveness,Agoda reports a price disadvantage; 0% is cheapest.
2006652,0.4049273348108996,0.4057857405562217,0.4049273348108996,0.5087659507307469,453.0,240.0,2026-08-04 12:51:31,Banlanna Hotel Lampang,18,2,2026-08-04 11:36:45,2026-08-04,28.22,Lampang,KA,North,Mapped,Mapped,146101.0,52.0,941.0,453.0,0.0,,,0.0,0.0,,0,0.4814027630180659,0.0,2.26,1.75,100,100,100.0,7.3,17.2,1502,Low,Investigate Booking Conversion,"Demand exists, but no booking is matched to the current check-in demand."
183415,0.42636763775533887,0.42636763775533887,0.42636763775533887,0.5083819770574654,35.0,35.0,2026-08-04 16:21:17,Chaanburi Boutique Resort,5,2,2026-08-04 16:06:46,2026-08-13,27.71,Chanthaburi,LT,Upper Isan - East,Mapped,Mapped,175830.0,67.0,322.5,35.0,0.0,,,0.0,5.0,,0,0.10852713178294573,0.0,2.72,2.26,100,100,100.0,7.58,17.19,1503,Low,Investigate Booking Conversion,"Demand exists, but no booking is matched to the current check-in demand."
2106,0.4268319133811107,0.4268319133811107,0.4268319133811107,0.5144039703673988,17.0,17.0,2026-08-04 14:04:20,One Fu Hotel,2,0,,2026-08-04,27.56,Surin,KA,Lower Isan - Central,Mapped,Mapped,215723.0,36.0,266.5,17.0,0.0,,,0.0,0.0,,0,0.06378986866791744,0.0,3.33,1.21,100,100,100.0,7.54,17.18,1504,Low,Investigate Booking Conversion,"Demand exists, but no booking is matched to the current check-in demand."
22463,0.36178062033358477,0.3749050512949055,0.36178062033358477,0.5070284484817946,346.0,174.0,2026-08-04 16:21:17,Mayflower Grande Hotel Phitsanulok,28,4,2026-08-04 16:06:46,2026-08-07,27.37,Phitsanulok,KA,North,Mapped,Mapped,185617.0,86.0,1163.0,346.0,0.0,0.1305623218933101,0.1305623218933101,1.0,4.0,,0,0.29750644883920896,0.0,2.87,2.9,100,100,100.0,7.78,17.17,1505,Low,Investigate Booking Conversion,"Demand exists, but no booking is matched to the current check-in demand."
2011442,0.43002708514309473,0.43002708514309473,0.43002708514309473,0.5115602020512939,55.0,55.0,2026-08-04 10:02:48,Uthaithani Resort,2,0,,2026-08-07,27.64,Uthai Thani,KA,North,Mapped,Mapped,190295.0,52.0,36.0,55.0,0.0,,,0.0,0.0,,0,1.5277777777777777,0.0,2.94,1.75,100,100,100.0,7.52,17.17,1506,Low,Investigate Booking Conversion,"Demand exists, but no booking is matched to the current check-in demand."
137925,0.34829778414443746,0.3531968450667276,0.34829778414443746,0.5087576775432625,28.0,22.0,2026-08-04 15:36:41,Nicasio Hotel,5,0,,2026-08-04,24.59,Chumphon,KA,Upper South,Mapped,Mapped,553356.0,22.0,847.5,28.0,0.0,,,0.0,0.0,,0,0.03303834808259587,0.0,8.55,0.74,100,100,100.0,9.42,17.17,1507,Low,Monitor,No immediate distribution issue requires action.
1651,0.4198737564726418,0.45023695357877036,0.4198737564726418,0.5153524607989226,61.0,40.0,2026-08-04 23:33:09,Asia Airport Donmuang Hotel,7,1,2026-08-04 22:34:47,2026-08-04,27.78,Pathum Thani,LT,BKK - Metro - Chon,Mapped,Mapped,145013.0,65.0,701.0,61.0,0.0,,,0.0,0.0,,0,0.08701854493580599,0.0,2.24,2.19,100,100,100.0,7.33,17.15,1508,Low,Investigate Booking Conversion,"Demand exists, but no booking is matched to the current check-in demand."
43953,0.3702429899263902,0.4242043723116132,0.3702429899263902,0.5082433413955756,207.0,192.0,2026-08-04 19:05:32,Hub De Leaf Rayong,16,0,,2026-08-04,26.55,Rayong,KA,Upper Isan - East,Mapped,Mapped,228635.0,112.0,1241.5,207.0,0.0,,,0.0,6.0,,0,0.16673378977043898,0.0,3.53,3.77,100,100,100.0,8.21,17.15,1509,Low,Investigate Booking Conversion,"Demand exists, but no booking is matched to the current check-in demand."
183170,0.4075748526909463,0.4075748526909463,0.4075748526909463,0.5075590215878762,35.0,35.0,2026-08-04 01:30:42,Chanthaburi Center Hotel,2,0,,2026-08-04,26.65,Chanthaburi,LT,Upper Isan - East,Mapped,Mapped,173540.0,148.0,1086.0,35.0,0.0,,,0.0,0.0,,0,0.03222836095764273,0.0,2.68,4.98,100,100,100.0,8.16,17.15,1510,Low,Investigate Booking Conversion,"Demand exists, but no booking is matched to the current check-in demand."
23807,0.3922205129200212,0.3922205129200212,0.3922205129200212,0.508393914715149,76.0,76.0,2026-08-04 05:57:40,Siri Hotel Phuket,7,0,,2026-08-08,26.54,Phuket,KA,Upper South,Mapped,Mapped,350324.0,17.0,656.0,76.0,0.0,,,0.0,0.0,,0,0.11585365853658537,0.0,5.41,0.57,100,100,100.0,8.18,17.14,1511,Low,Investigate Booking Conversion,"Demand exists, but no booking is matched to the current check-in demand."
4204497,0.4530169430799941,0.4530169430799941,0.4530169430799941,0.5045249755581885,141.0,141.0,2026-08-04 00:03:17,Aen Guy Boutique Hotel,1,0,,2026-08-05,28.35,Sukhothai,KA,North,Mapped,Mapped,154223.0,29.0,222.0,141.0,0.0,,,0.0,0.0,,0,0.6351351351351351,0.0,2.38,0.98,100,100,100.0,7.15,17.13,1512,Low,Investigate Booking Conversion,"Demand exists, but no booking is matched to the current check-in demand."
511,0.3754964482745995,0.38627096383739573,0.3754964482745995,0.5098517328759966,345.0,138.0,2026-08-04 23:33:09,Clef Hotel Bangkok,22,2,2026-08-04 22:51:02,2026-08-05,27.41,Bangkok,KA,BKK - Metro - Chon,Mapped,Mapped,135472.0,107.0,2851.0,345.0,0.0,0.067377864289828,0.067377864289828,1.0,2.0,,0,0.12101017186951947,0.0,2.09,3.6,100,100,100.0,7.61,17.13,1513,Low,Investigate Booking Conversion,"Demand exists, but no booking is matched to the current check-in demand."
4804986,0.35635178217914687,0.35778487642018697,0.35635178217914687,0.5107146564282395,89.0,72.0,2026-08-04 14:04:20,M Grand Hotel Roi Et,14,0,,2026-08-05,25.82,Roi Et,KA,Lower Isan - Central,Mapped,Mapped,270385.0,128.0,659.0,89.0,0.0,,,0.0,0.0,,0,0.13505311077389984,0.0,4.18,4.31,100,100,100.0,8.55,17.13,1514,Low,Monitor,No immediate distribution issue requires action.
138061,0.42145841618774094,0.42145841618774094,0.42145841618774094,0.5145493503355378,27.0,27.0,2026-08-04 13:52:08,PS Extra Hotel,5,0,,2026-08-15,27.63,Hatyai,KA,Lower South - West,Mapped,Mapped,193222.0,35.0,251.5,27.0,0.0,0.4645972363170262,0.4645972363170262,1.0,2.0,,0,0.1073558648111332,0.0,2.98,1.18,100,100,100.0,7.37,17.12,1515,Low,Investigate Booking Conversion,"Demand exists, but no booking is matched to the current check-in demand."
63683,0.4145003582444613,0.4145003582444613,0.4145003582444613,0.5097408313603301,23.0,23.0,2026-08-04 15:36:41,Juntima Boutique Hotel,3,1,2026-08-04 13:52:08,2026-08-04,27.07,Cha-am,KA,Lower South - West,Mapped,Mapped,152436.0,120.0,953.0,23.0,0.0,,,0.0,0.0,,0,0.024134312696747113,0.0,2.35,4.04,100,100,100.0,7.8,17.12,1516,Low,Investigate Booking Conversion,"Demand exists, but no booking is matched to the current check-in demand."
3014259,0.3097298486712605,0.33187572799979,0.3097298486712605,0.5073126338523903,123.0,39.0,2026-08-04 23:33:09,Doth Hotel Ayutthaya,17,0,,2026-08-08,24.18,Phra Nakhon Si Ayutthaya,KA,Lower Isan - Central,Mapped,Mapped,519184.0,66.0,675.5,123.0,0.0,,,0.0,0.0,,0,0.18208734270910437,0.0,8.02,2.22,100,100,100.0,9.51,17.08,1517,Low,Monitor,No immediate distribution issue requires action.
183053,0.3301657844811143,0.3310895079806141,0.3301657844811143,0.5302635739718637,3.0,1.0,2026-08-04 00:03:17,Kosit One Hotel Bueang Sam Phan,3,0,,2026-08-11,24.1,Phetchabun,KA,North,Mapped,Mapped,458541.0,70.0,182.5,3.0,0.0,0.1157715654882768,0.1157715654882768,1.0,2.0,,0,0.01643835616438356,0.0,7.08,2.36,100,100,100.0,9.07,17.07,1518,Low,Monitor,No immediate distribution issue requires action.
4921432,0.3679765507222826,0.3679765507222826,0.3679765507222826,0.5174922977732451,6.0,6.0,2026-08-04 12:51:31,T-OneHome,4,0,,2026-08-04,25.45,Phetchabun,KA,North,Mapped,Mapped,339966.0,79.0,428.0,6.0,0.0,,,0.0,0.0,,0,0.014018691588785047,0.0,5.25,2.66,100,100,100.0,8.51,17.07,1519,Low,Monitor,No immediate distribution issue requires action.
43914,0.4001058646199288,0.4001058646199288,0.4001058646199288,0.5137288262239792,193.0,193.0,2026-08-04 21:34:17,Romyen Garden Place,5,1,2026-08-04 11:51:06,2026-08-05,26.81,Nakhonratchasima,KA,Lower Isan - Central,Mapped,Mapped,193737.0,90.0,1179.0,193.0,0.0,,,0.0,0.0,,0,0.1636980491942324,0.0,2.99,3.03,100,100,100.0,7.77,17.06,1520,Low,Investigate Booking Conversion,"Demand exists, but no booking is matched to the current check-in demand."
4848054,0.3585116916690247,0.373318891314129,0.3585116916690247,0.5079200367689632,277.0,66.0,2026-08-04 20:33:04,PLAAI Play Hotel,31,3,2026-08-04 20:33:04,2026-08-05,27.52,Rayong,KA,Upper Isan - East,Mapped,Mapped,203603.0,35.0,1716.0,277.0,0.0,,,0.0,6.0,,0,0.16142191142191142,0.0,3.14,1.18,100,100,100.0,7.43,17.05,1521,Low,Investigate Booking Conversion,"Demand exists, but no booking is matched to the current check-in demand."
183319,0.3472215469140578,0.3472215469140578,0.3472215469140578,0.5110821114355871,29.0,29.0,2026-08-04 19:05:32,PS Sriphu Hotel Hatyai,4,0,,2026-08-04,24.5,Hatyai,KA,Lower South - West,Mapped,Mapped,331499.0,169.0,940.0,29.0,0.0,,,0.0,0.0,,0,0.030851063829787233,0.0,5.12,5.69,100,100,100.0,9.17,17.04,1522,Low,Monitor,No immediate distribution issue requires action.
152869,0.3636634862263648,0.37175595371934117,0.3636634862263648,0.5035488100048724,214.0,135.0,2026-08-04 22:18:28,Kilintra Residence,12,1,2026-08-04 22:03:21,2026-08-04,25.82,Chonburi,KA,BKK - Metro - Chon,Mapped,Mapped,218429.0,165.0,2288.0,214.0,0.0,,,0.0,0.0,,0,0.09353146853146853,0.0,3.37,5.56,100,100,100.0,8.52,17.04,1523,Low,Monitor,No immediate distribution issue requires action.
25111,0.3867388519742171,0.42507452287807374,0.3867388519742171,0.5115598231685469,501.0,221.0,2026-08-04 17:52:50,Bann Chompu Resort,22,2,2026-08-04 12:38:07,2026-08-05,27.94,Nakhon Nayok,LT,Lower Isan - Central,Mapped,Mapped,137856.0,41.0,265.0,501.0,0.0,,,0.0,3.0,,0,1.890566037735849,0.0,2.13,1.38,100,100,100.0,7.07,17.03,1524,Low,Investigate Booking Conversion,"Demand exists, but no booking is matched to the current check-in demand."
63775,0.4079711524081748,0.4120480180513805,0.4079711524081748,0.49721348485289035,772.0,152.0,2026-08-04 15:52:08,Iyara Hua Hin Lodge,18,3,2026-08-04 14:04:20,2026-08-06,28.2,Hua Hin,KA,Lower South - West,Mapped,Mapped,123266.0,59.0,842.5,772.0,0.0,,,0.0,2.0,,0,0.916320474777448,0.0,1.9,1.99,100,100,100.0,7.19,17.03,1525,Low,Investigate Booking Conversion,"Demand exists, but no booking is matched to the current check-in demand."
180927,0.34240402238436346,0.34240402238436346,0.34240402238436346,0.5129384413755522,17.0,17.0,2026-08-04 17:52:50,The Tempo Lopburi,7,0,,2026-08-04,24.62,Lop Buri,KA,Lower Isan - Central,Mapped,Mapped,524135.0,4.0,460.5,17.0,0.0,,,0.0,0.0,,0,0.03691639522258415,0.0,8.09,0.13,100,100,100.0,9.01,17.02,1526,Low,Monitor,No immediate distribution issue requires action.
43659,0.37072172716313534,0.371920053680451,0.37072172716313534,0.5090489148048827,171.0,92.0,2026-08-04 23:18:39,Cbd Hotel Suratthani,17,2,2026-08-04 22:34:47,2026-08-05,26.67,Surat Thani,KA,Upper South,Mapped,Mapped,263774.0,48.0,1283.5,171.0,0.0,,,0.0,0.0,,0,0.13322945072068562,0.0,4.07,1.62,100,100,100.0,7.86,17.02,1527,Low,Investigate Booking Conversion,"Demand exists, but no booking is matched to the current check-in demand."
63670,0.36687227494165564,0.3694011137499599,0.36687227494165564,0.5074680073147607,280.0,89.0,2026-08-04 12:51:31,Laemchabang City Hotel,22,0,,2026-08-06,26.99,Sriracha,KA,BKK - Metro - Chon,Mapped,Mapped,211320.0,65.0,1645.0,280.0,0.0,,,0.0,0.0,,0,0.1702127659574468,0.0,3.26,2.19,100,100,100.0,7.68,17.01,1528,Low,Investigate Booking Conversion,"Demand exists, but no booking is matched to the current check-in demand."
2000062,0.3868683483945671,0.4040029563453803,0.3868683483945671,0.5100851624017175,1197.0,240.0,2026-08-04 19:05:32,Pattaya Modus Beachfront Resort,35,4,2026-08-04 18:06:03,2026-08-06,29.36,Pattaya,LT,BKK - Metro - Chon,Mapped,Mapped,37548.0,3.0,2288.0,1197.0,0.0,,,0.0,32.0,,0,0.5231643356643356,0.0,0.58,0.1,100,100,100.0,6.19,17.0,1529,Low,Investigate Booking Conversion,"Demand exists, but no booking is matched to the current check-in demand."
21316,0.3670088836288956,0.3670088836288956,0.3670088836288956,0.507842021371027,30.0,30.0,2026-08-04 15:36:41,De Hug Hotel And Residence,3,0,,2026-08-05,25.13,Chiang Rai,KA,North,Mapped,Mapped,406647.0,55.0,880.5,30.0,0.0,,,0.0,0.0,,0,0.034071550255536626,0.0,6.28,1.85,100,100,100.0,8.72,16.98,1530,Low,Monitor,No immediate distribution issue requires action.
43906,0.40674201064486465,0.427529908722027,0.40674201064486465,0.5137207937163015,91.0,39.0,2026-08-04 20:47:47,Kwanruen Park Hotel,12,2,2026-08-04 16:21:17,2026-08-05,27.71,Nakhonratchasima,LT,Lower Isan - Central,Mapped,Mapped,182810.0,11.0,1319.0,91.0,0.0,,,0.0,0.0,,0,0.06899166034874905,0.0,2.82,0.37,100,100,100.0,7.06,16.98,1531,Low,Investigate Booking Conversion,"Demand exists, but no booking is matched to the current check-in demand."
4896880,0.36946560408533746,0.36946560408533746,0.36946560408533746,0.5117516049331652,22.0,22.0,2026-08-04 19:05:32,Ampai Place,6,0,,2026-08-04,25.59,Rayong,KA,Upper Isan - East,Mapped,Mapped,375294.0,32.0,1241.5,22.0,0.0,,,0.0,0.0,,0,0.017720499395892066,0.0,5.8,1.08,100,100,100.0,8.34,16.97,1532,Low,Monitor,No immediate distribution issue requires action.
21970,0.38165053137103544,0.38165053137103544,0.38165053137103544,0.511840642536616,148.0,148.0,2026-08-04 23:18:39,Kasemsarn Hotel Chanthaburi,8,0,,2026-08-04,26.31,Chanthaburi,LT,Upper Isan - East,Mapped,Mapped,156379.0,143.0,1086.0,148.0,0.0,,,0.0,0.0,,0,0.13627992633517497,0.0,2.42,4.82,100,100,100.0,7.92,16.97,1533,Low,Investigate Booking Conversion,"Demand exists, but no booking is matched to the current check-in demand."
4709,0.4023944710627944,0.42512721597507136,0.4023944710627944,0.5081441829607422,122.0,53.0,2026-08-04 10:02:48,Leluxe Residence,14,3,2026-08-04 09:50:43,2026-08-04,27.62,Udon Thani,KA,Upper Isan - East,Mapped,Mapped,162392.0,34.0,1007.0,122.0,0.0,,,0.0,0.0,,0,0.1211519364448858,0.0,2.51,1.15,100,100,100.0,7.12,16.93,1534,Low,Investigate Booking Conversion,"Demand exists, but no booking is matched to the current check-in demand."
4918020,0.3074917002215565,0.30845304964569825,0.3074917002215565,0.5051834643853738,115.0,47.0,2026-08-04 20:47:47,Rare Loei Hotel,8,1,2026-08-04 20:47:47,2026-08-04,23.2,Loei,KA,Upper Isan - East,Mapped,Mapped,637093.0,26.0,238.5,115.0,0.0,,,0.0,6.0,,0,0.48218029350104824,0.0,9.84,0.88,100,100,100.0,9.82,16.92,1535,Low,Monitor,No immediate distribution issue requires action.
5102053,0.44125195244974225,0.44125195244974225,0.44125195244974225,0.5211505833361567,71.0,71.0,2026-08-04 11:51:06,The Bed's Rojana,2,0,,2026-08-09,28.28,Prachin Buri,LT,Upper Isan - East,Mapped,Mapped,78654.0,16.0,42.0,71.0,0.0,,,0.0,0.0,,0,1.6904761904761905,0.0,1.21,0.54,100,100,100.0,6.42,16.91,1536,Low,Investigate Booking Conversion,"Demand exists, but no booking is matched to the current check-in demand."
5102037,0.27811470607245214,0.27811470607245214,0.27811470607245214,0.5056471658847407,8.0,8.0,2026-08-04 23:33:09,Warm Beach Resort,8,0,,2026-08-15,22.0,Prachuapkhirikhan,LT,Lower South - West,Mapped,Not Live,11150.0,0.0,836.0,8.0,0.0,,,0.0,3.0,-0.0,1,0.009569377990430622,0.0,0.17,0.0,100,40,70.0,4.49,16.9,1537,Low,Activate Ctrip,"Ctrip connectivity exists, but the hotel is not live."
4908057,0.3664238600257629,0.36987089094411085,0.3664238600257629,0.5068704171055749,77.0,45.0,2026-08-04 18:21:46,Poolrada Boutique Hotel,7,0,,2026-08-05,25.48,Phuket,KA,Upper South,Mapped,Mapped,387595.0,26.0,1544.0,77.0,0.0,,,0.0,0.0,,0,0.04987046632124352,0.0,5.99,0.88,100,100,100.0,8.36,16.89,1538,Low,Monitor,No immediate distribution issue requires action.
2005574,0.32807430896652123,0.35072799349587463,0.32807430896652123,0.5116577887244551,28.0,18.0,2026-08-04 19:05:32,Seksub Place,7,0,,2026-08-04,24.03,Phra Nakhon Si Ayutthaya,KA,Lower Isan - Central,Mapped,Mapped,344238.0,162.0,675.5,28.0,0.0,0.2660317658065293,0.2660317658065293,1.0,1.0,,0,0.04145077720207254,0.0,5.32,5.46,100,100,100.0,9.1,16.88,1539,Low,Monitor,No immediate distribution issue requires action.
2000369,0.4267654743776581,0.4481751201087189,0.4267654743776581,0.5122291021779268,740.0,478.0,2026-08-04 19:05:32,Bosswin Home Resort,11,1,2026-08-04 19:05:32,2026-08-04,28.58,Nakhonratchasima,LT,Lower Isan - Central,Mapped,Mapped,63399.0,15.0,1319.0,740.0,0.0,,,0.0,0.0,,0,0.5610310841546626,0.0,0.98,0.51,100,100,100.0,6.36,16.88,1540,Low,Investigate Booking Conversion,"Demand exists, but no booking is matched to the current check-in demand."
4940141,0.37737493802021455,0.393053289729038,0.37737493802021455,0.5087391405786685,188.0,95.0,2026-08-04 23:33:09,Aivarata Resort,24,0,,2026-08-05,27.6,Chanthaburi,KA,Upper Isan - East,Mapped,Mapped,185911.0,7.0,1086.0,188.0,0.0,,,0.0,12.0,,0,0.1731123388581952,0.0,2.87,0.24,100,100,100.0,7.03,16.88,1541,Low,Investigate Booking Conversion,"Demand exists, but no booking is matched to the current check-in demand."
63397,0.3950996446554864,0.39899773435208963,0.3950996446554864,0.508208745215269,370.0,266.0,2026-08-04 19:05:32,Baan Payai Resort,18,5,2026-08-04 18:06:03,2026-08-05,27.79,Khaoyai,KA,Lower Isan - Central,Mapped,Mapped,165307.0,7.0,1319.0,370.0,0.0,,,0.0,0.0,,0,0.2805155420773313,0.0,2.55,0.24,100,100,100.0,6.9,16.87,1542,Low,Investigate Booking Conversion,"Demand exists, but no booking is matched to the current check-in demand."
4935981,0.42792278183161375,0.42792278183161375,0.42792278183161375,0.5109386347173575,424.0,424.0,2026-08-04 23:33:09,BB House & Resort Khon Kaen,8,1,2026-08-04 21:48:56,2026-08-04,28.22,Khon Kaen,KA,Upper Isan - East,Mapped,Mapped,97012.0,17.0,1025.5,424.0,0.0,,,0.0,0.0,,0,0.4134568503169186,0.0,1.5,0.57,100,100,100.0,6.56,16.86,1543,Low,Investigate Booking Conversion,"Demand exists, but no booking is matched to the current check-in demand."
1382,0.37147327057360735,0.3820027305844942,0.37147327057360735,0.5086149193153914,393.0,361.0,2026-08-04 12:51:31,Sima Thani Hotel,16,0,,2026-08-05,26.67,Nakhonratchasima,LT,Lower Isan - Central,Mapped,Mapped,168322.0,89.0,1319.0,393.0,0.0,,,0.0,0.0,,0,0.2979529946929492,0.0,2.6,3.0,100,100,100.0,7.53,16.85,1544,Low,Investigate Booking Conversion,"Demand exists, but no booking is matched to the current check-in demand."
4855106,0.36635029367991995,0.36873186277503517,0.36635029367991995,0.5116182148454418,189.0,50.0,2026-08-04 12:38:07,PS Thungsao Hotel,16,0,,2026-08-13,26.46,Hatyai,KA,Lower South - West,Mapped,Mapped,156241.0,108.0,540.0,189.0,0.0,0.1225740887456785,0.1459214868768998,3.0,3.0,,0,0.35,0.0,2.41,3.64,100,100,100.0,7.59,16.85,1545,Low,Investigate Booking Conversion,"Demand exists, but no booking is matched to the current check-in demand."
4920332,0.39900257595858263,0.39900257595858263,0.39900257595858263,0.5125869330691053,45.0,45.0,2026-08-04 19:05:32,Wicket White Villa,8,1,2026-08-04 19:05:32,2026-08-04,26.98,Ratchaburi,KA,Lower South - West,Mapped,Mapped,197419.0,30.0,406.5,45.0,0.0,,,0.0,0.0,,0,0.11070110701107011,0.0,3.05,1.01,100,100,100.0,7.22,16.83,1546,Low,Investigate Booking Conversion,"Demand exists, but no booking is matched to the current check-in demand."
4560983,0.3810703537448932,0.3810703537448932,0.3810703537448932,0.5062288878540234,84.0,84.0,2026-08-04 16:21:17,Seabed Grand Hotel Phuket,4,0,,2026-08-17,25.77,Phuket,LT,Upper South,Mapped,Mapped,310065.0,52.0,598.0,84.0,0.0,,,0.0,8.0,,0,0.14046822742474915,0.0,4.79,1.75,100,100,100.0,8.07,16.83,1547,Low,Monitor,No immediate distribution issue requires action.
4883053,0.4168986191666516,0.45548507544689115,0.4168986191666516,0.5308055169294633,298.0,161.0,2026-08-04 01:45:09,Best Western Plus Nexen Pattaya,4,0,,2026-08-19,27.76,Pattaya,LT,BKK - Metro - Chon,Mapped,Mapped,89669.0,13.0,899.5,298.0,0.0,,,0.0,6.0,,0,0.33129516397998887,0.0,1.38,0.44,100,100,100.0,6.37,16.82,1548,Low,Investigate Booking Conversion,"Demand exists, but no booking is matched to the current check-in demand."
65006,0.3417343109033304,0.3417343109033304,0.3417343109033304,0.5110758320815757,24.0,24.0,2026-08-04 14:04:20,Phromsuk Hotel Ayutthaya,4,0,,2026-08-04,24.28,Phra Nakhon Si Ayutthaya,KA,Lower Isan - Central,Mapped,Mapped,465084.0,38.0,675.5,24.0,0.0,,,0.0,0.0,,0,0.03552923760177646,0.0,7.18,1.28,100,100,100.0,8.83,16.81,1549,Low,Monitor,No immediate distribution issue requires action.
2007725,0.42646115064554435,0.44326487077971904,0.42646115064554435,0.5065024038786426,1236.0,663.0,2026-08-04 22:18:28,Rider bedroom hostel and cafe,9,3,2026-08-04 20:47:47,2026-08-04,28.42,Pranburi,LT,Lower South - West,Mapped,Mapped,76959.0,13.0,893.0,1236.0,0.0,,,0.0,0.0,,0,1.3840985442329228,0.0,1.19,0.44,100,100,100.0,6.41,16.8,1550,Low,Investigate Booking Conversion,"Demand exists, but no booking is matched to the current check-in demand."
4921403,0.4317520389627657,0.4317520389627657,0.4317520389627657,0.5112808482664958,68.0,68.0,2026-08-04 16:21:17,Ban Rai Nai Suan,4,0,,2026-08-04,27.9,Uthai Thani,LT,North,Mapped,Mapped,129579.0,5.0,154.0,68.0,0.0,,,0.0,0.0,,0,0.44155844155844154,0.0,2.0,0.17,100,100,100.0,6.63,16.8,1551,Low,Investigate Booking Conversion,"Demand exists, but no booking is matched to the current check-in demand."
5102014,0.39792354240419475,0.39792354240419475,0.39792354240419475,0.5074805932972308,162.0,162.0,2026-08-04 18:49:41,De Paris Hotel,7,1,2026-08-04 18:36:27,2026-08-04,26.78,Roi Et,KA,Lower Isan - Central,Mapped,Mapped,229130.0,21.0,460.0,162.0,0.0,,,0.0,0.0,,0,0.3521739130434783,0.0,3.54,0.71,100,100,100.0,7.34,16.78,1552,Low,Investigate Booking Conversion,"Demand exists, but no booking is matched to the current check-in demand."
1286,0.42287670973598723,0.42287670973598723,0.42287670973598723,0.5172029981079654,57.0,57.0,2026-08-04 12:51:31,The Tama Hotel,4,1,2026-08-04 11:51:06,2026-08-04,27.66,Krabi,LT,Upper South,Mapped,Mapped,80127.0,42.0,400.0,57.0,0.0,,,0.0,0.0,,0,0.1425,0.0,1.24,1.41,100,100,100.0,6.58,16.76,1553,Low,Investigate Booking Conversion,"Demand exists, but no booking is matched to the current check-in demand."
2000248,0.3183087515998582,0.3242647828276071,0.3183087515998582,0.5096268303370051,14.0,8.0,2026-08-04 22:34:47,Sukkhamas Pirom Hotel Nakhonratchasima,10,0,,2026-08-06,23.88,Nakhonratchasima,KA,Lower Isan - Central,Mapped,Mapped,495286.0,40.0,784.5,14.0,0.0,,,0.0,0.0,,0,0.017845761631612493,0.0,7.65,1.35,100,100,100.0,9.01,16.76,1554,Low,Monitor,No immediate distribution issue requires action.
4857676,0.3667090938820692,0.3667090938820692,0.3667090938820692,0.5080691354591612,4.0,4.0,2026-08-04 17:52:50,Chadaporn Hotel Mae Chaem,3,1,2026-08-04 16:21:17,2026-08-08,25.12,Chiang Mai,KA,North,Mapped,Mapped,342843.0,57.0,1106.5,4.0,0.0,,,0.0,0.0,,0,0.0036150022593764122,0.0,5.29,1.92,100,100,100.0,8.25,16.74,1555,Low,Monitor,No immediate distribution issue requires action.
5102234,0.420164709159696,0.42184590215568035,0.420164709159696,0.5061266108181184,1146.0,585.0,2026-08-04 23:18:39,Monmai Resort Huahin,20,5,2026-08-04 22:34:47,2026-08-07,29.17,Hua Hin,LT,Lower South - West,Mapped,Mapped,893.0,1.0,842.5,1146.0,0.0,,,0.0,0.0,,0,1.3602373887240355,0.0,0.01,0.03,100,100,100.0,5.85,16.74,1556,Low,Investigate Booking Conversion,"Demand exists, but no booking is matched to the current check-in demand."
2000292,0.3590620286534673,0.4112282499278713,0.3590620286534673,0.5114855919129878,142.0,139.0,2026-08-04 16:21:17,Irin Beach Cha-am,9,0,,2026-08-04,25.49,Cha-am,KA,Lower South - West,Mapped,Mapped,284047.0,64.0,953.0,142.0,0.0,,,0.0,8.0,,0,0.14900314795383002,0.0,4.39,2.16,100,100,100.0,7.94,16.73,1557,Low,Monitor,No immediate distribution issue requires action.
4857587,0.3591128861274851,0.4201024227308915,0.3591128861274851,0.5123949199766991,116.0,58.0,2026-08-04 16:21:17,O2 Hotel Sakonnakhon,19,1,2026-08-04 05:44:15,2026-08-06,26.45,Sakon Nakhon,KA,Upper Isan - East,Mapped,Mapped,175988.0,66.0,440.0,116.0,0.0,,,0.0,0.0,,0,0.2636363636363636,0.0,2.72,2.22,100,100,100.0,7.32,16.72,1558,Low,Investigate Booking Conversion,"Demand exists, but no booking is matched to the current check-in demand."
2003811,0.4278323883255717,0.4278323883255717,0.4278323883255717,0.5124644773057313,3.0,3.0,2026-08-04 00:03:17,Laksasuk House,1,0,,2026-08-04,27.46,Tak,KA,North,Mapped,Mapped,136071.0,17.0,237.0,3.0,0.0,,,0.0,0.0,,0,0.012658227848101266,0.0,2.1,0.57,100,100,100.0,6.71,16.72,1559,Low,Investigate Booking Conversion,"Demand exists, but no booking is matched to the current check-in demand."
638,0.3396105975796028,0.3490602727780156,0.3396105975796028,0.53915829028932,36.0,6.0,2026-08-04 19:05:32,Holiday Garden Hotel & Resort Chiang Mai,36,0,,2026-08-11,27.79,Chiang Mai,LT,North,Mapped,Mapped,55380.0,0.0,1475.5,36.0,0.0,,,0.0,7.0,,0,0.024398508980006776,0.0,0.86,0.0,100,100,100.0,5.99,16.72,1560,Low,Investigate Booking Conversion,"Demand exists, but no booking is matched to the current check-in demand."
4932309,0.396340115012889,0.396340115012889,0.396340115012889,0.5103332673029105,21.0,21.0,2026-08-04 01:30:42,Trattara Boutique Hotel,2,1,2026-08-04 01:30:42,2026-08-14,26.26,Trat,KA,Upper Isan - East,Mapped,Mapped,142289.0,110.0,84.0,21.0,0.0,0.3135672055393534,0.3135672055393534,1.0,4.0,,0,0.25,0.0,2.2,3.7,100,100,100.0,7.46,16.71,1561,Low,Investigate Booking Conversion,"Demand exists, but no booking is matched to the current check-in demand."
2011750,0.37422876209473144,0.4329640909559736,0.37422876209473144,0.5092065753759151,297.0,143.0,2026-08-04 19:05:32,Tanban Mansion,17,0,,2026-08-04,26.85,Surin,KA,Lower Isan - Central,Mapped,Mapped,162972.0,50.0,423.0,297.0,0.0,0.0235508625559139,0.1236784950025932,2.0,4.0,,0,0.7021276595744681,0.0,2.52,1.68,100,100,100.0,7.13,16.71,1562,Low,Investigate Booking Conversion,"Demand exists, but no booking is matched to the current check-in demand."
2000278,0.41455649019483054,0.4266379136059203,0.41455649019483054,0.5156701403515546,50.0,25.0,2026-08-04 18:21:46,Bumnsaya Place,8,2,2026-08-04 18:21:46,2026-08-05,27.67,Buriram,LT,Lower Isan - Central,Mapped,Mapped,104653.0,13.0,764.0,50.0,0.0,,,0.0,0.0,,0,0.06544502617801047,0.0,1.62,0.44,100,100,100.0,6.48,16.7,1563,Low,Investigate Booking Conversion,"Demand exists, but no booking is matched to the current check-in demand."
43609,0.3545298168973812,0.3545298168973812,0.3545298168973812,0.5186786444531754,288.0,96.0,2026-08-04 22:18:28,Bright Hotel,18,0,,2026-08-11,26.35,Khon Kaen,KA,Upper Isan - East,Mapped,Mapped,248037.0,4.0,1122.0,288.0,0.0,-0.0415976213697958,-0.0415976213697958,1.0,2.0,,0,0.25668449197860965,0.0,3.83,0.13,100,100,100.0,7.22,16.7,1564,Low,Fix Internal Rate Parity,Our rate is more expensive than a comparable partner rate.
1369,0.39387207531313545,0.39387207531313545,0.39387207531313545,0.5112001625150134,100.0,100.0,2026-08-04 23:33:09,Charoen Thani Khon Kean,3,0,,2026-08-11,26.29,Khon Kaen,LT,Upper Isan - East,Mapped,Mapped,191624.0,63.0,591.5,100.0,0.0,0.034328728202233,0.034328728202233,1.0,4.0,,0,0.16906170752324598,0.0,2.96,2.12,100,100,100.0,7.37,16.69,1565,Low,Investigate Booking Conversion,"Demand exists, but no booking is matched to the current check-in demand."
4935444,0.29761652507980585,0.30277483646528386,0.29761652507980585,0.5079534290677415,68.0,21.0,2026-08-04 11:36:45,888 Resort,12,0,,2026-08-25,23.22,Rayong,KA,Upper Isan - East,Mapped,Mapped,437589.0,126.0,8.0,68.0,0.0,,,0.0,4.0,,0,8.5,0.0,6.76,4.24,100,100,100.0,9.3,16.69,1566,Low,Monitor,No immediate distribution issue requires action.
43868,0.36903864367562095,0.4055153973012101,0.36903864367562095,0.5091745583660354,450.0,240.0,2026-08-04 19:05:32,Akelada Hotel,32,5,2026-08-04 12:51:31,2026-08-05,28.12,Buriram,LT,Lower Isan - Central,Mapped,Mapped,63289.0,20.0,764.0,450.0,0.0,,,0.0,5.0,,0,0.5890052356020943,0.0,0.98,0.67,100,100,100.0,6.32,16.69,1567,Low,Investigate Booking Conversion,"Demand exists, but no booking is matched to the current check-in demand."
183064,0.3821733337676865,0.3821733337676865,0.3821733337676865,0.5232534442217417,42.0,42.0,2026-08-04 19:05:32,Thanaphat Place Buriram,6,0,,2026-08-04,26.33,Buriram,KA,Lower Isan - Central,Mapped,Mapped,232566.0,4.0,504.5,42.0,0.0,,,0.0,0.0,,0,0.08325074331020813,0.0,3.59,0.13,100,100,100.0,7.1,16.68,1568,Low,Investigate Booking Conversion,"Demand exists, but no booking is matched to the current check-in demand."
183466,0.38403943768927357,0.38403943768927357,0.38403943768927357,0.5048971255077335,6.0,6.0,2026-08-04 12:51:31,297 Nature Residence,3,0,,2026-08-04,25.75,Bangkok,KA,BKK - Metro - Chon,Mapped,Mapped,339737.0,4.0,2531.5,6.0,0.0,,,0.0,0.0,,0,0.002370136282836263,0.0,5.25,0.13,100,100,100.0,7.81,16.68,1569,Low,Monitor,No immediate distribution issue requires action.
65021,0.369787325475279,0.42798352380898524,0.369787325475279,0.5156380696612606,145.0,71.0,2026-08-04 23:33:09,Phumanee Lahu Home Hotel Fang,26,4,2026-08-04 22:18:28,2026-08-05,27.61,Chiang Mai,LT,North,Mapped,Mapped,101460.0,15.0,1475.5,145.0,0.0,,,0.0,0.0,,0,0.09827177228058286,0.0,1.57,0.51,100,100,100.0,6.46,16.67,1570,Low,Investigate Booking Conversion,"Demand exists, but no booking is matched to the current check-in demand."
152902,0.4106574901787873,0.4106574901787873,0.4106574901787873,0.5053993091240222,38.0,38.0,2026-08-04 20:47:47,Rapeepan Ville Hotel,4,2,2026-08-04 20:47:47,2026-08-05,26.92,Ubon Ratchathani,KA,Lower Isan - Central,Mapped,Mapped,208280.0,9.0,1555.5,38.0,0.0,,,0.0,0.0,,0,0.024429443908711025,0.0,3.22,0.3,100,100,100.0,7.08,16.67,1571,Low,Investigate Booking Conversion,"Demand exists, but no booking is matched to the current check-in demand."
4933490,0.40613371609388665,0.40613371609388665,0.40613371609388665,0.5168777874591687,152.0,152.0,2026-08-04 13:52:08,Grand BS Airport Hotel Suvarnabhumi,3,2,2026-08-04 12:51:31,2026-08-14,26.91,Bangkok,LT,BKK - Metro - Chon,Mapped,Mapped,139500.0,34.0,1772.5,152.0,0.0,-0.3881605330536446,-0.3881605330536446,1.0,19.0,0.5666,1,0.08575458392101551,0.0,2.15,1.15,100,100,100.0,6.8,16.64,1572,Low,Fix Internal Rate Parity,Our rate is more expensive than a comparable partner rate.
2007960,0.41305262337434906,0.41305262337434906,0.41305262337434906,0.5100554834397176,142.0,142.0,2026-08-04 20:47:47,Vipat Bungkan Hotel,3,1,2026-08-04 19:05:32,2026-08-04,27.05,Bungkan,KA,Upper Isan - East,Mapped,Mapped,102848.0,62.0,25.0,142.0,0.0,,,0.0,0.0,,0,5.68,0.0,1.59,2.09,100,100,100.0,6.83,16.63,1573,Low,Investigate Booking Conversion,"Demand exists, but no booking is matched to the current check-in demand."
183622,0.3260398727297635,0.3260398727297635,0.3260398727297635,0.5286598135241863,8.0,8.0,2026-08-04 19:05:32,East Inn 15 Hotel Rayong,6,0,,2026-08-05,24.19,Rayong,KA,Upper Isan - East,Mapped,Mapped,282302.0,113.0,1322.5,8.0,0.0,,,0.0,0.0,,0,0.0060491493383742915,0.0,4.36,3.81,100,100,100.0,8.16,16.62,1574,Low,Monitor,No immediate distribution issue requires action.
182994,0.4210583047123445,0.4210583047123445,0.4210583047123445,0.5139942365873671,33.0,33.0,2026-08-04 18:49:41,Hoppers Place Donmueang Hostel,5,1,2026-08-04 17:52:50,2026-08-05,27.61,Bangkok,LT,BKK - Metro - Chon,Mapped,Mapped,99734.0,9.0,2851.0,33.0,0.0,,,0.0,0.0,,0,0.011574886004910558,0.0,1.54,0.3,100,100,100.0,6.38,16.61,1575,Low,Investigate Booking Conversion,"Demand exists, but no booking is matched to the current check-in demand."
4980623,0.3393418929998616,0.3393418929998616,0.3393418929998616,0.5101291774821377,19.0,19.0,2026-08-04 16:21:17,Kimcan Cottage,4,0,,2026-08-06,24.16,Khon Kaen,KA,Upper Isan - East,Mapped,Mapped,464824.0,9.0,573.5,19.0,0.0,,,0.0,0.0,,0,0.03312990409764603,0.0,7.18,0.3,100,100,100.0,8.51,16.61,1576,Low,Monitor,No immediate distribution issue requires action.
2002203,0.41888008540316224,0.41888008540316224,0.41888008540316224,0.517460130404426,52.0,52.0,2026-08-04 12:51:31,Weerawan Place,4,0,,2026-08-04,27.5,Khon Kaen,LT,Upper Isan - East,Mapped,Mapped,100105.0,10.0,1025.5,52.0,0.0,,,0.0,0.0,,0,0.050706972208678695,0.0,1.55,0.34,100,100,100.0,6.38,16.61,1577,Low,Investigate Booking Conversion,"Demand exists, but no booking is matched to the current check-in demand."
177896,0.3209319702031168,0.38025567396130516,0.3209319702031168,0.5086334286843927,45.0,36.0,2026-08-04 23:33:09,Stay with Nimman Chiang Mai,13,1,2026-08-04 09:50:43,2026-09-02,24.26,Chiang Mai,LT,North,Mapped,Mapped,464480.0,3.0,16.0,45.0,0.0,,,0.0,24.0,,0,2.8125,0.0,7.17,0.1,100,100,100.0,8.47,16.6,1578,Low,Monitor,No immediate distribution issue requires action.
74,0.340210028355449,0.340210028355449,0.340210028355449,0.5308203111628338,4.0,4.0,2026-08-04 12:51:31,Easy Planet Bangkok Surawong,4,0,,2026-08-04,24.61,Bangkok,KA,BKK - Metro - Chon,Mapped,Mapped,294283.0,60.0,2531.5,4.0,0.0,,,0.0,0.0,,0,0.0015800908552241755,0.0,4.54,2.02,100,100,100.0,7.8,16.59,1579,Low,Monitor,No immediate distribution issue requires action.
43649,0.30156437234939265,0.311016662445607,0.30156437234939265,0.5082854429964638,18.0,14.0,2026-08-04 18:36:27,Karnmanee Place Hotel,8,0,,2026-08-09,22.99,Udon Thani,KA,Upper Isan - East,Mapped,Mapped,481097.0,89.0,613.0,18.0,0.0,,,0.0,0.0,,0,0.02936378466557912,0.0,7.43,3.0,100,100,100.0,9.21,16.59,1580,Low,Monitor,No immediate distribution issue requires action.
183386,0.36297786028128365,0.36297786028128365,0.36297786028128365,0.5094554253674994,62.0,62.0,2026-08-04 19:05:32,Mamuangpaa Hillside Resort,6,0,,2026-08-04,25.3,Nakhon Sawan,KA,North,Mapped,Mapped,240200.0,86.0,1451.0,62.0,0.0,,,0.0,0.0,,0,0.042729152308752585,0.0,3.71,2.9,100,100,100.0,7.78,16.58,1581,Low,Monitor,No immediate distribution issue requires action.
2000071,0.3570020297823387,0.37599006346580915,0.3570020297823387,0.5072312900818791,265.0,134.0,2026-08-04 16:21:17,The Grace Amphawa Resort,22,0,,2026-08-05,26.59,Samut Songkhram,LT,Lower South - West,Mapped,Mapped,172038.0,40.0,710.0,265.0,0.0,,,0.0,0.0,0.3496,1,0.3732394366197183,0.0,2.66,1.35,100,100,100.0,7.05,16.58,1582,Low,Review Agoda Rate Competitiveness,Agoda reports a price disadvantage; 0% is cheapest.
174253,0.3480778108130596,0.3480778108130596,0.3480778108130596,0.5048351914344903,16.0,16.0,2026-08-04 20:33:04,The B Ranong Trend Hotel,3,0,,2026-08-13,24.31,Ranong,LT,Upper South,Mapped,Mapped,206355.0,199.0,431.0,16.0,0.0,,,0.0,5.0,,0,0.037122969837587005,0.0,3.19,6.7,100,100,100.0,8.47,16.57,1583,Low,Monitor,No immediate distribution issue requires action.
4920962,0.3889576553392431,0.3889576553392431,0.3889576553392431,0.511909822786009,695.0,695.0,2026-08-04 19:05:32,Baan Suwanna Khon Kaen,5,0,,2026-08-04,26.48,Khon Kaen,KA,Upper Isan - East,Mapped,Mapped,203065.0,10.0,1025.5,695.0,0.0,,,0.0,0.0,,0,0.6777181862506094,0.0,3.14,0.34,100,100,100.0,6.97,16.55,1584,Low,Investigate Booking Conversion,"Demand exists, but no booking is matched to the current check-in demand."
4934152,0.38594091704199895,0.3940256405127237,0.38594091704199895,0.5048499645158251,644.0,309.0,2026-08-04 21:48:56,Is Am Are Stay Boutique,21,1,2026-08-04 20:47:47,2026-08-05,27.72,Ratchaburi,LT,Lower South - West,Mapped,Mapped,81350.0,18.0,715.0,644.0,0.0,,,0.0,0.0,,0,0.9006993006993007,0.0,1.26,0.61,100,100,100.0,6.36,16.54,1585,Low,Investigate Booking Conversion,"Demand exists, but no booking is matched to the current check-in demand."
2010838,0.392935145729494,0.392935145729494,0.392935145729494,0.5103031514188573,185.0,185.0,2026-08-04 09:50:43,All Day Hostel @ BTS Bang Chak,6,0,,2026-08-08,26.55,Bangkok,KA,BKK - Metro - Chon,Mapped,Mapped,55833.0,117.0,1633.5,185.0,0.0,,,0.0,0.0,,0,0.11325374961738598,0.0,0.86,3.94,100,100,100.0,6.92,16.53,1586,Low,Investigate Booking Conversion,"Demand exists, but no booking is matched to the current check-in demand."
4921119,0.33758075047829506,0.39189688934215794,0.33758075047829506,0.5083421587561714,229.0,100.0,2026-08-04 23:33:09,Bongkod Hotel,26,0,,2026-08-06,26.2,Nakhonratchasima,KA,Lower Isan - Central,Mapped,Mapped,171549.0,58.0,1319.0,229.0,0.0,,,0.0,2.0,,0,0.17361637604245642,0.0,2.65,1.95,100,100,100.0,7.15,16.52,1587,Low,Investigate Booking Conversion,"Demand exists, but no booking is matched to the current check-in demand."
2050,0.3935903954181649,0.3950391098273624,0.3935903954181649,0.5097179751672225,255.0,137.0,2026-08-04 18:36:27,Charoen Hotel Udon Thani,8,0,,2026-08-09,26.77,Udon Thani,KA,Upper Isan - East,Mapped,Mapped,94867.0,69.0,613.0,255.0,0.0,,,0.0,0.0,,0,0.4159869494290375,0.0,1.47,2.32,100,100,100.0,6.78,16.52,1588,Low,Investigate Booking Conversion,"Demand exists, but no booking is matched to the current check-in demand."
63649,0.3381857996949366,0.4133011758166411,0.3381857996949366,0.5086540073366415,81.0,27.0,2026-08-04 23:33:09,Lee Hotel Suratthani,27,2,2026-08-04 15:52:08,2026-08-04,26.28,Surat Thani,KA,Upper South,Mapped,Mapped,226934.0,10.0,1283.5,81.0,0.0,,,0.0,2.0,,0,0.06310868718348267,0.0,3.5,0.34,100,100,100.0,7.11,16.52,1589,Low,Investigate Booking Conversion,"Demand exists, but no booking is matched to the current check-in demand."
4883806,0.30462407414167014,0.3096326370602947,0.30462407414167014,0.514723815810799,23.0,13.0,2026-08-04 22:51:02,Muaklek Pruksa Resort,23,0,,2026-08-10,24.67,Saraburi,KA,Lower Isan - Central,Mapped,Mapped,374257.0,10.0,568.5,23.0,0.0,,,0.0,4.0,,0,0.040457343887423045,0.0,5.78,0.34,100,100,100.0,7.93,16.51,1590,Low,Monitor,No immediate distribution issue requires action.
181447,0.2647364946635142,0.27129682679819883,0.2647364946635142,0.50683383204882,21.0,11.0,2026-08-04 23:03:24,Porynoon Hotel,21,0,,2026-08-04,22.72,Uthai Thani,KA,North,Mapped,Mapped,563741.0,34.0,154.0,21.0,0.0,,,0.0,0.0,,0,0.13636363636363635,0.0,8.71,1.15,100,100,100.0,9.24,16.51,1591,Low,Monitor,No immediate distribution issue requires action.
2000106,0.3781293964573192,0.4011455910190911,0.3781293964573192,0.5087253224441625,100.0,51.0,2026-08-04 16:21:17,Holiday Inn & Suites Rayong City Centre,13,0,,2026-08-05,26.56,Rayong,LT,Upper Isan - East,Mapped,Mapped,203591.0,0.0,1716.0,100.0,0.0,,,0.0,3.0,,0,0.05827505827505827,0.0,3.14,0.0,100,100,100.0,6.88,16.5,1592,Low,Investigate Booking Conversion,"Demand exists, but no booking is matched to the current check-in demand."
183365,0.3396046542009928,0.35057498753984495,0.3396046542009928,0.5146661282452081,16.0,7.0,2026-08-04 14:04:20,Baan Ton Jaeng,12,0,,2026-08-05,25.02,Chainat,KA,Lower Isan - Central,Mapped,Mapped,346341.0,2.0,194.0,16.0,0.0,,,0.0,0.0,,0,0.08247422680412371,0.0,5.35,0.07,100,100,100.0,7.7,16.5,1593,Low,Monitor,No immediate distribution issue requires action.
63422,0.29021476090179593,0.3281853097702641,0.29021476090179593,0.5090757668521763,112.0,27.0,2026-08-04 23:33:09,Plychan Hotel,44,0,,2026-08-05,25.99,Chanthaburi,KA,Upper Isan - East,Mapped,Mapped,234208.0,21.0,411.0,112.0,0.0,,,0.0,4.0,,0,0.2725060827250608,0.0,3.62,0.71,100,100,100.0,7.22,16.5,1594,Low,Investigate Booking Conversion,"Demand exists, but no booking is matched to the current check-in demand."
2009169,0.4355441552691121,0.4355441552691121,0.4355441552691121,0.5121792355571445,31.0,31.0,2026-08-04 23:33:09,Baan Maesot PLUS,7,1,2026-08-04 21:34:17,2026-08-04,28.34,Tak,LT,North,Mapped,Mapped,6594.0,1.0,237.0,31.0,0.0,,,0.0,0.0,,0,0.1308016877637131,0.0,0.1,0.03,100,100,100.0,5.73,16.49,1595,Low,Investigate Booking Conversion,"Demand exists, but no booking is matched to the current check-in demand."
2005749,0.39502529458821956,0.4257625134758182,0.39502529458821956,0.5106648553746541,1372.0,781.0,2026-08-04 23:33:09,Herry Residence,18,1,2026-08-04 22:51:02,2026-08-05,28.14,Chiang Mai,LT,North,Mapped,Mapped,17499.0,11.0,1208.0,1372.0,0.0,,,0.0,3.0,,0,1.1357615894039734,0.0,0.27,0.37,100,100,100.0,5.87,16.49,1596,Low,Investigate Booking Conversion,"Demand exists, but no booking is matched to the current check-in demand."
65360,0.36962776426874905,0.39760223152567037,0.36962776426874905,0.5118894868666537,127.0,65.0,2026-08-04 19:05:32,Sukhothai Porncharoen Resort&Spa,23,0,,2026-08-05,27.24,Sukhothai,KA,North,Mapped,Mapped,120454.0,0.0,222.0,127.0,0.0,,,0.0,0.0,,0,0.5720720720720721,0.0,1.86,0.0,100,100,100.0,6.38,16.48,1597,Low,Investigate Booking Conversion,"Demand exists, but no booking is matched to the current check-in demand."
4906095,0.3291483558527064,0.3361042819051192,0.3291483558527064,0.5305757841816757,17.0,11.0,2026-08-04 19:05:32,Le Lert Hotel Ratchaburi,13,0,,2026-08-08,25.01,Ratchaburi,KA,Lower South - West,Mapped,Mapped,297620.0,0.0,715.0,17.0,0.0,,,0.0,0.0,,0,0.023776223776223775,0.0,4.6,0.0,100,100,100.0,7.3,16.46,1598,Low,Monitor,No immediate distribution issue requires action.
2011773,0.39892801115401055,0.39960235192152344,0.39892801115401055,0.5072965717656366,21.0,11.0,2026-08-04 11:36:45,Work Den Chiangrai,6,1,2026-08-04 11:36:45,2026-08-10,26.68,Chiang Rai,LT,North,Mapped,Mapped,81728.0,79.0,248.0,21.0,0.0,,,0.0,0.0,,0,0.0846774193548387,0.0,1.26,2.66,100,100,100.0,6.76,16.46,1599,Low,Investigate Booking Conversion,"Demand exists, but no booking is matched to the current check-in demand."
63801,0.3872165312480368,0.3940020923360344,0.3872165312480368,0.511747549444673,91.0,83.0,2026-08-04 16:21:17,Anchalee Garden Hotel,10,0,,2026-08-04,26.7,Surat Thani,LT,Upper South,Mapped,Mapped,136455.0,25.0,1844.5,91.0,0.0,,,0.0,0.0,,0,0.04933586337760911,0.0,2.11,0.84,100,100,100.0,6.65,16.45,1600,Low,Investigate Booking Conversion,"Demand exists, but no booking is matched to the current check-in demand."
4921423,0.35999503976931424,0.3621834049234812,0.35999503976931424,0.5103700818548322,86.0,46.0,2026-08-04 19:05:32,Pai Tawan Resort Hotel,11,0,,2026-08-04,25.68,Khon Kaen,KA,Upper Isan - East,Mapped,Mapped,270616.0,5.0,1025.5,86.0,0.0,-0.2256570883834943,-0.2256570883834943,1.0,2.0,,0,0.08386153096050707,0.0,4.18,0.17,100,100,100.0,7.28,16.45,1601,Low,Fix Internal Rate Parity,Our rate is more expensive than a comparable partner rate.
64942,0.3867977141075365,0.4052162485341124,0.3867977141075365,0.5106619673638223,83.0,55.0,2026-08-04 19:05:32,Pueanjai Resort And Resturant,9,3,2026-08-04 19:05:32,2026-08-04,26.56,Chumphon,KA,Upper South,Mapped,Mapped,174445.0,8.0,847.5,83.0,0.0,,,0.0,0.0,,0,0.09793510324483776,0.0,2.69,0.27,100,100,100.0,6.74,16.44,1602,Low,Investigate Booking Conversion,"Demand exists, but no booking is matched to the current check-in demand."
5070992,0.3578051904611491,0.3609402715212066,0.3578051904611491,0.5070282803964933,81.0,46.0,2026-08-04 06:44:52,Beyond 21 Hotel,10,0,,2026-08-04,25.43,Khon Kaen,KA,Upper Isan - East,Mapped,Mapped,260120.0,37.0,1025.5,81.0,0.0,,,0.0,0.0,,0,0.07898586055582643,0.0,4.02,1.25,100,100,100.0,7.47,16.43,1603,Low,Monitor,No immediate distribution issue requires action.
182834,0.4140888009164475,0.430521731204793,0.4140888009164475,0.5053094403523266,409.0,252.0,2026-08-04 21:48:56,Siriburi Resort Khanom,13,2,2026-08-04 21:34:17,2026-08-04,28.03,Nakhon Si Thammarat,LT,Lower South - West,Mapped,Mapped,23836.0,14.0,961.5,409.0,0.0,,,0.0,0.0,,0,0.4253770150806032,0.0,0.37,0.47,100,100,100.0,5.93,16.43,1604,Low,Investigate Booking Conversion,"Demand exists, but no booking is matched to the current check-in demand."
794,0.42276655195571455,0.42276655195571455,0.42276655195571455,0.5045522025058453,24.0,24.0,2026-08-04 21:48:56,FuramaXclusive Sandara Hua Hin,4,0,,2026-08-14,27.39,Cha-am,LT,Lower South - West,Mapped,Mapped,66104.0,34.0,426.0,24.0,0.0,0.0649982079132319,0.0649982079132319,1.0,3.0,0.4102,1,0.056338028169014086,0.0,1.02,1.15,100,100,100.0,6.33,16.43,1605,Low,Review Agoda Rate Competitiveness,Agoda reports a price disadvantage; 0% is cheapest.
5101177,0.3803810003884351,0.42366814540658737,0.3803810003884351,0.513372239990263,139.0,35.0,2026-08-04 23:33:09,Indigo Hotel Hatyai,11,2,2026-08-04 23:18:39,2026-08-17,26.57,Hatyai,LT,Lower South - West,Mapped,Mapped,99545.0,55.0,940.0,139.0,2.0,,,0.0,8.0,-0.0,4,0.1478723404255319,0.014388489208633094,1.54,1.85,100,100,100.0,6.64,16.42,1606,Low,Monitor,No immediate distribution issue requires action.
152363,0.2842856057458616,0.2842856057458616,0.2842856057458616,0.502751972662084,8.0,8.0,2026-08-04 14:04:20,Jasmine Lodge Kamphaeng Phet,4,0,,2026-08-04,21.81,Kamphaeng Phet,KA,North,Mapped,Mapped,669420.0,16.0,448.0,8.0,0.0,,,0.0,0.0,,0,0.017857142857142856,0.0,10.34,0.54,100,100,100.0,9.69,16.42,1607,Low,Monitor,No immediate distribution issue requires action.
4918044,0.3019422423146426,0.3081832841247606,0.3019422423146426,0.5073624130899739,49.0,27.0,2026-08-04 22:03:21,Attanon Place,21,0,,2026-08-07,24.23,Chiang Mai,LT,North,No Room,Mapped,34954.0,3.0,1106.5,49.0,0.0,,,0.0,0.0,,0,0.044283777677361046,0.0,0.54,0.1,70,100,85.0,5.15,16.42,1608,Low,Complete Room-Type Mapping,"Hotel-level mapping exists, but room types are not mapped."
63642,0.3721197406531463,0.3782147023649635,0.3721197406531463,0.5150171699441815,53.0,18.0,2026-08-04 22:03:21,Buriram Siri Resort,20,0,,2026-08-11,27.1,Buriram,LT,Lower Isan - Central,Mapped,Mapped,99938.0,7.0,243.0,53.0,0.0,,,0.0,12.0,,0,0.21810699588477367,0.0,1.54,0.24,100,100,100.0,6.26,16.41,1609,Low,Investigate Booking Conversion,"Demand exists, but no booking is matched to the current check-in demand."
2054,0.34381783554673134,0.34381783554673134,0.34381783554673134,0.5359661959328542,10.0,10.0,2026-08-04 16:21:17,Ayothaya Riverside,6,0,,2026-08-04,25.04,Phra Nakhon Si Ayutthaya,LT,Lower Isan - Central,Mapped,Mapped,120487.0,111.0,675.5,10.0,0.0,,,0.0,0.0,,0,0.014803849000740192,0.0,1.86,3.74,100,100,100.0,7.06,16.4,1610,Low,Monitor,No immediate distribution issue requires action.
183708,0.35543680692192836,0.35543680692192836,0.35543680692192836,0.50240172543675,22.0,22.0,2026-08-04 20:47:47,Wisdom Hotel Samutsongkham,2,0,,2026-08-04,24.46,Samut Songkhram,KA,Lower South - West,Mapped,Mapped,316061.0,74.0,710.0,22.0,0.0,,,0.0,0.0,,0,0.030985915492957747,0.0,4.88,2.49,100,100,100.0,8.08,16.4,1611,Low,Monitor,No immediate distribution issue requires action.
5102262,0.3949109434185641,0.3949109434185641,0.3949109434185641,0.5081896278745933,539.0,539.0,2026-08-04 04:58:51,Snooze Hotel Amata,8,1,2026-08-04 03:59:17,2026-08-05,26.88,Chonburi,LT,BKK - Metro - Chon,Mapped,Mapped,75938.0,53.0,1645.0,539.0,0.0,,,0.0,0.0,,0,0.3276595744680851,0.0,1.17,1.79,100,100,100.0,6.5,16.39,1612,Low,Investigate Booking Conversion,"Demand exists, but no booking is matched to the current check-in demand."
43843,0.35734150174976836,0.35734150174976836,0.35734150174976836,0.5072116805479115,33.0,33.0,2026-08-04 17:52:50,At Ayutthaya Hotel,3,0,,2026-08-05,24.73,Phra Nakhon Si Ayutthaya,KA,Lower Isan - Central,Mapped,Mapped,305509.0,46.0,590.0,33.0,0.0,,,0.0,0.0,,0,0.05593220338983051,0.0,4.72,1.55,100,100,100.0,7.77,16.38,1613,Low,Monitor,No immediate distribution issue requires action.
152380,0.35560193394721895,0.3666313673544069,0.35560193394721895,0.5096334219218412,304.0,65.0,2026-08-04 23:33:09,Krit Place,25,0,,2026-08-06,26.88,Nakhonratchasima,LT,Lower Isan - Central,Mapped,Mapped,97595.0,31.0,1319.0,304.0,0.0,,,0.0,0.0,,0,0.2304776345716452,0.0,1.51,1.04,100,100,100.0,6.44,16.38,1614,Low,Investigate Booking Conversion,"Demand exists, but no booking is matched to the current check-in demand."
2007548,0.3965697137416687,0.4772434151914,0.3965697137416687,0.5084475523092593,143.0,58.0,2026-08-04 23:33:09,Benri sriracha Residence,8,2,2026-08-04 23:33:09,2026-08-12,26.83,Sriracha,LT,BKK - Metro - Chon,Mapped,Mapped,55423.0,64.0,889.0,143.0,0.0,0.0667197621374629,0.081653692618094,3.0,4.0,0.1765,3,0.1608548931383577,0.0,0.86,2.16,100,100,100.0,6.44,16.36,1615,Low,Review Agoda Rate Competitiveness,Agoda reports a price disadvantage; 0% is cheapest.
183638,0.3376460889081716,0.34224631977557,0.3376460889081716,0.5222891666401636,52.0,36.0,2026-08-04 23:33:09,The Resto Udonthani,14,0,,2026-08-04,25.29,Udon Thani,KA,Upper Isan - East,Mapped,Mapped,156951.0,80.0,1007.0,52.0,0.0,,,0.0,0.0,,0,0.05163853028798411,0.0,2.42,2.69,100,100,100.0,7.07,16.35,1616,Low,Monitor,No immediate distribution issue requires action.
2049,0.3700374905284827,0.3702569740070466,0.3700374905284827,0.5095445689661302,88.0,44.0,2026-08-04 16:21:17,Centara Udon,8,0,,2026-08-14,25.78,Udon Thani,LT,Upper Isan - East,Mapped,Mapped,236319.0,2.0,476.5,88.0,0.0,,,0.0,8.0,,0,0.18467995802728226,0.0,3.65,0.07,100,100,100.0,7.0,16.33,1617,Low,Monitor,No immediate distribution issue requires action.
4543048,0.35836191038906917,0.4019805474214045,0.35836191038906917,0.5147504112950199,302.0,133.0,2026-08-04 19:05:32,MeStyle Museum Hotel,18,0,,2026-08-05,26.43,Bangkok,LT,BKK - Metro - Chon,Mapped,Mapped,93339.0,50.0,2851.0,302.0,0.0,,,0.0,14.0,,0,0.10592774465099965,0.0,1.44,1.68,100,100,100.0,6.51,16.33,1618,Low,Investigate Booking Conversion,"Demand exists, but no booking is matched to the current check-in demand."
43872,0.35170831902801564,0.35170831902801564,0.35170831902801564,0.5056667830279241,12.0,12.0,2026-08-04 18:21:46,Modern Love Resort Hotel,4,0,,2026-08-04,24.56,Chonburi,KA,BKK - Metro - Chon,Mapped,Mapped,361939.0,10.0,2288.0,12.0,0.0,,,0.0,0.0,,0,0.005244755244755245,0.0,5.59,0.34,100,100,100.0,7.81,16.33,1619,Low,Monitor,No immediate distribution issue requires action.
4922771,0.37614431189120234,0.37614431189120234,0.37614431189120234,0.5094946762850137,63.0,63.0,2026-08-04 12:51:31,The Lodge @ Min Residence,4,0,,2026-08-06,25.63,Bangkok,KA,BKK - Metro - Chon,Mapped,Mapped,250437.0,1.0,1780.0,63.0,0.0,,,0.0,0.0,,0,0.03539325842696629,0.0,3.87,0.03,100,100,100.0,7.07,16.32,1620,Low,Monitor,No immediate distribution issue requires action.
2000017,0.36424448386425695,0.36424448386425695,0.36424448386425695,0.5077035664590062,67.0,67.0,2026-08-04 20:33:04,Luck Esan Loft,6,0,,2026-08-05,25.31,Ubon Ratchathani,LT,Lower Isan - Central,Mapped,Mapped,179069.0,84.0,1555.5,67.0,0.0,,,0.0,0.0,,0,0.043072966891674704,0.0,2.77,2.83,100,100,100.0,7.3,16.32,1621,Low,Monitor,No immediate distribution issue requires action.
5102185,0.35433149897201455,0.3971073425104353,0.35433149897201455,0.5107483464166396,135.0,50.0,2026-08-04 19:05:32,Diamond Hotel Buriram,19,0,,2026-08-04,26.23,Buriram,KA,Lower Isan - Central,Mapped,Mapped,159645.0,19.0,764.0,135.0,0.0,,,0.0,14.0,,0,0.17670157068062828,0.0,2.47,0.64,100,100,100.0,6.67,16.31,1622,Low,Investigate Booking Conversion,"Demand exists, but no booking is matched to the current check-in demand."
183367,0.372148278526128,0.372148278526128,0.372148278526128,0.536773217885755,1.0,1.0,2026-08-04 00:03:17,Easy Planet Bangkok Asoke,1,0,,2026-08-07,25.72,Bangkok,LT,BKK - Metro - Chon,Mapped,Mapped,167253.0,0.0,1678.5,1.0,0.0,,,0.0,0.0,,0,0.0005957700327673518,0.0,2.58,0.0,100,100,100.0,6.43,16.3,1623,Low,Monitor,No immediate distribution issue requires action.
4857622,0.36960933654379546,0.3925576191636312,0.36960933654379546,0.5089986917582334,65.0,38.0,2026-08-04 23:33:09,Le Erawan Phang Nga Hotel,10,1,2026-08-04 23:18:39,2026-08-15,25.93,Phang Nga,LT,Upper South,Mapped,Mapped,136726.0,61.0,866.0,65.0,0.0,,,0.0,4.0,,0,0.07505773672055427,0.0,2.11,2.05,100,100,100.0,6.86,16.3,1624,Low,Monitor,No immediate distribution issue requires action.
4795619,0.3468405830918519,0.3902027292960419,0.3468405830918519,0.5078428927111086,742.0,415.0,2026-08-04 23:33:09,Petchngam Home Resort,17,1,2026-08-04 02:59:13,2026-08-04,25.87,Suphan Buri,KA,Lower Isan - Central,Mapped,Mapped,163236.0,49.0,385.0,742.0,0.0,,,0.0,4.0,,0,1.9272727272727272,0.0,2.52,1.65,100,100,100.0,6.93,16.3,1625,Low,Monitor,No immediate distribution issue requires action.
183416,0.34500353681569107,0.34500353681569107,0.34500353681569107,0.5107642182929408,20.0,20.0,2026-08-04 12:51:31,Evergreen Suite Hotel,4,0,,2026-08-04,24.4,Surat Thani,KA,Upper South,Mapped,Mapped,299541.0,52.0,1083.5,20.0,0.0,,,0.0,0.0,,0,0.018458698661744346,0.0,4.63,1.75,100,100,100.0,7.72,16.29,1626,Low,Monitor,No immediate distribution issue requires action.
65541,0.39120699049250834,0.489592218642181,0.39120699049250834,0.5132801603059676,247.0,228.0,2026-08-04 19:05:32,108 Hotel,11,0,,2026-08-06,27.03,Ratchaburi,LT,Lower South - West,Mapped,Mapped,44965.0,34.0,524.0,247.0,0.0,,,0.0,3.0,,0,0.4713740458015267,0.0,0.69,1.15,100,100,100.0,6.1,16.29,1627,Low,Investigate Booking Conversion,"Demand exists, but no booking is matched to the current check-in demand."
4920980,0.383803795650088,0.39984408458941295,0.383803795650088,0.5165329817694945,607.0,305.0,2026-08-04 20:47:47,Nam Pueng Resort Phatthalung,11,1,2026-08-04 19:05:32,2026-08-05,26.91,Phatthalung,LT,Lower South - West,Mapped,Mapped,60807.0,22.0,540.0,607.0,0.0,,,0.0,0.0,,0,1.124074074074074,0.0,0.94,0.74,100,100,100.0,6.07,16.28,1628,Low,Investigate Booking Conversion,"Demand exists, but no booking is matched to the current check-in demand."
4885084,0.4276529011647136,0.4276529011647136,0.4276529011647136,0.5047268642841188,46.0,46.0,2026-08-04 19:05:32,Pingpong Place,3,1,2026-08-04 18:36:27,2026-08-04,27.5,Nakhonratchasima,LT,Lower Isan - Central,Mapped,Mapped,56471.0,3.0,1319.0,46.0,0.0,,,0.0,0.0,,0,0.034874905231235785,0.0,0.87,0.1,100,100,100.0,5.96,16.28,1629,Low,Investigate Booking Conversion,"Demand exists, but no booking is matched to the current check-in demand."
4935523,0.3749572496226383,0.37596143475363336,0.3749572496226383,0.5094168256538513,183.0,92.0,2026-08-04 22:34:47,Lithai Guest House Phitsanulok Hotel,20,2,2026-08-04 22:18:28,2026-08-04,27.14,Phitsanulok,LT,North,Mapped,Mapped,23693.0,43.0,1391.5,183.0,0.0,,,0.0,0.0,,0,0.13151275601868487,0.0,0.37,1.45,100,100,100.0,6.05,16.26,1630,Low,Investigate Booking Conversion,"Demand exists, but no booking is matched to the current check-in demand."
2004729,0.3450909044403449,0.38566668585102537,0.3450909044403449,0.5101748490070971,163.0,92.0,2026-08-04 20:47:47,Chodkamon Place 57,28,2,2026-08-04 19:05:32,2026-08-04,26.71,Nakhon Si Thammarat,KA,Lower South - West,Mapped,Mapped,100993.0,16.0,961.5,163.0,0.0,,,0.0,0.0,,0,0.16952678107124286,0.0,1.56,0.54,100,100,100.0,6.28,16.26,1631,Low,Investigate Booking Conversion,"Demand exists, but no booking is matched to the current check-in demand."
4649,0.38397888327162705,0.38397888327162705,0.38397888327162705,0.5054929186898718,141.0,141.0,2026-08-04 02:59:13,Get Zleep Premium Budget Hotel,6,0,,2026-08-06,26.08,Chiang Mai,LT,North,Mapped,Mapped,136637.0,48.0,1475.5,141.0,0.0,,,0.0,0.0,,0,0.09556082683835988,0.0,2.11,1.62,100,100,100.0,6.76,16.26,1632,Low,Investigate Booking Conversion,"Demand exists, but no booking is matched to the current check-in demand."
182874,0.39213875934841425,0.3962399857769185,0.39213875934841425,0.5087047252440138,242.0,143.0,2026-08-04 18:36:27,Zada Residence Korat,7,2,2026-08-04 18:36:27,2026-08-05,26.6,Nakhonratchasima,LT,Lower Isan - Central,Mapped,Mapped,102648.0,27.0,1179.0,242.0,0.0,0.4352319191567437,0.4352319191567437,1.0,5.0,,0,0.20525869380831213,0.0,1.59,0.91,100,100,100.0,6.39,16.26,1633,Low,Investigate Booking Conversion,"Demand exists, but no booking is matched to the current check-in demand."
4920737,0.3736351290639826,0.3736351290639826,0.3736351290639826,0.5063607108658562,101.0,101.0,2026-08-04 19:05:32,The Bedrooms Maeklong Hotel and Serviced Apartment,9,1,2026-08-04 13:52:08,2026-08-04,25.96,Samut Songkhram,KA,Lower South - West,Mapped,Mapped,163824.0,33.0,710.0,101.0,0.0,,,0.0,0.0,,0,0.14225352112676057,0.0,2.53,1.11,100,100,100.0,6.79,16.25,1634,Low,Monitor,No immediate distribution issue requires action.
183472,0.29361249622014923,0.30370338614812775,0.29361249622014923,0.5079914896930009,20.0,12.0,2026-08-04 23:33:09,DD Residence,20,0,,2026-08-05,23.81,Trang,KA,Upper South,Mapped,Mapped,397359.0,20.0,356.0,20.0,0.0,,,0.0,0.0,,0,0.056179775280898875,0.0,6.14,0.67,100,100,100.0,8.03,16.24,1635,Low,Monitor,No immediate distribution issue requires action.
4915626,0.29394421117700104,0.29394421117700104,0.29394421117700104,0.5094383707188564,15.0,14.0,2026-08-04 23:33:09,The 24 Hotel Saraburi,9,0,,2026-08-04,22.8,Saraburi,LT,Lower Isan - Central,No Room,Mapped,113959.0,15.0,568.5,15.0,0.0,,,0.0,0.0,,0,0.026385224274406333,0.0,1.76,0.51,70,100,85.0,5.59,16.23,1636,Low,Complete Room-Type Mapping,"Hotel-level mapping exists, but room types are not mapped."
63692,0.4094137236585013,0.4312496282990581,0.4094137236585013,0.5144757665033186,26.0,11.0,2026-08-04 23:33:09,C.S. Pattani Hotel,7,2,2026-08-04 23:33:09,2026-08-08,27.34,Pattani,LT,Lower South - West,Mapped,Mapped,36355.0,0.0,68.0,26.0,0.0,,,0.0,2.0,-0.0,1,0.38235294117647056,0.0,0.56,0.0,100,100,100.0,5.75,16.22,1637,Low,Investigate Booking Conversion,"Demand exists, but no booking is matched to the current check-in demand."
679,0.3809135802831233,0.3813574015550615,0.3809135802831233,0.5073915214234825,137.0,95.0,2026-08-04 11:51:06,S17 @ Nimman Hotel,7,0,,2026-08-05,26.09,Chiang Mai,LT,North,Mapped,Mapped,127260.0,43.0,1475.5,137.0,0.0,,,0.0,0.0,,0,0.0928498813961369,0.0,1.97,1.45,100,100,100.0,6.64,16.22,1638,Low,Investigate Booking Conversion,"Demand exists, but no booking is matched to the current check-in demand."
43641,0.35149508210548275,0.4209872872551979,0.35149508210548275,0.5156014976079679,277.0,185.0,2026-08-04 18:36:27,The Phant Hotel,9,0,,2026-08-04,25.31,Surin,KA,Lower Isan - Central,Mapped,Mapped,154558.0,67.0,266.5,277.0,0.0,,,0.0,4.0,,0,1.0393996247654784,0.0,2.39,2.26,100,100,100.0,6.94,16.22,1639,Low,Monitor,No immediate distribution issue requires action.
272,0.366613210409033,0.37906220309390154,0.366613210409033,0.5102706179474319,454.0,77.0,2026-08-04 06:59:25,Crowne Plaza Bangkok Lumpini Park,28,0,,2026-09-01,27.66,Bangkok,LT,BKK - Metro - Chon,Mapped,Mapped,7570.0,2.0,73.5,454.0,0.0,,,0.0,42.0,,0,6.1768707482993195,0.0,0.12,0.07,100,100,100.0,5.61,16.21,1640,Low,Investigate Booking Conversion,"Demand exists, but no booking is matched to the current check-in demand."
4883896,0.31504364044136285,0.31504364044136285,0.31504364044136285,0.506083555962365,5.0,5.0,2026-08-04 20:33:04,Khun Pui Pool and Villa,4,0,,2026-08-04,23.1,Sakon Nakhon,KA,Upper Isan - East,Mapped,Mapped,469449.0,17.0,412.5,5.0,0.0,,,0.0,0.0,,0,0.012121212121212121,0.0,7.25,0.57,100,100,100.0,8.42,16.2,1641,Low,Monitor,No immediate distribution issue requires action.
63797,0.38922744991928715,0.414583231872004,0.38922744991928715,0.5105664549886852,243.0,98.0,2026-08-04 12:38:07,Rhienchai Place,9,0,,2026-08-14,26.71,Surat Thani,LT,Upper South,Mapped,Mapped,82174.0,14.0,1844.5,243.0,0.0,0.0157131669725586,0.085519609508622,3.0,22.0,,0,0.1317430197885606,0.0,1.27,0.47,100,100,100.0,6.12,16.18,1642,Low,Investigate Booking Conversion,"Demand exists, but no booking is matched to the current check-in demand."
4868069,0.38544153039260265,0.38544153039260265,0.38544153039260265,0.49847596549566464,134.0,134.0,2026-08-04 16:21:17,T Park Pakchong,4,1,2026-08-04 15:52:08,2026-08-04,25.81,Khaoyai,LT,Lower Isan - Central,Mapped,Mapped,96934.0,99.0,1319.0,134.0,0.0,,,0.0,0.0,,0,0.10159211523881728,0.0,1.5,3.33,100,100,100.0,6.91,16.18,1643,Low,Monitor,No immediate distribution issue requires action.
2003824,0.31608844841568967,0.31935508162695164,0.31608844841568967,0.5077445445044401,130.0,76.0,2026-08-04 08:30:09,Bhundaree Richy,24,0,,2026-08-30,25.11,Hatyai,KA,Lower South - West,Mapped,Mapped,184443.0,68.0,12.0,130.0,0.0,,,0.0,20.0,,0,10.833333333333334,0.0,2.85,2.29,100,100,100.0,7.13,16.18,1644,Low,Monitor,No immediate distribution issue requires action.
4922687,0.34551791674785115,0.34781941779111625,0.34551791674785115,0.5113605444218381,52.0,16.0,2026-08-04 11:51:06,We Resident Hotel,12,0,,2026-08-11,25.2,Hatyai,KA,Lower South - West,Mapped,Mapped,120772.0,101.0,540.0,52.0,0.0,0.2915736465141005,0.2915736465141005,3.0,9.0,,0,0.0962962962962963,0.0,1.87,3.4,100,100,100.0,7.0,16.17,1645,Low,Monitor,No immediate distribution issue requires action.
2007657,0.34681068435518975,0.37048971652961005,0.34681068435518975,0.5103905524203528,47.0,24.0,2026-08-04 22:51:02,The Circle Hotel,16,1,2026-08-04 21:34:17,2026-08-04,25.61,Buriram,KA,Lower Isan - Central,Mapped,Mapped,192317.0,16.0,764.0,47.0,0.0,,,0.0,0.0,,0,0.061518324607329845,0.0,2.97,0.54,100,100,100.0,6.77,16.17,1646,Low,Monitor,No immediate distribution issue requires action.
149,0.37648750743528475,0.37648750743528475,0.37648750743528475,0.5036378095398688,33.0,33.0,2026-08-04 23:33:09,Tara Lake Hotel,2,0,,2026-08-05,25.33,Bangkok,KA,BKK - Metro - Chon,Mapped,Mapped,175422.0,60.0,2851.0,33.0,0.0,,,0.0,0.0,,0,0.011574886004910558,0.0,2.71,2.02,100,100,100.0,7.03,16.15,1647,Low,Monitor,No immediate distribution issue requires action.
4720,0.36941210628669446,0.38610219521860434,0.36941210628669446,0.5085907318179826,58.0,27.0,2026-08-04 18:21:46,Dee Prom Hotel Chaiyaphum,9,1,2026-08-04 17:52:50,2026-08-04,25.82,Chaiyaphum,LT,Upper Isan - East,Mapped,Mapped,151495.0,31.0,421.0,58.0,0.0,,,0.0,0.0,,0,0.1377672209026128,0.0,2.34,1.04,100,100,100.0,6.65,16.15,1648,Low,Monitor,No immediate distribution issue requires action.
183069,0.3570399023944124,0.40487907462057987,0.3570399023944124,0.5106380929552268,89.0,45.0,2026-08-04 12:51:31,Holiday Inn Express Bangkok Soi Soonvijai,14,2,2026-08-04 11:36:45,2026-08-30,25.85,Bangkok,LT,BKK - Metro - Chon,Mapped,Mapped,168810.0,6.0,57.0,89.0,1.0,,,0.0,16.0,,0,1.5614035087719298,0.011235955056179775,2.61,0.2,100,100,100.0,6.54,16.13,1649,Low,Monitor,No immediate distribution issue requires action.
183360,0.33975397007703345,0.37946635941574636,0.33975397007703345,0.5090358502592554,272.0,198.0,2026-08-04 19:05:32,The Wisdom Residence Buengkan,15,0,,2026-08-04,25.28,Bungkan,KA,Upper Isan - East,Mapped,Mapped,239884.0,1.0,50.0,272.0,0.0,,,0.0,0.0,,0,5.44,0.0,3.7,0.03,100,100,100.0,6.92,16.13,1650,Low,Monitor,No immediate distribution issue requires action.
2006226,0.3723840363398763,0.3931347439108297,0.3723840363398763,0.5122078789226062,185.0,148.0,2026-08-04 19:05:32,The Precious,10,1,2026-08-04 18:36:27,2026-08-04,26.14,Hua Hin,LT,Lower South - West,Mapped,Mapped,95272.0,34.0,531.0,185.0,0.0,,,0.0,2.0,,0,0.3483992467043315,0.0,1.47,1.15,100,100,100.0,6.31,16.12,1651,Low,Investigate Booking Conversion,"Demand exists, but no booking is matched to the current check-in demand."
4921053,0.3701817146439448,0.4417839715658973,0.3701817146439448,0.5101258440797409,159.0,66.0,2026-08-04 16:21:17,Wellness Stay & Hotel Sukhumvit 107,10,0,,2026-08-27,26.01,Samut Prakan,LT,BKK - Metro - Chon,Mapped,Mapped,128263.0,24.0,1394.0,159.0,0.0,,,0.0,12.0,,0,0.11406025824964132,0.0,1.98,0.81,100,100,100.0,6.44,16.12,1652,Low,Investigate Booking Conversion,"Demand exists, but no booking is matched to the current check-in demand."
183372,0.3586245421607505,0.3586245421607505,0.3586245421607505,0.5111285384923036,33.0,33.0,2026-08-04 19:05:32,ATK Garden Hills Hotel,6,0,,2026-08-04,25.15,Hatyai,KA,Lower South - West,Mapped,Mapped,214344.0,23.0,940.0,33.0,0.0,,,0.0,0.0,,0,0.035106382978723406,0.0,3.31,0.77,100,100,100.0,6.92,16.11,1653,Low,Monitor,No immediate distribution issue requires action.
4871630,0.38585714369818874,0.38585714369818874,0.38585714369818874,0.5041256643244338,114.0,114.0,2026-08-04 16:21:17,Vanida Halal Resort,3,0,,2026-08-11,25.84,Phra Nakhon Si Ayutthaya,LT,Lower Isan - Central,Mapped,Mapped,142879.0,34.0,112.0,114.0,0.0,0.1553165940846571,0.1553165940846571,1.0,2.0,,0,1.0178571428571428,0.0,2.21,1.15,100,100,100.0,6.62,16.1,1654,Low,Monitor,No immediate distribution issue requires action.
65431,0.3282263756517875,0.3647606685519711,0.3282263756517875,0.510905912874355,43.0,34.0,2026-08-04 19:05:32,Worachat House Lomsak,14,0,,2026-08-08,24.69,Phetchabun,KA,North,Mapped,Mapped,241532.0,34.0,428.0,43.0,0.0,,,0.0,0.0,,0,0.10046728971962617,0.0,3.73,1.15,100,100,100.0,7.15,16.09,1655,Low,Monitor,No immediate distribution issue requires action.
65036,0.370712829434447,0.3969797380368338,0.370712829434447,0.5065828134374858,143.0,69.0,2026-08-04 23:33:09,Nonsi Hotel Phitsanulok,18,2,2026-08-04 23:18:39,2026-08-05,26.71,Phitsanulok,LT,North,Mapped,Mapped,84608.0,2.0,1391.5,143.0,0.0,,,0.0,0.0,,0,0.10276679841897234,0.0,1.31,0.07,100,100,100.0,6.02,16.09,1656,Low,Investigate Booking Conversion,"Demand exists, but no booking is matched to the current check-in demand."
3014305,0.397111888157512,0.397111888157512,0.397111888157512,0.5032029170984665,15.0,15.0,2026-08-04 19:05:32,Ritzy House Hotel,5,1,2026-08-04 18:49:41,2026-08-05,26.43,Chumphon,LT,Upper South,Mapped,Mapped,102523.0,17.0,714.5,15.0,0.0,,,0.0,0.0,,0,0.02099370188943317,0.0,1.58,0.57,100,100,100.0,6.25,16.08,1657,Low,Investigate Booking Conversion,"Demand exists, but no booking is matched to the current check-in demand."
22440,0.3263610934310263,0.3263610934310263,0.3263610934310263,0.5053311376356756,15.0,15.0,2026-08-04 23:18:39,Synsiri 5 Nawamin 96,8,3,2026-08-04 22:18:28,2026-08-04,23.92,Bangkok,KA,BKK - Metro - Chon,Mapped,Mapped,268406.0,83.0,2531.5,15.0,0.0,,,0.0,0.0,,0,0.005925340707090658,0.0,4.15,2.8,100,100,100.0,7.7,16.08,1658,Low,Monitor,No immediate distribution issue requires action.
4918047,0.36170601900497895,0.37128976607607755,0.36170601900497895,0.510346453557293,1214.0,636.0,2026-08-04 23:33:09,Baan Kiita,14,2,2026-08-04 22:18:28,2026-08-06,26.37,Ratchaburi,LT,Lower South - West,Mapped,Mapped,74072.0,27.0,524.0,1214.0,0.0,,,0.0,4.0,,0,2.316793893129771,0.0,1.14,0.91,100,100,100.0,6.12,16.07,1659,Low,Investigate Booking Conversion,"Demand exists, but no booking is matched to the current check-in demand."
182948,0.2953752829001021,0.3065849414207421,0.2953752829001021,0.5082009565825665,42.0,22.0,2026-08-04 19:05:32,Rabeangnum Resort Phichit,24,0,,2026-08-04,24.27,Phichit,KA,North,Mapped,Mapped,271583.0,44.0,178.0,42.0,0.0,,,0.0,3.0,,0,0.23595505617977527,0.0,4.19,1.48,100,100,100.0,7.39,16.06,1660,Low,Monitor,No immediate distribution issue requires action.
4793826,0.4019693939330759,0.4019693939330759,0.4019693939330759,0.5034846263025551,73.0,73.0,2026-08-04 22:18:28,Metha Palace,6,2,2026-08-04 21:34:17,2026-08-07,26.74,Sakon Nakhon,LT,Upper Isan - East,Mapped,Mapped,39199.0,35.0,440.0,73.0,0.0,,,0.0,0.0,,0,0.16590909090909092,0.0,0.61,1.18,100,100,100.0,6.01,16.06,1661,Low,Investigate Booking Conversion,"Demand exists, but no booking is matched to the current check-in demand."
396,0.3764882018167297,0.48924471760608945,0.3764882018167297,0.5079963894150478,532.0,140.0,2026-08-04 23:33:09,The Tarntawan Hotel Surawong Bangkok,19,2,2026-08-04 23:03:24,2026-08-05,27.18,Bangkok,LT,BKK - Metro - Chon,Mapped,Mapped,23102.0,1.0,2851.0,532.0,0.0,,,0.0,50.0,,0,0.1866011925640126,0.0,0.36,0.03,100,100,100.0,5.62,16.05,1662,Low,Investigate Booking Conversion,"Demand exists, but no booking is matched to the current check-in demand."
2008288,0.40400574566470154,0.40400574566470154,0.40400574566470154,0.5135106133584506,216.0,216.0,2026-08-04 12:51:31,SEAnery Beach Resort,4,1,2026-08-04 12:51:31,2026-08-05,26.88,Prachuapkhirikhan,LT,Lower South - West,Mapped,Mapped,28036.0,10.0,893.0,216.0,0.0,,,0.0,0.0,,0,0.24188129899216126,0.0,0.43,0.34,100,100,100.0,5.69,16.05,1663,Low,Investigate Booking Conversion,"Demand exists, but no booking is matched to the current check-in demand."
2003846,0.37829929866536416,0.3845756606858358,0.37829929866536416,0.509955487390179,26.0,16.0,2026-08-04 03:59:17,JJ Villa,14,1,2026-08-04 03:59:17,2026-08-14,26.67,Khon Kaen,LT,Upper Isan - East,Mapped,Mapped,27804.0,33.0,569.0,26.0,0.0,0.1645944096157027,0.1780358113214041,2.0,2.0,0.2501,2,0.04569420035149385,0.0,0.43,1.11,100,100,100.0,5.88,16.04,1664,Low,Review Agoda Rate Competitiveness,Agoda reports a price disadvantage; 0% is cheapest.
43574,0.3568765378797697,0.4112478324145119,0.3568765378797697,0.5085007880618821,104.0,53.0,2026-08-04 12:51:31,The River Hotel Nakhonphanom,8,0,,2026-08-13,25.24,Nakhon Phanom,KA,Upper Isan - East,Mapped,Mapped,193876.0,23.0,104.0,104.0,1.0,,,0.0,8.0,0.2999,3,1.0,0.009615384615384616,2.99,0.77,100,100,100.0,6.77,16.04,1665,Low,Review Agoda Rate Competitiveness,Agoda reports a price disadvantage; 0% is cheapest.
23246,0.3891650220846134,0.39497322065563367,0.3891650220846134,0.5154866682651991,161.0,90.0,2026-08-04 10:02:48,Hotel Zing Pattaya,8,0,,2026-08-05,26.68,Pattaya,LT,BKK - Metro - Chon,Mapped,Mapped,28666.0,12.0,2288.0,161.0,0.0,,,0.0,0.0,,0,0.07036713286713286,0.0,0.44,0.4,100,100,100.0,5.68,16.0,1666,Low,Investigate Booking Conversion,"Demand exists, but no booking is matched to the current check-in demand."
2003455,0.34617426390272166,0.3776294194297134,0.34617426390272166,0.5192146010926808,17.0,6.0,2026-08-04 19:05:32,AVA Hotel Phitsanulok,17,0,,2026-08-05,25.85,Phitsanulok,KA,North,Mapped,Mapped,118453.0,3.0,1391.5,17.0,0.0,,,0.0,2.0,,0,0.01221703197987783,0.0,1.83,0.1,100,100,100.0,6.12,16.0,1667,Low,Monitor,No immediate distribution issue requires action.
2000187,0.27085137656844205,0.2799487675086177,0.27085137656844205,0.5058446486149007,18.0,3.0,2026-08-04 12:51:31,Keereewan Apartment Phitsanulok,18,0,,2026-08-12,22.66,Phitsanulok,KA,North,No Room,Mapped,72837.0,19.0,993.5,18.0,0.0,,,0.0,4.0,,0,0.018117765475591345,0.0,1.12,0.64,70,100,85.0,5.28,16.0,1668,Low,Complete Room-Type Mapping,"Hotel-level mapping exists, but room types are not mapped."
5070984,0.3042482843218776,0.33407007462178046,0.3042482843218776,0.5222597274664549,7.0,6.0,2026-08-04 03:29:50,Dusit Princess Phatthalung,7,0,,2026-08-14,23.28,Phatthalung,LT,Lower South - West,Mapped,Mapped,306363.0,53.0,150.0,7.0,0.0,,,0.0,8.0,,0,0.04666666666666667,0.0,4.73,1.79,100,100,100.0,7.56,15.99,1669,Low,Monitor,No immediate distribution issue requires action.
65591,0.3409935946346206,0.3569622632695161,0.3409935946346206,0.5074761263800072,192.0,51.0,2026-08-04 16:21:17,Wiangwalee Hotel,18,0,,2026-08-04,25.55,Rayong,KA,Upper Isan - East,Mapped,Mapped,102549.0,57.0,1716.0,192.0,0.0,,,0.0,0.0,,0,0.11188811188811189,0.0,1.58,1.92,100,100,100.0,6.48,15.98,1670,Low,Monitor,No immediate distribution issue requires action.
4920708,0.35915258186823257,0.40657604753605403,0.35915258186823257,0.5086159855873974,186.0,65.0,2026-08-04 11:51:06,Manhattan Pattaya Hotel,23,2,2026-08-04 11:36:45,2026-08-18,26.78,Pattaya,LT,BKK - Metro - Chon,Mapped,Mapped,32888.0,11.0,1162.0,186.0,0.0,0.0698729211484979,0.09487780338472135,2.0,19.0,,0,0.16006884681583478,0.0,0.51,0.37,100,100,100.0,5.72,15.98,1671,Low,Investigate Booking Conversion,"Demand exists, but no booking is matched to the current check-in demand."
183703,0.3572347816020013,0.38338329875313865,0.3572347816020013,0.513235801017268,35.0,13.0,2026-08-04 23:33:09,Greenfield Residence,13,1,2026-08-04 23:33:09,2026-08-05,25.8,Prachin Buri,LT,Upper Isan - East,Mapped,Mapped,112432.0,16.0,955.5,35.0,0.0,,,0.0,0.0,,0,0.03663003663003663,0.0,1.74,0.54,100,100,100.0,6.19,15.97,1672,Low,Monitor,No immediate distribution issue requires action.
63481,0.3801408652577737,0.4078473751883785,0.3801408652577737,0.5086814912840628,35.0,24.0,2026-08-04 16:21:17,Keeree Boutique Hotel,5,1,2026-08-04 15:52:08,2026-08-07,25.86,Phetchaburi,LT,Lower South - West,Mapped,Mapped,113548.0,16.0,154.0,35.0,0.0,,,0.0,0.0,,0,0.22727272727272727,0.0,1.75,0.54,100,100,100.0,6.21,15.95,1673,Low,Monitor,No immediate distribution issue requires action.
152355,0.37309275206071235,0.37309275206071235,0.37309275206071235,0.5064689779674884,75.0,75.0,2026-08-04 15:52:08,Park View Yala,3,0,,2026-08-04,25.36,Yala,KA,Lower South - West,Mapped,Mapped,82145.0,83.0,60.5,75.0,0.0,,,0.0,0.0,,0,1.2396694214876034,0.0,1.27,2.8,100,100,100.0,6.55,15.95,1674,Low,Monitor,No immediate distribution issue requires action.
137913,0.32036929933640856,0.34327213368692366,0.32036929933640856,0.5082351365743352,11.0,8.0,2026-08-04 16:21:17,Nampetch Condominium,7,0,,2026-08-10,23.65,Samut Sakhon,KA,BKK - Metro - Chon,Mapped,Mapped,339483.0,19.0,572.0,11.0,0.0,,,0.0,0.0,,0,0.019230769230769232,0.0,5.24,0.64,100,100,100.0,7.54,15.95,1675,Low,Monitor,No immediate distribution issue requires action.
183184,0.3356440091716218,0.34059506322387584,0.3356440091716218,0.5121058100669075,50.0,21.0,2026-08-04 16:21:17,Baan Bangrak Residence,12,0,,2026-08-06,24.82,Trang,KA,Upper South,Mapped,Mapped,225197.0,5.0,356.0,50.0,0.0,,,0.0,0.0,,0,0.1404494382022472,0.0,3.48,0.17,100,100,100.0,6.76,15.94,1676,Low,Monitor,No immediate distribution issue requires action.
4847954,0.4002338633261784,0.4002338633261784,0.4002338633261784,0.5065898786954519,65.0,65.0,2026-08-04 20:47:47,Sook Hotel,6,0,,2026-08-08,26.73,Ranong,LT,Upper South,Mapped,Mapped,36291.0,9.0,230.0,65.0,0.0,,,0.0,0.0,,0,0.2826086956521739,0.0,0.56,0.3,100,100,100.0,5.72,15.94,1677,Low,Investigate Booking Conversion,"Demand exists, but no booking is matched to the current check-in demand."
4937187,0.34080647400580644,0.34298133673442915,0.34080647400580644,0.505814574309698,64.0,40.0,2026-08-04 22:03:21,Pillow Inn Phayao,8,0,,2026-08-06,24.53,Phayao,KA,North,Mapped,Mapped,212198.0,47.0,478.5,64.0,0.0,,,0.0,0.0,,0,0.13375130616509928,0.0,3.28,1.58,100,100,100.0,7.02,15.93,1678,Low,Monitor,No immediate distribution issue requires action.
63602,0.35985544107536377,0.35985544107536377,0.35985544107536377,0.5114711735295596,27.0,27.0,2026-08-04 21:48:56,Phitsanulok United Hotel,4,0,,2026-08-05,25.01,Phitsanulok,KA,North,Mapped,Mapped,203169.0,5.0,1391.5,27.0,0.0,,,0.0,0.0,,0,0.019403521379805964,0.0,3.14,0.17,100,100,100.0,6.62,15.93,1679,Low,Monitor,No immediate distribution issue requires action.
2000045,0.3665310085894418,0.3875165434327032,0.3665310085894418,0.5090945375231336,73.0,37.0,2026-08-04 18:21:46,R2 Apartment Service,15,0,,2026-08-05,26.29,Nakhonratchasima,LT,Lower Isan - Central,Mapped,Mapped,53911.0,21.0,1319.0,73.0,0.0,,,0.0,1.0,,0,0.05534495830174375,0.0,0.83,0.71,100,100,100.0,5.89,15.92,1680,Low,Investigate Booking Conversion,"Demand exists, but no booking is matched to the current check-in demand."
183609,0.35432398518656966,0.4039048672476995,0.35432398518656966,0.5144245504806138,33.0,14.0,2026-08-04 14:04:20,The Square Rayong,11,1,2026-08-04 13:52:08,2026-08-07,25.51,Rayong,LT,Upper Isan - East,Mapped,Mapped,60817.0,66.0,1716.0,33.0,0.0,,,0.0,0.0,,0,0.019230769230769232,0.0,0.94,2.22,100,100,100.0,6.24,15.92,1681,Low,Monitor,No immediate distribution issue requires action.
579,0.3983786657608347,0.3993653575687217,0.3983786657608347,0.5100071570310498,263.0,137.0,2026-08-04 02:29:52,Royal Panerai Hotel Chiangmai,6,0,,2026-08-05,26.78,Chiang Mai,LT,North,Mapped,Mapped,7636.0,12.0,1208.0,263.0,0.0,,,0.0,0.0,-0.0,2,0.21771523178807947,0.0,0.12,0.4,100,100,100.0,5.54,15.9,1682,Low,Investigate Booking Conversion,"Demand exists, but no booking is matched to the current check-in demand."
152893,0.3543834919226165,0.39771060029030875,0.3543834919226165,0.5106931574035343,76.0,38.0,2026-08-04 18:21:46,168 Studio @Ubon Ratchathani,11,1,2026-08-04 12:51:31,2026-08-05,25.45,Ubon Ratchathani,LT,Lower Isan - Central,Mapped,Mapped,128167.0,22.0,1555.5,76.0,0.0,,,0.0,2.0,,0,0.04885888781742205,0.0,1.98,0.74,100,100,100.0,6.3,15.89,1683,Low,Monitor,No immediate distribution issue requires action.
63702,0.32985027934967137,0.32985027934967137,0.32985027934967137,0.505376359044694,6.0,6.0,2026-08-04 18:36:27,Kongthongtip Resort,6,0,,2026-08-04,23.87,Suphan Buri,KA,Lower Isan - Central,Mapped,Mapped,315085.0,14.0,385.0,6.0,0.0,,,0.0,0.0,,0,0.015584415584415584,0.0,4.87,0.47,100,100,100.0,7.35,15.89,1684,Low,Monitor,No immediate distribution issue requires action.
64956,0.3107418311466077,0.31177588403081374,0.3107418311466077,0.5173654189928598,11.0,8.0,2026-08-04 15:52:08,Baan Khue Wieng Resort Maesarieng,7,0,,2026-08-05,23.44,Mae Hong Son,KA,North,Mapped,Mapped,300639.0,36.0,42.0,11.0,0.0,,,0.0,0.0,,0,0.2619047619047619,0.0,4.64,1.21,100,100,100.0,7.37,15.89,1685,Low,Monitor,No immediate distribution issue requires action.
2004403,0.36546268806358423,0.37847679543906976,0.36546268806358423,0.5078432687040869,198.0,75.0,2026-08-04 16:21:17,DD Residence Rayong,19,1,2026-08-04 12:51:31,2026-08-04,26.64,Rayong,LT,Upper Isan - East,Mapped,Mapped,20523.0,14.0,1716.0,198.0,0.0,,,0.0,0.0,,0,0.11538461538461539,0.0,0.32,0.47,100,100,100.0,5.63,15.88,1686,Low,Investigate Booking Conversion,"Demand exists, but no booking is matched to the current check-in demand."
183201,0.3517540643219029,0.3517540643219029,0.3517540643219029,0.5095636470668204,40.0,40.0,2026-08-04 04:29:04,Phimai Paradise Hotel,8,0,,2026-08-04,25.03,Nakhonratchasima,KA,Lower Isan - Central,Mapped,Mapped,184663.0,10.0,1319.0,40.0,0.0,,,0.0,0.0,,0,0.030326004548900682,0.0,2.85,0.34,100,100,100.0,6.53,15.87,1687,Low,Monitor,No immediate distribution issue requires action.
4922505,0.3031719952149643,0.3031719952149643,0.3031719952149643,0.5219892377838969,1.0,1.0,2026-08-04 00:03:17,Mymemory Mueang Loei,1,0,,2026-08-13,22.66,Loei,KA,Upper Isan - East,Mapped,Mapped,375450.0,26.0,8.0,1.0,0.0,,,0.0,8.0,,0,0.125,0.0,5.8,0.88,100,100,100.0,7.7,15.87,1688,Low,Monitor,No immediate distribution issue requires action.
5102203,0.3548504141141602,0.3610009462013235,0.3548504141141602,0.5072824304066683,65.0,19.0,2026-08-04 22:34:47,PT HOTEL,22,0,,2026-08-14,26.44,Kalasin,LT,Upper Isan - East,Mapped,Mapped,51766.0,5.0,85.0,65.0,0.0,,,0.0,3.0,,0,0.7647058823529411,0.0,0.8,0.17,100,100,100.0,5.74,15.87,1689,Low,Investigate Booking Conversion,"Demand exists, but no booking is matched to the current check-in demand."
177804,0.34481785038743834,0.35471961745995834,0.34481785038743834,0.5406388755888041,14.0,9.0,2026-08-04 18:21:46,Loft at Sima,10,0,,2026-08-04,25.56,Nakhonratchasima,LT,Lower Isan - Central,Mapped,Mapped,55865.0,0.0,1319.0,14.0,0.0,,,0.0,0.0,,0,0.01061410159211524,0.0,0.86,0.0,100,100,100.0,5.54,15.85,1690,Low,Monitor,No immediate distribution issue requires action.
1999,0.3219275204897364,0.3219275204897364,0.3219275204897364,0.5274970767803154,6.0,6.0,2026-08-04 22:18:28,Samui Verticolor,6,0,,2026-08-04,24.0,Koh Samui,KA,Upper South,Mapped,Mapped,236723.0,7.0,1083.5,6.0,0.0,,,0.0,0.0,0.0687,1,0.0055376095985233045,0.0,3.66,0.24,100,100,100.0,6.7,15.83,1691,Low,Review Agoda Rate Competitiveness,Agoda reports a price disadvantage; 0% is cheapest.
2004750,0.36468260529388885,0.367897244829299,0.36468260529388885,0.5051934169718673,89.0,73.0,2026-08-04 16:21:17,Baan Maesot Boutique Resort,8,0,,2026-08-06,25.48,Tak,KA,North,Mapped,Mapped,120792.0,23.0,534.0,89.0,0.0,,,0.0,0.0,,0,0.16666666666666666,0.0,1.87,0.77,100,100,100.0,6.26,15.83,1692,Low,Monitor,No immediate distribution issue requires action.
63720,0.2910190970790191,0.325881335655129,0.2910190970790191,0.5120889279205824,48.0,16.0,2026-08-04 16:21:17,Na Tub Thieng Boutique Resort,12,0,,2026-08-07,23.03,Trang,KA,Upper South,Mapped,Mapped,287744.0,73.0,356.0,48.0,0.0,,,0.0,0.0,,0,0.1348314606741573,0.0,4.44,2.46,100,100,100.0,7.56,15.81,1693,Low,Monitor,No immediate distribution issue requires action.
4914153,0.3250236537179265,0.34488280706730773,0.3250236537179265,0.506886549845106,19.0,10.0,2026-08-04 23:33:09,The Pano Thepsatit,17,0,,2026-08-04,24.76,Chaiyaphum,KA,Upper Isan - East,Mapped,Mapped,203961.0,10.0,421.0,19.0,0.0,,,0.0,0.0,,0,0.04513064133016627,0.0,3.15,0.34,100,100,100.0,6.63,15.81,1694,Low,Monitor,No immediate distribution issue requires action.
2012123,0.353814825590943,0.353814825590943,0.353814825590943,0.5095369207857231,24.0,24.0,2026-08-04 01:45:09,Tassana Place,3,0,,2026-08-05,24.63,Chonburi,KA,BKK - Metro - Chon,Mapped,Mapped,199879.0,13.0,1645.0,24.0,0.0,,,0.0,0.0,,0,0.01458966565349544,0.0,3.09,0.44,100,100,100.0,6.6,15.79,1695,Low,Monitor,No immediate distribution issue requires action.
63620,0.3806326789534939,0.3806326789534939,0.3806326789534939,0.5099749450201846,24.0,24.0,2026-08-04 00:03:17,The Zenery Hotel,1,0,,2026-08-04,25.53,Lampang,LT,North,Mapped,Mapped,121934.0,2.0,941.0,24.0,0.0,,,0.0,0.0,,0,0.025504782146652496,0.0,1.88,0.07,100,100,100.0,6.07,15.79,1696,Low,Monitor,No immediate distribution issue requires action.
2012834,0.3512943785756406,0.36708578946458514,0.3512943785756406,0.510415664853063,406.0,224.0,2026-08-04 09:02:00,KTK Apartment,11,1,2026-08-04 01:45:09,2026-08-05,25.43,Chonburi,LT,BKK - Metro - Chon,Mapped,Mapped,97321.0,24.0,2288.0,406.0,0.0,,,0.0,0.0,,0,0.17744755244755245,0.0,1.5,0.81,100,100,100.0,6.08,15.77,1697,Low,Monitor,No immediate distribution issue requires action.
65452,0.34242582797941523,0.34262394476071717,0.34242582797941523,0.5133989038504094,24.0,17.0,2026-08-04 23:33:09,Baan Issara Korat,11,1,2026-08-04 18:36:27,2026-08-05,25.01,Nakhonratchasima,LT,Lower Isan - Central,Mapped,Mapped,95667.0,49.0,1179.0,24.0,0.0,,,0.0,0.0,,0,0.020356234096692113,0.0,1.48,1.65,100,100,100.0,6.24,15.76,1698,Low,Monitor,No immediate distribution issue requires action.
4932332,0.38271207704871574,0.38271207704871574,0.38271207704871574,0.511129554035645,116.0,116.0,2026-08-04 10:02:48,S Club & Hotel,5,0,,2026-08-04,26.04,Pattaya,LT,BKK - Metro - Chon,Mapped,Mapped,59827.0,1.0,2288.0,116.0,0.0,,,0.0,0.0,,0,0.050699300699300696,0.0,0.92,0.03,100,100,100.0,5.68,15.76,1699,Low,Investigate Booking Conversion,"Demand exists, but no booking is matched to the current check-in demand."
2000366,0.30195333552540854,0.34562354452861904,0.30195333552540854,0.5088836897872698,23.0,12.0,2026-08-04 23:33:09,View Mai Resort Thap Khlo,18,0,,2026-08-04,23.97,Phichit,KA,North,Mapped,Mapped,171935.0,83.0,178.0,23.0,0.0,,,0.0,0.0,,0,0.12921348314606743,0.0,2.66,2.8,100,100,100.0,6.96,15.76,1700,Low,Monitor,No immediate distribution issue requires action.
4774113,0.38054810369712905,0.3833457778133853,0.38054810369712905,0.5109853895915109,30.0,10.0,2026-08-04 12:51:31,The Nine Mansion,9,0,,2026-08-16,26.3,Ubon Ratchathani,LT,Lower Isan - Central,Mapped,Mapped,29131.0,1.0,491.5,30.0,0.0,0.1984245956936541,0.1984245956936541,3.0,6.0,,0,0.061037639877924724,0.0,0.45,0.03,100,100,100.0,5.49,15.75,1701,Low,Investigate Booking Conversion,"Demand exists, but no booking is matched to the current check-in demand."
2005781,0.33840205273942314,0.36955863299104863,0.33840205273942314,0.507738931202564,131.0,92.0,2026-08-04 23:33:09,Eco Inn Lite Ubon Ratchathani,12,0,,2026-08-05,24.87,Ubon Ratchathani,LT,Lower Isan - Central,Mapped,Mapped,91466.0,72.0,1555.5,131.0,0.0,0.1566088503214069,0.1566088503214069,1.0,2.0,,0,0.08421729347476696,0.0,1.41,2.43,100,100,100.0,6.41,15.74,1702,Low,Monitor,No immediate distribution issue requires action.
183603,0.3444220488686043,0.3444220488686043,0.3444220488686043,0.5058576430463632,38.0,38.0,2026-08-04 23:33:09,Ton Fang Hotel,9,0,,2026-08-05,24.76,Chiang Mai,KA,North,Mapped,Mapped,176385.0,18.0,1208.0,38.0,0.0,,,0.0,0.0,,0,0.03145695364238411,0.0,2.72,0.61,100,100,100.0,6.5,15.73,1703,Low,Monitor,No immediate distribution issue requires action.
2004673,0.3263726552192091,0.3675548988498575,0.3263726552192091,0.5065681833730464,216.0,78.0,2026-08-04 19:05:32,The Cube Resort,28,0,,2026-08-04,25.91,Chanthaburi,LT,Upper Isan - East,Mapped,Mapped,59428.0,14.0,1086.0,216.0,0.0,0.2264816664057599,0.22654995149663645,2.0,4.0,,0,0.19889502762430938,0.0,0.92,0.47,100,100,100.0,5.78,15.73,1704,Low,Monitor,No immediate distribution issue requires action.
65039,0.30409321237962594,0.30643447419436576,0.30409321237962594,0.5106414596568752,18.0,11.0,2026-08-04 16:21:17,The Best Place,8,0,,2026-08-28,23.14,Samut Prakan,KA,BKK - Metro - Chon,Mapped,Mapped,326159.0,22.0,25.5,18.0,0.0,,,0.0,6.0,,0,0.7058823529411765,0.0,5.04,0.74,100,100,100.0,7.37,15.73,1705,Low,Monitor,No immediate distribution issue requires action.
181022,0.33737562575191976,0.3593024607366676,0.33737562575191976,0.5053886435617612,278.0,201.0,2026-08-04 23:33:09,Fang Modern Hotel,20,0,,2026-08-05,25.58,Chiang Mai,LT,North,Mapped,Mapped,98820.0,9.0,1208.0,278.0,0.0,,,0.0,0.0,,0,0.23013245033112584,0.0,1.53,0.3,100,100,100.0,5.97,15.71,1706,Low,Monitor,No immediate distribution issue requires action.
2004062,0.32853498563550476,0.34110003600302663,0.32853498563550476,0.5101341616026541,28.0,14.0,2026-08-04 14:04:20,Starwell Bali Resort,8,1,2026-08-04 13:52:08,2026-08-06,24.11,Nakhonratchasima,KA,Lower Isan - Central,Mapped,Mapped,144144.0,81.0,1179.0,28.0,0.0,,,0.0,0.0,,0,0.02374893977947413,0.0,2.23,2.73,100,100,100.0,6.76,15.71,1707,Low,Monitor,No immediate distribution issue requires action.
4921024,0.3081467835731131,0.36571106259051395,0.3081467835731131,0.5101660498011328,62.0,22.0,2026-08-04 23:33:09,Lerdsup Hotel,23,1,2026-08-04 18:36:27,2026-08-11,24.73,Saraburi,KA,Lower Isan - Central,Mapped,Mapped,154938.0,21.0,568.5,62.0,0.0,,,0.0,4.0,,0,0.1090589270008795,0.0,2.39,0.71,100,100,100.0,6.35,15.7,1708,Low,Monitor,No immediate distribution issue requires action.
2001379,0.3685110379499341,0.3707521334935791,0.3685110379499341,0.5146536544675249,34.0,18.0,2026-08-04 21:34:17,Swankaburi Boutique Hotel,6,0,,2026-08-05,25.61,Sukhothai,LT,North,Mapped,Mapped,77163.0,2.0,222.0,34.0,0.0,,,0.0,0.0,,0,0.15315315315315314,0.0,1.19,0.07,100,100,100.0,5.74,15.7,1709,Low,Monitor,No immediate distribution issue requires action.
4884785,0.3721640292494864,0.40611062793359115,0.3721640292494864,0.5090669584110273,46.0,39.0,2026-08-04 18:36:27,Relax Resort Banphotpisai,6,0,,2026-08-04,25.65,Nakhon Sawan,LT,North,Mapped,Mapped,83410.0,0.0,1451.0,46.0,0.0,,,0.0,0.0,,0,0.03170227429359063,0.0,1.29,0.0,100,100,100.0,5.78,15.67,1710,Low,Monitor,No immediate distribution issue requires action.
65552,0.34199953528143556,0.34199953528143556,0.34199953528143556,0.507530114015219,30.0,30.0,2026-08-04 23:03:24,Le Parc Wangnang Hotel,7,0,,2026-08-04,24.5,Phitsanulok,KA,North,Mapped,Mapped,181269.0,15.0,1163.0,30.0,0.0,,,0.0,0.0,,0,0.025795356835769563,0.0,2.8,0.51,100,100,100.0,6.45,15.65,1711,Low,Monitor,No immediate distribution issue requires action.
2005859,0.3730929876684187,0.40749225662011773,0.3730929876684187,0.5066958754786524,57.0,54.0,2026-08-04 22:34:47,Crystal Place Buayai,9,2,2026-08-04 18:36:27,2026-08-04,25.93,Nakhonratchasima,LT,Lower Isan - Central,Mapped,Mapped,43585.0,4.0,1319.0,57.0,0.0,,,0.0,0.0,,0,0.043214556482183475,0.0,0.67,0.13,100,100,100.0,5.56,15.63,1712,Low,Monitor,No immediate distribution issue requires action.
137923,0.3512805372857773,0.3579956346561987,0.3512805372857773,0.5094730764621921,473.0,410.0,2026-08-04 23:33:09,4D Residence Ratchaburi,12,0,,2026-08-04,25.52,Ratchaburi,LT,Lower South - West,Mapped,Mapped,51954.0,25.0,406.5,473.0,0.0,,,0.0,0.0,,0,1.1635916359163592,0.0,0.8,0.84,100,100,100.0,5.76,15.63,1713,Low,Monitor,No immediate distribution issue requires action.
2005618,0.35114085024113195,0.44581379626863193,0.35114085024113195,0.5087947154732431,211.0,169.0,2026-08-04 17:52:50,Kanvela Resort,9,0,,2026-08-05,25.14,Kanchanaburi,LT,Lower South - West,Mapped,Mapped,109908.0,11.0,762.0,211.0,0.0,,,0.0,3.0,,0,0.2769028871391076,0.0,1.7,0.37,100,100,100.0,5.99,15.62,1714,Low,Monitor,No immediate distribution issue requires action.
2012253,0.3178067853389921,0.3626370277159518,0.3178067853389921,0.5067790087817434,20.0,16.0,2026-08-04 16:21:17,Your Place Apartment Prachaup,10,0,,2026-08-06,23.8,Prachuapkhirikhan,KA,Lower South - West,Mapped,Mapped,268153.0,0.0,801.0,20.0,0.0,,,0.0,0.0,,0,0.024968789013732832,0.0,4.14,0.0,100,100,100.0,6.83,15.62,1715,Low,Monitor,No immediate distribution issue requires action.
137942,0.3601396234464677,0.36582230473532623,0.3601396234464677,0.5107998548477225,81.0,47.0,2026-08-04 20:33:04,The Sita Princess Hotel Buriram,12,0,,2026-08-04,25.78,Buriram,LT,Lower Isan - Central,Mapped,Mapped,32463.0,13.0,764.0,81.0,0.0,,,0.0,0.0,,0,0.10602094240837696,0.0,0.5,0.44,100,100,100.0,5.54,15.61,1716,Low,Monitor,No immediate distribution issue requires action.
4921438,0.3228096204439697,0.3228096204439697,0.3228096204439697,0.5198451950233149,10.0,10.0,2026-08-04 18:49:41,V Square Serviced Apartment,5,0,,2026-08-06,23.79,Chachoengsao,LT,Upper Isan - East,Mapped,Mapped,165970.0,48.0,689.5,10.0,0.0,,,0.0,0.0,,0,0.014503263234227702,0.0,2.56,1.62,100,100,100.0,6.52,15.6,1717,Low,Monitor,No immediate distribution issue requires action.
5101549,0.3429646954305933,0.3429646954305933,0.3429646954305933,0.5073703118789614,17.0,17.0,2026-08-04 16:21:17,Terminal 2 Phuket Hotel,4,0,,2026-08-10,24.25,Phuket,LT,Upper South,Mapped,Mapped,166352.0,36.0,747.0,17.0,0.0,,,0.0,0.0,,0,0.022757697456492636,0.0,2.57,1.21,100,100,100.0,6.5,15.6,1718,Low,Monitor,No immediate distribution issue requires action.
5101721,0.3468218346390815,0.3468218346390815,0.3468218346390815,0.5146764763415719,20.0,20.0,2026-08-04 10:02:48,Chaba Inn Srinakarin,11,1,2026-08-04 09:17:17,2026-08-04,25.22,Bangkok,LT,BKK - Metro - Chon,Mapped,Mapped,69466.0,19.0,2531.5,20.0,0.0,,,0.0,0.0,,0,0.007900454276120877,0.0,1.07,0.64,100,100,100.0,5.77,15.6,1719,Low,Monitor,No immediate distribution issue requires action.
21308,0.3295015793439878,0.33860041796185975,0.3295015793439878,0.5073860574492045,25.0,14.0,2026-08-04 11:51:06,Suntara Wellness Resort and Hotel,4,0,,2026-08-28,23.71,Chachoengsao,LT,Upper Isan - East,Mapped,Mapped,163994.0,77.0,0.0,25.0,0.0,,,0.0,8.0,,0,,0.0,2.53,2.59,100,100,100.0,6.78,15.58,1720,Low,Monitor,No immediate distribution issue requires action.
4918085,0.3885535887531208,0.3885535887531208,0.3885535887531208,0.4910889416450057,6.0,6.0,2026-08-04 10:02:48,ThanaVille Resort,2,1,2026-08-04 10:02:48,2026-08-18,25.56,Tak,LT,North,Mapped,Mapped,89923.0,18.0,30.0,6.0,0.0,,,0.0,2.0,,0,0.2,0.0,1.39,0.61,100,100,100.0,5.99,15.57,1721,Low,Monitor,No immediate distribution issue requires action.
63461,0.3514791236845463,0.3514791236845463,0.3514791236845463,0.5113844733022718,32.0,32.0,2026-08-04 18:36:27,Phutawan Kan Resort,6,0,,2026-08-04,24.87,Kanchanaburi,LT,Lower South - West,Mapped,Mapped,105511.0,15.0,637.0,32.0,0.0,,,0.0,0.0,,0,0.05023547880690738,0.0,1.63,0.51,100,100,100.0,5.94,15.55,1722,Low,Monitor,No immediate distribution issue requires action.
65663,0.36263785431931683,0.36263785431931683,0.36263785431931683,0.5115550735597911,20.0,20.0,2026-08-04 11:51:06,Stone Head Hua Hin Hotel,2,0,,2026-08-04,24.93,Hua Hin,LT,Lower South - West,Mapped,Mapped,116069.0,3.0,531.0,20.0,0.0,,,0.0,0.0,,0,0.03766478342749529,0.0,1.79,0.1,100,100,100.0,5.91,15.55,1723,Low,Monitor,No immediate distribution issue requires action.
152392,0.3502368438510353,0.37867785552412175,0.3502368438510353,0.511134185617064,66.0,41.0,2026-08-04 19:05:32,Pinthira Resort,15,0,,2026-08-12,25.67,Ranong,LT,Upper South,Mapped,Mapped,40179.0,2.0,430.0,66.0,0.0,-0.0272223239457808,-0.0272223239457808,1.0,1.0,,0,0.15348837209302327,0.0,0.62,0.07,100,100,100.0,5.47,15.54,1724,Low,Fix Internal Rate Parity,Our rate is more expensive than a comparable partner rate.
4884536,0.37629929434194387,0.37629929434194387,0.37629929434194387,0.5192296224422734,3.0,3.0,2026-08-04 18:21:46,La Reina Maroc Hotel,3,0,,2026-08-04,25.72,Khaoyai,LT,Lower Isan - Central,Mapped,Mapped,16486.0,0.0,1319.0,3.0,0.0,,,0.0,0.0,,0,0.002274450341167551,0.0,0.25,0.0,100,100,100.0,5.27,15.54,1725,Low,Monitor,No immediate distribution issue requires action.
183691,0.32643434593893567,0.3496771351540947,0.32643434593893567,0.5154117912460575,29.0,13.0,2026-08-04 19:05:32,Boontawee Boutique Home,13,0,,2026-08-05,24.61,Udon Thani,LT,Upper Isan - East,Mapped,Mapped,72009.0,49.0,1007.0,29.0,0.0,,,0.0,2.0,,0,0.028798411122144985,0.0,1.11,1.65,100,100,100.0,5.97,15.52,1726,Low,Monitor,No immediate distribution issue requires action.
2009805,0.2930278454641384,0.31259461406193817,0.2930278454641384,0.5081170500709776,39.0,31.0,2026-08-04 19:05:32,The Green Hotel Rasi Salai,14,0,,2026-08-04,23.22,Si Sa Ket,KA,Lower Isan - Central,Mapped,Mapped,297244.0,0.0,245.5,39.0,0.0,,,0.0,0.0,,0,0.15885947046843177,0.0,4.59,0.0,100,100,100.0,6.94,15.52,1727,Low,Monitor,No immediate distribution issue requires action.
5101598,0.3434456720359889,0.3434456720359889,0.3434456720359889,0.5109210555917485,45.0,45.0,2026-08-04 16:21:17,NARA Premium resort,7,0,,2026-08-04,24.63,Chainat,LT,Lower Isan - Central,Mapped,Mapped,136686.0,6.0,107.0,45.0,0.0,,,0.0,0.0,,0,0.4205607476635514,0.0,2.11,0.2,100,100,100.0,6.04,15.52,1728,Low,Monitor,No immediate distribution issue requires action.
4606516,0.34238592598352235,0.35031431667331925,0.34238592598352235,0.5117569283926159,36.0,21.0,2026-08-04 20:47:47,Pairom Resort,7,0,,2026-08-09,24.61,Saraburi,KA,Lower Isan - Central,Mapped,Mapped,114247.0,21.0,568.5,36.0,0.0,,,0.0,0.0,,0,0.0633245382585752,0.0,1.76,0.71,100,100,100.0,6.02,15.51,1729,Low,Monitor,No immediate distribution issue requires action.
2051,0.3178084622991397,0.3178084622991397,0.3178084622991397,0.5256788221206055,8.0,4.0,2026-08-04 19:05:32,President Hotel Udonthani,8,0,,2026-08-17,23.99,Udon Thani,LT,Upper Isan - East,Mapped,Mapped,153486.0,13.0,872.0,8.0,0.0,0.0139768777577833,0.0370470640653994,2.0,4.0,,0,0.009174311926605505,0.0,2.37,0.44,100,100,100.0,6.12,15.51,1730,Low,Monitor,No immediate distribution issue requires action.
4795621,0.3272785520494952,0.3936869583585112,0.3272785520494952,0.5094770529624675,38.0,32.0,2026-08-04 22:51:02,The HUB Suratthani Hotel,9,0,,2026-08-04,24.15,Surat Thani,KA,Upper South,Mapped,Mapped,190993.0,1.0,1844.5,38.0,0.0,,,0.0,0.0,,0,0.02060178910273787,0.0,2.95,0.03,100,100,100.0,6.31,15.5,1731,Low,Monitor,No immediate distribution issue requires action.
182876,0.37580263776563455,0.37580263776563455,0.37580263776563455,0.5132601094985764,14.0,14.0,2026-08-04 12:38:07,Ploencheewa Resort,3,0,,2026-08-04,25.59,Phra Nakhon Si Ayutthaya,LT,Lower Isan - Central,Mapped,Mapped,18066.0,13.0,675.5,14.0,0.0,,,0.0,0.0,,0,0.02072538860103627,0.0,0.28,0.44,100,100,100.0,5.39,15.5,1732,Low,Monitor,No immediate distribution issue requires action.
43728,0.3329167071939024,0.36788018075660933,0.3329167071939024,0.5089635012917819,112.0,85.0,2026-08-04 16:21:17,Tubtim Siam Suvarnabhumi Hotel,14,0,,2026-08-04,24.86,Samut Prakan,LT,BKK - Metro - Chon,Mapped,Mapped,115286.0,2.0,1394.0,112.0,0.0,,,0.0,12.0,,0,0.08034433285509325,0.0,1.78,0.07,100,100,100.0,5.88,15.49,1733,Low,Monitor,No immediate distribution issue requires action.
5101095,0.31285758096704563,0.3265275127472871,0.31285758096704563,0.5082280277645082,30.0,7.0,2026-08-04 01:45:09,Maison Hotel Bangkok,10,0,,2026-08-30,23.64,Bangkok,LT,BKK - Metro - Chon,Mapped,Mapped,166722.0,62.0,43.0,30.0,0.0,,,0.0,10.0,,0,0.6976744186046512,0.0,2.57,2.09,100,100,100.0,6.64,15.49,1734,Low,Monitor,No immediate distribution issue requires action.
63682,0.3463452461758569,0.3463452461758569,0.3463452461758569,0.5068735004360878,20.0,20.0,2026-08-04 16:21:17,Chiangkham Grand Villa,4,0,,2026-08-04,24.38,Phayao,KA,North,Mapped,Mapped,166644.0,1.0,478.5,20.0,0.0,,,0.0,0.0,,0,0.04179728317659352,0.0,2.57,0.03,100,100,100.0,6.17,15.47,1735,Low,Monitor,No immediate distribution issue requires action.
4543029,0.28734280437294407,0.3134833310291851,0.28734280437294407,0.5093814447428345,31.0,16.0,2026-08-04 19:05:32,Lapatrada Resort,21,0,,2026-08-04,23.68,Nakhon Sawan,KA,North,Mapped,Mapped,188193.0,31.0,1451.0,31.0,0.0,,,0.0,0.0,,0,0.021364576154376293,0.0,2.91,1.04,100,100,100.0,6.5,15.45,1736,Low,Monitor,No immediate distribution issue requires action.
21416,0.37510660125217443,0.382161498740594,0.37510660125217443,0.5056901576346167,41.0,34.0,2026-08-04 16:06:46,J & Y Lodge Hotel,5,0,,2026-08-04,25.6,Chonburi,LT,BKK - Metro - Chon,Mapped,Mapped,38156.0,1.0,2288.0,41.0,0.0,0.1103717752496923,0.1103717752496923,1.0,1.0,,0,0.01791958041958042,0.0,0.59,0.03,100,100,100.0,5.42,15.45,1737,Low,Monitor,No immediate distribution issue requires action.
2012265,0.3411934665552463,0.3411934665552463,0.3411934665552463,0.5061205560400558,649.0,649.0,2026-08-04 23:33:09,The Monkey Resort Donheang,9,0,,2026-08-04,24.82,Prachuapkhirikhan,LT,Lower South - West,Mapped,Mapped,82390.0,27.0,531.0,649.0,0.0,,,0.0,0.0,,0,1.2222222222222223,0.0,1.27,0.91,100,100,100.0,5.87,15.44,1738,Low,Monitor,No immediate distribution issue requires action.
4915562,0.3589942964982546,0.3589942964982546,0.3589942964982546,0.5041114177535981,3.0,3.0,2026-08-04 00:03:17,VK & Residence Kanchanaburi,1,0,,2026-08-03,24.54,Kanchanaburi,LT,Lower South - West,Mapped,Mapped,47863.0,77.0,16.0,3.0,0.0,,,0.0,0.0,,0,0.1875,0.0,0.74,2.59,100,100,100.0,6.06,15.43,1739,Low,Monitor,No immediate distribution issue requires action.
628,0.31182657271713676,0.3789783621524005,0.31182657271713676,0.513077571858481,68.0,44.0,2026-08-04 22:03:21,Mercure Chiang Mai,29,1,2026-08-04 21:34:17,2026-08-12,25.5,Chiang Mai,LT,North,Mapped,Mapped,26154.0,0.0,924.5,68.0,0.0,,,0.0,54.0,,0,0.07355327203893997,0.0,0.4,0.0,100,100,100.0,5.3,15.43,1740,Low,Monitor,No immediate distribution issue requires action.
65632,0.3252166097960747,0.3904629784932637,0.3252166097960747,0.5117243837045445,59.0,40.0,2026-08-04 14:04:20,Warm Well Kanchanaburi,18,0,,2026-08-04,24.97,Kanchanaburi,LT,Lower South - West,Mapped,Mapped,52575.0,23.0,637.0,59.0,0.0,,,0.0,6.0,,0,0.09262166405023547,0.0,0.81,0.77,100,100,100.0,5.63,15.42,1741,Low,Monitor,No immediate distribution issue requires action.
2004213,0.3170067760939209,0.31747948522309133,0.3170067760939209,0.5115370605574572,37.0,20.0,2026-08-04 16:21:17,Sakun Place,8,0,,2026-08-28,23.68,Samut Prakan,KA,BKK - Metro - Chon,Mapped,Mapped,167708.0,34.0,25.5,37.0,0.0,,,0.0,2.0,,0,1.4509803921568627,0.0,2.59,1.15,100,100,100.0,6.38,15.41,1742,Low,Monitor,No immediate distribution issue requires action.
63731,0.34475529238272973,0.3540845471401495,0.34475529238272973,0.5052367248900338,113.0,64.0,2026-08-04 22:34:47,Grand Lopburi Hotel,18,2,2026-08-04 22:18:28,2026-08-05,25.64,Lop Buri,LT,Lower Isan - Central,Mapped,Mapped,25677.0,1.0,460.5,113.0,0.0,,,0.0,0.0,,0,0.24538545059717698,0.0,0.4,0.03,100,100,100.0,5.34,15.41,1743,Low,Monitor,No immediate distribution issue requires action.
4419637,0.33174969693193884,0.33174969693193884,0.33174969693193884,0.510150794331158,38.0,38.0,2026-08-04 16:21:17,SJK Boutique Hotel,5,0,,2026-08-04,23.96,Loei,KA,Upper Isan - East,Mapped,Mapped,166053.0,12.0,238.5,38.0,0.0,,,0.0,0.0,,0,0.15932914046121593,0.0,2.56,0.4,100,100,100.0,6.19,15.39,1744,Low,Monitor,No immediate distribution issue requires action.
4872890,0.2830718287126171,0.2899069635607176,0.2830718287126171,0.5056989654192542,17.0,8.0,2026-08-04 15:52:08,The Great Winter,11,0,,2026-09-01,22.48,Chiang Rai,KA,North,Mapped,Mapped,343640.0,2.0,21.0,17.0,0.0,,,0.0,9.0,,0,0.8095238095238095,0.0,5.31,0.07,100,100,100.0,7.17,15.39,1745,Low,Monitor,No immediate distribution issue requires action.
4606503,0.3180832900016563,0.3180832900016563,0.3180832900016563,0.5137941238364263,7.0,7.0,2026-08-04 14:04:20,Phuttinan Resort,7,0,,2026-08-04,23.66,Chonburi,KA,BKK - Metro - Chon,Mapped,Mapped,193039.0,7.0,2288.0,7.0,0.0,,,0.0,0.0,,0,0.0030594405594405595,0.0,2.98,0.24,100,100,100.0,6.29,15.38,1746,Low,Monitor,No immediate distribution issue requires action.
182858,0.2908751550423077,0.34022113810330645,0.2908751550423077,0.5150989919775195,8.0,2.0,2026-08-04 11:51:06,Rajthani Hotel Suratthani,8,0,,2026-08-21,22.7,Surat Thani,KA,Upper South,Mapped,Mapped,109135.0,144.0,954.5,8.0,0.0,0.2362086283787263,0.2362086283787263,1.0,4.0,,0,0.008381351492928235,0.0,1.69,4.85,100,100,100.0,6.84,15.38,1747,Low,Monitor,No immediate distribution issue requires action.
181005,0.2894125603561935,0.2894125603561935,0.2894125603561935,0.5036593046074082,12.0,12.0,2026-08-04 19:05:32,Tonpalm inn,6,0,,2026-08-04,22.22,Lop Buri,KA,Lower Isan - Central,Mapped,Mapped,346721.0,17.0,460.5,12.0,0.0,,,0.0,0.0,,0,0.026058631921824105,0.0,5.35,0.57,100,100,100.0,7.29,15.35,1748,Low,Monitor,No immediate distribution issue requires action.
183501,0.3141792629811125,0.36173584303563194,0.3141792629811125,0.5095522060488664,17.0,6.0,2026-08-04 12:51:31,Suntisuk Place Prachinburi,13,0,,2026-08-04,24.0,Prachin Buri,KA,Upper Isan - East,Mapped,Mapped,141019.0,17.0,955.5,17.0,0.0,,,0.0,0.0,,0,0.017791732077446363,0.0,2.18,0.57,100,100,100.0,6.06,15.33,1749,Low,Monitor,No immediate distribution issue requires action.
2010138,0.3411626376104724,0.3411626376104724,0.3411626376104724,0.5074560822417,80.0,80.0,2026-08-04 10:02:48,Triple Z Hotel,4,0,,2026-08-22,24.2,Hua Hin,LT,Lower South - West,Mapped,Mapped,80859.0,50.0,30.0,80.0,0.0,0.2680965243548232,0.2680965243548232,1.0,2.0,,0,2.6666666666666665,0.0,1.25,1.68,100,100,100.0,5.97,15.32,1750,Low,Monitor,No immediate distribution issue requires action.
43890,0.3256831486848156,0.3256831486848156,0.3256831486848156,0.5269657821711387,4.0,4.0,2026-08-04 12:51:31,New Season Square Hotel,4,0,,2026-08-13,23.95,Hatyai,LT,Lower South - West,Mapped,Mapped,112273.0,4.0,311.5,4.0,0.0,0.2316677850409427,0.2316677850409427,1.0,3.0,-0.0,1,0.012841091492776886,0.0,1.73,0.13,100,100,100.0,5.69,15.3,1751,Low,Monitor,No immediate distribution issue requires action.
25155,0.35050115533418913,0.3524273302481517,0.35050115533418913,0.510853662556431,23.0,16.0,2026-08-04 11:51:06,"Siamese Hotel Pattaya, BW Signature Collection by Best Western",6,0,,2026-08-10,24.81,Pattaya,LT,BKK - Metro - Chon,Mapped,Mapped,68762.0,0.0,657.0,23.0,0.0,,,0.0,7.0,,0,0.0350076103500761,0.0,1.06,0.0,100,100,100.0,5.49,15.3,1752,Low,Monitor,No immediate distribution issue requires action.
43640,0.3249697209818405,0.3249697209818405,0.3249697209818405,0.5194264572358469,3.0,3.0,2026-08-04 15:36:41,Naiya place Kanchanaburi,3,0,,2026-08-04,23.67,Kanchanaburi,LT,Lower South - West,Mapped,Mapped,147957.0,10.0,637.0,3.0,0.0,,,0.0,0.0,,0,0.004709576138147566,0.0,2.29,0.34,100,100,100.0,5.98,15.29,1753,Low,Monitor,No immediate distribution issue requires action.
4884213,0.342564749741511,0.3833193504089021,0.342564749741511,0.510487516121456,60.0,55.0,2026-08-04 23:03:24,Benjaphorn Grandview Hotel,9,0,,2026-08-07,24.78,Songkhla,LT,Lower South - West,Mapped,Mapped,67894.0,0.0,662.0,60.0,0.0,0.0881252104516918,0.0881252104516918,1.0,3.0,0.0795,1,0.09063444108761329,0.0,1.05,0.0,100,100,100.0,5.48,15.28,1754,Low,Review Agoda Rate Competitiveness,Agoda reports a price disadvantage; 0% is cheapest.
1397,0.36411764246165607,0.36411764246165607,0.36411764246165607,0.5057634714841256,93.0,93.0,2026-08-04 03:29:50,The Imperial Phukaew Hill Resort,8,0,,2026-08-04,25.47,Phetchabun,LT,North,Mapped,Mapped,5414.0,0.0,428.0,93.0,0.0,,,0.0,0.0,,0,0.21728971962616822,0.0,0.08,0.0,100,100,100.0,5.13,15.27,1755,Low,Monitor,No immediate distribution issue requires action.
177842,0.2795896434502478,0.29951720812804844,0.2795896434502478,0.5071291113866763,49.0,9.0,2026-08-04 16:21:17,Mee Bed and Breakfast,24,0,,2026-08-04,23.62,Phrae,KA,North,Mapped,Mapped,123436.0,50.0,429.0,49.0,0.0,,,0.0,9.0,,0,0.11421911421911422,0.0,1.91,1.68,100,100,100.0,6.18,15.25,1756,Low,Monitor,No immediate distribution issue requires action.
22412,0.357490111051107,0.357490111051107,0.357490111051107,0.5047886349209015,21.0,21.0,2026-08-04 21:34:17,The Pago Design Hotel Phuket,3,0,,2026-08-04,24.69,Phuket,LT,Upper South,Mapped,Mapped,81996.0,0.0,1544.0,21.0,0.0,,,0.0,0.0,,0,0.013601036269430052,0.0,1.27,0.0,100,100,100.0,5.57,15.24,1757,Low,Monitor,No immediate distribution issue requires action.
4417729,0.3678003465111945,0.3678003465111945,0.3678003465111945,0.5120963530297221,27.0,27.0,2026-08-04 15:36:41,Bypass And Resort,3,0,,2026-08-04,25.25,Kanchanaburi,LT,Lower South - West,Mapped,Mapped,1112.0,0.0,637.0,27.0,0.0,,,0.0,0.0,,0,0.0423861852433281,0.0,0.02,0.0,100,100,100.0,5.06,15.23,1758,Low,Monitor,No immediate distribution issue requires action.
2000335,0.2875272766446145,0.29620225883034323,0.2875272766446145,0.5079702238808345,66.0,12.0,2026-08-04 12:51:31,J2 Hotel Songkhla,26,0,,2026-08-29,24.15,Songkhla,LT,Lower South - West,Mapped,Mapped,112967.0,11.0,940.0,66.0,0.0,,,0.0,18.0,,0,0.07021276595744681,0.0,1.74,0.37,100,100,100.0,5.81,15.23,1759,Low,Monitor,No immediate distribution issue requires action.
4911848,0.3475870920294882,0.3475870920294882,0.3475870920294882,0.5061206469508867,70.0,70.0,2026-08-04 23:33:09,Khampare Chiang Mai Hotel,7,0,,2026-08-05,24.71,Chiang Mai,LT,North,Mapped,Mapped,37077.0,27.0,1208.0,70.0,0.0,,,0.0,0.0,,0,0.057947019867549666,0.0,0.57,0.91,100,100,100.0,5.5,15.22,1760,Low,Monitor,No immediate distribution issue requires action.
77196,0.3368640565769194,0.34085787773986104,0.3368640565769194,0.509994829686884,28.0,16.0,2026-08-04 17:52:50,Sawitree Place Ubon,7,0,,2026-08-04,24.35,Ubon Ratchathani,KA,Lower Isan - Central,Mapped,Mapped,94593.0,4.0,1555.5,28.0,0.0,,,0.0,0.0,,0,0.01800064288010286,0.0,1.46,0.13,100,100,100.0,5.64,15.22,1761,Low,Monitor,No immediate distribution issue requires action.
4921104,0.3382201068102262,0.3382201068102262,0.3382201068102262,0.5065038013158828,37.0,37.0,2026-08-04 18:21:46,Merry Spa and Resort Trang,6,0,,2026-08-04,24.24,Trang,LT,Upper South,Mapped,Mapped,92047.0,18.0,623.0,37.0,0.0,,,0.0,0.0,,0,0.0593900481540931,0.0,1.42,0.61,100,100,100.0,5.74,15.21,1762,Low,Monitor,No immediate distribution issue requires action.
4428295,0.3353652914908556,0.3353652914908556,0.3353652914908556,0.5083601918136134,47.0,47.0,2026-08-04 23:33:09,Fang Villa Hotel,13,0,,2026-08-05,24.83,Chiang Mai,LT,North,Mapped,Mapped,44085.0,1.0,1208.0,47.0,0.0,,,0.0,0.0,,0,0.03890728476821192,0.0,0.68,0.03,100,100,100.0,5.32,15.19,1763,Low,Monitor,No immediate distribution issue requires action.
2004910,0.3494640629404692,0.3494640629404692,0.3494640629404692,0.5124257527081412,21.0,21.0,2026-08-04 02:59:13,Phurafah Resort,5,0,,2026-08-05,24.71,Phang Nga,LT,Upper South,Mapped,Mapped,23703.0,17.0,524.0,21.0,0.0,,,0.0,0.0,,0,0.04007633587786259,0.0,0.37,0.57,100,100,100.0,5.3,15.19,1764,Low,Monitor,No immediate distribution issue requires action.
21222,0.34881514574450695,0.34881514574450695,0.34881514574450695,0.518891639508249,9.0,9.0,2026-08-04 14:04:20,KP Place,2,0,,2026-08-06,24.52,Lop Buri,LT,Lower Isan - Central,Mapped,Mapped,34209.0,11.0,452.5,9.0,0.0,,,0.0,0.0,,0,0.019889502762430938,0.0,0.53,0.37,100,100,100.0,5.28,15.18,1765,Low,Monitor,No immediate distribution issue requires action.
22188,0.2739987100323694,0.2767938478201171,0.2739987100323694,0.5070064936765462,15.0,9.0,2026-08-04 12:51:31,The Park Residence,8,0,,2026-08-25,21.86,Bangkok,KA,BKK - Metro - Chon,Mapped,Mapped,177668.0,127.0,34.5,15.0,0.0,,,0.0,2.0,,0,0.43478260869565216,0.0,2.74,4.28,100,100,100.0,7.03,15.14,1766,Low,Monitor,No immediate distribution issue requires action.
152895,0.2744264940219748,0.2744264940219748,0.2744264940219748,0.506675611708559,3.0,3.0,2026-08-04 01:45:09,The Loft Residence at Chaiyaphum,3,0,,2026-08-22,21.4,Chaiyaphum,KA,Upper Isan - East,Mapped,Mapped,357662.0,23.0,12.0,3.0,0.0,,,0.0,3.0,,0,0.25,0.0,5.52,0.77,100,100,100.0,7.27,15.12,1767,Low,Monitor,No immediate distribution issue requires action.
4918010,0.3177703199530246,0.35397178975398325,0.3177703199530246,0.5085756726669065,70.0,35.0,2026-08-04 20:33:04,The Cozy Hostel Loei Wang Saphung,14,0,,2026-08-05,24.23,Loei,LT,Upper Isan - East,Mapped,Mapped,83951.0,4.0,365.5,70.0,0.0,,,0.0,4.0,,0,0.19151846785225718,0.0,1.3,0.13,100,100,100.0,5.54,15.12,1768,Low,Monitor,No immediate distribution issue requires action.
5102313,0.34083624183119143,0.34083624183119143,0.34083624183119143,0.527844368822329,6.0,6.0,2026-08-04 18:06:03,Tisha Hotel,3,0,,2026-08-04,24.48,Samut Prakan,LT,BKK - Metro - Chon,Mapped,Mapped,5888.0,6.0,1394.0,6.0,0.0,,,0.0,0.0,,0,0.00430416068866571,0.0,0.09,0.2,100,100,100.0,5.0,15.12,1769,Low,Monitor,No immediate distribution issue requires action.
5102082,0.3383966959215054,0.34328425923922107,0.3383966959215054,0.5059158762638555,60.0,24.0,2026-08-04 23:33:09,Northerly,12,1,2026-08-04 23:03:24,2026-08-04,24.81,Chiang Rai,LT,North,Mapped,Mapped,25202.0,5.0,880.5,60.0,0.0,,,0.0,0.0,,0,0.06814310051107325,0.0,0.39,0.17,100,100,100.0,5.21,15.11,1770,Low,Monitor,No immediate distribution issue requires action.
2012062,0.31593080356640757,0.31593080356640757,0.31593080356640757,0.5290357744325647,5.0,5.0,2026-08-04 23:33:09,Ramada Plaza by Wyndham Chao Fah Phuket,5,0,,2026-08-17,23.69,Phuket,LT,Upper South,Mapped,Mapped,85018.0,0.0,598.0,5.0,0.0,,,0.0,1.0,,0,0.008361204013377926,0.0,1.31,0.0,100,100,100.0,5.39,15.09,1771,Low,Monitor,No immediate distribution issue requires action.
25154,0.3216941095507755,0.3236824984664397,0.3216941095507755,0.5101916427870338,28.0,16.0,2026-08-04 22:34:47,Nantrungjai Boutique Hotel,18,2,2026-08-04 21:34:17,2026-08-15,24.79,Nan,LT,North,Mapped,Mapped,15298.0,1.0,246.0,28.0,0.0,,,0.0,6.0,,0,0.11382113821138211,0.0,0.24,0.03,100,100,100.0,5.09,15.08,1772,Low,Monitor,No immediate distribution issue requires action.
4915587,0.3233299481286407,0.3233299481286407,0.3233299481286407,0.5107083795675184,6.0,6.0,2026-08-04 18:06:03,Star Home Hod,3,0,,2026-08-04,23.43,Chiang Mai,KA,North,Mapped,Mapped,142715.0,8.0,896.0,6.0,0.0,,,0.0,0.0,,0,0.006696428571428571,0.0,2.2,0.27,100,100,100.0,5.87,15.07,1773,Low,Monitor,No immediate distribution issue requires action.
63427,0.33166682794999,0.3391619843557371,0.33166682794999,0.5076466537642883,93.0,48.0,2026-08-04 11:51:06,Amphawaree,8,0,,2026-08-08,24.21,Samut Songkhram,LT,Lower South - West,Mapped,Mapped,56936.0,17.0,710.0,93.0,0.0,,,0.0,0.0,,0,0.13098591549295774,0.0,0.88,0.57,100,100,100.0,5.45,15.07,1774,Low,Monitor,No immediate distribution issue requires action.
4883665,0.2848358369331293,0.29350524125881183,0.2848358369331293,0.507102955606228,25.0,8.0,2026-08-04 16:21:17,Daowngern Hotel Chumphae,13,0,,2026-08-07,22.78,Khon Kaen,KA,Upper Isan - East,Mapped,Mapped,204037.0,18.0,1021.0,25.0,0.0,,,0.0,0.0,,0,0.024485798237022526,0.0,3.15,0.61,100,100,100.0,6.31,15.06,1775,Low,Monitor,No immediate distribution issue requires action.
2002058,0.34750822705892753,0.34750822705892753,0.34750822705892753,0.5082194424808842,21.0,21.0,2026-08-04 23:33:09,Cool Residence,4,1,2026-08-04 22:51:02,2026-08-05,24.45,Phuket,LT,Upper South,Mapped,Mapped,48589.0,0.0,1542.0,21.0,0.0,,,0.0,0.0,,0,0.013618677042801557,0.0,0.75,0.0,100,100,100.0,5.26,15.05,1776,Low,Monitor,No immediate distribution issue requires action.
4924338,0.34074194713619743,0.3927405702820916,0.34074194713619743,0.5062872940414704,226.0,216.0,2026-08-04 21:48:56,Get Sleep @Tha Sala,6,0,,2026-08-04,24.39,Nakhon Si Thammarat,LT,Lower South - West,Mapped,Mapped,60031.0,0.0,799.5,226.0,0.0,,,0.0,2.0,,0,0.28267667292057536,0.0,0.93,0.0,100,100,100.0,5.34,15.05,1777,Low,Monitor,No immediate distribution issue requires action.
4936652,0.31549557145820717,0.3287357110834946,0.31549557145820717,0.5033634784857806,30.0,27.0,2026-08-04 22:51:02,Munruk Hostel,7,1,2026-08-04 00:03:17,2026-08-04,23.36,Prachuapkhirikhan,KA,Lower South - West,Mapped,Mapped,161991.0,10.0,531.0,30.0,0.0,,,0.0,0.0,,0,0.05649717514124294,0.0,2.5,0.34,100,100,100.0,6.02,15.05,1778,Low,Monitor,No immediate distribution issue requires action.
4921120,0.3116150366652133,0.3146697487936091,0.3116150366652133,0.5077409485096074,24.0,14.0,2026-08-04 12:51:31,Sananwan Hometel,11,0,,2026-08-29,23.67,Samut Prakan,LT,BKK - Metro - Chon,Mapped,Mapped,95749.0,21.0,1394.0,24.0,0.0,,,0.0,1.0,,0,0.01721664275466284,0.0,1.48,0.71,100,100,100.0,5.69,15.02,1779,Low,Monitor,No immediate distribution issue requires action.
181569,0.3179984236844128,0.36910475583940094,0.3179984236844128,0.511175922413063,25.0,19.0,2026-08-04 19:05:32,Prakai Resort Photharam,12,0,,2026-08-04,24.09,Ratchaburi,LT,Lower South - West,Mapped,Mapped,38411.0,12.0,406.5,25.0,0.0,,,0.0,2.0,,0,0.06150061500615006,0.0,0.59,0.4,100,100,100.0,5.23,14.96,1780,Low,Monitor,No immediate distribution issue requires action.
43862,0.29563940487053264,0.29563940487053264,0.29563940487053264,0.5078494349573293,6.0,6.0,2026-08-04 21:48:56,Royal Diamond Hotel,4,0,,2026-08-23,22.36,Phetchaburi,KA,Lower South - West,Mapped,Mapped,99666.0,109.0,3.0,6.0,0.0,,,0.0,3.0,,0,2.0,0.0,1.54,3.67,100,100,100.0,6.34,14.96,1781,Low,Monitor,No immediate distribution issue requires action.
4502460,0.29715090895431173,0.29736930014364693,0.29715090895431173,0.5083044860066708,14.0,10.0,2026-08-04 12:51:31,BB&B Hotel,6,0,,2026-08-04,22.63,Chiang Mai,KA,North,Mapped,Mapped,157078.0,39.0,1208.0,14.0,0.0,,,0.0,0.0,,0,0.011589403973509934,0.0,2.43,1.31,100,100,100.0,6.13,14.94,1782,Low,Monitor,No immediate distribution issue requires action.
4922559,0.29898407249740566,0.3358045031000731,0.29898407249740566,0.5084082173502396,17.0,14.0,2026-08-04 18:21:46,Korner Grand Hotel,6,0,,2026-08-15,22.7,Ubon Ratchathani,KA,Lower Isan - Central,Mapped,Mapped,177113.0,18.0,378.5,17.0,0.0,-0.0823039588263622,-0.0823039588263622,1.0,4.0,,0,0.04491413474240423,0.0,2.74,0.61,100,100,100.0,6.09,14.94,1783,Low,Fix Internal Rate Parity,Our rate is more expensive than a comparable partner rate.
4921137,0.3170950372325068,0.32006598566064887,0.3170950372325068,0.509423405785762,141.0,97.0,2026-08-04 23:33:09,Baansuanloongpom Sangkhlaburi,14,0,,2026-08-05,24.24,Sangkhlaburi,LT,Lower South - West,Mapped,Mapped,19143.0,11.0,762.0,141.0,0.0,,,0.0,1.0,,0,0.18503937007874016,0.0,0.3,0.37,100,100,100.0,5.11,14.92,1784,Low,Monitor,No immediate distribution issue requires action.
4920710,0.2867111146588625,0.30099204222029213,0.2867111146588625,0.5061600965623553,27.0,12.0,2026-08-04 15:52:08,Haksabai Hotel Chiangrai,11,0,,2026-09-01,22.64,Chiang Rai,LT,North,Mapped,Mapped,189153.0,7.0,21.0,27.0,0.0,,,0.0,6.0,,0,1.2857142857142858,0.0,2.92,0.24,100,100,100.0,6.06,14.88,1785,Low,Monitor,No immediate distribution issue requires action.
4922632,0.2874089971342891,0.2920144690491593,0.2874089971342891,0.5071896853433435,29.0,26.0,2026-08-04 22:51:02,Phetkham Resort,19,0,,2026-08-04,23.45,Surat Thani,KA,Upper South,Mapped,Mapped,98101.0,4.0,1283.5,29.0,0.0,,,0.0,0.0,,0,0.02259446825087651,0.0,1.52,0.13,100,100,100.0,5.49,14.85,1786,Low,Monitor,No immediate distribution issue requires action.
2011492,0.3330256881407312,0.3330256881407312,0.3330256881407312,0.5051746987104155,4.0,4.0,2026-08-04 00:03:17,Save Zone,1,1,2026-08-04 00:03:17,2026-08-03,23.52,Phetchaburi,LT,Lower South - West,Mapped,Mapped,78873.0,14.0,21.5,4.0,0.0,,,0.0,0.0,,0,0.18604651162790697,0.0,1.22,0.47,100,100,100.0,5.46,14.84,1787,Low,Monitor,No immediate distribution issue requires action.
65470,0.33111999345172166,0.40194510403456213,0.33111999345172166,0.5058332208710339,221.0,201.0,2026-08-04 15:52:08,La Belle Hotel Chiangrai,9,0,,2026-08-05,24.28,Chiang Rai,LT,North,Mapped,Mapped,7536.0,0.0,880.5,221.0,0.0,,,0.0,8.0,,0,0.2509937535491198,0.0,0.12,0.0,100,100,100.0,4.92,14.8,1788,Low,Monitor,No immediate distribution issue requires action.
64971,0.30274711529237025,0.30741392175273635,0.30274711529237025,0.5131809822316661,18.0,6.0,2026-08-04 10:02:48,Hug Fang Hotel,9,0,,2026-08-09,23.23,Chiang Mai,LT,North,Mapped,Mapped,85701.0,7.0,1106.5,18.0,0.0,,,0.0,0.0,,0,0.016267510167193855,0.0,1.32,0.24,100,100,100.0,5.38,14.79,1789,Low,Monitor,No immediate distribution issue requires action.
4918048,0.32011565616307963,0.32011565616307963,0.32011565616307963,0.5136497852456644,12.0,12.0,2026-08-04 12:51:31,Loei Buri Hotel,6,0,,2026-08-06,23.65,Loei,LT,Upper Isan - East,Mapped,Mapped,36617.0,7.0,377.0,12.0,0.0,,,0.0,0.0,,0,0.03183023872679045,0.0,0.57,0.24,100,100,100.0,5.09,14.77,1790,Low,Monitor,No immediate distribution issue requires action.
183311,0.2989653419913716,0.2989653419913716,0.2989653419913716,0.5108792990106276,3.0,3.0,2026-08-04 16:06:46,Prasobsuk Ville Hotel Kantharalak,3,0,,2026-08-04,22.46,Si Sa Ket,KA,Lower Isan - Central,Mapped,Mapped,156614.0,10.0,140.5,3.0,0.0,,,0.0,0.0,,0,0.021352313167259787,0.0,2.42,0.34,100,100,100.0,5.8,14.75,1791,Low,Monitor,No immediate distribution issue requires action.
5101736,0.31665163874606644,0.319029185799191,0.31665163874606644,0.5099793546095777,28.0,16.0,2026-08-04 11:51:06,iCheck Inn Thapra,6,0,,2026-08-26,23.44,Bangkok,LT,BKK - Metro - Chon,Mapped,Mapped,34436.0,25.0,57.0,28.0,0.0,,,0.0,4.0,,0,0.49122807017543857,0.0,0.53,0.84,100,100,100.0,5.21,14.73,1792,Low,Monitor,No immediate distribution issue requires action.
4921152,0.30150633432451796,0.30150633432451796,0.30150633432451796,0.5075352809299407,12.0,12.0,2026-08-04 23:33:09,Choe Hotel Ban Bueng,10,0,,2026-08-21,23.16,Chonburi,LT,BKK - Metro - Chon,Mapped,Mapped,93741.0,1.0,30.0,12.0,0.0,,,0.0,1.0,,0,0.4,0.0,1.45,0.03,100,100,100.0,5.37,14.71,1793,Low,Monitor,No immediate distribution issue requires action.
4885017,0.2799487675086177,0.2799487675086177,0.2799487675086177,0.506675611708559,4.0,2.0,2026-08-04 11:51:06,JP Grand Hotel,4,0,,2026-08-11,21.71,Trat,LT,Upper Isan - East,Mapped,Mapped,189747.0,36.0,6.0,4.0,0.0,,,0.0,3.0,,0,0.6666666666666666,0.0,2.93,1.21,100,100,100.0,6.17,14.66,1794,Low,Monitor,No immediate distribution issue requires action.
4873,0.3210020384205463,0.3862477013497825,0.3210020384205463,0.5058208182673026,31.0,15.0,2026-08-04 15:52:08,Diamond Park Inn Chiangrai Resort,9,0,,2026-08-13,23.82,Chiang Rai,LT,North,Mapped,Mapped,7449.0,5.0,119.0,31.0,0.0,0.0295185519041882,0.0295185519041882,1.0,6.0,,0,0.2605042016806723,0.0,0.12,0.17,100,100,100.0,4.88,14.64,1795,Low,Monitor,No immediate distribution issue requires action.
4846862,0.2877784659267984,0.2877784659267984,0.2877784659267984,0.5066222302854744,12.0,12.0,2026-08-04 10:02:48,Somdet Hotel,6,0,,2026-08-04,22.22,Kalasin,KA,Upper Isan - East,Mapped,Mapped,153285.0,15.0,54.0,12.0,0.0,,,0.0,0.0,,0,0.2222222222222222,0.0,2.37,0.51,100,100,100.0,5.78,14.62,1796,Low,Monitor,No immediate distribution issue requires action.
183259,0.28505969575485357,0.28505969575485357,0.28505969575485357,0.5067925934723513,21.0,21.0,2026-08-04 19:05:32,The Ele Hotel Ranong,10,0,,2026-08-04,22.49,Ranong,LT,Upper South,Mapped,Mapped,144579.0,0.0,207.5,21.0,0.0,,,0.0,0.0,,0,0.10120481927710843,0.0,2.23,0.0,100,100,100.0,5.61,14.62,1797,Low,Monitor,No immediate distribution issue requires action.
2009559,0.30927842537497513,0.3374516913570135,0.30927842537497513,0.5073921444903677,23.0,12.0,2026-08-04 23:33:09,Chatsuree Boutique Resort,5,0,,2026-08-04,23.0,Ubon Ratchathani,LT,Lower Isan - Central,Mapped,Mapped,53245.0,26.0,787.5,23.0,0.0,,,0.0,1.0,,0,0.029206349206349208,0.0,0.82,0.88,100,100,100.0,5.27,14.61,1798,Low,Monitor,No immediate distribution issue requires action.
4795622,0.29264627625688594,0.3029908691313709,0.29264627625688594,0.5104101961476158,18.0,6.0,2026-08-04 23:33:09,SJ Miracle hotel Hatyai,18,0,,2026-08-18,23.63,Hatyai,LT,Lower South - West,Mapped,Mapped,4431.0,4.0,384.5,18.0,0.0,,,0.0,12.0,,0,0.04681404421326398,0.0,0.07,0.13,100,100,100.0,4.8,14.59,1799,Low,Monitor,No immediate distribution issue requires action.
4077779,0.3073573331177847,0.3073573331177847,0.3073573331177847,0.5107711106839703,18.0,18.0,2026-08-04 18:49:41,Chai Siri Park View Khon Kaen,5,0,,2026-08-12,22.99,Khon Kaen,LT,Upper Isan - East,Mapped,Mapped,40536.0,20.0,210.0,18.0,0.0,,,0.0,1.0,,0,0.08571428571428572,0.0,0.63,0.67,100,100,100.0,5.11,14.56,1800,Low,Monitor,No immediate distribution issue requires action.
183446,0.31585147836550326,0.31585147836550326,0.31585147836550326,0.5042593562054529,12.0,12.0,2026-08-04 22:34:47,V Place Residence,8,1,2026-08-04 21:48:56,2026-08-18,23.48,Songkhla,LT,Lower South - West,Mapped,Mapped,25530.0,6.0,208.0,12.0,0.0,,,0.0,1.0,,0,0.057692307692307696,0.0,0.39,0.2,100,100,100.0,4.95,14.56,1801,Low,Monitor,No immediate distribution issue requires action.
1632,0.32640274903634015,0.32774197744539113,0.32640274903634015,0.5044563065241471,54.0,32.0,2026-08-04 20:47:47,Mercure Koh Chang Hideaway,6,1,2026-08-04 20:47:47,2026-08-14,23.73,Koh Chang & Koh Kood,LT,Upper Isan - East,Mapped,Mapped,5843.0,0.0,221.0,54.0,0.0,0.2908341908982292,0.2908341908982292,1.0,12.0,,0,0.24434389140271492,0.0,0.09,0.0,100,100,100.0,4.79,14.56,1802,Low,Monitor,No immediate distribution issue requires action.
4606458,0.2932845934236964,0.3049035932186851,0.2932845934236964,0.5108814268930003,8.0,5.0,2026-08-04 18:49:41,Inn box Chum Saeng,8,0,,2026-08-05,22.71,Nakhon Sawan,LT,North,Mapped,Mapped,57360.0,12.0,1451.0,8.0,0.0,,,0.0,0.0,,0,0.005513439007580979,0.0,0.89,0.4,100,100,100.0,5.11,14.48,1803,Low,Monitor,No immediate distribution issue requires action.
137945,0.3156760137733913,0.3156760137733913,0.3156760137733913,0.5126822637735174,1.0,1.0,2026-08-04 00:03:17,Sweet Dreams Guest House,1,0,,2026-08-03,22.98,Phetchaburi,LT,Lower South - West,Mapped,Mapped,41306.0,0.0,21.5,1.0,0.0,,,0.0,0.0,,0,0.046511627906976744,0.0,0.64,0.0,100,100,100.0,4.92,14.48,1804,Low,Monitor,No immediate distribution issue requires action.
64976,0.30776900514900063,0.30776900514900063,0.30776900514900063,0.5084595486477821,16.0,16.0,2026-08-04 05:57:40,Tharapark View Hotel,5,0,,2026-08-15,22.96,Krabi,LT,Upper South,Mapped,Mapped,19467.0,23.0,0.0,16.0,0.0,,,0.0,1.0,,0,,0.0,0.3,0.77,100,100,100.0,4.97,14.46,1805,Low,Monitor,No immediate distribution issue requires action.
2007059,0.2526617238768937,0.2526617238768937,0.2526617238768937,0.5053234477290376,2.0,2.0,2026-08-04 20:47:47,Loei Panmiles Resort,2,0,,2026-08-04,20.4,Loei,KA,Upper Isan - East,Mapped,Mapped,300415.0,11.0,238.5,2.0,0.0,,,0.0,0.0,,0,0.008385744234800839,0.0,4.64,0.37,100,100,100.0,6.51,14.43,1806,Low,Monitor,No immediate distribution issue requires action.
183395,0.31310104772617997,0.31310104772617997,0.31310104772617997,0.506841559534739,31.0,31.0,2026-08-04 12:51:31,Bann Lhong Rak Krabi,4,0,,2026-08-04,23.05,Krabi,LT,Upper South,Mapped,Mapped,30524.0,3.0,400.0,31.0,0.0,,,0.0,0.0,,0,0.0775,0.0,0.47,0.1,100,100,100.0,4.88,14.42,1807,Low,Monitor,No immediate distribution issue requires action.
4543108,0.2832452993910305,0.2832452993910305,0.2832452993910305,0.5075984736366084,19.0,19.0,2026-08-04 23:33:09,iSanook Hua Hin Resort and Suites,6,0,,2026-08-31,22.06,Hua Hin,LT,Lower South - West,Mapped,Mapped,127585.0,0.0,6.0,19.0,0.0,,,0.0,3.0,,0,3.1666666666666665,0.0,1.97,0.0,100,100,100.0,5.4,14.39,1808,Low,Monitor,No immediate distribution issue requires action.
4918122,0.2941714303201225,0.3045314017162972,0.2941714303201225,0.5065032558086866,34.0,20.0,2026-08-04 19:05:32,Wiangkham Resort Photharam,10,0,,2026-08-19,22.86,Ratchaburi,LT,Lower South - West,Mapped,Mapped,16851.0,17.0,406.5,34.0,0.0,,,0.0,1.0,,0,0.08364083640836409,0.0,0.26,0.57,100,100,100.0,4.87,14.36,1809,Low,Monitor,No immediate distribution issue requires action.
43880,0.27449177645946643,0.28234026623129693,0.27449177645946643,0.5081972410889882,11.0,7.0,2026-08-04 23:03:24,Whale Hotel Nakhon Pathom,11,0,,2026-08-04,22.19,Nakhon Pathom,LT,BKK - Metro - Chon,Mapped,Mapped,82666.0,16.0,960.5,11.0,0.0,,,0.0,1.0,,0,0.011452368558042686,0.0,1.28,0.54,100,100,100.0,5.24,14.36,1810,Low,Monitor,No immediate distribution issue requires action.
63815,0.28649025802861683,0.28649892301571994,0.28649025802861683,0.508775604298477,38.0,19.0,2026-08-04 16:06:46,Chawlada Hotel,14,0,,2026-08-25,22.97,Nakhon Si Thammarat,LT,Lower South - West,Mapped,Mapped,3849.0,0.0,32.0,38.0,0.0,,,0.0,4.0,,0,1.1875,0.0,0.06,0.0,100,100,100.0,4.62,14.29,1811,Low,Monitor,No immediate distribution issue requires action.
25109,0.2985278009435401,0.2985278009435401,0.2985278009435401,0.5089129430813814,18.0,18.0,2026-08-04 19:05:32,Candy Bar Resort,6,0,,2026-08-04,22.69,Sukhothai,LT,North,Mapped,Mapped,17201.0,0.0,205.5,18.0,0.0,,,0.0,0.0,,0,0.08759124087591241,0.0,0.27,0.0,100,100,100.0,4.67,14.23,1812,Low,Monitor,No immediate distribution issue requires action.
4606518,0.27213352030069976,0.2737359299892962,0.27213352030069976,0.5063580902411277,12.0,4.0,2026-08-04 21:48:56,Onn Ruean Resort,12,0,,2026-08-06,22.15,Ratchaburi,LT,Lower South - West,Mapped,Mapped,62108.0,5.0,715.0,12.0,0.0,,,0.0,0.0,,0,0.016783216783216783,0.0,0.96,0.17,100,100,100.0,4.96,14.19,1813,Low,Monitor,No immediate distribution issue requires action.
2008106,0.3002378550112884,0.3002378550112884,0.3002378550112884,0.5080854914117892,4.0,4.0,2026-08-04 11:36:45,Alisea Pool Villas,2,0,,2026-08-22,22.36,Krabi,LT,Upper South,Mapped,Mapped,37080.0,5.0,0.0,4.0,0.0,,,0.0,9.0,,0,,0.0,0.57,0.17,100,100,100.0,4.81,14.19,1814,Low,Monitor,No immediate distribution issue requires action.
4606459,0.2638821499443146,0.2744264940219748,0.2638821499443146,0.506675611708559,8.0,4.0,2026-08-04 16:21:17,Sor Boonyong Hotel,8,0,,2026-08-11,21.45,Kanchanaburi,KA,Lower South - West,Mapped,Mapped,127008.0,9.0,8.0,8.0,0.0,,,0.0,1.0,,0,1.0,0.0,1.96,0.3,100,100,100.0,5.36,14.18,1815,Low,Monitor,No immediate distribution issue requires action.
624,0.28714755561850736,0.28714755561850736,0.28714755561850736,0.5081948052855412,20.0,20.0,2026-08-04 04:44:53,The Imperial Resort & Sports Club Chiang Mai,8,0,,2026-08-31,22.41,Chiang Mai,LT,North,Mapped,Mapped,24225.0,4.0,17.5,20.0,0.0,,,0.0,3.0,,0,1.1428571428571428,0.0,0.37,0.13,100,100,100.0,4.71,14.16,1816,Low,Monitor,No immediate distribution issue requires action.
183195,0.28558980817619917,0.28558980817619917,0.28558980817619917,0.5093908768592041,2.0,2.0,2026-08-04 14:04:20,Baan Yai Hotel Mueng Phon Khonkaen,2,0,,2026-08-04,21.8,Khon Kaen,LT,Upper Isan - East,Mapped,Mapped,69254.0,9.0,1025.5,2.0,0.0,,,0.0,0.0,,0,0.0019502681618722574,0.0,1.07,0.3,100,100,100.0,4.99,14.13,1817,Low,Monitor,No immediate distribution issue requires action.
4884979,0.2937930661034841,0.2937930661034841,0.2937930661034841,0.5070768402109072,15.0,15.0,2026-08-04 18:49:41,The Chill House,5,0,,2026-08-04,22.37,Kanchanaburi,LT,Lower South - West,Mapped,Mapped,23736.0,0.0,637.0,15.0,0.0,,,0.0,0.0,,0,0.023547880690737835,0.0,0.37,0.0,100,100,100.0,4.66,14.11,1818,Low,Monitor,No immediate distribution issue requires action.
2000180,0.286677807895109,0.286677807895109,0.286677807895109,0.504567277812864,3.0,3.0,2026-08-04 14:04:20,HillSide Boutique,3,0,,2026-08-04,21.84,Surat Thani,LT,Upper South,Mapped,Mapped,66275.0,1.0,1083.5,3.0,0.0,,,0.0,0.0,,0,0.0027688047992616522,0.0,1.02,0.03,100,100,100.0,4.89,14.04,1819,Low,Monitor,No immediate distribution issue requires action.
4887254,0.28997252723488176,0.28997252723488176,0.28997252723488176,0.5078357082648184,3.0,3.0,2026-08-04 12:38:07,Baan Kanta Resort Si Thep,3,0,,2026-08-04,22.04,Phetchabun,LT,North,Mapped,Mapped,24016.0,1.0,428.0,3.0,0.0,,,0.0,0.0,,0,0.007009345794392523,0.0,0.37,0.03,100,100,100.0,4.6,13.99,1820,Low,Monitor,No immediate distribution issue requires action.
2012801,0.2648858394648809,0.27575612368284774,0.2648858394648809,0.5060571419256689,20.0,10.0,2026-08-04 22:03:21,S2@Uthai,15,0,,2026-08-04,22.14,Uthai Thani,LT,North,Mapped,Mapped,10210.0,1.0,154.0,20.0,0.0,,,0.0,0.0,,0,0.12987012987012986,0.0,0.16,0.03,100,100,100.0,4.52,13.96,1821,Low,Monitor,No immediate distribution issue requires action.
65653,0.2698732420110683,0.27633315265793296,0.2698732420110683,0.5071616264707225,8.0,4.0,2026-08-04 14:04:20,Park Intown Hotel Pattani,6,0,,2026-08-05,21.51,Pattani,LT,Lower South - West,Mapped,Mapped,19245.0,5.0,78.0,8.0,0.0,,,0.0,0.0,,0,0.10256410256410256,0.0,0.3,0.17,100,100,100.0,4.5,13.78,1822,Low,Monitor,No immediate distribution issue requires action.
183119,,,,,0.0,0.0,2026-08-04 23:33:09,Inpawa Boutique Hotel Khon Kaen,0,0,,2026-08-31,0.0,Khon Kaen,KA,Upper Isan - East,Mapped,Not Mapped,318914.0,85.0,480.5,0.0,0.0,,,0.0,2.0,,0,0.0,,4.93,2.86,100,0,50.0,3.32,6.66,1823,Low,Expand to Ctrip,The hotel has demand but is not mapped on Ctrip.
63688,,,,,0.0,0.0,2026-08-04 23:18:39,Racha Residence Sriracha,0,0,,2026-08-07,0.0,Sriracha,KA,BKK - Metro - Chon,Mapped,Mapped,590822.0,367.0,1232.0,0.0,0.0,,,0.0,0.0,0.2115,2,0.0,,9.12,12.36,100,100,100.0,8.27,4.13,1824,Low,Review Agoda Rate Competitiveness,Agoda reports a price disadvantage; 0% is cheapest.
4945,,,,,3.0,1.0,2026-08-04 23:33:09,Napatra Hotel Chiangmai,3,0,,2026-09-01,0.29,Chiang Mai,KA,North,Mapped,Mapped,515019.0,262.0,17.5,3.0,0.0,,,0.0,3.0,,0,0.17142857142857143,0.0,7.95,8.82,100,100,100.0,6.68,3.43,1825,Low,Monitor,No immediate distribution issue requires action.
182814,,,,,0.0,0.0,2026-08-04 06:59:25,Tho Mai Resort,0,0,,2026-08-29,0.0,Rayong,LT,Upper Isan - East,Mapped,Not Live,30329.0,0.0,0.0,0.0,0.0,,,0.0,5.0,,0,,,0.47,0.0,100,40,70.0,0.24,3.12,1826,Low,Activate Ctrip,"Ctrip connectivity exists, but the hotel is not live."
4701295,,,,,1.0,1.0,2026-08-04 23:33:09,Makan Resort,1,0,,2026-08-09,0.1,Kanchanaburi,KA,Lower South - West,Mapped,Mapped,310608.0,0.0,92.0,1.0,0.0,,,0.0,0.0,,0,0.010869565217391304,0.0,4.8,0.0,100,100,100.0,2.42,1.24,1827,Low,Monitor,No immediate distribution issue requires action.
4914,,,,,0.0,0.0,2026-08-04 14:04:20,Baan Nilawan Huahin Hotel,0,0,,2026-08-29,0.0,Hua Hin,LT,Lower South - West,Mapped,Mapped,48708.0,15.0,0.0,0.0,0.0,,,0.0,6.0,,0,,,0.75,0.51,100,100,100.0,0.53,0.26,1828,Low,Monitor,No immediate distribution issue requires action.
