Destination,checkin_date,Last_Observed_At,Total_Observed_Searches,Historical_Search_Intervals
Amnart Charoen,2026-08-06,2026-08-06 17:35:32,6.0,8
Amnart Charoen,2026-08-07,2026-08-07 18:50:24,138.0,24
Amnart Charoen,2026-08-08,2026-08-07 07:44:36,12.0,6
Amnart Charoen,2026-08-09,2026-08-10 00:01:59,151.0,16
Amnart Charoen,2026-08-10,2026-08-10 20:21:06,213.0,26
Amnart Charoen,2026-08-11,2026-08-11 23:47:31,248.0,22
Amnart Charoen,2026-08-12,2026-08-12 19:32:22,210.0,24
Amnart Charoen,2026-08-13,2026-08-13 19:20:57,170.0,46
Amnart Charoen,2026-08-14,2026-08-15 00:02:40,198.0,53
Amnart Charoen,2026-08-15,2026-08-15 23:47:37,252.5,48
Amnart Charoen,2026-08-16,2026-08-15 15:16:31,36.0,10
Amnart Charoen,2026-08-17,2026-08-18 00:02:04,356.0,33
Amnart Charoen,2026-08-18,2026-08-18 20:32:59,303.5,66
Amnart Charoen,2026-08-19,2026-08-18 23:48:42,329.0,59
Amnart Charoen,2026-08-20,2026-08-18 12:06:15,57.0,22
Amnart Charoen,2026-08-21,2026-08-17 19:48:55,206.0,20
Amnart Charoen,2026-08-22,2026-08-17 18:36:16,78.0,43
Amnart Charoen,2026-08-23,2026-08-17 18:36:16,71.0,29
Amnart Charoen,2026-08-24,2026-08-17 18:36:16,61.0,15
Amnart Charoen,2026-08-25,2026-08-17 18:36:16,61.0,15
Amnart Charoen,2026-08-26,2026-08-17 18:36:16,147.0,28
Amnart Charoen,2026-08-27,2026-08-17 18:36:16,117.0,37
Amnart Charoen,2026-08-28,2026-08-17 18:36:16,72.0,33
Amnart Charoen,2026-08-30,2026-08-16 23:03:25,8.0,8
Ang Thong,2026-08-06,2026-08-06 19:19:19,45.0,13
Ang Thong,2026-08-07,2026-08-07 17:05:42,106.0,19
Ang Thong,2026-08-08,2026-08-08 13:16:37,28.0,19
Ang Thong,2026-08-09,2026-08-10 00:01:59,175.0,21
Ang Thong,2026-08-10,2026-08-10 19:07:12,300.5,61
Ang Thong,2026-08-11,2026-08-11 18:06:24,125.0,32
Ang Thong,2026-08-12,2026-08-11 19:34:47,473.0,40
Ang Thong,2026-08-13,2026-08-13 15:52:30,153.0,40
Ang Thong,2026-08-14,2026-08-14 22:19:34,71.0,33
Ang Thong,2026-08-15,2026-08-15 10:33:43,164.0,32
Ang Thong,2026-08-16,2026-08-16 21:34:39,286.0,48
Ang Thong,2026-08-17,2026-08-17 17:22:18,338.0,57
Ang Thong,2026-08-18,2026-08-18 16:06:39,431.0,59
Ang Thong,2026-08-19,2026-08-18 23:32:45,91.0,36
Ang Thong,2026-08-20,2026-08-18 23:32:45,100.0,38
Ang Thong,2026-08-21,2026-08-17 21:32:42,190.0,18
Ang Thong,2026-08-22,2026-08-17 21:32:42,286.0,38
Ang Thong,2026-08-23,2026-08-14 15:22:07,78.0,9
Ang Thong,2026-08-24,2026-08-18 23:48:42,244.0,29
Ang Thong,2026-08-25,2026-08-18 10:34:59,192.0,15
Ang Thong,2026-08-26,2026-08-18 10:34:59,192.0,15
Ang Thong,2026-08-27,2026-08-18 10:34:59,196.0,17
Ang Thong,2026-08-28,2026-08-11 19:34:47,12.0,8
Ang Thong,2026-09-03,2026-08-15 21:32:31,0.0,8
Ang Thong,2026-09-04,2026-08-07 20:32:50,2.0,3
Ang Thong,2026-09-07,2026-08-18 19:05:06,8.0,8
Ang Thong,2026-09-08,2026-08-18 19:05:06,8.0,8
Ang Thong,2026-09-09,2026-08-18 19:05:06,8.0,14
Ang Thong,2026-09-10,2026-08-18 15:22:55,0.0,6
Bangkok,2026-08-05,2026-08-05 23:32:15,406.0,8
Bangkok,2026-08-06,2026-08-06 23:47:54,2531.5,54
Bangkok,2026-08-07,2026-08-07 23:17:46,3980.0,94
Bangkok,2026-08-08,2026-08-09 00:04:29,5457.5,134
Bangkok,2026-08-09,2026-08-10 00:01:59,7918.5,183
Bangkok,2026-08-10,2026-08-10 23:33:11,10440.0,232
Bangkok,2026-08-11,2026-08-11 23:47:31,10341.0,243
Bangkok,2026-08-12,2026-08-13 00:02:55,12260.5,293
Bangkok,2026-08-13,2026-08-13 22:48:48,14582.0,339
Bangkok,2026-08-14,2026-08-15 00:02:40,15981.0,383
Bangkok,2026-08-15,2026-08-16 00:02:33,17112.5,455
Bangkok,2026-08-16,2026-08-17 00:02:53,19270.0,499
Bangkok,2026-08-17,2026-08-18 00:02:04,25086.5,624
Bangkok,2026-08-18,2026-08-18 23:48:42,27342.5,677
Bangkok,2026-08-19,2026-08-18 23:48:42,26887.0,676
Bangkok,2026-08-20,2026-08-18 23:48:42,27036.5,673
Bangkok,2026-08-21,2026-08-18 23:48:42,24439.0,660
Bangkok,2026-08-22,2026-08-18 23:48:42,23549.5,678
Bangkok,2026-08-23,2026-08-18 23:48:42,18677.0,581
Bangkok,2026-08-24,2026-08-18 23:48:42,17722.5,585
Bangkok,2026-08-25,2026-08-18 23:48:42,15951.0,568
Bangkok,2026-08-26,2026-08-18 23:48:42,11229.0,493
Bangkok,2026-08-27,2026-08-18 23:48:42,10897.0,491
Bangkok,2026-08-28,2026-08-18 23:48:42,11281.5,555
Bangkok,2026-08-29,2026-08-18 23:48:42,9507.0,562
Bangkok,2026-08-30,2026-08-18 22:17:43,6906.0,634
Bangkok,2026-08-31,2026-08-18 23:32:45,4620.0,610
Bangkok,2026-09-01,2026-08-18 22:17:43,2673.0,614
Bangkok,2026-09-02,2026-08-18 23:48:42,765.5,426
Bangkok,2026-09-03,2026-08-18 23:48:42,823.5,487
Bangkok,2026-09-04,2026-08-18 23:48:42,473.5,519
Bangkok,2026-09-05,2026-08-18 23:48:42,338.0,581
Bangkok,2026-09-06,2026-08-18 23:48:42,466.0,409
Bangkok,2026-09-07,2026-08-18 23:48:42,871.5,411
Bangkok,2026-09-08,2026-08-18 23:48:42,648.5,338
Bangkok,2026-09-09,2026-08-18 23:03:17,637.5,373
Bangkok,2026-09-10,2026-08-18 21:31:44,283.0,266
Bangkok,2026-09-11,2026-08-18 18:20:34,334.0,238
Bangkok,2026-09-12,2026-08-18 23:32:45,230.0,273
Bangkok,2026-09-13,2026-08-18 23:48:42,135.0,184
Bangkok,2026-09-14,2026-08-18 23:32:45,68.0,153
Bangkok,2026-09-15,2026-08-18 23:32:45,10.0,83
Bangkok,2026-09-16,2026-08-18 23:32:45,13.0,60
Bungkan,2026-08-06,2026-08-06 23:04:00,66.0,24
Bungkan,2026-08-07,2026-08-07 22:49:50,39.0,34
Bungkan,2026-08-08,2026-08-09 00:04:29,21.0,20
Bungkan,2026-08-09,2026-08-09 19:50:08,76.5,22
Bungkan,2026-08-10,2026-08-10 13:06:48,74.0,24
Bungkan,2026-08-11,2026-08-11 11:03:47,44.0,16
Bungkan,2026-08-12,2026-08-12 20:18:06,219.0,42
Bungkan,2026-08-13,2026-08-13 22:48:48,235.5,50
Bungkan,2026-08-14,2026-08-15 00:02:40,164.5,53
Bungkan,2026-08-15,2026-08-15 20:45:23,60.0,37
Bungkan,2026-08-16,2026-08-16 17:18:20,217.0,66
Bungkan,2026-08-17,2026-08-17 20:03:57,282.0,69
Bungkan,2026-08-18,2026-08-18 15:51:26,280.0,93
Bungkan,2026-08-19,2026-08-18 23:19:38,294.5,107
Bungkan,2026-08-20,2026-08-18 23:48:42,272.0,87
Bungkan,2026-08-21,2026-08-17 13:22:31,137.0,37
Bungkan,2026-08-22,2026-08-18 14:49:01,0.0,6
Bungkan,2026-08-27,2026-08-06 22:06:19,4.0,5
Bungkan,2026-08-28,2026-08-08 15:48:47,0.0,6
Bungkan,2026-09-03,2026-08-15 12:47:04,16.0,12
Bungkan,2026-09-07,2026-08-18 13:51:17,40.0,17
Bungkan,2026-09-12,2026-08-17 00:02:53,0.0,9
Bungkan,2026-09-13,2026-08-17 00:02:53,0.0,9
Bungkan,2026-09-14,2026-08-17 00:02:53,0.0,9
Buriram,2026-08-05,2026-08-05 21:49:49,9.5,1
Buriram,2026-08-06,2026-08-06 23:47:54,314.0,43
Buriram,2026-08-07,2026-08-07 23:17:46,1173.0,57
Buriram,2026-08-08,2026-08-09 00:04:29,1100.0,68
Buriram,2026-08-09,2026-08-10 00:01:59,667.0,60
Buriram,2026-08-10,2026-08-10 23:33:11,1466.0,93
Buriram,2026-08-11,2026-08-11 23:47:31,1336.0,70
Buriram,2026-08-12,2026-08-12 21:49:15,1965.0,108
Buriram,2026-08-13,2026-08-13 22:48:48,2366.5,151
Buriram,2026-08-14,2026-08-14 22:19:34,2599.5,163
Buriram,2026-08-15,2026-08-16 00:02:33,2689.0,196
Buriram,2026-08-16,2026-08-16 19:33:12,2402.0,131
Buriram,2026-08-17,2026-08-18 00:02:04,3532.0,227
Buriram,2026-08-18,2026-08-18 23:48:42,3887.0,220
Buriram,2026-08-19,2026-08-18 23:48:42,2961.5,217
Buriram,2026-08-20,2026-08-18 14:49:01,2432.0,192
Buriram,2026-08-21,2026-08-18 17:49:59,1398.5,134
Buriram,2026-08-22,2026-08-18 19:20:48,1813.5,140
Buriram,2026-08-23,2026-08-18 19:20:48,1286.5,99
Buriram,2026-08-24,2026-08-18 19:20:48,1257.5,90
Buriram,2026-08-25,2026-08-18 19:20:48,1119.5,90
Buriram,2026-08-26,2026-08-18 19:20:48,849.0,96
Buriram,2026-08-27,2026-08-18 19:20:48,859.5,102
Buriram,2026-08-28,2026-08-18 19:20:48,1662.0,162
Buriram,2026-08-29,2026-08-18 00:32:16,815.0,99
Buriram,2026-08-30,2026-08-14 22:19:34,41.0,22
Buriram,2026-08-31,2026-08-14 21:32:57,16.0,11
Buriram,2026-09-01,2026-08-18 20:17:46,162.5,35
Buriram,2026-09-02,2026-08-18 20:17:46,157.5,59
Buriram,2026-09-03,2026-08-18 20:17:46,163.5,74
Buriram,2026-09-04,2026-08-18 20:17:46,24.5,28
Buriram,2026-09-05,2026-08-18 20:17:46,34.5,50
Buriram,2026-09-06,2026-08-18 20:17:46,56.5,43
Buriram,2026-09-07,2026-08-18 20:17:46,107.5,51
Buriram,2026-09-08,2026-08-18 20:17:46,66.5,41
Buriram,2026-09-09,2026-08-18 20:17:46,78.5,41
Buriram,2026-09-10,2026-08-18 20:17:46,116.5,58
Buriram,2026-09-11,2026-08-18 20:17:46,24.5,19
Buriram,2026-09-12,2026-08-18 23:48:42,34.5,29
Buriram,2026-09-13,2026-08-18 20:17:46,16.5,9
Buriram,2026-09-14,2026-08-18 20:17:46,16.5,9
Buriram,2026-09-15,2026-08-18 20:17:46,16.5,9
Buriram,2026-09-16,2026-08-18 20:17:46,16.5,9
Chachoengsao,2026-08-05,2026-08-05 23:32:15,349.0,8
Chachoengsao,2026-08-06,2026-08-06 23:47:54,1405.5,42
Chachoengsao,2026-08-07,2026-08-07 23:17:46,1710.5,62
Chachoengsao,2026-08-08,2026-08-09 00:04:29,1430.5,72
Chachoengsao,2026-08-09,2026-08-10 00:01:59,1897.0,88
Chachoengsao,2026-08-10,2026-08-10 23:33:11,3479.0,130
Chachoengsao,2026-08-11,2026-08-11 23:34:06,2030.5,97
Chachoengsao,2026-08-12,2026-08-13 00:02:55,2919.5,117
Chachoengsao,2026-08-13,2026-08-13 22:20:14,3733.5,142
Chachoengsao,2026-08-14,2026-08-15 00:02:40,4621.0,175
Chachoengsao,2026-08-15,2026-08-16 00:02:33,3495.5,215
Chachoengsao,2026-08-16,2026-08-17 00:02:53,4173.0,183
Chachoengsao,2026-08-17,2026-08-18 00:02:04,4735.5,282
Chachoengsao,2026-08-18,2026-08-18 23:48:42,5123.0,295
Chachoengsao,2026-08-19,2026-08-18 23:48:42,5078.0,269
Chachoengsao,2026-08-20,2026-08-18 23:19:38,5290.0,282
Chachoengsao,2026-08-21,2026-08-18 20:04:15,3003.5,176
Chachoengsao,2026-08-22,2026-08-18 23:48:42,2981.5,182
Chachoengsao,2026-08-23,2026-08-18 22:17:43,2295.0,92
Chachoengsao,2026-08-24,2026-08-18 22:17:43,2196.0,89
Chachoengsao,2026-08-25,2026-08-18 22:17:43,1297.0,72
Chachoengsao,2026-08-26,2026-08-18 23:48:42,895.0,68
Chachoengsao,2026-08-27,2026-08-18 23:48:42,1031.0,50
Chachoengsao,2026-08-28,2026-08-18 23:48:42,1053.0,112
Chachoengsao,2026-08-29,2026-08-18 23:48:42,1158.0,154
Chachoengsao,2026-08-30,2026-08-18 17:07:13,604.0,53
Chachoengsao,2026-08-31,2026-08-18 17:07:13,336.0,46
Chachoengsao,2026-09-01,2026-08-18 17:07:13,261.0,30
Chachoengsao,2026-09-02,2026-08-18 17:07:13,17.0,51
Chachoengsao,2026-09-03,2026-08-18 17:07:13,87.0,78
Chachoengsao,2026-09-04,2026-08-18 17:07:13,87.0,86
Chachoengsao,2026-09-05,2026-08-18 17:07:13,99.0,110
Chachoengsao,2026-09-06,2026-08-18 17:07:13,93.0,69
Chachoengsao,2026-09-07,2026-08-18 17:07:13,126.0,103
Chachoengsao,2026-09-08,2026-08-18 20:04:15,100.0,84
Chachoengsao,2026-09-09,2026-08-18 20:04:15,100.0,84
Chachoengsao,2026-09-10,2026-08-18 20:04:15,89.0,82
Chachoengsao,2026-09-11,2026-08-18 20:04:15,70.0,52
Chachoengsao,2026-09-12,2026-08-18 20:04:15,70.0,67
Chachoengsao,2026-09-13,2026-08-18 20:04:15,65.0,52
Chachoengsao,2026-09-14,2026-08-18 20:04:15,30.0,51
Chachoengsao,2026-09-15,2026-08-18 17:07:13,16.0,28
Chachoengsao,2026-09-16,2026-08-18 17:07:13,0.0,8
Chainat,2026-08-05,2026-08-05 22:04:08,0.0,2
Chainat,2026-08-06,2026-08-06 21:34:13,235.5,26
Chainat,2026-08-07,2026-08-07 23:17:46,309.0,24
Chainat,2026-08-08,2026-08-08 22:03:58,516.0,45
Chainat,2026-08-09,2026-08-10 00:01:59,180.0,23
Chainat,2026-08-10,2026-08-10 18:51:27,391.5,46
Chainat,2026-08-11,2026-08-11 18:35:29,429.5,34
Chainat,2026-08-12,2026-08-12 18:32:07,567.0,38
Chainat,2026-08-13,2026-08-13 22:05:09,759.0,56
Chainat,2026-08-14,2026-08-14 21:03:47,526.5,65
Chainat,2026-08-15,2026-08-15 22:33:23,837.0,85
Chainat,2026-08-16,2026-08-16 19:33:12,501.0,31
Chainat,2026-08-17,2026-08-17 23:03:15,1025.5,79
Chainat,2026-08-18,2026-08-18 21:16:11,1860.0,112
Chainat,2026-08-19,2026-08-18 23:48:42,1247.0,100
Chainat,2026-08-20,2026-08-18 23:48:42,1058.5,85
Chainat,2026-08-21,2026-08-18 14:05:44,306.0,29
Chainat,2026-08-22,2026-08-13 00:17:47,293.0,22
Chainat,2026-08-23,2026-08-18 17:07:13,528.0,43
Chainat,2026-08-24,2026-08-17 22:34:52,336.0,34
Chainat,2026-08-25,2026-08-13 14:35:20,146.0,18
Chainat,2026-08-26,2026-08-13 14:35:20,118.0,20
Chainat,2026-08-27,2026-08-08 18:33:03,20.0,8
Chainat,2026-08-28,2026-08-13 22:48:48,8.0,15
Chainat,2026-08-29,2026-08-13 22:48:48,8.0,15
Chainat,2026-08-30,2026-08-10 03:59:45,8.0,10
Chainat,2026-08-31,2026-08-08 18:02:57,0.0,4
Chainat,2026-09-01,2026-08-08 18:02:57,0.0,4
Chainat,2026-09-02,2026-08-08 18:02:57,0.0,4
Chainat,2026-09-03,2026-08-08 18:02:57,0.0,4
Chainat,2026-09-06,2026-08-13 15:52:30,18.0,12
Chainat,2026-09-07,2026-08-18 13:22:18,29.0,21
Chainat,2026-09-08,2026-08-13 15:52:30,18.0,12
Chainat,2026-09-09,2026-08-13 15:52:30,0.0,7
Chainat,2026-09-10,2026-08-13 15:52:30,0.0,7
Chaiyaphum,2026-08-05,2026-08-05 23:32:15,18.0,2
Chaiyaphum,2026-08-06,2026-08-06 23:47:54,254.0,36
Chaiyaphum,2026-08-07,2026-08-07 23:17:46,313.0,29
Chaiyaphum,2026-08-08,2026-08-08 21:47:54,434.0,56
Chaiyaphum,2026-08-09,2026-08-10 00:01:59,842.5,60
Chaiyaphum,2026-08-10,2026-08-10 23:33:11,640.5,63
Chaiyaphum,2026-08-11,2026-08-11 21:34:49,1065.0,76
Chaiyaphum,2026-08-12,2026-08-13 00:02:55,835.0,103
Chaiyaphum,2026-08-13,2026-08-13 22:48:48,964.0,107
Chaiyaphum,2026-08-14,2026-08-14 21:03:47,762.5,115
Chaiyaphum,2026-08-15,2026-08-15 22:33:23,638.0,125
Chaiyaphum,2026-08-16,2026-08-16 22:03:33,1402.0,122
Chaiyaphum,2026-08-17,2026-08-18 00:02:04,1739.0,150
Chaiyaphum,2026-08-18,2026-08-18 23:48:42,1747.5,141
Chaiyaphum,2026-08-19,2026-08-18 23:32:45,1558.0,108
Chaiyaphum,2026-08-20,2026-08-18 19:34:59,1030.0,85
Chaiyaphum,2026-08-21,2026-08-18 19:34:59,810.0,80
Chaiyaphum,2026-08-22,2026-08-18 03:00:10,481.0,49
Chaiyaphum,2026-08-23,2026-08-18 12:51:07,402.0,54
Chaiyaphum,2026-08-24,2026-08-18 14:05:44,388.0,44
Chaiyaphum,2026-08-25,2026-08-18 23:48:42,174.0,47
Chaiyaphum,2026-08-26,2026-08-15 20:17:57,151.0,30
Chaiyaphum,2026-08-27,2026-08-15 20:17:57,63.0,30
Chaiyaphum,2026-08-28,2026-08-15 20:17:57,51.0,30
Chaiyaphum,2026-08-29,2026-08-17 18:20:09,312.0,29
Chaiyaphum,2026-08-30,2026-08-15 14:33:02,0.0,7
Chaiyaphum,2026-09-05,2026-08-07 09:49:19,0.0,2
Chaiyaphum,2026-09-07,2026-08-18 13:37:28,0.0,8
Chaiyaphum,2026-09-10,2026-08-17 20:34:23,7.0,6
Chanthaburi,2026-08-05,2026-08-05 23:32:15,309.0,8
Chanthaburi,2026-08-06,2026-08-06 23:19:51,828.0,36
Chanthaburi,2026-08-07,2026-08-07 23:05:00,1259.5,58
Chanthaburi,2026-08-08,2026-08-08 22:03:58,2211.0,99
Chanthaburi,2026-08-09,2026-08-09 21:18:52,2364.0,88
Chanthaburi,2026-08-10,2026-08-10 20:21:06,4306.0,138
Chanthaburi,2026-08-11,2026-08-11 23:47:31,3977.5,135
Chanthaburi,2026-08-12,2026-08-12 20:18:06,3675.5,145
Chanthaburi,2026-08-13,2026-08-13 22:48:48,4631.0,206
Chanthaburi,2026-08-14,2026-08-14 21:19:43,4118.0,161
Chanthaburi,2026-08-15,2026-08-16 00:02:33,4901.0,210
Chanthaburi,2026-08-16,2026-08-17 00:02:53,4653.5,178
Chanthaburi,2026-08-17,2026-08-18 00:02:04,6081.5,256
Chanthaburi,2026-08-18,2026-08-18 23:48:42,8031.0,326
Chanthaburi,2026-08-19,2026-08-18 23:48:42,6277.0,249
Chanthaburi,2026-08-20,2026-08-18 23:48:42,6594.0,255
Chanthaburi,2026-08-21,2026-08-18 11:50:18,5007.0,173
Chanthaburi,2026-08-22,2026-08-18 11:50:18,4860.0,175
Chanthaburi,2026-08-23,2026-08-18 15:22:55,2445.0,100
Chanthaburi,2026-08-24,2026-08-18 09:31:34,2695.5,83
Chanthaburi,2026-08-25,2026-08-18 09:31:34,1345.5,65
Chanthaburi,2026-08-26,2026-08-17 18:36:16,1267.0,57
Chanthaburi,2026-08-27,2026-08-18 23:48:42,2994.5,105
Chanthaburi,2026-08-28,2026-08-17 20:03:57,857.0,58
Chanthaburi,2026-08-29,2026-08-18 17:34:59,915.0,73
Chanthaburi,2026-08-30,2026-08-18 18:49:55,189.0,39
Chanthaburi,2026-08-31,2026-08-17 20:03:57,185.0,33
Chanthaburi,2026-09-01,2026-08-18 23:48:42,343.0,45
Chanthaburi,2026-09-02,2026-08-18 23:48:42,0.0,48
Chanthaburi,2026-09-04,2026-08-15 10:33:43,0.0,16
Chanthaburi,2026-09-05,2026-08-18 23:03:17,19.0,61
Chanthaburi,2026-09-06,2026-08-18 14:05:44,34.0,29
Chanthaburi,2026-09-07,2026-08-18 14:05:44,50.0,47
Chanthaburi,2026-09-08,2026-08-18 14:05:44,43.0,31
Chanthaburi,2026-09-10,2026-08-18 13:37:28,130.5,33
Chanthaburi,2026-09-12,2026-08-17 11:20:43,0.0,8
Chiang Mai,2026-08-06,2026-08-06 23:47:54,1734.5,52
Chiang Mai,2026-08-07,2026-08-07 23:17:46,1736.5,73
Chiang Mai,2026-08-08,2026-08-09 00:04:29,2463.0,113
Chiang Mai,2026-08-09,2026-08-10 00:01:59,3018.5,135
Chiang Mai,2026-08-10,2026-08-10 23:33:11,5467.0,201
Chiang Mai,2026-08-11,2026-08-11 23:47:31,4566.0,201
Chiang Mai,2026-08-12,2026-08-12 18:48:00,4595.0,210
Chiang Mai,2026-08-13,2026-08-13 22:48:48,5823.5,234
Chiang Mai,2026-08-14,2026-08-15 00:02:40,6264.0,239
Chiang Mai,2026-08-15,2026-08-15 23:01:49,7225.5,275
Chiang Mai,2026-08-16,2026-08-17 00:02:53,7318.0,307
Chiang Mai,2026-08-17,2026-08-18 00:02:04,12060.5,408
Chiang Mai,2026-08-18,2026-08-18 23:48:42,12294.0,457
Chiang Mai,2026-08-19,2026-08-18 23:48:42,13077.5,453
Chiang Mai,2026-08-20,2026-08-18 20:47:57,10675.5,400
Chiang Mai,2026-08-21,2026-08-18 23:48:42,7604.0,350
Chiang Mai,2026-08-22,2026-08-18 23:03:17,7376.0,336
Chiang Mai,2026-08-23,2026-08-18 23:48:42,8196.0,329
Chiang Mai,2026-08-24,2026-08-18 23:03:17,6955.5,289
Chiang Mai,2026-08-25,2026-08-18 20:32:59,7279.0,343
Chiang Mai,2026-08-26,2026-08-18 23:03:17,6384.0,295
Chiang Mai,2026-08-27,2026-08-18 23:48:42,5848.5,285
Chiang Mai,2026-08-28,2026-08-18 23:48:42,3053.5,221
Chiang Mai,2026-08-29,2026-08-18 23:48:42,5115.5,275
Chiang Mai,2026-08-30,2026-08-18 23:48:42,1995.0,177
Chiang Mai,2026-08-31,2026-08-18 10:48:41,958.0,109
Chiang Mai,2026-09-01,2026-08-18 10:05:15,414.5,91
Chiang Mai,2026-09-02,2026-08-18 23:48:42,161.0,109
Chiang Mai,2026-09-03,2026-08-18 23:48:42,163.5,119
Chiang Mai,2026-09-04,2026-08-18 23:48:42,103.5,159
Chiang Mai,2026-09-05,2026-08-17 14:06:34,59.0,154
Chiang Mai,2026-09-06,2026-08-18 23:48:42,82.0,89
Chiang Mai,2026-09-07,2026-08-18 23:19:38,238.0,130
Chiang Mai,2026-09-08,2026-08-18 11:20:03,48.0,99
Chiang Mai,2026-09-09,2026-08-18 16:06:39,19.5,102
Chiang Mai,2026-09-10,2026-08-18 16:06:39,71.5,81
Chiang Mai,2026-09-11,2026-08-18 16:06:39,54.0,89
Chiang Mai,2026-09-12,2026-08-18 16:06:39,40.0,76
Chiang Mai,2026-09-13,2026-08-18 16:06:39,71.0,42
Chiang Mai,2026-09-14,2026-08-18 17:07:13,56.0,37
Chiang Mai,2026-09-15,2026-08-18 16:06:39,0.0,29
Chiang Mai,2026-09-16,2026-08-18 01:59:49,0.0,7
Chiang Rai,2026-08-05,2026-08-05 23:32:15,129.0,6
Chiang Rai,2026-08-06,2026-08-06 23:47:54,1251.0,37
Chiang Rai,2026-08-07,2026-08-07 23:17:46,1501.0,63
Chiang Rai,2026-08-08,2026-08-09 00:04:29,1955.5,101
Chiang Rai,2026-08-09,2026-08-10 00:01:59,1372.0,84
Chiang Rai,2026-08-10,2026-08-10 23:33:11,2642.5,118
Chiang Rai,2026-08-11,2026-08-11 23:47:31,2419.0,100
Chiang Rai,2026-08-12,2026-08-13 00:02:55,2996.0,149
Chiang Rai,2026-08-13,2026-08-13 22:48:48,4375.0,172
Chiang Rai,2026-08-14,2026-08-15 00:02:40,5062.5,205
Chiang Rai,2026-08-15,2026-08-15 23:18:01,5392.5,216
Chiang Rai,2026-08-16,2026-08-16 23:18:43,5667.0,231
Chiang Rai,2026-08-17,2026-08-18 00:02:04,9103.5,368
Chiang Rai,2026-08-18,2026-08-18 23:48:42,9259.5,401
Chiang Rai,2026-08-19,2026-08-18 21:31:44,7322.5,343
Chiang Rai,2026-08-20,2026-08-18 21:03:06,4753.0,256
Chiang Rai,2026-08-21,2026-08-18 21:03:06,3838.0,230
Chiang Rai,2026-08-22,2026-08-18 21:03:06,2567.0,242
Chiang Rai,2026-08-23,2026-08-18 19:20:48,1253.5,125
Chiang Rai,2026-08-24,2026-08-18 19:20:48,2277.0,106
Chiang Rai,2026-08-25,2026-08-18 20:32:59,2237.5,100
Chiang Rai,2026-08-26,2026-08-18 19:48:47,1772.0,87
Chiang Rai,2026-08-27,2026-08-18 19:48:47,1492.0,64
Chiang Rai,2026-08-28,2026-08-17 18:36:16,654.0,52
Chiang Rai,2026-08-29,2026-08-15 12:32:10,4.0,30
Chiang Rai,2026-08-30,2026-08-18 22:17:43,260.0,27
Chiang Rai,2026-08-31,2026-08-17 12:52:22,336.0,37
Chiang Rai,2026-09-01,2026-08-18 17:21:38,529.0,44
Chiang Rai,2026-09-02,2026-08-18 17:21:38,150.0,47
Chiang Rai,2026-09-03,2026-08-18 10:48:41,297.0,61
Chiang Rai,2026-09-04,2026-08-12 07:13:36,0.0,5
Chiang Rai,2026-09-05,2026-08-12 07:13:36,0.0,20
Chiang Rai,2026-09-06,2026-08-18 23:48:42,27.5,17
Chiang Rai,2026-09-07,2026-08-18 14:49:01,12.0,8
Chiang Rai,2026-09-10,2026-08-17 21:03:00,21.0,20
Chiang Rai,2026-09-11,2026-08-17 22:48:21,0.0,16
Chiang Rai,2026-09-12,2026-08-18 23:48:42,0.0,148
Chiang Rai,2026-09-13,2026-08-18 18:49:55,3.0,140
Chiang Rai,2026-09-14,2026-08-18 18:49:55,3.0,117
Chonburi,2026-08-05,2026-08-05 23:32:15,217.5,8
Chonburi,2026-08-06,2026-08-06 23:47:54,2474.0,54
Chonburi,2026-08-07,2026-08-07 23:17:46,3728.0,92
Chonburi,2026-08-08,2026-08-09 00:04:29,4966.0,136
Chonburi,2026-08-09,2026-08-10 00:01:59,5314.0,152
Chonburi,2026-08-10,2026-08-10 23:33:11,7767.0,211
Chonburi,2026-08-11,2026-08-11 23:47:31,7134.0,214
Chonburi,2026-08-12,2026-08-12 23:03:03,7945.5,234
Chonburi,2026-08-13,2026-08-13 22:48:48,10353.0,294
Chonburi,2026-08-14,2026-08-15 00:02:40,10437.0,318
Chonburi,2026-08-15,2026-08-16 00:02:33,14082.5,427
Chonburi,2026-08-16,2026-08-17 00:02:53,14971.5,404
Chonburi,2026-08-17,2026-08-18 00:02:04,19800.5,515
Chonburi,2026-08-18,2026-08-18 23:48:42,18470.0,570
Chonburi,2026-08-19,2026-08-18 23:48:42,17213.0,490
Chonburi,2026-08-20,2026-08-18 23:48:42,16487.5,503
Chonburi,2026-08-21,2026-08-18 23:48:42,12632.0,423
Chonburi,2026-08-22,2026-08-18 23:48:42,11662.0,473
Chonburi,2026-08-23,2026-08-18 23:48:42,11574.5,416
Chonburi,2026-08-24,2026-08-18 23:03:17,11675.0,449
Chonburi,2026-08-25,2026-08-18 23:48:42,9797.0,399
Chonburi,2026-08-26,2026-08-18 23:48:42,9622.5,366
Chonburi,2026-08-27,2026-08-18 23:48:42,7734.0,324
Chonburi,2026-08-28,2026-08-18 23:48:42,6416.5,335
Chonburi,2026-08-29,2026-08-18 23:48:42,4525.0,404
Chonburi,2026-08-30,2026-08-18 23:48:42,3560.0,290
Chonburi,2026-08-31,2026-08-18 23:48:42,2293.5,174
Chonburi,2026-09-01,2026-08-18 23:48:42,1900.5,227
Chonburi,2026-09-02,2026-08-18 23:48:42,221.0,234
Chonburi,2026-09-03,2026-08-18 23:48:42,117.0,204
Chonburi,2026-09-04,2026-08-18 22:48:21,129.5,186
Chonburi,2026-09-05,2026-08-18 14:36:30,170.5,389
Chonburi,2026-09-06,2026-08-18 17:49:59,209.5,193
Chonburi,2026-09-07,2026-08-18 23:48:42,363.5,282
Chonburi,2026-09-08,2026-08-18 23:48:42,111.5,170
Chonburi,2026-09-09,2026-08-18 23:48:42,179.0,145
Chonburi,2026-09-10,2026-08-18 23:48:42,145.5,143
Chonburi,2026-09-11,2026-08-18 23:48:42,52.5,114
Chonburi,2026-09-12,2026-08-18 23:48:42,33.0,214
Chonburi,2026-09-13,2026-08-18 23:48:42,11.5,87
Chonburi,2026-09-14,2026-08-18 23:48:42,134.0,74
Chonburi,2026-09-15,2026-08-18 23:48:42,125.0,64
Chonburi,2026-09-16,2026-08-18 23:48:42,80.0,35
Chumphon,2026-08-06,2026-08-06 23:47:54,1069.0,40
Chumphon,2026-08-07,2026-08-07 23:17:46,2212.5,65
Chumphon,2026-08-08,2026-08-09 00:04:29,1804.0,70
Chumphon,2026-08-09,2026-08-10 00:01:59,2110.5,83
Chumphon,2026-08-10,2026-08-10 23:02:41,2814.5,98
Chumphon,2026-08-11,2026-08-11 23:47:31,3074.5,104
Chumphon,2026-08-12,2026-08-12 22:48:47,4291.0,133
Chumphon,2026-08-13,2026-08-13 22:48:48,3839.5,116
Chumphon,2026-08-14,2026-08-14 23:49:11,3825.0,114
Chumphon,2026-08-15,2026-08-15 23:32:57,4814.5,162
Chumphon,2026-08-16,2026-08-16 22:49:43,5563.5,203
Chumphon,2026-08-17,2026-08-17 20:03:57,6606.5,231
Chumphon,2026-08-18,2026-08-18 23:32:45,7008.5,227
Chumphon,2026-08-19,2026-08-18 20:17:46,3710.5,170
Chumphon,2026-08-20,2026-08-18 23:03:17,2594.5,149
Chumphon,2026-08-21,2026-08-18 20:32:59,5724.0,190
Chumphon,2026-08-22,2026-08-18 19:20:48,2543.0,129
Chumphon,2026-08-23,2026-08-18 22:32:31,1401.5,94
Chumphon,2026-08-24,2026-08-18 22:32:31,1458.5,61
Chumphon,2026-08-25,2026-08-18 23:48:42,1671.5,76
Chumphon,2026-08-26,2026-08-18 22:17:43,1602.0,67
Chumphon,2026-08-27,2026-08-17 13:22:31,649.0,43
Chumphon,2026-08-28,2026-08-16 00:02:33,480.0,47
Chumphon,2026-08-29,2026-08-17 05:14:39,880.0,52
Chumphon,2026-08-30,2026-08-17 12:07:21,430.0,30
Chumphon,2026-08-31,2026-08-18 12:06:15,72.0,16
Chumphon,2026-09-01,2026-08-18 23:48:42,375.0,50
Chumphon,2026-09-02,2026-08-16 02:59:27,23.0,40
Chumphon,2026-09-03,2026-08-16 20:47:29,18.0,51
Chumphon,2026-09-04,2026-08-14 12:35:43,18.0,20
Chumphon,2026-09-05,2026-08-16 21:48:56,10.0,21
Chumphon,2026-09-06,2026-08-18 23:48:42,10.0,23
Chumphon,2026-09-07,2026-08-18 13:22:18,72.0,61
Chumphon,2026-09-08,2026-08-18 13:22:18,24.0,17
Chumphon,2026-09-09,2026-08-18 13:22:18,24.0,9
Chumphon,2026-09-11,2026-08-18 23:48:42,0.0,9
Chumphon,2026-09-12,2026-08-18 23:48:42,0.0,9
Kalasin,2026-08-06,2026-08-06 23:47:54,90.0,21
Kalasin,2026-08-07,2026-08-07 22:49:50,221.5,36
Kalasin,2026-08-08,2026-08-08 17:34:09,34.0,26
Kalasin,2026-08-09,2026-08-10 00:01:59,124.0,33
Kalasin,2026-08-10,2026-08-10 23:33:11,447.0,61
Kalasin,2026-08-11,2026-08-11 23:47:31,272.0,65
Kalasin,2026-08-12,2026-08-13 00:02:55,454.0,75
Kalasin,2026-08-13,2026-08-13 21:21:21,779.0,92
Kalasin,2026-08-14,2026-08-14 23:33:37,1088.0,150
Kalasin,2026-08-15,2026-08-16 00:02:33,945.5,130
Kalasin,2026-08-16,2026-08-17 00:02:53,344.0,83
Kalasin,2026-08-17,2026-08-17 23:18:04,797.5,116
Kalasin,2026-08-18,2026-08-18 21:48:45,558.5,134
Kalasin,2026-08-19,2026-08-18 23:48:42,353.0,94
Kalasin,2026-08-20,2026-08-18 17:49:59,314.5,61
Kalasin,2026-08-21,2026-08-18 23:48:42,1210.0,64
Kalasin,2026-08-22,2026-08-18 11:50:18,149.0,22
Kalasin,2026-08-23,2026-08-18 11:50:18,224.0,31
Kalasin,2026-08-24,2026-08-18 11:50:18,274.0,26
Kalasin,2026-08-25,2026-08-18 11:50:18,72.0,9
Kalasin,2026-08-27,2026-08-12 02:28:02,0.0,4
Kalasin,2026-08-28,2026-08-17 14:37:20,22.0,18
Kalasin,2026-08-29,2026-08-17 19:33:58,44.0,18
Kalasin,2026-08-30,2026-08-17 14:37:20,14.0,7
Kalasin,2026-08-31,2026-08-18 18:36:06,52.0,25
Kalasin,2026-09-01,2026-08-18 18:36:06,48.0,17
Kalasin,2026-09-02,2026-08-18 18:36:06,98.0,25
Kalasin,2026-09-03,2026-08-18 18:36:06,98.0,25
Kalasin,2026-09-04,2026-08-07 19:05:06,31.0,9
Kalasin,2026-09-05,2026-08-18 23:48:42,4.0,9
Kalasin,2026-09-07,2026-08-18 23:48:42,81.0,30
Kalasin,2026-09-08,2026-08-18 23:48:42,16.0,13
Kalasin,2026-09-10,2026-08-15 03:30:09,0.0,8
Kalasin,2026-09-11,2026-08-18 17:07:13,32.0,8
Kalasin,2026-09-14,2026-08-18 18:49:55,16.0,8
Kalasin,2026-09-15,2026-08-18 18:49:55,16.0,8
Kalasin,2026-09-16,2026-08-18 23:03:17,16.0,16
Kamphaeng Phet,2026-08-05,2026-08-05 23:32:15,97.0,8
Kamphaeng Phet,2026-08-06,2026-08-06 23:47:54,451.5,36
Kamphaeng Phet,2026-08-07,2026-08-07 21:04:52,760.5,30
Kamphaeng Phet,2026-08-08,2026-08-08 22:03:58,523.5,55
Kamphaeng Phet,2026-08-09,2026-08-09 21:18:52,657.0,61
Kamphaeng Phet,2026-08-10,2026-08-10 23:33:11,804.0,86
Kamphaeng Phet,2026-08-11,2026-08-11 21:34:49,1062.0,115
Kamphaeng Phet,2026-08-12,2026-08-13 00:02:55,1415.5,108
Kamphaeng Phet,2026-08-13,2026-08-13 21:21:21,1962.0,141
Kamphaeng Phet,2026-08-14,2026-08-14 22:05:04,1636.5,178
Kamphaeng Phet,2026-08-15,2026-08-15 21:47:08,1937.5,180
Kamphaeng Phet,2026-08-16,2026-08-17 00:02:53,1996.5,181
Kamphaeng Phet,2026-08-17,2026-08-17 20:34:23,2203.5,217
Kamphaeng Phet,2026-08-18,2026-08-18 23:03:17,3053.0,259
Kamphaeng Phet,2026-08-19,2026-08-18 20:47:57,2232.5,209
Kamphaeng Phet,2026-08-20,2026-08-18 19:48:47,2237.5,195
Kamphaeng Phet,2026-08-21,2026-08-18 19:48:47,802.0,88
Kamphaeng Phet,2026-08-22,2026-08-18 11:50:18,930.5,97
Kamphaeng Phet,2026-08-23,2026-08-18 11:50:18,750.5,95
Kamphaeng Phet,2026-08-24,2026-08-18 23:48:42,309.5,46
Kamphaeng Phet,2026-08-25,2026-08-18 13:22:18,422.5,51
Kamphaeng Phet,2026-08-26,2026-08-18 13:22:18,412.5,56
Kamphaeng Phet,2026-08-27,2026-08-16 20:33:13,182.5,40
Kamphaeng Phet,2026-08-28,2026-08-18 17:49:59,335.0,57
Kamphaeng Phet,2026-08-29,2026-08-15 00:46:24,47.0,44
Kamphaeng Phet,2026-08-30,2026-08-14 18:36:43,34.0,33
Kamphaeng Phet,2026-08-31,2026-08-14 18:36:43,40.0,36
Kamphaeng Phet,2026-09-01,2026-08-18 19:05:06,382.0,41
Kamphaeng Phet,2026-09-02,2026-08-14 18:21:38,38.0,24
Kamphaeng Phet,2026-09-03,2026-08-10 22:03:29,8.0,12
Kamphaeng Phet,2026-09-04,2026-08-08 13:16:37,8.0,10
Kamphaeng Phet,2026-09-05,2026-08-15 15:02:48,8.0,11
Kamphaeng Phet,2026-09-07,2026-08-17 07:59:27,16.0,7
Kanchanaburi,2026-08-05,2026-08-05 23:32:15,90.5,8
Kanchanaburi,2026-08-06,2026-08-06 23:19:51,782.5,38
Kanchanaburi,2026-08-07,2026-08-07 23:17:46,1372.0,63
Kanchanaburi,2026-08-08,2026-08-08 23:48:13,1807.0,88
Kanchanaburi,2026-08-09,2026-08-10 00:01:59,2089.5,82
Kanchanaburi,2026-08-10,2026-08-10 23:33:11,3433.0,141
Kanchanaburi,2026-08-11,2026-08-11 23:47:31,2990.0,135
Kanchanaburi,2026-08-12,2026-08-12 23:34:32,3514.0,132
Kanchanaburi,2026-08-13,2026-08-13 22:48:48,3470.5,140
Kanchanaburi,2026-08-14,2026-08-15 00:02:40,4624.0,170
Kanchanaburi,2026-08-15,2026-08-16 00:02:33,3429.5,197
Kanchanaburi,2026-08-16,2026-08-16 20:33:13,3786.0,188
Kanchanaburi,2026-08-17,2026-08-18 00:02:04,9749.5,392
Kanchanaburi,2026-08-18,2026-08-18 23:32:45,5766.5,264
Kanchanaburi,2026-08-19,2026-08-18 23:48:42,5101.0,222
Kanchanaburi,2026-08-20,2026-08-18 23:48:42,3655.5,229
Kanchanaburi,2026-08-21,2026-08-18 21:03:06,4944.0,199
Kanchanaburi,2026-08-22,2026-08-18 23:48:42,2561.5,184
Kanchanaburi,2026-08-23,2026-08-18 12:51:07,2285.0,130
Kanchanaburi,2026-08-24,2026-08-18 12:21:35,2133.0,136
Kanchanaburi,2026-08-25,2026-08-18 16:35:56,1065.0,81
Kanchanaburi,2026-08-26,2026-08-18 20:47:57,3079.5,264
Kanchanaburi,2026-08-27,2026-08-15 23:32:57,596.0,34
Kanchanaburi,2026-08-28,2026-08-18 18:36:06,7362.0,262
Kanchanaburi,2026-08-29,2026-08-18 23:48:42,1503.0,129
Kanchanaburi,2026-08-30,2026-08-17 18:36:16,357.0,71
Kanchanaburi,2026-08-31,2026-08-15 15:16:31,52.0,30
Kanchanaburi,2026-09-01,2026-08-17 20:19:27,19.0,106
Kanchanaburi,2026-09-02,2026-08-17 21:48:04,83.0,90
Kanchanaburi,2026-09-03,2026-08-18 10:05:15,84.5,121
Kanchanaburi,2026-09-04,2026-08-17 21:48:04,94.0,107
Kanchanaburi,2026-09-05,2026-08-18 03:00:10,18.5,132
Kanchanaburi,2026-09-06,2026-08-16 22:17:36,10.0,26
Kanchanaburi,2026-09-07,2026-08-17 22:34:52,76.0,62
Kanchanaburi,2026-09-08,2026-08-14 16:24:03,10.0,12
Kanchanaburi,2026-09-09,2026-08-12 18:48:00,10.0,6
Kanchanaburi,2026-09-10,2026-08-14 03:29:48,14.0,8
Kanchanaburi,2026-09-11,2026-08-17 08:15:34,14.0,14
Kanchanaburi,2026-09-12,2026-08-18 13:51:17,14.0,23
Khon Kaen,2026-08-06,2026-08-06 23:47:54,1284.5,51
Khon Kaen,2026-08-07,2026-08-07 23:17:46,2342.5,83
Khon Kaen,2026-08-08,2026-08-09 00:04:29,3098.5,124
Khon Kaen,2026-08-09,2026-08-10 00:01:59,4046.0,145
Khon Kaen,2026-08-10,2026-08-10 23:33:11,4475.5,155
Khon Kaen,2026-08-11,2026-08-11 23:47:31,5189.5,175
Khon Kaen,2026-08-12,2026-08-12 22:48:47,6063.0,211
Khon Kaen,2026-08-13,2026-08-13 22:48:48,6241.5,230
Khon Kaen,2026-08-14,2026-08-15 00:02:40,6775.5,314
Khon Kaen,2026-08-15,2026-08-16 00:02:33,9902.5,431
Khon Kaen,2026-08-16,2026-08-17 00:02:53,10034.5,402
Khon Kaen,2026-08-17,2026-08-18 00:02:04,13274.0,504
Khon Kaen,2026-08-18,2026-08-18 23:48:42,14178.5,525
Khon Kaen,2026-08-19,2026-08-18 23:48:42,13469.5,508
Khon Kaen,2026-08-20,2026-08-18 23:48:42,12870.5,505
Khon Kaen,2026-08-21,2026-08-18 23:48:42,9810.5,361
Khon Kaen,2026-08-22,2026-08-18 23:48:42,8525.0,319
Khon Kaen,2026-08-23,2026-08-18 23:19:38,6166.0,205
Khon Kaen,2026-08-24,2026-08-18 23:48:42,8767.0,294
Khon Kaen,2026-08-25,2026-08-18 22:48:21,7134.5,277
Khon Kaen,2026-08-26,2026-08-18 21:03:06,4904.0,200
Khon Kaen,2026-08-27,2026-08-18 18:49:55,3825.5,236
Khon Kaen,2026-08-28,2026-08-18 23:19:38,5306.0,322
Khon Kaen,2026-08-29,2026-08-18 23:48:42,3632.0,435
Khon Kaen,2026-08-30,2026-08-17 21:03:00,1261.5,144
Khon Kaen,2026-08-31,2026-08-18 10:34:59,479.0,100
Khon Kaen,2026-09-01,2026-08-18 23:03:17,702.5,126
Khon Kaen,2026-09-02,2026-08-18 23:03:17,187.5,155
Khon Kaen,2026-09-03,2026-08-18 23:03:17,175.0,159
Khon Kaen,2026-09-04,2026-08-18 14:49:01,111.0,139
Khon Kaen,2026-09-05,2026-08-18 20:04:15,97.0,244
Khon Kaen,2026-09-06,2026-08-18 14:49:01,88.0,106
Khon Kaen,2026-09-07,2026-08-18 23:48:42,84.0,121
Khon Kaen,2026-09-08,2026-08-18 15:51:26,84.0,87
Khon Kaen,2026-09-09,2026-08-18 23:48:42,112.0,108
Khon Kaen,2026-09-10,2026-08-18 14:05:44,110.0,79
Khon Kaen,2026-09-11,2026-08-18 23:48:42,63.0,121
Khon Kaen,2026-09-12,2026-08-18 10:34:59,38.5,194
Khon Kaen,2026-09-13,2026-08-18 23:48:42,61.0,88
Khon Kaen,2026-09-14,2026-08-18 20:04:15,14.0,43
Khon Kaen,2026-09-15,2026-08-18 21:16:11,34.0,36
Khon Kaen,2026-09-16,2026-08-18 23:48:42,2.0,12
Krabi,2026-08-05,2026-08-05 22:48:50,118.0,5
Krabi,2026-08-06,2026-08-06 22:34:16,589.0,21
Krabi,2026-08-07,2026-08-07 23:17:46,200.0,21
Krabi,2026-08-08,2026-08-08 20:03:27,746.5,42
Krabi,2026-08-09,2026-08-09 21:18:52,892.0,31
Krabi,2026-08-10,2026-08-10 23:02:41,900.0,46
Krabi,2026-08-11,2026-08-11 23:47:31,1249.0,53
Krabi,2026-08-12,2026-08-12 15:47:49,1841.0,60
Krabi,2026-08-13,2026-08-13 19:20:57,2899.5,89
Krabi,2026-08-14,2026-08-14 22:49:43,1834.5,79
Krabi,2026-08-15,2026-08-15 23:18:01,2482.0,121
Krabi,2026-08-16,2026-08-16 20:04:37,2988.5,103
Krabi,2026-08-17,2026-08-17 14:53:50,5471.5,178
Krabi,2026-08-18,2026-08-18 23:19:38,4495.5,155
Krabi,2026-08-19,2026-08-18 23:48:42,5181.0,153
Krabi,2026-08-20,2026-08-18 20:04:15,3970.5,127
Krabi,2026-08-21,2026-08-18 12:06:15,2263.5,74
Krabi,2026-08-22,2026-08-18 17:34:59,3226.5,115
Krabi,2026-08-23,2026-08-16 20:04:37,1110.5,38
Krabi,2026-08-24,2026-08-18 18:04:18,816.0,24
Krabi,2026-08-25,2026-08-13 01:16:02,276.0,8
Krabi,2026-08-26,2026-08-16 23:18:43,464.0,21
Krabi,2026-08-27,2026-08-16 02:59:27,320.0,16
Krabi,2026-08-28,2026-08-17 10:35:27,603.0,23
Krabi,2026-08-29,2026-08-17 00:31:03,480.0,47
Krabi,2026-08-30,2026-08-17 00:31:03,256.0,14
Krabi,2026-08-31,2026-08-17 00:31:03,4.0,20
Krabi,2026-09-01,2026-08-18 20:32:59,260.0,53
Krabi,2026-09-02,2026-08-18 20:32:59,3.0,35
Krabi,2026-09-03,2026-08-18 20:32:59,0.0,29
Krabi,2026-09-04,2026-08-17 21:18:14,48.0,45
Krabi,2026-09-05,2026-08-17 14:06:34,18.0,114
Krabi,2026-09-06,2026-08-12 23:34:32,0.0,7
Krabi,2026-09-07,2026-08-17 22:34:52,16.0,15
Krabi,2026-09-08,2026-08-12 23:34:32,0.0,7
Krabi,2026-09-09,2026-08-12 23:34:32,0.0,7
Krabi,2026-09-10,2026-08-12 23:34:32,0.0,7
Krabi,2026-09-12,2026-08-18 10:34:59,0.0,82
Lampang,2026-08-06,2026-08-06 22:34:16,616.5,35
Lampang,2026-08-07,2026-08-07 19:05:06,507.5,24
Lampang,2026-08-08,2026-08-09 00:04:29,921.5,48
Lampang,2026-08-09,2026-08-10 00:01:59,910.5,44
Lampang,2026-08-10,2026-08-10 23:33:11,1661.5,76
Lampang,2026-08-11,2026-08-11 19:34:47,1176.0,46
Lampang,2026-08-12,2026-08-13 00:02:55,2036.0,82
Lampang,2026-08-13,2026-08-13 21:21:21,2082.0,116
Lampang,2026-08-14,2026-08-15 00:02:40,963.5,74
Lampang,2026-08-15,2026-08-16 00:02:33,2995.5,152
Lampang,2026-08-16,2026-08-16 20:04:37,2591.0,162
Lampang,2026-08-17,2026-08-17 22:17:37,4418.5,219
Lampang,2026-08-18,2026-08-18 23:48:42,3089.5,169
Lampang,2026-08-19,2026-08-18 21:16:11,3519.5,161
Lampang,2026-08-20,2026-08-18 23:48:42,3812.0,195
Lampang,2026-08-21,2026-08-18 23:48:42,3071.5,128
Lampang,2026-08-22,2026-08-18 09:31:34,816.0,81
Lampang,2026-08-23,2026-08-18 09:31:34,440.0,76
Lampang,2026-08-24,2026-08-16 12:02:20,762.5,68
Lampang,2026-08-25,2026-08-16 13:17:34,422.5,28
Lampang,2026-08-26,2026-08-15 02:15:15,285.0,21
Lampang,2026-08-27,2026-08-15 01:00:23,87.0,11
Lampang,2026-08-28,2026-08-18 19:05:06,215.0,21
Lampang,2026-08-29,2026-08-15 01:00:23,12.0,14
Lampang,2026-08-30,2026-08-17 14:53:50,112.0,15
Lampang,2026-09-01,2026-08-14 18:36:43,8.0,8
Lampang,2026-09-02,2026-08-18 14:36:30,42.0,21
Lampang,2026-09-03,2026-08-17 22:48:21,33.0,16
Lampang,2026-09-05,2026-08-08 18:02:57,0.0,4
Lampang,2026-09-07,2026-08-18 01:17:03,26.0,10
Lampang,2026-09-10,2026-08-17 18:36:16,0.0,6
Lampang,2026-09-11,2026-08-17 18:36:16,0.0,6
Lampang,2026-09-12,2026-08-17 18:36:16,0.0,6
Lamphun,2026-08-06,2026-08-06 22:34:16,583.0,32
Lamphun,2026-08-07,2026-08-07 23:17:46,344.0,24
Lamphun,2026-08-08,2026-08-09 00:04:29,326.0,12
Lamphun,2026-08-09,2026-08-09 20:48:46,791.5,29
Lamphun,2026-08-10,2026-08-10 18:51:27,980.0,34
Lamphun,2026-08-11,2026-08-11 17:06:37,768.5,30
Lamphun,2026-08-12,2026-08-12 19:32:22,635.0,30
Lamphun,2026-08-13,2026-08-13 18:51:03,699.5,38
Lamphun,2026-08-14,2026-08-14 16:50:39,589.0,26
Lamphun,2026-08-15,2026-08-16 00:02:33,1488.0,83
Lamphun,2026-08-16,2026-08-16 21:34:39,1559.5,71
Lamphun,2026-08-17,2026-08-17 21:18:14,2004.5,89
Lamphun,2026-08-18,2026-08-18 23:48:42,4260.5,151
Lamphun,2026-08-19,2026-08-18 23:48:42,3854.0,136
Lamphun,2026-08-20,2026-08-18 10:05:15,664.0,37
Lamphun,2026-08-21,2026-08-18 10:05:15,1162.0,59
Lamphun,2026-08-22,2026-08-18 10:05:15,612.0,31
Lamphun,2026-08-23,2026-08-18 10:05:15,364.0,22
Lamphun,2026-08-24,2026-08-18 10:05:15,530.0,24
Lamphun,2026-08-25,2026-08-13 17:22:18,196.0,13
Lamphun,2026-08-26,2026-08-17 17:36:48,192.0,9
Lamphun,2026-08-27,2026-08-17 17:36:48,199.0,9
Lamphun,2026-08-28,2026-08-11 15:05:11,6.0,6
Lamphun,2026-08-29,2026-08-11 19:05:33,0.0,9
Lamphun,2026-08-30,2026-08-11 19:05:33,0.0,9
Lamphun,2026-08-31,2026-08-18 13:37:28,144.0,11
Lamphun,2026-09-01,2026-08-11 15:05:11,0.0,3
Lamphun,2026-09-02,2026-08-11 15:05:11,0.0,3
Lamphun,2026-09-03,2026-08-11 15:05:11,0.0,3
Lamphun,2026-09-05,2026-08-12 17:48:24,0.0,2
Lamphun,2026-09-15,2026-08-18 20:04:15,72.0,12
Lamphun,2026-09-16,2026-08-18 20:04:15,72.0,12
Loei,2026-08-05,2026-08-05 23:32:15,16.0,8
Loei,2026-08-06,2026-08-06 17:35:32,259.0,22
Loei,2026-08-07,2026-08-07 23:17:46,509.5,29
Loei,2026-08-08,2026-08-08 20:03:27,816.0,32
Loei,2026-08-09,2026-08-10 00:01:59,997.0,29
Loei,2026-08-10,2026-08-10 20:21:06,1533.0,77
Loei,2026-08-11,2026-08-11 23:47:31,1245.0,82
Loei,2026-08-12,2026-08-12 18:32:07,1917.5,91
Loei,2026-08-13,2026-08-13 19:20:57,2882.0,114
Loei,2026-08-14,2026-08-14 23:49:11,2512.5,162
Loei,2026-08-15,2026-08-15 21:47:08,2887.5,155
Loei,2026-08-16,2026-08-16 22:33:59,1209.0,108
Loei,2026-08-17,2026-08-18 00:02:04,2665.0,188
Loei,2026-08-18,2026-08-18 22:48:21,3796.5,213
Loei,2026-08-19,2026-08-18 23:19:38,2677.0,174
Loei,2026-08-20,2026-08-18 21:03:06,1135.0,125
Loei,2026-08-21,2026-08-18 23:19:38,1228.5,87
Loei,2026-08-22,2026-08-18 23:19:38,1168.0,81
Loei,2026-08-23,2026-08-18 18:20:34,2353.0,127
Loei,2026-08-24,2026-08-18 18:20:34,1313.5,100
Loei,2026-08-25,2026-08-18 18:20:34,308.5,86
Loei,2026-08-26,2026-08-18 09:31:34,238.0,16
Loei,2026-08-27,2026-08-18 09:31:34,183.0,19
Loei,2026-08-28,2026-08-15 09:32:01,314.0,13
Loei,2026-08-29,2026-08-16 13:01:37,329.0,13
Loei,2026-08-30,2026-08-17 14:06:34,299.0,12
Loei,2026-08-31,2026-08-18 14:05:44,329.0,12
Loei,2026-09-01,2026-08-17 13:22:31,9.0,12
Loei,2026-09-02,2026-08-12 15:47:49,9.0,4
Loei,2026-09-03,2026-08-12 15:47:49,9.0,4
Loei,2026-09-04,2026-08-18 23:48:42,9.0,31
Loei,2026-09-05,2026-08-18 23:48:42,0.0,27
Loei,2026-09-06,2026-08-16 01:00:57,0.0,8
Lop Buri,2026-08-05,2026-08-05 23:18:16,16.5,7
Lop Buri,2026-08-06,2026-08-06 23:47:54,615.0,46
Lop Buri,2026-08-07,2026-08-07 23:17:46,459.5,59
Lop Buri,2026-08-08,2026-08-09 00:04:29,615.5,88
Lop Buri,2026-08-09,2026-08-10 00:01:59,846.5,65
Lop Buri,2026-08-10,2026-08-10 23:02:41,1047.0,82
Lop Buri,2026-08-11,2026-08-11 23:47:31,1334.0,102
Lop Buri,2026-08-12,2026-08-13 00:02:55,971.5,123
Lop Buri,2026-08-13,2026-08-13 22:48:48,2384.0,177
Lop Buri,2026-08-14,2026-08-15 00:02:40,2408.5,202
Lop Buri,2026-08-15,2026-08-16 00:02:33,1604.0,163
Lop Buri,2026-08-16,2026-08-17 00:02:53,1734.0,185
Lop Buri,2026-08-17,2026-08-17 23:49:11,2065.5,256
Lop Buri,2026-08-18,2026-08-18 23:19:38,2301.5,294
Lop Buri,2026-08-19,2026-08-18 21:16:11,3094.5,270
Lop Buri,2026-08-20,2026-08-18 23:19:38,2377.0,226
Lop Buri,2026-08-21,2026-08-18 23:48:42,1153.0,151
Lop Buri,2026-08-22,2026-08-18 23:48:42,1080.5,140
Lop Buri,2026-08-23,2026-08-18 23:48:42,788.0,95
Lop Buri,2026-08-24,2026-08-18 23:48:42,1342.5,150
Lop Buri,2026-08-25,2026-08-18 21:16:11,388.5,100
Lop Buri,2026-08-26,2026-08-18 14:49:01,88.0,58
Lop Buri,2026-08-27,2026-08-18 14:49:01,50.0,30
Lop Buri,2026-08-28,2026-08-17 22:48:21,234.5,52
Lop Buri,2026-08-29,2026-08-18 13:22:18,214.0,139
Lop Buri,2026-08-30,2026-08-18 03:15:35,0.0,13
Lop Buri,2026-08-31,2026-08-17 14:53:50,103.0,8
Lop Buri,2026-09-01,2026-08-06 02:32:30,2.0,2
Lop Buri,2026-09-02,2026-08-06 17:35:32,2.0,10
Lop Buri,2026-09-04,2026-08-09 21:18:52,0.0,6
Lop Buri,2026-09-07,2026-08-18 01:59:49,14.0,7
Lop Buri,2026-09-11,2026-08-13 12:06:49,5.0,5
Lop Buri,2026-09-12,2026-08-18 22:48:21,16.0,18
Mae Hong Son,2026-08-05,2026-08-05 22:33:47,52.0,4
Mae Hong Son,2026-08-06,2026-08-06 22:06:19,12.0,12
Mae Hong Son,2026-08-07,2026-08-07 21:04:52,30.0,15
Mae Hong Son,2026-08-08,2026-08-07 16:20:45,367.0,13
Mae Hong Son,2026-08-09,2026-08-08 01:17:17,207.0,8
Mae Hong Son,2026-08-10,2026-08-10 20:21:06,758.0,24
Mae Hong Son,2026-08-11,2026-08-11 17:06:37,620.0,40
Mae Hong Son,2026-08-12,2026-08-12 20:18:06,85.0,32
Mae Hong Son,2026-08-13,2026-08-13 20:49:38,1136.5,47
Mae Hong Son,2026-08-14,2026-08-14 00:22:48,390.0,21
Mae Hong Son,2026-08-16,2026-08-13 15:07:14,262.0,14
Mae Hong Son,2026-08-17,2026-08-17 21:03:00,1477.0,59
Mae Hong Son,2026-08-18,2026-08-18 20:04:15,1344.5,75
Mae Hong Son,2026-08-19,2026-08-18 18:20:34,1146.0,53
Mae Hong Son,2026-08-20,2026-08-18 17:49:59,307.0,25
Mae Hong Son,2026-08-21,2026-08-08 09:15:33,76.0,8
Mae Hong Son,2026-08-22,2026-08-13 17:22:18,344.0,9
Mae Hong Son,2026-08-23,2026-08-15 22:03:19,519.0,14
Mae Hong Son,2026-08-24,2026-08-13 17:22:18,129.0,4
Mae Hong Son,2026-08-25,2026-08-13 17:22:18,100.0,6
Mae Hong Son,2026-08-26,2026-08-16 23:03:25,735.0,19
Mae Hong Son,2026-08-27,2026-08-14 08:46:10,35.0,3
Mae Hong Son,2026-08-28,2026-08-16 00:32:44,659.0,15
Mae Hong Son,2026-08-29,2026-08-16 15:19:50,509.0,15
Mae Hong Son,2026-08-31,2026-08-18 16:21:17,245.0,7
Maha Sarakham,2026-08-05,2026-08-05 23:32:15,99.0,6
Maha Sarakham,2026-08-06,2026-08-06 23:47:54,616.5,29
Maha Sarakham,2026-08-07,2026-08-07 23:17:46,594.0,57
Maha Sarakham,2026-08-08,2026-08-09 00:04:29,1825.5,90
Maha Sarakham,2026-08-09,2026-08-10 00:01:59,890.0,50
Maha Sarakham,2026-08-10,2026-08-10 22:03:29,1329.0,87
Maha Sarakham,2026-08-11,2026-08-11 23:47:31,1127.5,73
Maha Sarakham,2026-08-12,2026-08-12 19:32:22,1004.5,86
Maha Sarakham,2026-08-13,2026-08-13 22:05:09,1297.5,116
Maha Sarakham,2026-08-14,2026-08-14 21:48:26,904.0,155
Maha Sarakham,2026-08-15,2026-08-15 19:31:58,1635.5,146
Maha Sarakham,2026-08-16,2026-08-16 20:04:37,1413.5,107
Maha Sarakham,2026-08-17,2026-08-18 00:02:04,1615.5,159
Maha Sarakham,2026-08-18,2026-08-18 18:49:55,1957.0,152
Maha Sarakham,2026-08-19,2026-08-18 23:48:42,865.5,105
Maha Sarakham,2026-08-20,2026-08-17 14:53:50,580.0,48
Maha Sarakham,2026-08-21,2026-08-18 23:48:42,570.5,48
Maha Sarakham,2026-08-22,2026-08-17 22:48:21,948.0,57
Maha Sarakham,2026-08-23,2026-08-16 22:03:33,270.0,32
Maha Sarakham,2026-08-24,2026-08-18 16:35:56,1188.0,65
Maha Sarakham,2026-08-25,2026-08-18 01:17:03,1214.0,50
Maha Sarakham,2026-08-26,2026-08-16 22:03:33,256.0,19
Maha Sarakham,2026-08-27,2026-08-15 10:33:43,120.0,12
Maha Sarakham,2026-08-28,2026-08-15 10:33:43,112.0,9
Maha Sarakham,2026-08-29,2026-08-18 01:17:03,376.0,19
Maha Sarakham,2026-08-30,2026-08-18 01:17:03,256.0,25
Maha Sarakham,2026-08-31,2026-08-18 10:34:59,175.0,19
Maha Sarakham,2026-09-02,2026-08-13 06:43:28,3.0,2
Maha Sarakham,2026-09-03,2026-08-13 06:43:28,3.0,2
Maha Sarakham,2026-09-04,2026-08-11 19:19:55,0.0,7
Maha Sarakham,2026-09-05,2026-08-18 13:51:17,0.0,15
Maha Sarakham,2026-09-06,2026-08-18 22:17:43,0.0,8
Maha Sarakham,2026-09-07,2026-08-18 22:17:43,28.0,26
Mukdahan,2026-08-05,2026-08-05 23:32:15,55.0,5
Mukdahan,2026-08-06,2026-08-06 23:47:54,627.0,22
Mukdahan,2026-08-07,2026-08-07 20:49:04,215.5,17
Mukdahan,2026-08-08,2026-08-08 20:03:27,506.0,38
Mukdahan,2026-08-09,2026-08-08 19:33:49,546.5,44
Mukdahan,2026-08-10,2026-08-10 20:21:06,409.0,23
Mukdahan,2026-08-11,2026-08-11 19:34:47,201.0,16
Mukdahan,2026-08-12,2026-08-12 23:48:12,631.0,36
Mukdahan,2026-08-13,2026-08-13 17:22:18,1050.5,65
Mukdahan,2026-08-14,2026-08-14 14:35:22,477.0,22
Mukdahan,2026-08-15,2026-08-15 17:47:59,201.0,22
Mukdahan,2026-08-16,2026-08-16 19:48:48,1110.5,56
Mukdahan,2026-08-17,2026-08-17 21:32:42,1887.0,90
Mukdahan,2026-08-18,2026-08-18 19:05:06,1506.0,94
Mukdahan,2026-08-19,2026-08-17 18:07:58,576.0,44
Mukdahan,2026-08-20,2026-08-17 18:07:58,79.0,25
Mukdahan,2026-08-21,2026-08-18 13:22:18,981.0,57
Mukdahan,2026-08-22,2026-08-18 13:22:18,548.0,24
Mukdahan,2026-08-23,2026-08-18 13:22:18,580.0,21
Mukdahan,2026-08-24,2026-08-18 13:22:18,732.0,23
Mukdahan,2026-08-25,2026-08-18 13:22:18,666.0,27
Mukdahan,2026-08-26,2026-08-18 13:22:18,816.0,34
Mukdahan,2026-08-27,2026-08-18 13:22:18,530.0,23
Mukdahan,2026-08-28,2026-08-18 13:22:18,350.0,20
Mukdahan,2026-08-29,2026-08-18 23:48:42,680.0,29
Mukdahan,2026-08-30,2026-08-18 13:22:18,350.0,15
Mukdahan,2026-08-31,2026-08-18 13:22:18,350.0,8
Mukdahan,2026-09-01,2026-08-18 13:22:18,350.0,8
Mukdahan,2026-09-02,2026-08-18 13:22:18,30.0,10
Mukdahan,2026-09-03,2026-08-18 13:22:18,30.0,10
Mukdahan,2026-09-04,2026-08-18 13:22:18,30.0,8
Nakhon Nayok,2026-08-05,2026-08-05 21:49:49,2.0,1
Nakhon Nayok,2026-08-06,2026-08-06 23:47:54,563.0,31
Nakhon Nayok,2026-08-07,2026-08-07 21:04:52,663.0,40
Nakhon Nayok,2026-08-08,2026-08-08 19:20:33,780.0,55
Nakhon Nayok,2026-08-09,2026-08-09 18:03:43,39.0,11
Nakhon Nayok,2026-08-10,2026-08-10 20:05:55,278.0,21
Nakhon Nayok,2026-08-11,2026-08-11 23:47:31,319.0,30
Nakhon Nayok,2026-08-12,2026-08-12 23:48:12,1175.5,68
Nakhon Nayok,2026-08-13,2026-08-13 22:20:14,988.5,52
Nakhon Nayok,2026-08-14,2026-08-15 00:02:40,1141.0,87
Nakhon Nayok,2026-08-15,2026-08-16 00:02:33,726.0,91
Nakhon Nayok,2026-08-16,2026-08-16 22:33:59,444.5,53
Nakhon Nayok,2026-08-17,2026-08-17 20:48:25,944.0,81
Nakhon Nayok,2026-08-18,2026-08-18 21:03:06,1535.0,103
Nakhon Nayok,2026-08-19,2026-08-18 23:48:42,737.0,64
Nakhon Nayok,2026-08-20,2026-08-18 23:48:42,1017.5,80
Nakhon Nayok,2026-08-21,2026-08-18 23:48:42,262.0,22
Nakhon Nayok,2026-08-22,2026-08-18 22:03:44,699.0,47
Nakhon Nayok,2026-08-23,2026-08-18 12:21:35,25.0,13
Nakhon Nayok,2026-08-24,2026-08-18 13:05:37,129.0,32
Nakhon Nayok,2026-08-25,2026-08-18 13:05:37,22.0,8
Nakhon Nayok,2026-08-26,2026-08-18 14:49:01,73.0,7
Nakhon Nayok,2026-08-27,2026-08-05 21:49:49,1.0,1
Nakhon Nayok,2026-08-29,2026-08-15 18:15:45,48.0,14
Nakhon Nayok,2026-08-30,2026-08-07 01:44:56,41.0,10
Nakhon Nayok,2026-08-31,2026-08-06 21:34:13,8.0,4
Nakhon Nayok,2026-09-01,2026-08-08 20:03:27,38.0,16
Nakhon Nayok,2026-09-02,2026-08-11 13:04:17,18.0,8
Nakhon Nayok,2026-09-03,2026-08-11 17:51:19,10.0,5
Nakhon Nayok,2026-09-04,2026-08-16 12:47:26,24.0,10
Nakhon Nayok,2026-09-05,2026-08-18 17:07:13,9.0,9
Nakhon Nayok,2026-09-06,2026-08-12 03:59:51,9.0,3
Nakhon Nayok,2026-09-07,2026-08-18 19:20:48,53.0,18
Nakhon Nayok,2026-09-08,2026-08-13 22:05:09,6.0,3
Nakhon Nayok,2026-09-09,2026-08-18 16:06:39,39.0,29
Nakhon Nayok,2026-09-10,2026-08-16 02:15:56,34.0,10
Nakhon Nayok,2026-09-13,2026-08-17 03:28:53,21.0,8
Nakhon Nayok,2026-09-14,2026-08-17 18:20:09,16.0,8
Nakhon Pathom,2026-08-06,2026-08-06 23:47:54,1150.0,40
Nakhon Pathom,2026-08-07,2026-08-07 22:33:19,636.5,49
Nakhon Pathom,2026-08-08,2026-08-08 22:03:58,281.0,41
Nakhon Pathom,2026-08-09,2026-08-09 21:18:52,2266.5,72
Nakhon Pathom,2026-08-10,2026-08-10 23:33:11,3005.0,109
Nakhon Pathom,2026-08-11,2026-08-11 19:34:47,2224.5,94
Nakhon Pathom,2026-08-12,2026-08-12 22:18:20,3379.5,120
Nakhon Pathom,2026-08-13,2026-08-13 22:20:14,2464.0,115
Nakhon Pathom,2026-08-14,2026-08-15 00:02:40,2155.0,111
Nakhon Pathom,2026-08-15,2026-08-15 22:03:19,2133.0,136
Nakhon Pathom,2026-08-16,2026-08-16 20:33:13,2211.0,122
Nakhon Pathom,2026-08-17,2026-08-17 23:33:38,3090.0,188
Nakhon Pathom,2026-08-18,2026-08-18 23:19:38,3364.0,201
Nakhon Pathom,2026-08-19,2026-08-18 22:17:43,3459.5,140
Nakhon Pathom,2026-08-20,2026-08-18 22:17:43,2436.0,160
Nakhon Pathom,2026-08-21,2026-08-18 23:48:42,2417.0,140
Nakhon Pathom,2026-08-22,2026-08-18 23:48:42,1280.0,83
Nakhon Pathom,2026-08-23,2026-08-18 23:48:42,1101.0,61
Nakhon Pathom,2026-08-24,2026-08-18 14:49:01,257.0,38
Nakhon Pathom,2026-08-25,2026-08-17 12:38:18,1188.0,61
Nakhon Pathom,2026-08-26,2026-08-17 12:38:18,448.5,47
Nakhon Pathom,2026-08-27,2026-08-18 16:35:56,596.0,80
Nakhon Pathom,2026-08-28,2026-08-18 22:48:21,369.0,121
Nakhon Pathom,2026-08-29,2026-08-18 22:48:21,193.0,141
Nakhon Pathom,2026-08-30,2026-08-17 02:59:11,84.0,50
Nakhon Pathom,2026-08-31,2026-08-18 13:37:28,314.0,51
Nakhon Pathom,2026-09-01,2026-08-15 19:46:30,0.0,16
Nakhon Pathom,2026-09-02,2026-08-11 23:18:08,19.0,24
Nakhon Pathom,2026-09-03,2026-08-16 00:02:33,0.0,27
Nakhon Pathom,2026-09-04,2026-08-17 14:06:34,0.0,16
Nakhon Pathom,2026-09-05,2026-08-13 22:48:48,0.0,9
Nakhon Pathom,2026-09-06,2026-08-15 01:16:32,18.0,18
Nakhon Pathom,2026-09-07,2026-08-18 15:51:26,31.0,52
Nakhon Pathom,2026-09-08,2026-08-18 15:51:26,21.0,44
Nakhon Pathom,2026-09-09,2026-08-18 17:49:59,40.0,27
Nakhon Pathom,2026-09-10,2026-08-15 04:45:05,0.0,15
Nakhon Pathom,2026-09-11,2026-08-18 08:31:02,6.0,29
Nakhon Pathom,2026-09-12,2026-08-17 09:17:22,0.0,22
Nakhon Pathom,2026-09-13,2026-08-18 23:48:42,0.0,158
Nakhon Pathom,2026-09-14,2026-08-18 23:48:42,0.0,120
Nakhon Pathom,2026-09-15,2026-08-18 23:48:42,0.0,75
Nakhon Pathom,2026-09-16,2026-08-18 23:48:42,0.0,34
Nakhon Phanom,2026-08-06,2026-08-06 14:19:25,181.0,12
Nakhon Phanom,2026-08-07,2026-08-07 21:04:52,440.0,35
Nakhon Phanom,2026-08-08,2026-08-09 00:04:29,336.0,32
Nakhon Phanom,2026-08-09,2026-08-10 00:01:59,587.0,55
Nakhon Phanom,2026-08-10,2026-08-10 23:33:11,1179.5,77
Nakhon Phanom,2026-08-11,2026-08-11 21:34:49,1398.5,86
Nakhon Phanom,2026-08-12,2026-08-12 19:48:22,1875.0,103
Nakhon Phanom,2026-08-13,2026-08-13 22:48:48,1695.5,110
Nakhon Phanom,2026-08-14,2026-08-14 23:19:36,1284.5,133
Nakhon Phanom,2026-08-15,2026-08-16 00:02:33,987.5,153
Nakhon Phanom,2026-08-16,2026-08-16 23:18:43,1549.0,149
Nakhon Phanom,2026-08-17,2026-08-17 20:03:57,1658.0,145
Nakhon Phanom,2026-08-18,2026-08-18 19:48:47,2306.5,173
Nakhon Phanom,2026-08-19,2026-08-18 23:48:42,1482.5,91
Nakhon Phanom,2026-08-20,2026-08-18 23:48:42,753.5,54
Nakhon Phanom,2026-08-21,2026-08-18 19:05:06,360.0,30
Nakhon Phanom,2026-08-22,2026-08-18 19:20:48,717.0,70
Nakhon Phanom,2026-08-23,2026-08-18 23:48:42,250.0,27
Nakhon Phanom,2026-08-24,2026-08-18 16:21:17,318.0,27
Nakhon Phanom,2026-08-25,2026-08-18 16:21:17,474.0,36
Nakhon Phanom,2026-08-26,2026-08-18 16:21:17,128.0,26
Nakhon Phanom,2026-08-27,2026-08-12 17:48:24,4.0,11
Nakhon Phanom,2026-08-28,2026-08-15 23:18:01,144.0,40
Nakhon Phanom,2026-08-29,2026-08-18 23:48:42,112.0,18
Nakhon Phanom,2026-08-30,2026-08-14 12:35:43,0.0,5
Nakhon Phanom,2026-08-31,2026-08-06 23:34:00,0.0,6
Nakhon Phanom,2026-09-01,2026-08-08 20:03:27,0.0,12
Nakhon Phanom,2026-09-02,2026-08-08 20:03:27,0.0,12
Nakhon Phanom,2026-09-03,2026-08-06 23:34:00,0.0,6
Nakhon Phanom,2026-09-04,2026-08-18 22:48:21,12.0,40
Nakhon Phanom,2026-09-05,2026-08-13 14:06:14,36.0,35
Nakhon Phanom,2026-09-07,2026-08-18 13:05:37,39.5,33
Nakhon Phanom,2026-09-08,2026-08-14 01:01:18,0.0,11
Nakhon Phanom,2026-09-09,2026-08-15 13:02:53,0.0,8
Nakhon Phanom,2026-09-12,2026-08-18 22:32:31,0.0,8
Nakhon Sawan,2026-08-05,2026-08-05 23:32:15,64.5,7
Nakhon Sawan,2026-08-06,2026-08-06 23:47:54,1611.5,48
Nakhon Sawan,2026-08-07,2026-08-07 23:17:46,2041.5,72
Nakhon Sawan,2026-08-08,2026-08-09 00:04:29,3147.5,101
Nakhon Sawan,2026-08-09,2026-08-10 00:01:59,3622.5,114
Nakhon Sawan,2026-08-10,2026-08-10 22:03:29,4838.0,157
Nakhon Sawan,2026-08-11,2026-08-11 23:47:31,4407.0,158
Nakhon Sawan,2026-08-12,2026-08-12 22:48:47,3832.5,154
Nakhon Sawan,2026-08-13,2026-08-13 22:48:48,5684.5,197
Nakhon Sawan,2026-08-14,2026-08-15 00:02:40,5699.5,196
Nakhon Sawan,2026-08-15,2026-08-16 00:02:33,5671.5,217
Nakhon Sawan,2026-08-16,2026-08-17 00:02:53,5347.0,188
Nakhon Sawan,2026-08-17,2026-08-18 00:02:04,8229.0,289
Nakhon Sawan,2026-08-18,2026-08-18 23:48:42,7708.5,293
Nakhon Sawan,2026-08-19,2026-08-18 22:17:43,8163.0,304
Nakhon Sawan,2026-08-20,2026-08-18 18:04:18,5468.5,206
Nakhon Sawan,2026-08-21,2026-08-18 16:06:39,5205.5,186
Nakhon Sawan,2026-08-22,2026-08-18 18:49:55,4211.0,138
Nakhon Sawan,2026-08-23,2026-08-18 16:06:39,2253.5,97
Nakhon Sawan,2026-08-24,2026-08-18 16:06:39,1910.0,74
Nakhon Sawan,2026-08-25,2026-08-18 14:05:44,698.0,44
Nakhon Sawan,2026-08-26,2026-08-18 15:22:55,677.0,61
Nakhon Sawan,2026-08-27,2026-08-18 13:37:28,725.0,48
Nakhon Sawan,2026-08-28,2026-08-16 23:03:25,1670.0,122
Nakhon Sawan,2026-08-29,2026-08-17 14:06:34,460.0,81
Nakhon Sawan,2026-08-30,2026-08-16 14:32:46,254.0,33
Nakhon Sawan,2026-08-31,2026-08-11 14:34:51,31.0,11
Nakhon Sawan,2026-09-01,2026-08-18 16:50:50,520.0,33
Nakhon Sawan,2026-09-02,2026-08-11 14:34:51,40.0,23
Nakhon Sawan,2026-09-03,2026-08-11 14:34:51,18.0,17
Nakhon Sawan,2026-09-04,2026-08-11 14:34:51,18.0,25
Nakhon Sawan,2026-09-05,2026-08-18 17:07:13,18.0,74
Nakhon Sawan,2026-09-06,2026-08-11 14:34:51,18.0,17
Nakhon Sawan,2026-09-07,2026-08-18 12:36:04,18.0,33
Nakhon Sawan,2026-09-08,2026-08-17 18:36:16,21.0,28
Nakhon Sawan,2026-09-09,2026-08-16 00:16:43,3.0,20
Nakhon Sawan,2026-09-10,2026-08-18 10:48:41,40.0,20
Nakhon Si Thammarat,2026-08-05,2026-08-05 22:48:50,197.0,5
Nakhon Si Thammarat,2026-08-06,2026-08-06 23:47:54,1267.5,47
Nakhon Si Thammarat,2026-08-07,2026-08-07 23:17:46,1345.0,62
Nakhon Si Thammarat,2026-08-08,2026-08-09 00:04:29,1591.5,76
Nakhon Si Thammarat,2026-08-09,2026-08-10 00:01:59,1387.0,77
Nakhon Si Thammarat,2026-08-10,2026-08-10 23:33:11,2644.0,108
Nakhon Si Thammarat,2026-08-11,2026-08-11 23:47:31,2174.0,105
Nakhon Si Thammarat,2026-08-12,2026-08-13 00:02:55,3223.5,157
Nakhon Si Thammarat,2026-08-13,2026-08-13 22:48:48,4174.0,179
Nakhon Si Thammarat,2026-08-14,2026-08-14 22:49:43,3097.5,157
Nakhon Si Thammarat,2026-08-15,2026-08-15 23:32:57,4097.5,230
Nakhon Si Thammarat,2026-08-16,2026-08-16 21:18:20,5489.5,253
Nakhon Si Thammarat,2026-08-17,2026-08-17 22:17:37,8541.0,319
Nakhon Si Thammarat,2026-08-18,2026-08-18 22:32:31,7226.5,309
Nakhon Si Thammarat,2026-08-19,2026-08-18 23:48:42,6566.0,249
Nakhon Si Thammarat,2026-08-20,2026-08-18 23:48:42,5713.0,258
Nakhon Si Thammarat,2026-08-21,2026-08-18 23:48:42,4216.5,169
Nakhon Si Thammarat,2026-08-22,2026-08-18 23:48:42,4256.0,151
Nakhon Si Thammarat,2026-08-23,2026-08-18 23:48:42,2381.0,106
Nakhon Si Thammarat,2026-08-24,2026-08-18 23:48:42,3580.0,109
Nakhon Si Thammarat,2026-08-25,2026-08-18 23:48:42,3151.0,121
Nakhon Si Thammarat,2026-08-26,2026-08-18 20:47:57,3427.5,166
Nakhon Si Thammarat,2026-08-27,2026-08-18 20:47:57,2960.0,174
Nakhon Si Thammarat,2026-08-28,2026-08-17 22:34:52,1846.0,107
Nakhon Si Thammarat,2026-08-29,2026-08-17 20:19:27,1057.0,136
Nakhon Si Thammarat,2026-08-30,2026-08-17 20:19:27,376.0,49
Nakhon Si Thammarat,2026-08-31,2026-08-17 23:33:38,337.0,28
Nakhon Si Thammarat,2026-09-01,2026-08-18 18:49:55,43.0,27
Nakhon Si Thammarat,2026-09-02,2026-08-18 01:30:45,40.0,24
Nakhon Si Thammarat,2026-09-03,2026-08-18 01:30:45,49.0,47
Nakhon Si Thammarat,2026-09-04,2026-08-18 01:30:45,24.0,31
Nakhon Si Thammarat,2026-09-05,2026-08-18 18:20:34,0.0,40
Nakhon Si Thammarat,2026-09-06,2026-08-18 13:37:28,0.0,29
Nakhon Si Thammarat,2026-09-07,2026-08-18 08:31:02,26.0,41
Nakhon Si Thammarat,2026-09-08,2026-08-18 23:48:42,93.0,83
Nakhon Si Thammarat,2026-09-09,2026-08-18 20:17:46,23.0,143
Nakhon Si Thammarat,2026-09-10,2026-08-18 13:22:18,27.5,135
Nakhon Si Thammarat,2026-09-11,2026-08-18 13:22:18,75.5,68
Nakhon Si Thammarat,2026-09-12,2026-08-18 11:35:49,120.5,62
Nakhon Si Thammarat,2026-09-13,2026-08-18 11:35:49,24.0,11
Nakhon Si Thammarat,2026-09-14,2026-08-18 11:35:49,24.0,9
Nakhon Si Thammarat,2026-09-15,2026-08-18 11:35:49,56.0,17
Nakhon Si Thammarat,2026-09-16,2026-08-18 13:37:28,24.0,17
Nakhonratchasima,2026-08-05,2026-08-05 23:32:15,230.5,8
Nakhonratchasima,2026-08-06,2026-08-06 23:47:54,1085.0,51
Nakhonratchasima,2026-08-07,2026-08-07 23:17:46,2226.5,79
Nakhonratchasima,2026-08-08,2026-08-09 00:04:29,2702.0,106
Nakhonratchasima,2026-08-09,2026-08-10 00:01:59,4096.0,132
Nakhonratchasima,2026-08-10,2026-08-10 23:33:11,5050.0,208
Nakhonratchasima,2026-08-11,2026-08-11 23:47:31,4512.5,194
Nakhonratchasima,2026-08-12,2026-08-12 23:34:32,5055.0,208
Nakhonratchasima,2026-08-13,2026-08-13 22:48:48,5834.5,241
Nakhonratchasima,2026-08-14,2026-08-15 00:02:40,6232.0,317
Nakhonratchasima,2026-08-15,2026-08-16 00:02:33,6941.0,378
Nakhonratchasima,2026-08-16,2026-08-16 23:18:43,8641.5,386
Nakhonratchasima,2026-08-17,2026-08-18 00:02:04,11835.0,483
Nakhonratchasima,2026-08-18,2026-08-18 23:48:42,11837.5,506
Nakhonratchasima,2026-08-19,2026-08-18 23:48:42,12493.0,452
Nakhonratchasima,2026-08-20,2026-08-18 23:48:42,11371.5,452
Nakhonratchasima,2026-08-21,2026-08-18 23:48:42,10878.5,408
Nakhonratchasima,2026-08-22,2026-08-18 23:48:42,8008.5,410
Nakhonratchasima,2026-08-23,2026-08-18 23:48:42,4550.0,234
Nakhonratchasima,2026-08-24,2026-08-18 23:48:42,7605.0,313
Nakhonratchasima,2026-08-25,2026-08-18 23:48:42,6261.0,251
Nakhonratchasima,2026-08-26,2026-08-18 23:48:42,4934.0,225
Nakhonratchasima,2026-08-27,2026-08-18 23:48:42,3872.0,234
Nakhonratchasima,2026-08-28,2026-08-18 23:48:42,2758.0,211
Nakhonratchasima,2026-08-29,2026-08-18 17:49:59,1519.5,233
Nakhonratchasima,2026-08-30,2026-08-18 13:51:17,512.0,110
Nakhonratchasima,2026-08-31,2026-08-18 13:51:17,520.0,104
Nakhonratchasima,2026-09-01,2026-08-18 15:36:48,731.5,124
Nakhonratchasima,2026-09-02,2026-08-18 20:17:46,180.5,143
Nakhonratchasima,2026-09-03,2026-08-18 18:36:06,164.5,112
Nakhonratchasima,2026-09-04,2026-08-18 15:36:48,375.5,151
Nakhonratchasima,2026-09-05,2026-08-18 23:48:42,105.5,111
Nakhonratchasima,2026-09-06,2026-08-18 15:36:48,76.5,30
Nakhonratchasima,2026-09-07,2026-08-18 23:48:42,281.5,116
Nakhonratchasima,2026-09-08,2026-08-18 15:36:48,83.5,65
Nakhonratchasima,2026-09-09,2026-08-18 15:22:55,49.5,47
Nakhonratchasima,2026-09-10,2026-08-18 23:48:42,467.0,119
Nakhonratchasima,2026-09-11,2026-08-18 23:48:42,36.5,70
Nakhonratchasima,2026-09-12,2026-08-18 23:48:42,36.5,62
Nakhonratchasima,2026-09-13,2026-08-18 00:19:00,32.5,21
Nakhonratchasima,2026-09-14,2026-08-18 12:21:35,81.5,37
Nakhonratchasima,2026-09-15,2026-08-18 12:21:35,24.0,9
Nakhonratchasima,2026-09-16,2026-08-18 12:21:35,24.0,9
Nan,2026-08-06,2026-08-06 23:04:00,365.5,24
Nan,2026-08-07,2026-08-07 19:05:06,436.0,18
Nan,2026-08-08,2026-08-09 00:04:29,674.0,40
Nan,2026-08-09,2026-08-09 21:18:52,1166.0,56
Nan,2026-08-10,2026-08-10 18:51:27,915.0,35
Nan,2026-08-11,2026-08-11 19:34:47,1174.5,51
Nan,2026-08-12,2026-08-12 22:48:47,1199.5,54
Nan,2026-08-13,2026-08-13 22:35:10,943.0,64
Nan,2026-08-14,2026-08-14 17:36:50,825.0,46
Nan,2026-08-15,2026-08-15 19:31:58,1637.0,74
Nan,2026-08-16,2026-08-16 14:48:28,1671.0,61
Nan,2026-08-17,2026-08-17 20:34:23,2445.5,82
Nan,2026-08-18,2026-08-18 20:47:57,1280.0,74
Nan,2026-08-19,2026-08-18 22:17:43,2248.0,67
Nan,2026-08-20,2026-08-17 19:33:58,1439.5,49
Nan,2026-08-21,2026-08-18 18:49:55,747.5,56
Nan,2026-08-22,2026-08-18 18:49:55,1469.0,51
Nan,2026-08-23,2026-08-17 18:20:09,200.0,7
Nan,2026-08-24,2026-08-18 13:51:17,1589.0,46
Nan,2026-08-25,2026-08-18 13:51:17,1926.0,74
Nan,2026-08-26,2026-08-18 13:51:17,1711.0,71
Nan,2026-08-27,2026-08-18 14:05:44,1291.5,63
Nan,2026-08-28,2026-08-16 22:03:33,435.0,19
Nan,2026-08-29,2026-08-17 00:31:03,598.0,20
Nan,2026-08-30,2026-08-18 21:48:45,640.0,23
Nan,2026-08-31,2026-08-18 21:48:45,312.0,22
Nan,2026-09-01,2026-08-18 21:48:45,320.0,11
Nan,2026-09-03,2026-08-17 12:07:21,24.0,12
Nan,2026-09-04,2026-08-17 12:52:22,75.0,21
Nan,2026-09-05,2026-08-17 12:52:22,8.0,12
Nan,2026-09-07,2026-08-18 23:48:42,44.0,19
Nan,2026-09-08,2026-08-18 23:48:42,44.0,19
Nan,2026-09-09,2026-08-18 23:48:42,28.0,11
Narathiwat,2026-08-06,2026-08-06 01:03:31,2.0,4
Narathiwat,2026-08-07,2026-08-07 19:05:06,143.0,17
Narathiwat,2026-08-08,2026-08-08 10:31:18,330.0,21
Narathiwat,2026-08-09,2026-08-09 16:32:36,165.0,18
Narathiwat,2026-08-10,2026-08-10 20:21:06,282.0,28
Narathiwat,2026-08-11,2026-08-11 16:50:58,448.0,41
Narathiwat,2026-08-12,2026-08-12 15:47:49,163.0,26
Narathiwat,2026-08-13,2026-08-13 22:48:48,833.0,68
Narathiwat,2026-08-14,2026-08-14 15:35:31,669.0,51
Narathiwat,2026-08-15,2026-08-15 16:03:31,569.5,52
Narathiwat,2026-08-16,2026-08-16 14:32:46,329.0,37
Narathiwat,2026-08-17,2026-08-17 19:23:15,1099.5,86
Narathiwat,2026-08-18,2026-08-18 11:04:55,408.0,46
Narathiwat,2026-08-19,2026-08-17 13:52:19,202.0,36
Narathiwat,2026-08-20,2026-08-16 04:14:27,409.0,28
Narathiwat,2026-08-21,2026-08-15 11:34:09,170.0,18
Narathiwat,2026-08-22,2026-08-18 16:06:39,0.0,6
Narathiwat,2026-08-23,2026-08-16 20:17:49,164.0,13
Narathiwat,2026-08-24,2026-08-13 22:05:09,48.0,7
Narathiwat,2026-08-25,2026-08-10 22:03:29,0.0,2
Narathiwat,2026-08-26,2026-08-16 14:32:46,128.0,8
Narathiwat,2026-08-28,2026-08-18 18:36:06,1158.0,46
Narathiwat,2026-08-29,2026-08-13 12:06:49,0.0,10
Narathiwat,2026-08-30,2026-08-12 17:33:11,0.0,3
Narathiwat,2026-08-31,2026-08-12 15:47:49,0.0,2
Narathiwat,2026-09-01,2026-08-14 22:49:43,0.0,26
Narathiwat,2026-09-03,2026-08-17 22:48:21,0.0,8
Narathiwat,2026-09-04,2026-08-17 22:48:21,47.0,33
Narathiwat,2026-09-05,2026-08-17 22:48:21,0.0,8
Narathiwat,2026-09-06,2026-08-17 22:48:21,0.0,8
Narathiwat,2026-09-07,2026-08-17 22:48:21,0.0,8
Narathiwat,2026-09-08,2026-08-17 22:48:21,0.0,8
Narathiwat,2026-09-09,2026-08-17 22:48:21,0.0,15
Narathiwat,2026-09-10,2026-08-17 22:48:21,0.0,8
Nong Bua Lamphu,2026-08-05,2026-08-05 21:49:49,9.0,1
Nong Bua Lamphu,2026-08-06,2026-08-06 15:34:51,81.0,13
Nong Bua Lamphu,2026-08-07,2026-08-07 18:50:24,335.0,14
Nong Bua Lamphu,2026-08-08,2026-08-08 14:33:12,400.0,15
Nong Bua Lamphu,2026-08-09,2026-08-09 12:33:41,181.5,8
Nong Bua Lamphu,2026-08-10,2026-08-10 19:07:12,593.0,21
Nong Bua Lamphu,2026-08-11,2026-08-10 15:07:44,343.0,13
Nong Bua Lamphu,2026-08-12,2026-08-13 00:02:55,335.0,24
Nong Bua Lamphu,2026-08-13,2026-08-13 22:48:48,725.0,59
Nong Bua Lamphu,2026-08-14,2026-08-14 18:06:43,861.0,45
Nong Bua Lamphu,2026-08-15,2026-08-15 18:15:45,323.0,31
Nong Bua Lamphu,2026-08-16,2026-08-13 19:05:24,204.0,20
Nong Bua Lamphu,2026-08-17,2026-08-17 18:36:16,922.5,73
Nong Bua Lamphu,2026-08-18,2026-08-18 22:17:43,1773.0,99
Nong Bua Lamphu,2026-08-19,2026-08-18 23:48:42,1557.0,94
Nong Bua Lamphu,2026-08-20,2026-08-18 09:47:39,952.0,51
Nong Bua Lamphu,2026-08-21,2026-08-17 14:53:50,396.0,22
Nong Bua Lamphu,2026-08-24,2026-08-16 18:48:24,7.0,7
Nong Bua Lamphu,2026-08-25,2026-08-11 01:31:01,36.0,2
Nong Bua Lamphu,2026-08-27,2026-08-06 22:06:19,10.0,5
Nong Bua Lamphu,2026-08-28,2026-08-14 14:05:10,88.0,3
Nong Bua Lamphu,2026-08-30,2026-08-12 14:32:15,10.0,6
Nong Bua Lamphu,2026-09-01,2026-08-17 19:23:15,18.0,6
Nong Bua Lamphu,2026-09-02,2026-08-18 19:05:06,24.0,10
Nong Bua Lamphu,2026-09-09,2026-08-17 19:23:15,18.0,6
Nong Khai,2026-08-06,2026-08-06 23:47:54,65.0,23
Nong Khai,2026-08-07,2026-08-07 19:05:06,77.5,27
Nong Khai,2026-08-08,2026-08-08 20:03:27,279.0,39
Nong Khai,2026-08-09,2026-08-09 21:18:52,89.0,28
Nong Khai,2026-08-10,2026-08-10 14:54:12,343.0,42
Nong Khai,2026-08-11,2026-08-11 18:50:00,90.0,15
Nong Khai,2026-08-12,2026-08-12 20:18:06,193.0,18
Nong Khai,2026-08-13,2026-08-13 22:35:10,963.0,34
Nong Khai,2026-08-14,2026-08-14 21:48:26,331.0,54
Nong Khai,2026-08-15,2026-08-15 17:18:49,107.0,36
Nong Khai,2026-08-16,2026-08-16 14:48:28,860.0,50
Nong Khai,2026-08-17,2026-08-17 23:18:04,2169.5,83
Nong Khai,2026-08-18,2026-08-18 23:48:42,1429.5,107
Nong Khai,2026-08-19,2026-08-18 12:36:04,1776.0,88
Nong Khai,2026-08-20,2026-08-18 12:36:04,726.5,53
Nong Khai,2026-08-21,2026-08-15 12:03:32,216.5,29
Nong Khai,2026-08-22,2026-08-12 17:33:11,18.0,7
Nong Khai,2026-08-23,2026-08-14 17:36:50,250.0,7
Nong Khai,2026-08-24,2026-08-14 16:50:39,265.0,7
Nong Khai,2026-08-25,2026-08-14 16:50:39,280.0,7
Nong Khai,2026-08-26,2026-08-18 23:48:42,270.0,9
Nong Khai,2026-08-27,2026-08-14 16:50:39,165.0,11
Nong Khai,2026-08-29,2026-08-17 14:53:50,129.0,3
Nong Khai,2026-09-05,2026-08-16 23:33:18,0.0,15
Nong Khai,2026-09-08,2026-08-10 16:52:47,0.0,1
Nonthaburi,2026-08-05,2026-08-05 22:19:46,64.0,3
Nonthaburi,2026-08-06,2026-08-06 21:03:52,664.0,18
Nonthaburi,2026-08-07,2026-08-07 21:04:52,902.0,28
Nonthaburi,2026-08-08,2026-08-08 22:03:58,1002.0,35
Nonthaburi,2026-08-09,2026-08-09 21:18:52,687.0,18
Nonthaburi,2026-08-10,2026-08-10 22:03:29,1885.5,47
Nonthaburi,2026-08-11,2026-08-11 23:47:31,1954.0,63
Nonthaburi,2026-08-12,2026-08-13 00:02:55,2414.5,84
Nonthaburi,2026-08-13,2026-08-13 22:35:10,3192.0,94
Nonthaburi,2026-08-14,2026-08-15 00:02:40,3192.0,93
Nonthaburi,2026-08-15,2026-08-16 00:02:33,2124.0,136
Nonthaburi,2026-08-16,2026-08-17 00:02:53,2315.0,100
Nonthaburi,2026-08-17,2026-08-17 21:18:14,3174.0,110
Nonthaburi,2026-08-18,2026-08-18 21:03:06,5085.5,181
Nonthaburi,2026-08-19,2026-08-18 23:48:42,4632.5,161
Nonthaburi,2026-08-20,2026-08-18 23:48:42,4486.0,168
Nonthaburi,2026-08-21,2026-08-18 22:03:44,3375.5,152
Nonthaburi,2026-08-22,2026-08-18 22:03:44,3314.5,151
Nonthaburi,2026-08-23,2026-08-18 16:21:17,2614.5,90
Nonthaburi,2026-08-24,2026-08-18 01:59:49,2148.5,71
Nonthaburi,2026-08-25,2026-08-17 18:36:16,1589.0,68
Nonthaburi,2026-08-26,2026-08-18 01:17:03,1153.5,44
Nonthaburi,2026-08-27,2026-08-17 20:03:57,948.5,41
Nonthaburi,2026-08-28,2026-08-17 18:36:16,774.0,44
Nonthaburi,2026-08-29,2026-08-16 13:46:34,235.0,35
Nonthaburi,2026-08-30,2026-08-12 04:44:36,0.0,27
Nonthaburi,2026-08-31,2026-08-07 19:05:06,0.0,2
Nonthaburi,2026-09-01,2026-08-17 11:20:43,75.0,34
Nonthaburi,2026-09-02,2026-08-18 23:48:42,163.0,52
Nonthaburi,2026-09-03,2026-08-18 23:48:42,121.0,33
Nonthaburi,2026-09-04,2026-08-17 20:03:57,77.0,23
Nonthaburi,2026-09-05,2026-08-18 12:51:07,8.0,46
Nonthaburi,2026-09-06,2026-08-18 20:47:57,24.0,17
Nonthaburi,2026-09-07,2026-08-18 11:04:55,106.0,44
Nonthaburi,2026-09-08,2026-08-10 19:07:12,0.0,3
Nonthaburi,2026-09-09,2026-08-17 11:06:49,113.5,16
Nonthaburi,2026-09-10,2026-08-17 11:06:49,22.0,8
Nonthaburi,2026-09-11,2026-08-16 17:05:04,4.0,14
Nonthaburi,2026-09-12,2026-08-17 14:37:20,14.0,66
Pathum Thani,2026-08-06,2026-08-06 19:19:19,414.0,26
Pathum Thani,2026-08-07,2026-08-07 22:17:55,1198.5,35
Pathum Thani,2026-08-08,2026-08-08 23:48:13,1030.0,51
Pathum Thani,2026-08-09,2026-08-09 23:18:46,816.5,32
Pathum Thani,2026-08-10,2026-08-10 20:21:06,782.0,34
Pathum Thani,2026-08-11,2026-08-10 19:07:12,258.0,16
Pathum Thani,2026-08-12,2026-08-12 20:18:06,639.0,32
Pathum Thani,2026-08-13,2026-08-13 21:21:21,1271.0,49
Pathum Thani,2026-08-14,2026-08-15 00:02:40,921.0,118
Pathum Thani,2026-08-15,2026-08-15 21:02:59,1852.5,130
Pathum Thani,2026-08-16,2026-08-16 18:33:43,1933.5,131
Pathum Thani,2026-08-17,2026-08-17 18:07:58,3084.0,191
Pathum Thani,2026-08-18,2026-08-18 03:59:04,1794.5,104
Pathum Thani,2026-08-19,2026-08-18 23:48:42,2426.5,187
Pathum Thani,2026-08-20,2026-08-18 23:48:42,1498.0,128
Pathum Thani,2026-08-21,2026-08-18 23:48:42,1221.0,90
Pathum Thani,2026-08-22,2026-08-18 23:48:42,1416.0,87
Pathum Thani,2026-08-23,2026-08-18 23:48:42,663.0,29
Pathum Thani,2026-08-24,2026-08-18 23:48:42,952.5,47
Pathum Thani,2026-08-25,2026-08-18 23:48:42,322.0,17
Pathum Thani,2026-08-26,2026-08-18 23:48:42,488.5,25
Pathum Thani,2026-08-27,2026-08-18 23:48:42,471.5,24
Pathum Thani,2026-08-28,2026-08-15 18:48:36,174.0,33
Pathum Thani,2026-08-29,2026-08-17 13:37:39,521.0,91
Pathum Thani,2026-08-30,2026-08-13 21:21:21,20.0,7
Pathum Thani,2026-08-31,2026-08-18 12:51:07,272.0,20
Pathum Thani,2026-09-01,2026-08-18 12:51:07,292.0,20
Pathum Thani,2026-09-02,2026-08-18 14:05:44,69.0,25
Pathum Thani,2026-09-03,2026-08-18 12:51:07,39.0,24
Pathum Thani,2026-09-04,2026-08-14 19:05:53,16.0,9
Pathum Thani,2026-09-05,2026-08-17 22:17:37,10.0,62
Pathum Thani,2026-09-06,2026-08-14 22:19:34,26.0,9
Pathum Thani,2026-09-07,2026-08-11 21:34:49,0.0,2
Pathum Thani,2026-09-09,2026-08-11 23:47:31,0.0,4
Pathum Thani,2026-09-12,2026-08-16 05:29:21,0.0,28
Pattani,2026-08-05,2026-08-05 23:32:15,6.0,6
Pattani,2026-08-06,2026-08-06 19:19:19,80.0,11
Pattani,2026-08-08,2026-08-08 10:31:18,179.0,16
Pattani,2026-08-09,2026-08-09 21:18:52,78.0,24
Pattani,2026-08-10,2026-08-10 22:03:29,69.5,25
Pattani,2026-08-11,2026-08-11 21:34:49,123.0,25
Pattani,2026-08-12,2026-08-12 23:03:03,74.0,38
Pattani,2026-08-13,2026-08-13 15:52:30,300.0,39
Pattani,2026-08-14,2026-08-14 23:33:37,185.0,58
Pattani,2026-08-15,2026-08-15 22:03:19,298.0,127
Pattani,2026-08-16,2026-08-16 18:05:44,136.0,65
Pattani,2026-08-17,2026-08-17 18:20:09,180.0,47
Pattani,2026-08-18,2026-08-18 18:49:55,186.0,59
Pattani,2026-08-19,2026-08-18 16:35:56,427.0,60
Pattani,2026-08-20,2026-08-15 22:47:21,202.0,35
Pattani,2026-08-21,2026-08-15 01:00:23,148.0,17
Pattani,2026-08-22,2026-08-10 18:38:26,104.0,14
Pattani,2026-08-23,2026-08-16 19:18:38,69.0,25
Pattani,2026-08-24,2026-08-10 18:38:26,71.0,9
Pattani,2026-08-25,2026-08-10 18:38:26,11.0,9
Pattani,2026-08-26,2026-08-10 18:38:26,11.0,9
Pattani,2026-08-27,2026-08-10 18:38:26,11.0,13
Pattani,2026-08-28,2026-08-15 21:32:31,11.0,32
Pattani,2026-08-29,2026-08-12 04:44:36,12.0,23
Pattani,2026-08-30,2026-08-18 21:48:45,139.0,25
Pattani,2026-08-31,2026-08-18 21:48:45,105.0,17
Pattani,2026-09-01,2026-08-18 16:06:39,100.0,21
Pattani,2026-09-02,2026-08-13 17:22:18,5.0,8
Pattani,2026-09-03,2026-08-13 17:22:18,5.0,2
Pattani,2026-09-04,2026-08-16 22:03:33,5.0,10
Pattani,2026-09-05,2026-08-13 17:22:18,5.0,6
Pattani,2026-09-06,2026-08-18 01:46:03,5.0,10
Pattani,2026-09-07,2026-08-13 17:22:18,5.0,2
Pattani,2026-09-08,2026-08-13 17:22:18,5.0,2
Pattani,2026-09-09,2026-08-13 17:22:18,5.0,2
Pattani,2026-09-10,2026-08-13 17:22:18,5.0,2
Pattani,2026-09-11,2026-08-13 17:22:18,5.0,2
Pattani,2026-09-13,2026-08-18 20:32:59,0.0,8
Pattani,2026-09-14,2026-08-18 20:32:59,0.0,8
Pattani,2026-09-15,2026-08-18 20:32:59,0.0,8
Pattani,2026-09-16,2026-08-18 20:32:59,0.0,8
Phang Nga,2026-08-06,2026-08-06 23:47:54,78.5,12
Phang Nga,2026-08-07,2026-08-07 23:17:46,431.0,34
Phang Nga,2026-08-08,2026-08-08 14:22:35,598.0,30
Phang Nga,2026-08-09,2026-08-10 00:01:59,576.0,33
Phang Nga,2026-08-10,2026-08-10 18:51:27,1542.0,79
Phang Nga,2026-08-11,2026-08-11 21:34:49,735.0,53
Phang Nga,2026-08-12,2026-08-12 21:49:15,547.0,57
Phang Nga,2026-08-13,2026-08-13 22:05:09,409.0,63
Phang Nga,2026-08-14,2026-08-14 23:33:37,642.0,53
Phang Nga,2026-08-15,2026-08-15 02:45:29,1223.0,64
Phang Nga,2026-08-16,2026-08-16 17:33:03,1116.5,67
Phang Nga,2026-08-17,2026-08-17 23:33:38,2386.0,102
Phang Nga,2026-08-18,2026-08-18 19:05:06,2192.5,130
Phang Nga,2026-08-19,2026-08-18 23:48:42,1872.0,119
Phang Nga,2026-08-20,2026-08-18 23:48:42,1596.5,90
Phang Nga,2026-08-21,2026-08-18 23:32:45,413.0,37
Phang Nga,2026-08-22,2026-08-15 13:02:53,392.0,21
Phang Nga,2026-08-23,2026-08-18 23:48:42,267.0,17
Phang Nga,2026-08-24,2026-08-18 18:49:55,506.0,12
Phang Nga,2026-08-25,2026-08-14 01:01:18,192.0,10
Phang Nga,2026-08-26,2026-08-18 18:20:34,247.0,14
Phang Nga,2026-08-27,2026-08-18 18:20:34,278.0,21
Phang Nga,2026-08-28,2026-08-18 18:20:34,22.0,8
Phang Nga,2026-08-29,2026-08-16 07:00:17,581.0,43
Phang Nga,2026-08-30,2026-08-16 14:32:46,256.0,26
Phang Nga,2026-08-31,2026-08-16 05:29:21,0.0,12
Phang Nga,2026-09-01,2026-08-16 05:29:21,0.0,12
Phang Nga,2026-09-02,2026-08-16 05:29:21,0.0,25
Phang Nga,2026-09-03,2026-08-16 05:29:21,0.0,20
Phang Nga,2026-09-04,2026-08-18 23:19:38,4.0,19
Phang Nga,2026-09-05,2026-08-18 18:49:55,15.0,67
Phang Nga,2026-09-06,2026-08-16 05:29:21,0.0,19
Phang Nga,2026-09-09,2026-08-13 22:48:48,0.0,5
Phang Nga,2026-09-10,2026-08-13 22:48:48,0.0,5
Phang Nga,2026-09-12,2026-08-14 05:14:21,0.0,3
Phang Nga,2026-09-13,2026-08-17 20:03:57,32.0,11
Phang Nga,2026-09-14,2026-08-18 00:19:00,64.0,24
Phattalung,2026-08-05,2026-08-05 23:32:15,166.0,6
Phattalung,2026-08-06,2026-08-06 17:07:39,377.5,12
Phattalung,2026-08-07,2026-08-07 21:04:52,460.0,26
Phattalung,2026-08-08,2026-08-09 00:04:29,334.5,37
Phattalung,2026-08-09,2026-08-10 00:01:59,1003.5,33
Phattalung,2026-08-10,2026-08-10 15:07:44,2056.0,64
Phattalung,2026-08-11,2026-08-11 23:47:31,1009.0,35
Phattalung,2026-08-12,2026-08-13 00:02:55,1623.5,51
Phattalung,2026-08-13,2026-08-13 22:05:09,1443.5,92
Phattalung,2026-08-14,2026-08-14 21:48:26,404.5,89
Phattalung,2026-08-15,2026-08-16 00:02:33,2080.0,125
Phattalung,2026-08-16,2026-08-16 23:03:25,624.0,35
Phattalung,2026-08-17,2026-08-17 21:03:00,1772.0,111
Phattalung,2026-08-18,2026-08-18 23:32:45,2102.5,138
Phattalung,2026-08-19,2026-08-18 23:48:42,1261.5,57
Phattalung,2026-08-20,2026-08-18 15:22:55,1244.0,46
Phattalung,2026-08-21,2026-08-18 19:20:48,651.0,49
Phattalung,2026-08-22,2026-08-18 23:32:45,2260.5,118
Phattalung,2026-08-23,2026-08-18 23:48:42,947.5,45
Phattalung,2026-08-24,2026-08-16 01:00:57,354.0,15
Phattalung,2026-08-25,2026-08-18 20:32:59,455.0,12
Phattalung,2026-08-26,2026-08-18 20:32:59,1017.0,41
Phattalung,2026-08-27,2026-08-17 19:33:58,526.0,37
Phattalung,2026-08-28,2026-08-18 21:16:11,691.5,54
Phattalung,2026-08-29,2026-08-18 21:16:11,193.0,43
Phattalung,2026-08-30,2026-08-15 13:46:41,32.0,32
Phattalung,2026-08-31,2026-08-17 23:33:38,256.0,21
Phattalung,2026-09-01,2026-08-18 23:48:42,70.0,28
Phattalung,2026-09-02,2026-08-06 15:34:51,0.0,5
Phattalung,2026-09-03,2026-08-07 19:05:06,4.0,2
Phattalung,2026-09-04,2026-08-07 19:05:06,4.0,2
Phattalung,2026-09-05,2026-08-13 15:20:17,22.0,15
Phattalung,2026-09-06,2026-08-12 19:32:22,8.0,8
Phattalung,2026-09-07,2026-08-14 00:31:41,0.0,6
Phattalung,2026-09-08,2026-08-14 00:31:41,0.0,6
Phattalung,2026-09-09,2026-08-14 00:31:41,0.0,3
Phattalung,2026-09-11,2026-08-15 03:00:53,0.0,25
Phattalung,2026-09-12,2026-08-18 22:17:43,27.0,39
Phattalung,2026-09-13,2026-08-18 22:17:43,42.0,40
Phattalung,2026-09-14,2026-08-18 22:17:43,16.0,23
Phayao,2026-08-05,2026-08-05 23:32:15,225.0,7
Phayao,2026-08-06,2026-08-06 22:34:16,1232.0,38
Phayao,2026-08-07,2026-08-07 22:33:19,433.0,35
Phayao,2026-08-08,2026-08-08 23:34:10,364.5,27
Phayao,2026-08-09,2026-08-10 00:01:59,604.5,23
Phayao,2026-08-10,2026-08-10 20:21:06,1603.0,53
Phayao,2026-08-11,2026-08-11 18:35:29,1438.5,54
Phayao,2026-08-12,2026-08-12 19:18:08,580.5,47
Phayao,2026-08-13,2026-08-13 20:49:38,977.0,70
Phayao,2026-08-14,2026-08-15 00:02:40,871.5,81
Phayao,2026-08-15,2026-08-15 21:16:56,1268.5,118
Phayao,2026-08-16,2026-08-16 19:02:45,1662.5,113
Phayao,2026-08-17,2026-08-17 23:49:11,2264.5,131
Phayao,2026-08-18,2026-08-18 19:20:48,4061.5,177
Phayao,2026-08-19,2026-08-18 23:48:42,2390.0,113
Phayao,2026-08-20,2026-08-18 19:48:47,1042.5,54
Phayao,2026-08-21,2026-08-18 23:48:42,715.0,38
Phayao,2026-08-22,2026-08-17 11:06:49,492.0,37
Phayao,2026-08-23,2026-08-18 13:22:18,243.0,35
Phayao,2026-08-24,2026-08-18 13:22:18,314.5,35
Phayao,2026-08-25,2026-08-18 13:22:18,179.0,24
Phayao,2026-08-26,2026-08-18 23:48:42,294.0,23
Phayao,2026-08-27,2026-08-18 13:22:18,15.0,15
Phayao,2026-08-28,2026-08-18 13:22:18,15.0,18
Phayao,2026-08-29,2026-08-18 13:22:18,15.0,15
Phayao,2026-08-30,2026-08-18 13:22:18,15.0,15
Phayao,2026-08-31,2026-08-18 13:22:18,25.0,22
Phayao,2026-09-01,2026-08-18 13:22:18,29.0,20
Phayao,2026-09-02,2026-08-18 13:22:18,21.0,15
Phayao,2026-09-03,2026-08-18 13:22:18,21.0,15
Phayao,2026-09-04,2026-08-18 13:22:18,21.0,17
Phayao,2026-09-05,2026-08-18 13:22:18,25.0,19
Phayao,2026-09-06,2026-08-18 13:22:18,21.0,15
Phayao,2026-09-07,2026-08-18 17:21:38,21.0,23
Phayao,2026-09-08,2026-08-18 23:48:42,21.0,17
Phayao,2026-09-09,2026-08-18 13:22:18,21.0,15
Phayao,2026-09-10,2026-08-18 13:22:18,21.0,15
Phayao,2026-09-11,2026-08-18 13:22:18,36.0,25
Phayao,2026-09-12,2026-08-18 13:22:18,8.0,8
Phayao,2026-09-13,2026-08-18 13:22:18,8.0,8
Phayao,2026-09-14,2026-08-18 13:22:18,8.0,8
Phayao,2026-09-15,2026-08-18 13:22:18,8.0,8
Phayao,2026-09-16,2026-08-18 13:22:18,8.0,8
Phetchabun,2026-08-06,2026-08-06 22:34:16,275.5,31
Phetchabun,2026-08-07,2026-08-07 23:17:46,912.5,66
Phetchabun,2026-08-08,2026-08-09 00:04:29,535.0,91
Phetchabun,2026-08-09,2026-08-09 21:18:52,687.5,60
Phetchabun,2026-08-10,2026-08-10 23:33:11,848.0,113
Phetchabun,2026-08-11,2026-08-11 23:18:08,941.5,106
Phetchabun,2026-08-12,2026-08-13 00:02:55,824.0,126
Phetchabun,2026-08-13,2026-08-13 22:20:14,1351.0,132
Phetchabun,2026-08-14,2026-08-15 00:02:40,1241.0,148
Phetchabun,2026-08-15,2026-08-16 00:02:33,1949.0,194
Phetchabun,2026-08-16,2026-08-16 20:33:13,2530.5,197
Phetchabun,2026-08-17,2026-08-17 20:48:25,2733.5,249
Phetchabun,2026-08-18,2026-08-18 22:03:44,3180.5,287
Phetchabun,2026-08-19,2026-08-18 23:48:42,2798.5,227
Phetchabun,2026-08-20,2026-08-18 23:32:45,2484.5,223
Phetchabun,2026-08-21,2026-08-18 00:02:04,1306.0,131
Phetchabun,2026-08-22,2026-08-18 18:49:55,1148.0,112
Phetchabun,2026-08-23,2026-08-17 13:07:27,878.0,89
Phetchabun,2026-08-24,2026-08-17 13:07:27,672.0,94
Phetchabun,2026-08-25,2026-08-18 13:51:17,1149.0,135
Phetchabun,2026-08-26,2026-08-18 04:28:56,1238.0,111
Phetchabun,2026-08-27,2026-08-17 09:02:13,969.0,102
Phetchabun,2026-08-28,2026-08-14 18:06:43,107.0,63
Phetchabun,2026-08-29,2026-08-14 10:18:35,11.0,21
Phetchabun,2026-08-30,2026-08-14 10:18:35,10.0,27
Phetchabun,2026-08-31,2026-08-07 22:17:55,10.0,6
Phetchabun,2026-09-04,2026-08-09 00:17:03,8.0,4
Phetchabun,2026-09-07,2026-08-18 21:16:11,67.0,26
Phetchabun,2026-09-09,2026-08-18 03:45:52,21.0,10
Phetchabun,2026-09-10,2026-08-17 20:48:25,7.0,7
Phetchabun,2026-09-13,2026-08-18 22:32:31,14.0,8
Phetchabun,2026-09-14,2026-08-18 22:48:21,17.0,25
Phetchaburi,2026-08-05,2026-08-05 23:32:15,158.0,6
Phetchaburi,2026-08-06,2026-08-06 23:47:54,685.0,35
Phetchaburi,2026-08-07,2026-08-07 23:17:46,960.0,42
Phetchaburi,2026-08-08,2026-08-08 22:03:58,1014.0,71
Phetchaburi,2026-08-09,2026-08-10 00:01:59,882.0,61
Phetchaburi,2026-08-10,2026-08-10 22:03:29,1574.0,75
Phetchaburi,2026-08-11,2026-08-11 23:04:09,1272.0,75
Phetchaburi,2026-08-12,2026-08-12 22:18:20,1804.5,86
Phetchaburi,2026-08-13,2026-08-13 20:49:38,1888.5,96
Phetchaburi,2026-08-14,2026-08-15 00:02:40,2652.5,123
Phetchaburi,2026-08-15,2026-08-15 22:17:43,4483.0,178
Phetchaburi,2026-08-16,2026-08-16 23:18:43,2589.5,122
Phetchaburi,2026-08-17,2026-08-18 00:02:04,3643.5,204
Phetchaburi,2026-08-18,2026-08-18 18:49:55,3850.0,148
Phetchaburi,2026-08-19,2026-08-18 21:31:44,4014.5,146
Phetchaburi,2026-08-20,2026-08-18 17:07:13,3049.5,121
Phetchaburi,2026-08-21,2026-08-18 23:48:42,4086.0,152
Phetchaburi,2026-08-22,2026-08-18 23:48:42,4099.5,180
Phetchaburi,2026-08-23,2026-08-18 23:48:42,1876.0,74
Phetchaburi,2026-08-24,2026-08-17 23:49:11,2200.0,68
Phetchaburi,2026-08-25,2026-08-17 14:53:50,1150.0,49
Phetchaburi,2026-08-26,2026-08-17 14:53:50,965.0,39
Phetchaburi,2026-08-27,2026-08-18 22:17:43,429.0,33
Phetchaburi,2026-08-28,2026-08-18 15:51:26,1220.0,75
Phetchaburi,2026-08-29,2026-08-18 13:51:17,1968.0,123
Phetchaburi,2026-08-30,2026-08-18 03:45:52,300.0,19
Phetchaburi,2026-08-31,2026-08-18 03:45:52,299.0,13
Phetchaburi,2026-09-01,2026-08-15 02:15:15,6.0,38
Phetchaburi,2026-09-02,2026-08-18 13:37:28,26.0,45
Phetchaburi,2026-09-03,2026-08-18 13:37:28,16.0,40
Phetchaburi,2026-09-04,2026-08-18 13:37:28,0.0,42
Phetchaburi,2026-09-05,2026-08-18 07:30:03,4.0,107
Phetchaburi,2026-09-06,2026-08-12 18:17:21,0.0,10
Phetchaburi,2026-09-07,2026-08-18 01:02:44,16.0,14
Phetchaburi,2026-09-08,2026-08-14 12:35:43,0.0,13
Phetchaburi,2026-09-09,2026-08-18 18:04:18,24.0,18
Phetchaburi,2026-09-12,2026-08-18 13:05:37,19.0,65
Phetchaburi,2026-09-15,2026-08-17 11:06:49,0.0,8
Phichit,2026-08-05,2026-08-05 23:32:15,2.0,1
Phichit,2026-08-06,2026-08-06 21:03:52,110.5,18
Phichit,2026-08-07,2026-08-07 23:17:46,301.0,29
Phichit,2026-08-08,2026-08-08 23:48:13,469.0,66
Phichit,2026-08-09,2026-08-10 00:01:59,158.0,19
Phichit,2026-08-10,2026-08-10 16:52:47,451.5,59
Phichit,2026-08-11,2026-08-11 21:34:49,389.0,66
Phichit,2026-08-12,2026-08-13 00:02:55,292.0,35
Phichit,2026-08-13,2026-08-13 22:48:48,560.5,68
Phichit,2026-08-14,2026-08-14 22:19:34,891.0,100
Phichit,2026-08-15,2026-08-15 21:16:56,569.0,74
Phichit,2026-08-16,2026-08-16 23:18:43,675.0,69
Phichit,2026-08-17,2026-08-17 20:34:23,888.0,101
Phichit,2026-08-18,2026-08-18 21:31:44,1634.0,157
Phichit,2026-08-19,2026-08-18 23:03:17,1519.5,168
Phichit,2026-08-20,2026-08-18 19:05:06,686.5,68
Phichit,2026-08-21,2026-08-18 11:35:49,334.0,57
Phichit,2026-08-22,2026-08-18 07:59:54,309.0,50
Phichit,2026-08-23,2026-08-15 20:32:31,139.0,23
Phichit,2026-08-24,2026-08-17 11:51:47,151.0,17
Phichit,2026-08-25,2026-08-18 14:05:44,195.0,22
Phichit,2026-08-26,2026-08-13 15:07:14,17.0,7
Phichit,2026-08-27,2026-08-18 18:04:18,202.0,46
Phichit,2026-08-28,2026-08-18 14:05:44,91.0,39
Phichit,2026-08-29,2026-08-18 23:48:42,82.0,36
Phichit,2026-08-30,2026-08-14 19:05:53,36.0,17
Phichit,2026-08-31,2026-08-15 12:16:50,20.0,10
Phichit,2026-09-01,2026-08-18 09:47:39,128.0,11
Phichit,2026-09-02,2026-08-18 09:47:39,0.0,8
Phichit,2026-09-03,2026-08-18 16:06:39,0.0,25
Phichit,2026-09-04,2026-08-18 16:06:39,10.0,47
Phichit,2026-09-05,2026-08-18 16:06:39,56.0,126
Phichit,2026-09-06,2026-08-15 23:18:01,0.0,19
Phichit,2026-09-07,2026-08-18 20:32:59,46.5,33
Phichit,2026-09-08,2026-08-15 23:18:01,0.0,17
Phichit,2026-09-09,2026-08-15 23:18:01,0.0,11
Phichit,2026-09-10,2026-08-15 23:18:01,0.0,8
Phichit,2026-09-11,2026-08-18 16:21:17,35.0,11
Phichit,2026-09-12,2026-08-18 23:32:45,60.0,23
Phichit,2026-09-13,2026-08-18 16:21:17,21.0,7
Phichit,2026-09-14,2026-08-18 13:05:37,24.0,8
Phichit,2026-09-15,2026-08-18 13:05:37,24.0,8
Phitsanulok,2026-08-05,2026-08-05 23:32:15,302.0,8
Phitsanulok,2026-08-06,2026-08-06 23:47:54,1900.5,48
Phitsanulok,2026-08-07,2026-08-07 23:17:46,2592.5,80
Phitsanulok,2026-08-08,2026-08-08 23:48:13,3129.0,107
Phitsanulok,2026-08-09,2026-08-10 00:01:59,3095.5,98
Phitsanulok,2026-08-10,2026-08-10 23:33:11,5386.5,179
Phitsanulok,2026-08-11,2026-08-11 23:47:31,4286.0,148
Phitsanulok,2026-08-12,2026-08-13 00:02:55,5105.5,183
Phitsanulok,2026-08-13,2026-08-13 22:48:48,4698.0,167
Phitsanulok,2026-08-14,2026-08-15 00:02:40,5679.0,197
Phitsanulok,2026-08-15,2026-08-16 00:02:33,5995.0,231
Phitsanulok,2026-08-16,2026-08-17 00:02:53,7155.5,254
Phitsanulok,2026-08-17,2026-08-17 23:49:11,14060.0,418
Phitsanulok,2026-08-18,2026-08-18 23:19:38,11102.0,387
Phitsanulok,2026-08-19,2026-08-18 23:32:45,8304.5,313
Phitsanulok,2026-08-20,2026-08-18 23:48:42,7082.5,276
Phitsanulok,2026-08-21,2026-08-18 21:03:06,3308.0,157
Phitsanulok,2026-08-22,2026-08-18 21:03:06,3482.0,147
Phitsanulok,2026-08-23,2026-08-18 19:05:06,2865.0,140
Phitsanulok,2026-08-24,2026-08-18 17:49:59,5797.5,406
Phitsanulok,2026-08-25,2026-08-18 17:49:59,5508.5,412
Phitsanulok,2026-08-26,2026-08-18 17:49:59,3929.5,368
Phitsanulok,2026-08-27,2026-08-18 18:04:18,3579.0,373
Phitsanulok,2026-08-28,2026-08-18 17:49:59,3199.0,365
Phitsanulok,2026-08-29,2026-08-18 23:03:17,1269.0,97
Phitsanulok,2026-08-30,2026-08-17 04:58:33,169.0,43
Phitsanulok,2026-08-31,2026-08-14 21:48:26,38.0,36
Phitsanulok,2026-09-01,2026-08-18 23:48:42,339.0,56
Phitsanulok,2026-09-02,2026-08-18 18:04:18,98.0,50
Phitsanulok,2026-09-03,2026-08-18 20:32:59,98.0,64
Phitsanulok,2026-09-04,2026-08-18 17:07:13,34.5,50
Phitsanulok,2026-09-05,2026-08-18 17:07:13,14.5,99
Phitsanulok,2026-09-06,2026-08-18 21:03:06,29.0,50
Phitsanulok,2026-09-07,2026-08-18 22:32:31,211.5,86
Phitsanulok,2026-09-08,2026-08-18 12:21:35,19.0,21
Phitsanulok,2026-09-09,2026-08-13 15:20:17,39.0,17
Phitsanulok,2026-09-10,2026-08-17 14:53:50,31.0,13
Phitsanulok,2026-09-11,2026-08-13 15:20:17,19.0,7
Phitsanulok,2026-09-12,2026-08-18 16:50:50,0.0,7
Phitsanulok,2026-09-13,2026-08-18 21:03:06,6.0,15
Phitsanulok,2026-09-14,2026-08-18 16:50:50,0.0,7
Phitsanulok,2026-09-15,2026-08-18 16:50:50,9.0,19
Phitsanulok,2026-09-16,2026-08-18 16:50:50,0.0,14
Phra Nakhon Si Ayutthaya,2026-08-05,2026-08-05 23:32:15,14.0,5
Phra Nakhon Si Ayutthaya,2026-08-06,2026-08-06 23:47:54,662.5,42
Phra Nakhon Si Ayutthaya,2026-08-07,2026-08-07 23:17:46,1030.0,48
Phra Nakhon Si Ayutthaya,2026-08-08,2026-08-09 00:04:29,1491.5,84
Phra Nakhon Si Ayutthaya,2026-08-09,2026-08-10 00:01:59,1495.5,70
Phra Nakhon Si Ayutthaya,2026-08-10,2026-08-10 20:21:06,1473.0,72
Phra Nakhon Si Ayutthaya,2026-08-11,2026-08-11 23:47:31,1135.0,88
Phra Nakhon Si Ayutthaya,2026-08-12,2026-08-13 00:02:55,1964.0,111
Phra Nakhon Si Ayutthaya,2026-08-13,2026-08-13 22:48:48,2337.0,129
Phra Nakhon Si Ayutthaya,2026-08-14,2026-08-15 00:02:40,3155.5,138
Phra Nakhon Si Ayutthaya,2026-08-15,2026-08-16 00:02:33,4196.5,179
Phra Nakhon Si Ayutthaya,2026-08-16,2026-08-16 23:33:18,4117.5,174
Phra Nakhon Si Ayutthaya,2026-08-17,2026-08-18 00:02:04,3742.0,193
Phra Nakhon Si Ayutthaya,2026-08-18,2026-08-18 23:48:42,3581.0,227
Phra Nakhon Si Ayutthaya,2026-08-19,2026-08-18 23:03:17,3087.0,184
Phra Nakhon Si Ayutthaya,2026-08-20,2026-08-18 23:03:17,2019.0,115
Phra Nakhon Si Ayutthaya,2026-08-21,2026-08-18 22:48:21,2470.5,109
Phra Nakhon Si Ayutthaya,2026-08-22,2026-08-17 23:49:11,1487.5,53
Phra Nakhon Si Ayutthaya,2026-08-23,2026-08-18 18:36:06,1382.0,66
Phra Nakhon Si Ayutthaya,2026-08-24,2026-08-18 20:17:46,1102.5,55
Phra Nakhon Si Ayutthaya,2026-08-25,2026-08-18 20:17:46,1180.0,54
Phra Nakhon Si Ayutthaya,2026-08-26,2026-08-17 23:49:11,273.0,32
Phra Nakhon Si Ayutthaya,2026-08-27,2026-08-17 23:49:11,181.0,33
Phra Nakhon Si Ayutthaya,2026-08-28,2026-08-18 23:03:17,568.0,54
Phra Nakhon Si Ayutthaya,2026-08-29,2026-08-18 14:36:30,1075.0,40
Phra Nakhon Si Ayutthaya,2026-08-30,2026-08-17 23:49:11,202.0,23
Phra Nakhon Si Ayutthaya,2026-08-31,2026-08-13 17:07:45,0.0,6
Phra Nakhon Si Ayutthaya,2026-09-01,2026-08-14 19:05:53,4.0,9
Phra Nakhon Si Ayutthaya,2026-09-02,2026-08-14 19:05:53,0.0,5
Phra Nakhon Si Ayutthaya,2026-09-05,2026-08-15 16:18:29,16.0,8
Phra Nakhon Si Ayutthaya,2026-09-06,2026-08-15 16:18:29,16.0,8
Phra Nakhon Si Ayutthaya,2026-09-07,2026-08-18 11:35:49,48.0,22
Phra Nakhon Si Ayutthaya,2026-09-09,2026-08-16 22:17:36,0.0,8
Phra Nakhon Si Ayutthaya,2026-09-11,2026-08-18 00:47:09,29.0,15
Phra Nakhon Si Ayutthaya,2026-09-12,2026-08-18 00:47:09,29.0,15
Phra Nakhon Si Ayutthaya,2026-09-13,2026-08-18 00:47:09,29.0,8
Phrae,2026-08-06,2026-08-06 19:19:19,6.0,15
Phrae,2026-08-07,2026-08-07 23:17:46,456.0,39
Phrae,2026-08-08,2026-08-09 00:04:29,617.5,47
Phrae,2026-08-09,2026-08-09 21:18:52,812.0,44
Phrae,2026-08-10,2026-08-10 22:03:29,1465.5,80
Phrae,2026-08-11,2026-08-11 23:47:31,937.5,75
Phrae,2026-08-12,2026-08-12 23:34:32,1313.5,90
Phrae,2026-08-13,2026-08-13 22:48:48,1865.5,109
Phrae,2026-08-14,2026-08-14 19:05:53,1601.5,122
Phrae,2026-08-15,2026-08-15 22:33:23,2538.5,150
Phrae,2026-08-16,2026-08-16 17:05:04,2320.0,108
Phrae,2026-08-17,2026-08-17 22:34:52,1989.5,142
Phrae,2026-08-18,2026-08-18 17:21:38,2581.5,185
Phrae,2026-08-19,2026-08-18 22:17:43,2185.0,141
Phrae,2026-08-20,2026-08-18 23:48:42,1881.0,113
Phrae,2026-08-21,2026-08-18 15:22:55,541.5,41
Phrae,2026-08-22,2026-08-18 15:22:55,492.0,44
Phrae,2026-08-23,2026-08-18 15:22:55,70.0,18
Phrae,2026-08-24,2026-08-13 19:20:57,40.0,5
Phrae,2026-08-25,2026-08-18 18:20:34,286.0,13
Phrae,2026-08-26,2026-08-18 13:05:37,524.0,22
Phrae,2026-08-27,2026-08-18 13:05:37,244.0,21
Phrae,2026-08-28,2026-08-18 13:05:37,278.0,18
Phrae,2026-08-29,2026-08-18 13:05:37,595.0,29
Phrae,2026-08-30,2026-08-17 14:53:50,160.0,5
Phrae,2026-09-02,2026-08-11 03:59:52,0.0,3
Phrae,2026-09-03,2026-08-11 03:59:52,0.0,3
Phrae,2026-09-04,2026-08-11 03:59:52,0.0,3
Phrae,2026-09-05,2026-08-14 12:35:43,0.0,5
Phrae,2026-09-06,2026-08-18 12:51:07,16.0,8
Phrae,2026-09-07,2026-08-17 02:29:52,18.0,6
Phrae,2026-09-09,2026-08-15 00:02:40,14.0,7
Phrae,2026-09-10,2026-08-17 20:48:25,21.0,14
Phrae,2026-09-11,2026-08-15 00:02:40,14.0,7
Phrae,2026-09-12,2026-08-15 00:02:40,14.0,7
Phuket,2026-08-05,2026-08-05 23:32:15,338.0,8
Phuket,2026-08-06,2026-08-06 23:47:54,1010.5,30
Phuket,2026-08-07,2026-08-07 17:05:42,2172.5,54
Phuket,2026-08-08,2026-08-09 00:04:29,3807.5,92
Phuket,2026-08-09,2026-08-10 00:01:59,4458.5,111
Phuket,2026-08-10,2026-08-10 23:33:11,7105.0,157
Phuket,2026-08-11,2026-08-11 23:47:31,6837.5,159
Phuket,2026-08-12,2026-08-13 00:02:55,7567.5,174
Phuket,2026-08-13,2026-08-13 19:20:57,7327.0,168
Phuket,2026-08-14,2026-08-15 00:02:40,6890.5,176
Phuket,2026-08-15,2026-08-16 00:02:33,10399.0,266
Phuket,2026-08-16,2026-08-16 23:18:43,12423.5,290
Phuket,2026-08-17,2026-08-18 00:02:04,13761.5,344
Phuket,2026-08-18,2026-08-18 21:16:11,15391.5,371
Phuket,2026-08-19,2026-08-18 21:16:11,15218.0,354
Phuket,2026-08-20,2026-08-18 19:48:47,12802.0,315
Phuket,2026-08-21,2026-08-18 23:48:42,11426.5,300
Phuket,2026-08-22,2026-08-18 23:48:42,11350.0,334
Phuket,2026-08-23,2026-08-18 23:48:42,6934.0,247
Phuket,2026-08-24,2026-08-18 23:48:42,8426.5,267
Phuket,2026-08-25,2026-08-18 23:48:42,5743.0,224
Phuket,2026-08-26,2026-08-18 17:34:59,7039.0,274
Phuket,2026-08-27,2026-08-18 14:49:01,7037.5,278
Phuket,2026-08-28,2026-08-18 23:19:38,4365.5,204
Phuket,2026-08-29,2026-08-18 23:19:38,5752.5,353
Phuket,2026-08-30,2026-08-18 21:03:06,2708.5,234
Phuket,2026-08-31,2026-08-18 21:03:06,2952.5,245
Phuket,2026-09-01,2026-08-18 23:19:38,1390.5,220
Phuket,2026-09-02,2026-08-18 20:47:57,457.0,232
Phuket,2026-09-03,2026-08-18 20:47:57,504.0,206
Phuket,2026-09-04,2026-08-18 20:47:57,575.0,242
Phuket,2026-09-05,2026-08-18 20:47:57,563.5,343
Phuket,2026-09-06,2026-08-18 13:51:17,172.0,154
Phuket,2026-09-07,2026-08-18 18:49:55,236.5,147
Phuket,2026-09-08,2026-08-18 23:48:42,166.5,125
Phuket,2026-09-09,2026-08-18 23:48:42,91.5,101
Phuket,2026-09-10,2026-08-18 23:48:42,91.5,110
Phuket,2026-09-11,2026-08-18 23:48:42,61.0,121
Phuket,2026-09-12,2026-08-18 23:48:42,65.5,184
Phuket,2026-09-13,2026-08-18 23:48:42,126.0,101
Phuket,2026-09-14,2026-08-18 23:48:42,80.0,60
Phuket,2026-09-15,2026-08-18 23:48:42,32.0,20
Phuket,2026-09-16,2026-08-18 23:48:42,32.0,20
Prachin Buri,2026-08-05,2026-08-05 23:32:15,119.0,7
Prachin Buri,2026-08-06,2026-08-06 23:47:54,645.5,33
Prachin Buri,2026-08-07,2026-08-07 23:17:46,1173.0,72
Prachin Buri,2026-08-08,2026-08-09 00:04:29,1109.5,75
Prachin Buri,2026-08-09,2026-08-09 21:18:52,988.0,67
Prachin Buri,2026-08-10,2026-08-10 23:33:11,1563.5,101
Prachin Buri,2026-08-11,2026-08-11 23:47:31,1183.0,61
Prachin Buri,2026-08-12,2026-08-12 14:21:34,1055.0,60
Prachin Buri,2026-08-13,2026-08-13 22:48:48,1735.5,110
Prachin Buri,2026-08-14,2026-08-15 00:02:40,1131.5,93
Prachin Buri,2026-08-15,2026-08-15 17:03:19,1340.5,140
Prachin Buri,2026-08-16,2026-08-16 20:04:37,868.0,107
Prachin Buri,2026-08-17,2026-08-17 23:18:04,2807.5,189
Prachin Buri,2026-08-18,2026-08-18 22:48:21,4710.5,257
Prachin Buri,2026-08-19,2026-08-18 23:48:42,3063.0,188
Prachin Buri,2026-08-20,2026-08-18 23:48:42,3281.0,203
Prachin Buri,2026-08-21,2026-08-18 23:48:42,1226.5,108
Prachin Buri,2026-08-22,2026-08-18 23:48:42,888.0,77
Prachin Buri,2026-08-23,2026-08-18 19:20:48,993.0,78
Prachin Buri,2026-08-24,2026-08-18 18:49:55,635.0,48
Prachin Buri,2026-08-25,2026-08-18 18:49:55,377.0,54
Prachin Buri,2026-08-26,2026-08-18 23:48:42,267.0,37
Prachin Buri,2026-08-27,2026-08-18 18:49:55,439.0,42
Prachin Buri,2026-08-28,2026-08-18 18:49:55,125.0,28
Prachin Buri,2026-08-29,2026-08-18 22:48:21,121.0,39
Prachin Buri,2026-08-30,2026-08-18 18:49:55,161.5,45
Prachin Buri,2026-08-31,2026-08-17 12:22:25,140.0,28
Prachin Buri,2026-09-01,2026-08-17 12:22:25,0.0,15
Prachin Buri,2026-09-02,2026-08-17 12:22:25,0.0,15
Prachin Buri,2026-09-03,2026-08-17 12:22:25,0.0,15
Prachin Buri,2026-09-04,2026-08-08 20:03:27,0.0,7
Prachin Buri,2026-09-05,2026-08-17 14:53:50,33.0,17
Prachin Buri,2026-09-06,2026-08-17 14:53:50,3.0,8
Prachin Buri,2026-09-07,2026-08-10 13:06:48,0.0,6
Prachuapkhirikhan,2026-08-05,2026-08-05 23:32:15,58.0,8
Prachuapkhirikhan,2026-08-06,2026-08-06 23:47:54,550.5,50
Prachuapkhirikhan,2026-08-07,2026-08-07 23:17:46,994.0,59
Prachuapkhirikhan,2026-08-08,2026-08-09 00:04:29,1832.5,110
Prachuapkhirikhan,2026-08-09,2026-08-10 00:01:59,1894.5,107
Prachuapkhirikhan,2026-08-10,2026-08-10 23:33:11,3129.5,150
Prachuapkhirikhan,2026-08-11,2026-08-11 23:47:31,2595.5,147
Prachuapkhirikhan,2026-08-12,2026-08-13 00:02:55,3144.5,150
Prachuapkhirikhan,2026-08-13,2026-08-13 22:48:48,3207.0,158
Prachuapkhirikhan,2026-08-14,2026-08-15 00:02:40,2742.5,168
Prachuapkhirikhan,2026-08-15,2026-08-16 00:02:33,5205.0,260
Prachuapkhirikhan,2026-08-16,2026-08-17 00:02:53,4342.0,244
Prachuapkhirikhan,2026-08-17,2026-08-18 00:02:04,5794.0,283
Prachuapkhirikhan,2026-08-18,2026-08-18 23:32:45,6825.0,289
Prachuapkhirikhan,2026-08-19,2026-08-18 23:48:42,8217.0,335
Prachuapkhirikhan,2026-08-20,2026-08-18 23:48:42,4815.5,301
Prachuapkhirikhan,2026-08-21,2026-08-18 23:48:42,4443.0,194
Prachuapkhirikhan,2026-08-22,2026-08-18 23:48:42,4235.5,219
Prachuapkhirikhan,2026-08-23,2026-08-18 23:48:42,2809.5,150
Prachuapkhirikhan,2026-08-24,2026-08-18 23:48:42,2819.5,114
Prachuapkhirikhan,2026-08-25,2026-08-18 23:48:42,4179.5,151
Prachuapkhirikhan,2026-08-26,2026-08-18 23:48:42,2160.0,96
Prachuapkhirikhan,2026-08-27,2026-08-18 23:48:42,2633.0,121
Prachuapkhirikhan,2026-08-28,2026-08-18 23:48:42,1843.0,140
Prachuapkhirikhan,2026-08-29,2026-08-18 23:48:42,2092.0,190
Prachuapkhirikhan,2026-08-30,2026-08-17 21:03:00,270.0,68
Prachuapkhirikhan,2026-08-31,2026-08-18 19:05:06,1395.5,96
Prachuapkhirikhan,2026-09-01,2026-08-18 17:34:59,1022.5,186
Prachuapkhirikhan,2026-09-02,2026-08-18 17:34:59,155.0,162
Prachuapkhirikhan,2026-09-03,2026-08-16 19:02:45,18.5,114
Prachuapkhirikhan,2026-09-04,2026-08-14 22:19:34,3.0,96
Prachuapkhirikhan,2026-09-05,2026-08-18 23:48:42,35.0,139
Prachuapkhirikhan,2026-09-06,2026-08-15 13:02:53,9.0,39
Prachuapkhirikhan,2026-09-07,2026-08-18 13:05:37,33.0,33
Prachuapkhirikhan,2026-09-08,2026-08-14 22:19:34,0.0,13
Prachuapkhirikhan,2026-09-09,2026-08-18 19:05:06,17.0,34
Prachuapkhirikhan,2026-09-10,2026-08-17 14:53:50,5.0,7
Prachuapkhirikhan,2026-09-11,2026-08-18 20:32:59,0.0,16
Prachuapkhirikhan,2026-09-12,2026-08-18 22:48:21,3.5,63
Prachuapkhirikhan,2026-09-14,2026-08-18 13:22:18,77.5,26
Prachuapkhirikhan,2026-09-15,2026-08-18 13:22:18,85.5,34
Prachuapkhirikhan,2026-09-16,2026-08-18 13:22:18,84.5,25
Ranong,2026-08-06,2026-08-06 23:47:54,204.5,26
Ranong,2026-08-07,2026-08-07 13:33:38,156.0,8
Ranong,2026-08-08,2026-08-08 22:03:58,412.0,17
Ranong,2026-08-09,2026-08-09 21:18:52,1465.0,41
Ranong,2026-08-10,2026-08-10 23:33:11,636.0,39
Ranong,2026-08-11,2026-08-11 23:47:31,628.0,34
Ranong,2026-08-12,2026-08-12 19:03:10,640.0,37
Ranong,2026-08-13,2026-08-13 19:20:57,1362.5,76
Ranong,2026-08-14,2026-08-15 00:02:40,1001.0,84
Ranong,2026-08-15,2026-08-15 23:01:49,1693.0,66
Ranong,2026-08-16,2026-08-16 21:48:56,2037.0,74
Ranong,2026-08-17,2026-08-17 22:17:37,1447.0,124
Ranong,2026-08-18,2026-08-18 18:36:06,2763.0,136
Ranong,2026-08-19,2026-08-18 22:03:44,2062.5,102
Ranong,2026-08-20,2026-08-18 23:48:42,1286.0,54
Ranong,2026-08-21,2026-08-18 13:22:18,264.0,34
Ranong,2026-08-22,2026-08-18 23:48:42,1123.0,35
Ranong,2026-08-23,2026-08-18 23:48:42,1112.0,43
Ranong,2026-08-24,2026-08-17 13:07:27,332.0,45
Ranong,2026-08-25,2026-08-18 11:35:49,107.0,25
Ranong,2026-08-26,2026-08-17 17:22:18,125.0,20
Ranong,2026-08-27,2026-08-13 22:48:48,0.0,4
Ranong,2026-08-28,2026-08-17 03:28:53,666.0,39
Ranong,2026-08-29,2026-08-15 22:03:19,339.0,30
Ranong,2026-08-30,2026-08-14 01:45:50,0.0,9
Ranong,2026-09-01,2026-08-14 19:05:53,4.0,12
Ranong,2026-09-02,2026-08-18 21:31:44,4.0,27
Ranong,2026-09-03,2026-08-18 14:49:01,0.0,14
Ranong,2026-09-06,2026-08-17 20:34:23,14.0,10
Ranong,2026-09-07,2026-08-17 20:34:23,14.5,24
Ranong,2026-09-08,2026-08-15 12:32:10,0.0,7
Ranong,2026-09-09,2026-08-16 23:03:25,0.0,14
Ranong,2026-09-10,2026-08-12 15:17:29,0.0,6
Ranong,2026-09-11,2026-08-14 12:04:58,0.0,4
Ranong,2026-09-14,2026-08-17 02:45:01,14.0,7
Ranong,2026-09-15,2026-08-17 02:45:01,11.5,9
Ranong,2026-09-16,2026-08-18 19:05:06,52.0,15
Ratchaburi,2026-08-05,2026-08-05 23:32:15,111.5,8
Ratchaburi,2026-08-06,2026-08-06 23:47:54,452.5,42
Ratchaburi,2026-08-07,2026-08-07 23:17:46,504.5,55
Ratchaburi,2026-08-08,2026-08-08 23:34:10,697.0,81
Ratchaburi,2026-08-09,2026-08-09 23:18:46,1452.0,90
Ratchaburi,2026-08-10,2026-08-10 20:21:06,1595.0,114
Ratchaburi,2026-08-11,2026-08-11 23:47:31,1623.0,117
Ratchaburi,2026-08-12,2026-08-13 00:02:55,2411.0,121
Ratchaburi,2026-08-13,2026-08-13 22:48:48,2446.0,147
Ratchaburi,2026-08-14,2026-08-15 00:02:40,2069.5,157
Ratchaburi,2026-08-15,2026-08-15 22:47:21,2064.0,225
Ratchaburi,2026-08-16,2026-08-17 00:02:53,2003.5,165
Ratchaburi,2026-08-17,2026-08-18 00:02:04,4160.5,250
Ratchaburi,2026-08-18,2026-08-18 23:48:42,3260.5,231
Ratchaburi,2026-08-19,2026-08-18 19:20:48,3180.5,181
Ratchaburi,2026-08-20,2026-08-18 23:48:42,3627.5,204
Ratchaburi,2026-08-21,2026-08-18 23:48:42,2945.5,165
Ratchaburi,2026-08-22,2026-08-18 15:51:26,3199.5,237
Ratchaburi,2026-08-23,2026-08-18 23:48:42,1162.5,95
Ratchaburi,2026-08-24,2026-08-18 17:07:13,541.0,73
Ratchaburi,2026-08-25,2026-08-18 17:07:13,632.0,40
Ratchaburi,2026-08-26,2026-08-18 20:04:15,573.0,62
Ratchaburi,2026-08-27,2026-08-18 06:59:13,96.0,49
Ratchaburi,2026-08-28,2026-08-18 12:36:04,412.0,95
Ratchaburi,2026-08-29,2026-08-18 23:48:42,1720.0,195
Ratchaburi,2026-08-30,2026-08-17 14:06:34,54.0,30
Ratchaburi,2026-08-31,2026-08-18 17:07:13,84.0,36
Ratchaburi,2026-09-01,2026-08-18 17:07:13,65.0,84
Ratchaburi,2026-09-02,2026-08-18 17:07:13,96.5,74
Ratchaburi,2026-09-03,2026-08-18 18:04:18,99.0,122
Ratchaburi,2026-09-04,2026-08-18 23:48:42,99.0,115
Ratchaburi,2026-09-05,2026-08-18 17:07:13,36.0,85
Ratchaburi,2026-09-06,2026-08-18 17:07:13,22.0,8
Ratchaburi,2026-09-07,2026-08-18 17:49:59,117.5,66
Ratchaburi,2026-09-08,2026-08-18 17:07:13,105.5,50
Ratchaburi,2026-09-09,2026-08-15 10:33:43,52.5,33
Ratchaburi,2026-09-10,2026-08-17 01:02:25,0.0,18
Ratchaburi,2026-09-11,2026-08-18 16:06:39,0.0,32
Ratchaburi,2026-09-12,2026-08-18 23:32:45,0.0,81
Rayong,2026-08-05,2026-08-05 22:33:47,187.0,4
Rayong,2026-08-06,2026-08-06 23:47:54,2019.0,51
Rayong,2026-08-07,2026-08-07 23:17:46,2794.5,74
Rayong,2026-08-08,2026-08-09 00:04:29,2805.5,124
Rayong,2026-08-09,2026-08-10 00:01:59,3851.0,98
Rayong,2026-08-10,2026-08-10 23:33:11,6260.0,160
Rayong,2026-08-11,2026-08-11 23:34:06,5014.0,138
Rayong,2026-08-12,2026-08-13 00:02:55,5243.5,154
Rayong,2026-08-13,2026-08-13 22:48:48,7557.5,206
Rayong,2026-08-14,2026-08-15 00:02:40,7322.5,207
Rayong,2026-08-15,2026-08-16 00:02:33,7240.5,280
Rayong,2026-08-16,2026-08-16 21:48:56,8757.5,296
Rayong,2026-08-17,2026-08-18 00:02:04,17389.5,468
Rayong,2026-08-18,2026-08-18 23:48:42,12956.0,395
Rayong,2026-08-19,2026-08-18 23:48:42,13542.5,406
Rayong,2026-08-20,2026-08-18 23:48:42,10974.0,378
Rayong,2026-08-21,2026-08-18 23:48:42,7601.0,315
Rayong,2026-08-22,2026-08-18 23:48:42,5672.0,275
Rayong,2026-08-23,2026-08-18 21:48:45,1689.5,139
Rayong,2026-08-24,2026-08-18 19:20:48,3735.0,192
Rayong,2026-08-25,2026-08-18 18:36:06,2317.0,163
Rayong,2026-08-26,2026-08-18 18:49:55,3238.5,165
Rayong,2026-08-27,2026-08-18 18:49:55,3105.0,135
Rayong,2026-08-28,2026-08-18 23:48:42,3049.0,137
Rayong,2026-08-29,2026-08-18 19:34:59,2832.0,193
Rayong,2026-08-30,2026-08-18 19:34:59,550.0,85
Rayong,2026-08-31,2026-08-18 17:21:38,1474.0,82
Rayong,2026-09-01,2026-08-18 22:03:44,621.0,80
Rayong,2026-09-02,2026-08-18 22:03:44,129.0,91
Rayong,2026-09-03,2026-08-18 19:05:06,127.0,70
Rayong,2026-09-04,2026-08-18 23:48:42,71.5,90
Rayong,2026-09-05,2026-08-18 23:48:42,77.0,169
Rayong,2026-09-06,2026-08-18 15:51:26,18.0,44
Rayong,2026-09-07,2026-08-18 23:48:42,266.5,142
Rayong,2026-09-08,2026-08-18 12:21:35,23.0,45
Rayong,2026-09-09,2026-08-18 12:21:35,14.0,26
Rayong,2026-09-10,2026-08-18 12:21:35,37.0,28
Rayong,2026-09-11,2026-08-18 12:21:35,30.0,30
Rayong,2026-09-12,2026-08-18 18:20:34,46.0,88
Rayong,2026-09-13,2026-08-18 21:03:06,9.0,22
Rayong,2026-09-14,2026-08-18 22:03:44,32.0,25
Rayong,2026-09-15,2026-08-18 22:03:44,0.0,16
Rayong,2026-09-16,2026-08-18 22:03:44,0.0,16
Roi Et,2026-08-05,2026-08-05 23:32:15,19.0,8
Roi Et,2026-08-06,2026-08-06 23:47:54,256.0,29
Roi Et,2026-08-07,2026-08-07 23:17:46,596.5,62
Roi Et,2026-08-08,2026-08-09 00:04:29,519.0,87
Roi Et,2026-08-09,2026-08-10 00:01:59,620.5,84
Roi Et,2026-08-10,2026-08-10 21:48:06,813.5,100
Roi Et,2026-08-11,2026-08-11 23:47:31,581.0,126
Roi Et,2026-08-12,2026-08-12 23:03:03,1301.5,146
Roi Et,2026-08-13,2026-08-13 22:48:48,1623.0,168
Roi Et,2026-08-14,2026-08-14 23:33:37,1306.5,256
Roi Et,2026-08-15,2026-08-15 23:18:01,1475.0,330
Roi Et,2026-08-16,2026-08-17 00:02:53,1287.5,147
Roi Et,2026-08-17,2026-08-17 23:18:04,3119.0,212
Roi Et,2026-08-18,2026-08-18 22:48:21,1979.0,223
Roi Et,2026-08-19,2026-08-18 23:48:42,1500.0,168
Roi Et,2026-08-20,2026-08-18 22:48:21,1792.0,202
Roi Et,2026-08-21,2026-08-18 15:36:48,1368.0,127
Roi Et,2026-08-22,2026-08-18 22:17:43,1194.5,114
Roi Et,2026-08-23,2026-08-17 21:48:04,386.0,52
Roi Et,2026-08-24,2026-08-17 02:59:11,162.0,42
Roi Et,2026-08-25,2026-08-18 11:50:18,93.0,12
Roi Et,2026-08-26,2026-08-17 01:30:11,150.0,23
Roi Et,2026-08-27,2026-08-18 11:50:18,114.0,46
Roi Et,2026-08-28,2026-08-18 14:05:44,277.0,71
Roi Et,2026-08-29,2026-08-16 22:03:33,123.0,53
Roi Et,2026-08-30,2026-08-13 00:17:47,7.0,19
Roi Et,2026-08-31,2026-08-18 17:07:13,251.0,42
Roi Et,2026-09-01,2026-08-18 06:14:00,157.0,36
Roi Et,2026-09-02,2026-08-18 06:14:00,78.0,28
Roi Et,2026-09-03,2026-08-18 06:14:00,62.0,24
Roi Et,2026-09-04,2026-08-18 06:14:00,62.0,33
Roi Et,2026-09-05,2026-08-18 06:14:00,14.0,23
Roi Et,2026-09-06,2026-08-18 06:14:00,14.0,23
Roi Et,2026-09-07,2026-08-17 12:22:25,32.0,31
Roi Et,2026-09-08,2026-08-14 19:05:53,24.0,22
Roi Et,2026-09-09,2026-08-14 19:05:53,0.0,7
Roi Et,2026-09-10,2026-08-16 01:16:50,16.0,15
Roi Et,2026-09-11,2026-08-17 14:53:50,16.0,22
Roi Et,2026-09-12,2026-08-17 22:02:24,49.0,39
Roi Et,2026-09-14,2026-08-18 23:48:42,0.0,8
Roi Et,2026-09-15,2026-08-18 23:48:42,0.0,20
Roi Et,2026-09-16,2026-08-18 15:36:48,0.0,6
Sa Kaeo,2026-08-05,2026-08-05 23:32:15,14.0,8
Sa Kaeo,2026-08-06,2026-08-06 21:34:13,385.5,27
Sa Kaeo,2026-08-07,2026-08-07 23:17:46,432.0,29
Sa Kaeo,2026-08-08,2026-08-09 00:04:29,473.0,50
Sa Kaeo,2026-08-09,2026-08-09 23:18:46,221.0,43
Sa Kaeo,2026-08-10,2026-08-10 20:21:06,416.0,66
Sa Kaeo,2026-08-11,2026-08-11 23:47:31,534.5,66
Sa Kaeo,2026-08-12,2026-08-12 21:49:15,674.0,80
Sa Kaeo,2026-08-13,2026-08-13 19:20:57,612.0,69
Sa Kaeo,2026-08-14,2026-08-15 00:02:40,844.5,87
Sa Kaeo,2026-08-15,2026-08-15 19:17:27,776.5,85
Sa Kaeo,2026-08-16,2026-08-17 00:02:53,897.5,143
Sa Kaeo,2026-08-17,2026-08-17 23:33:38,1563.5,198
Sa Kaeo,2026-08-18,2026-08-18 23:48:42,1349.0,224
Sa Kaeo,2026-08-19,2026-08-18 23:48:42,731.0,170
Sa Kaeo,2026-08-20,2026-08-18 23:48:42,405.5,164
Sa Kaeo,2026-08-21,2026-08-18 23:48:42,556.0,109
Sa Kaeo,2026-08-22,2026-08-17 11:37:14,187.0,54
Sa Kaeo,2026-08-23,2026-08-17 11:37:14,142.0,43
Sa Kaeo,2026-08-24,2026-08-18 22:03:44,127.0,37
Sa Kaeo,2026-08-25,2026-08-18 13:37:28,272.0,33
Sa Kaeo,2026-08-26,2026-08-18 13:37:28,534.0,31
Sa Kaeo,2026-08-27,2026-08-18 23:03:17,8.0,24
Sa Kaeo,2026-08-28,2026-08-18 11:04:55,134.0,15
Sa Kaeo,2026-08-29,2026-08-18 23:48:42,912.0,55
Sa Kaeo,2026-08-30,2026-08-09 12:47:46,6.0,3
Sa Kaeo,2026-08-31,2026-08-09 12:47:46,6.0,3
Sa Kaeo,2026-09-01,2026-08-09 12:47:46,10.0,7
Sa Kaeo,2026-09-02,2026-08-09 12:47:46,6.0,3
Sa Kaeo,2026-09-03,2026-08-09 12:47:46,6.0,3
Sa Kaeo,2026-09-04,2026-08-06 21:03:52,0.0,3
Sa Kaeo,2026-09-05,2026-08-17 01:45:29,0.0,15
Sa Kaeo,2026-09-07,2026-08-18 16:06:39,0.0,6
Sa Kaeo,2026-09-10,2026-08-15 04:30:26,0.0,10
Sa Kaeo,2026-09-11,2026-08-15 04:00:25,0.0,7
Sa Kaeo,2026-09-12,2026-08-18 06:14:00,0.0,7
Sakon Nakhon,2026-08-05,2026-08-05 23:32:15,0.0,8
Sakon Nakhon,2026-08-06,2026-08-06 19:19:19,451.0,17
Sakon Nakhon,2026-08-07,2026-08-07 23:17:46,531.0,28
Sakon Nakhon,2026-08-08,2026-08-08 22:03:58,820.0,66
Sakon Nakhon,2026-08-09,2026-08-10 00:01:59,501.5,50
Sakon Nakhon,2026-08-10,2026-08-10 23:33:11,884.0,63
Sakon Nakhon,2026-08-11,2026-08-11 21:34:49,848.5,65
Sakon Nakhon,2026-08-12,2026-08-12 15:47:49,1094.0,68
Sakon Nakhon,2026-08-13,2026-08-13 22:48:48,1261.5,88
Sakon Nakhon,2026-08-14,2026-08-14 21:48:26,1575.5,133
Sakon Nakhon,2026-08-15,2026-08-16 00:02:33,3074.5,210
Sakon Nakhon,2026-08-16,2026-08-17 00:02:53,833.0,75
Sakon Nakhon,2026-08-17,2026-08-18 00:02:04,1976.5,184
Sakon Nakhon,2026-08-18,2026-08-18 22:17:43,2367.0,162
Sakon Nakhon,2026-08-19,2026-08-18 22:03:44,1718.5,133
Sakon Nakhon,2026-08-20,2026-08-18 19:48:47,1497.5,131
Sakon Nakhon,2026-08-21,2026-08-18 11:04:55,876.5,66
Sakon Nakhon,2026-08-22,2026-08-18 23:48:42,1596.0,70
Sakon Nakhon,2026-08-23,2026-08-14 15:35:31,712.0,29
Sakon Nakhon,2026-08-24,2026-08-14 15:35:31,756.0,26
Sakon Nakhon,2026-08-25,2026-08-14 15:35:31,470.0,26
Sakon Nakhon,2026-08-26,2026-08-14 15:35:31,355.5,32
Sakon Nakhon,2026-08-27,2026-08-15 17:18:49,470.0,38
Sakon Nakhon,2026-08-28,2026-08-18 17:07:13,690.0,47
Sakon Nakhon,2026-08-29,2026-08-18 17:07:13,12.0,40
Sakon Nakhon,2026-08-30,2026-08-14 15:35:31,12.0,31
Sakon Nakhon,2026-08-31,2026-08-14 15:35:31,15.0,32
Sakon Nakhon,2026-09-01,2026-08-18 12:51:07,15.0,12
Sakon Nakhon,2026-09-02,2026-08-18 12:51:07,15.0,12
Sakon Nakhon,2026-09-03,2026-08-18 12:51:07,8.0,8
Sakon Nakhon,2026-09-04,2026-08-18 12:51:07,8.0,14
Sakon Nakhon,2026-09-05,2026-08-18 12:51:07,8.0,14
Sakon Nakhon,2026-09-06,2026-08-18 12:51:07,8.0,8
Sakon Nakhon,2026-09-07,2026-08-18 15:22:55,36.0,23
Sakon Nakhon,2026-09-08,2026-08-18 12:51:07,8.0,8
Sakon Nakhon,2026-09-09,2026-08-14 05:28:23,0.0,3
Samut Prakan,2026-08-05,2026-08-05 23:32:15,161.0,8
Samut Prakan,2026-08-06,2026-08-06 23:47:54,1911.5,41
Samut Prakan,2026-08-07,2026-08-07 23:17:46,1098.0,33
Samut Prakan,2026-08-08,2026-08-08 22:03:58,1627.0,59
Samut Prakan,2026-08-09,2026-08-10 00:01:59,2112.5,66
Samut Prakan,2026-08-10,2026-08-10 23:33:11,2798.5,83
Samut Prakan,2026-08-11,2026-08-11 19:19:55,2465.5,72
Samut Prakan,2026-08-12,2026-08-12 22:33:00,2455.0,84
Samut Prakan,2026-08-13,2026-08-13 19:20:57,5185.0,126
Samut Prakan,2026-08-14,2026-08-14 22:49:43,3544.0,112
Samut Prakan,2026-08-15,2026-08-15 22:47:21,3364.5,109
Samut Prakan,2026-08-16,2026-08-16 20:04:37,5400.5,150
Samut Prakan,2026-08-17,2026-08-17 22:02:24,6360.0,190
Samut Prakan,2026-08-18,2026-08-18 21:48:45,6521.5,193
Samut Prakan,2026-08-19,2026-08-18 23:48:42,4371.0,131
Samut Prakan,2026-08-20,2026-08-18 18:20:34,4027.5,117
Samut Prakan,2026-08-21,2026-08-18 18:20:34,4075.5,118
Samut Prakan,2026-08-22,2026-08-18 18:36:06,4267.0,144
Samut Prakan,2026-08-23,2026-08-18 18:36:06,3492.0,104
Samut Prakan,2026-08-24,2026-08-18 19:34:59,4223.5,134
Samut Prakan,2026-08-25,2026-08-18 19:34:59,4544.5,148
Samut Prakan,2026-08-26,2026-08-18 20:17:46,4098.0,157
Samut Prakan,2026-08-27,2026-08-18 18:36:06,4260.0,169
Samut Prakan,2026-08-28,2026-08-18 18:36:06,3833.5,158
Samut Prakan,2026-08-29,2026-08-18 13:22:18,1527.0,61
Samut Prakan,2026-08-30,2026-08-18 13:22:18,1716.0,68
Samut Prakan,2026-08-31,2026-08-18 13:22:18,1243.0,52
Samut Prakan,2026-09-01,2026-08-18 13:22:18,1056.0,67
Samut Prakan,2026-09-02,2026-08-18 17:07:13,393.5,86
Samut Prakan,2026-09-03,2026-08-18 16:50:50,500.5,105
Samut Prakan,2026-09-04,2026-08-18 17:21:38,260.0,86
Samut Prakan,2026-09-05,2026-08-18 17:21:38,79.0,48
Samut Prakan,2026-09-06,2026-08-18 17:21:38,71.0,32
Samut Prakan,2026-09-07,2026-08-18 17:21:38,85.0,30
Samut Prakan,2026-09-08,2026-08-18 17:21:38,63.0,28
Samut Prakan,2026-09-09,2026-08-18 17:21:38,217.0,62
Samut Prakan,2026-09-10,2026-08-18 17:21:38,75.0,39
Samut Prakan,2026-09-11,2026-08-17 14:53:50,82.0,31
Samut Prakan,2026-09-12,2026-08-17 00:31:03,63.0,35
Samut Prakan,2026-09-13,2026-08-17 00:31:03,24.0,18
Samut Prakan,2026-09-14,2026-08-17 00:31:03,0.0,7
Samut Prakan,2026-09-15,2026-08-18 23:48:42,52.0,23
Samut Prakan,2026-09-16,2026-08-18 20:17:46,5.0,8
Samut Sakhon,2026-08-05,2026-08-05 23:32:15,184.0,4
Samut Sakhon,2026-08-06,2026-08-06 23:47:54,794.5,34
Samut Sakhon,2026-08-07,2026-08-07 23:17:46,790.0,43
Samut Sakhon,2026-08-08,2026-08-09 00:04:29,504.5,72
Samut Sakhon,2026-08-09,2026-08-09 21:18:52,514.0,56
Samut Sakhon,2026-08-10,2026-08-10 23:33:11,857.0,80
Samut Sakhon,2026-08-11,2026-08-11 23:47:31,567.0,78
Samut Sakhon,2026-08-12,2026-08-13 00:02:55,1309.5,76
Samut Sakhon,2026-08-13,2026-08-13 19:20:57,932.5,83
Samut Sakhon,2026-08-14,2026-08-14 19:05:53,1530.0,115
Samut Sakhon,2026-08-15,2026-08-16 00:02:33,906.0,150
Samut Sakhon,2026-08-16,2026-08-16 20:17:49,656.0,68
Samut Sakhon,2026-08-17,2026-08-17 23:33:38,1833.0,116
Samut Sakhon,2026-08-18,2026-08-18 23:48:42,1066.0,133
Samut Sakhon,2026-08-19,2026-08-18 23:48:42,862.0,70
Samut Sakhon,2026-08-20,2026-08-18 23:03:17,1134.5,101
Samut Sakhon,2026-08-21,2026-08-18 20:17:46,166.0,36
Samut Sakhon,2026-08-22,2026-08-18 18:20:34,157.0,26
Samut Sakhon,2026-08-23,2026-08-18 20:32:59,373.0,41
Samut Sakhon,2026-08-24,2026-08-18 18:20:34,16.0,25
Samut Sakhon,2026-08-25,2026-08-18 23:03:17,323.0,52
Samut Sakhon,2026-08-26,2026-08-18 18:20:34,216.0,62
Samut Sakhon,2026-08-27,2026-08-18 18:20:34,72.0,31
Samut Sakhon,2026-08-28,2026-08-18 22:17:43,198.0,42
Samut Sakhon,2026-08-29,2026-08-17 14:53:50,183.0,27
Samut Sakhon,2026-08-30,2026-08-16 15:48:59,34.0,13
Samut Sakhon,2026-08-31,2026-08-16 15:48:59,41.0,23
Samut Sakhon,2026-09-01,2026-08-16 15:48:59,31.0,13
Samut Sakhon,2026-09-02,2026-08-16 15:48:59,0.0,11
Samut Sakhon,2026-09-03,2026-08-16 15:48:59,28.0,29
Samut Sakhon,2026-09-04,2026-08-18 23:48:42,21.0,73
Samut Sakhon,2026-09-05,2026-08-16 15:48:59,28.0,90
Samut Sakhon,2026-09-06,2026-08-18 23:32:45,28.0,22
Samut Sakhon,2026-09-07,2026-08-18 23:32:45,30.0,14
Samut Sakhon,2026-09-08,2026-08-18 23:32:45,28.0,20
Samut Sakhon,2026-09-09,2026-08-15 06:29:47,0.0,5
Samut Sakhon,2026-09-10,2026-08-15 06:29:47,0.0,5
Samut Sakhon,2026-09-11,2026-08-15 06:29:47,0.0,5
Samut Sakhon,2026-09-12,2026-08-15 17:47:59,0.0,14
Samut Sakhon,2026-09-13,2026-08-15 06:29:47,0.0,5
Samut Songkhram,2026-08-05,2026-08-05 23:32:15,23.0,8
Samut Songkhram,2026-08-06,2026-08-06 23:34:00,603.5,38
Samut Songkhram,2026-08-07,2026-08-07 23:17:46,391.5,29
Samut Songkhram,2026-08-08,2026-08-09 00:04:29,634.5,41
Samut Songkhram,2026-08-09,2026-08-09 21:18:52,279.0,10
Samut Songkhram,2026-08-10,2026-08-10 23:33:11,1145.5,43
Samut Songkhram,2026-08-11,2026-08-11 23:47:31,424.5,33
Samut Songkhram,2026-08-12,2026-08-12 19:48:22,330.0,28
Samut Songkhram,2026-08-13,2026-08-13 22:48:48,1473.5,70
Samut Songkhram,2026-08-14,2026-08-14 22:49:43,1556.5,84
Samut Songkhram,2026-08-15,2026-08-16 00:02:33,1989.0,107
Samut Songkhram,2026-08-16,2026-08-17 00:02:53,1437.5,78
Samut Songkhram,2026-08-17,2026-08-18 00:02:04,2823.0,135
Samut Songkhram,2026-08-18,2026-08-18 23:48:42,1449.0,70
Samut Songkhram,2026-08-19,2026-08-18 23:48:42,1369.5,84
Samut Songkhram,2026-08-20,2026-08-18 23:48:42,1878.5,103
Samut Songkhram,2026-08-21,2026-08-18 23:48:42,1371.5,68
Samut Songkhram,2026-08-22,2026-08-18 23:48:42,1480.0,69
Samut Songkhram,2026-08-23,2026-08-18 00:47:09,466.0,16
Samut Songkhram,2026-08-24,2026-08-18 15:51:26,512.0,24
Samut Songkhram,2026-08-25,2026-08-18 12:06:15,270.0,15
Samut Songkhram,2026-08-26,2026-08-18 16:21:17,1843.0,44
Samut Songkhram,2026-08-27,2026-08-17 19:23:15,0.0,6
Samut Songkhram,2026-08-29,2026-08-18 19:20:48,505.0,39
Samut Songkhram,2026-08-30,2026-08-10 12:21:19,12.0,14
Samut Songkhram,2026-09-01,2026-08-17 11:37:14,24.0,8
Samut Songkhram,2026-09-02,2026-08-17 11:37:14,24.0,8
Samut Songkhram,2026-09-05,2026-08-14 23:19:36,56.0,44
Samut Songkhram,2026-09-07,2026-08-17 20:34:23,12.0,6
Samut Songkhram,2026-09-08,2026-08-11 17:51:19,0.0,5
Samut Songkhram,2026-09-11,2026-08-18 23:48:42,14.0,7
Samut Songkhram,2026-09-14,2026-08-16 17:33:03,0.0,7
Saraburi,2026-08-05,2026-08-05 22:48:50,33.5,5
Saraburi,2026-08-06,2026-08-06 22:34:16,495.5,37
Saraburi,2026-08-07,2026-08-07 23:17:46,983.0,46
Saraburi,2026-08-08,2026-08-09 00:04:29,1101.5,92
Saraburi,2026-08-09,2026-08-09 21:18:52,1339.5,98
Saraburi,2026-08-10,2026-08-10 23:33:11,1830.0,128
Saraburi,2026-08-11,2026-08-11 23:47:31,1124.5,128
Saraburi,2026-08-12,2026-08-13 00:02:55,1956.5,138
Saraburi,2026-08-13,2026-08-13 22:48:48,2691.0,164
Saraburi,2026-08-14,2026-08-15 00:02:40,2485.0,192
Saraburi,2026-08-15,2026-08-15 23:47:37,2337.5,180
Saraburi,2026-08-16,2026-08-17 00:02:53,3114.0,235
Saraburi,2026-08-17,2026-08-18 00:02:04,3724.5,309
Saraburi,2026-08-18,2026-08-18 23:48:42,4750.5,301
Saraburi,2026-08-19,2026-08-18 23:48:42,4050.0,296
Saraburi,2026-08-20,2026-08-18 23:32:45,3732.5,231
Saraburi,2026-08-21,2026-08-18 19:05:06,3376.5,179
Saraburi,2026-08-22,2026-08-18 23:48:42,2293.0,127
Saraburi,2026-08-23,2026-08-17 12:07:21,571.5,72
Saraburi,2026-08-24,2026-08-18 10:48:41,461.0,66
Saraburi,2026-08-25,2026-08-15 11:34:09,386.0,41
Saraburi,2026-08-26,2026-08-18 20:17:46,355.0,50
Saraburi,2026-08-27,2026-08-18 20:17:46,434.0,76
Saraburi,2026-08-28,2026-08-15 11:34:09,240.0,28
Saraburi,2026-08-29,2026-08-17 23:03:15,325.5,56
Saraburi,2026-08-30,2026-08-18 19:05:06,72.0,45
Saraburi,2026-08-31,2026-08-17 14:53:50,14.0,21
Saraburi,2026-09-01,2026-08-18 00:02:04,36.0,24
Saraburi,2026-09-02,2026-08-18 00:02:04,82.0,45
Saraburi,2026-09-03,2026-08-18 00:02:04,82.0,45
Saraburi,2026-09-04,2026-08-15 01:30:23,50.0,37
Saraburi,2026-09-05,2026-08-14 15:04:25,11.0,6
Saraburi,2026-09-06,2026-08-12 18:03:21,8.0,3
Saraburi,2026-09-07,2026-08-17 20:03:57,29.0,11
Saraburi,2026-09-08,2026-08-12 18:03:21,8.0,3
Saraburi,2026-09-09,2026-08-12 18:03:21,8.0,3
Saraburi,2026-09-10,2026-08-12 18:03:21,8.0,3
Saraburi,2026-09-12,2026-08-14 10:18:35,8.0,4
Saraburi,2026-09-15,2026-08-18 14:49:01,40.0,7
Satun,2026-08-06,2026-08-06 23:47:54,579.0,32
Satun,2026-08-07,2026-08-07 19:05:06,549.0,30
Satun,2026-08-08,2026-08-09 00:04:29,239.0,27
Satun,2026-08-09,2026-08-09 18:18:18,178.0,9
Satun,2026-08-10,2026-08-10 09:33:04,108.0,14
Satun,2026-08-11,2026-08-11 17:06:37,104.0,7
Satun,2026-08-12,2026-08-12 22:33:00,14.0,10
Satun,2026-08-13,2026-08-12 23:03:03,84.0,9
Satun,2026-08-14,2026-08-14 18:51:29,523.0,23
Satun,2026-08-15,2026-08-15 18:15:45,1090.5,50
Satun,2026-08-16,2026-08-16 13:17:34,452.0,17
Satun,2026-08-17,2026-08-17 18:07:58,676.5,39
Satun,2026-08-18,2026-08-18 23:19:38,858.0,37
Satun,2026-08-19,2026-08-16 13:17:34,484.0,17
Satun,2026-08-20,2026-08-17 18:36:16,523.0,16
Satun,2026-08-21,2026-08-17 21:03:00,1520.0,45
Satun,2026-08-22,2026-08-17 21:03:00,1076.0,35
Satun,2026-08-23,2026-08-16 23:48:48,531.0,21
Satun,2026-08-24,2026-08-17 14:53:50,128.0,8
Satun,2026-08-25,2026-08-12 22:33:00,96.0,7
Satun,2026-08-26,2026-08-16 03:57:41,208.0,14
Satun,2026-08-27,2026-08-16 03:57:41,126.0,14
Satun,2026-08-28,2026-08-16 03:57:41,232.0,26
Satun,2026-08-29,2026-08-18 10:48:41,120.0,41
Satun,2026-08-30,2026-08-14 21:19:43,10.0,32
Satun,2026-08-31,2026-08-18 11:20:03,486.0,20
Satun,2026-09-01,2026-08-18 11:20:03,256.0,15
Satun,2026-09-02,2026-08-18 11:20:03,0.0,8
Si Sa Ket,2026-08-05,2026-08-05 23:32:15,16.0,6
Si Sa Ket,2026-08-06,2026-08-06 21:34:13,491.5,31
Si Sa Ket,2026-08-07,2026-08-07 23:17:46,437.5,40
Si Sa Ket,2026-08-08,2026-08-09 00:04:29,594.5,55
Si Sa Ket,2026-08-09,2026-08-10 00:01:59,843.5,62
Si Sa Ket,2026-08-10,2026-08-10 22:03:29,899.0,100
Si Sa Ket,2026-08-11,2026-08-11 19:34:47,1311.5,97
Si Sa Ket,2026-08-12,2026-08-12 17:48:24,526.5,64
Si Sa Ket,2026-08-13,2026-08-13 22:48:48,1267.0,119
Si Sa Ket,2026-08-14,2026-08-15 00:02:40,1038.5,136
Si Sa Ket,2026-08-15,2026-08-15 23:47:37,1252.0,205
Si Sa Ket,2026-08-16,2026-08-17 00:02:53,854.5,193
Si Sa Ket,2026-08-17,2026-08-17 21:03:00,1138.5,237
Si Sa Ket,2026-08-18,2026-08-18 23:48:42,1471.5,202
Si Sa Ket,2026-08-19,2026-08-18 23:19:38,1656.5,145
Si Sa Ket,2026-08-20,2026-08-18 14:05:44,253.0,62
Si Sa Ket,2026-08-21,2026-08-18 16:21:17,282.0,68
Si Sa Ket,2026-08-22,2026-08-18 15:22:55,301.0,66
Si Sa Ket,2026-08-23,2026-08-18 06:44:16,6.0,27
Si Sa Ket,2026-08-24,2026-08-18 20:04:15,702.0,50
Si Sa Ket,2026-08-25,2026-08-18 20:04:15,1191.0,64
Si Sa Ket,2026-08-26,2026-08-18 20:04:15,1179.0,66
Si Sa Ket,2026-08-27,2026-08-17 18:20:09,843.5,53
Si Sa Ket,2026-08-28,2026-08-17 18:20:09,482.0,44
Si Sa Ket,2026-08-29,2026-08-17 18:20:09,184.0,29
Si Sa Ket,2026-08-30,2026-08-17 18:20:09,253.0,29
Si Sa Ket,2026-08-31,2026-08-17 18:20:09,263.0,32
Si Sa Ket,2026-09-01,2026-08-10 12:37:06,18.0,6
Si Sa Ket,2026-09-02,2026-08-10 14:36:25,0.0,13
Si Sa Ket,2026-09-03,2026-08-10 14:36:25,0.0,13
Si Sa Ket,2026-09-04,2026-08-10 10:34:01,0.0,7
Si Sa Ket,2026-09-05,2026-08-16 00:16:43,0.0,19
Si Sa Ket,2026-09-06,2026-08-16 00:16:43,0.0,8
Si Sa Ket,2026-09-07,2026-08-18 21:03:06,45.5,35
Si Sa Ket,2026-09-08,2026-08-16 00:16:43,0.0,8
Si Sa Ket,2026-09-09,2026-08-16 00:16:43,0.0,8
Si Sa Ket,2026-09-10,2026-08-15 10:33:43,3.0,19
Sing Buri,2026-08-05,2026-08-05 23:32:15,8.0,4
Sing Buri,2026-08-06,2026-08-06 19:19:19,190.0,10
Sing Buri,2026-08-07,2026-08-06 15:34:51,176.0,11
Sing Buri,2026-08-08,2026-08-09 00:04:29,621.0,29
Sing Buri,2026-08-09,2026-08-09 21:18:52,838.0,38
Sing Buri,2026-08-10,2026-08-10 19:07:12,594.0,25
Sing Buri,2026-08-11,2026-08-11 23:47:31,683.0,26
Sing Buri,2026-08-12,2026-08-12 20:03:18,781.0,33
Sing Buri,2026-08-13,2026-08-13 20:49:38,575.5,26
Sing Buri,2026-08-14,2026-08-14 19:05:53,1232.0,58
Sing Buri,2026-08-15,2026-08-15 17:47:59,904.5,68
Sing Buri,2026-08-16,2026-08-16 21:34:39,583.0,32
Sing Buri,2026-08-17,2026-08-18 00:02:04,1447.0,64
Sing Buri,2026-08-18,2026-08-18 21:16:11,885.0,68
Sing Buri,2026-08-19,2026-08-17 22:34:52,1093.0,58
Sing Buri,2026-08-20,2026-08-17 23:18:04,512.0,30
Sing Buri,2026-08-21,2026-08-18 14:36:30,375.0,24
Sing Buri,2026-08-22,2026-08-18 23:48:42,365.0,20
Sing Buri,2026-08-23,2026-08-18 09:00:50,353.0,21
Sing Buri,2026-08-25,2026-08-17 20:34:23,90.0,6
Sing Buri,2026-08-26,2026-08-17 20:34:23,84.0,6
Sing Buri,2026-08-28,2026-08-11 12:19:19,0.0,8
Sing Buri,2026-08-29,2026-08-18 07:44:55,446.0,29
Sing Buri,2026-09-05,2026-08-11 12:19:19,0.0,11
Sing Buri,2026-09-12,2026-08-17 13:52:19,0.0,11
Songkhla,2026-08-05,2026-08-05 23:18:16,2.0,7
Songkhla,2026-08-06,2026-08-06 23:47:54,731.5,36
Songkhla,2026-08-07,2026-08-07 22:49:50,1327.0,56
Songkhla,2026-08-08,2026-08-09 00:04:29,2106.0,104
Songkhla,2026-08-09,2026-08-09 21:18:52,2732.5,110
Songkhla,2026-08-10,2026-08-10 23:33:11,6546.0,199
Songkhla,2026-08-11,2026-08-11 23:47:31,3815.5,145
Songkhla,2026-08-12,2026-08-13 00:02:55,4546.0,178
Songkhla,2026-08-13,2026-08-13 22:48:48,5638.0,205
Songkhla,2026-08-14,2026-08-15 00:02:40,7064.0,259
Songkhla,2026-08-15,2026-08-16 00:02:33,5888.5,305
Songkhla,2026-08-16,2026-08-16 21:34:39,9412.5,328
Songkhla,2026-08-17,2026-08-18 00:02:04,12231.5,459
Songkhla,2026-08-18,2026-08-18 22:48:21,8561.5,354
Songkhla,2026-08-19,2026-08-18 22:48:21,9003.5,359
Songkhla,2026-08-20,2026-08-18 23:48:42,9242.5,352
Songkhla,2026-08-21,2026-08-18 23:48:42,5786.5,337
Songkhla,2026-08-22,2026-08-18 23:48:42,4934.0,416
Songkhla,2026-08-23,2026-08-18 23:48:42,6783.0,353
Songkhla,2026-08-24,2026-08-18 23:19:38,8036.5,385
Songkhla,2026-08-25,2026-08-18 23:48:42,5385.0,254
Songkhla,2026-08-26,2026-08-18 23:48:42,3509.5,220
Songkhla,2026-08-27,2026-08-18 23:48:42,3857.5,220
Songkhla,2026-08-28,2026-08-18 23:48:42,5683.5,275
Songkhla,2026-08-29,2026-08-18 23:48:42,2961.0,338
Songkhla,2026-08-30,2026-08-18 18:04:18,937.0,171
Songkhla,2026-08-31,2026-08-18 23:48:42,783.0,121
Songkhla,2026-09-01,2026-08-18 23:48:42,417.0,136
Songkhla,2026-09-02,2026-08-18 16:35:56,63.0,115
Songkhla,2026-09-03,2026-08-18 23:32:45,45.0,91
Songkhla,2026-09-04,2026-08-18 23:32:45,50.0,140
Songkhla,2026-09-05,2026-08-18 23:32:45,34.0,161
Songkhla,2026-09-06,2026-08-18 23:32:45,44.0,71
Songkhla,2026-09-07,2026-08-18 23:48:42,399.5,153
Songkhla,2026-09-08,2026-08-18 23:48:42,35.0,44
Songkhla,2026-09-09,2026-08-18 23:48:42,67.0,82
Songkhla,2026-09-10,2026-08-18 15:22:55,38.0,100
Songkhla,2026-09-11,2026-08-18 14:36:30,24.0,117
Songkhla,2026-09-12,2026-08-18 09:00:50,30.0,194
Songkhla,2026-09-13,2026-08-18 00:19:00,8.0,120
Songkhla,2026-09-14,2026-08-18 22:03:44,0.0,43
Songkhla,2026-09-15,2026-08-18 22:03:44,0.0,36
Songkhla,2026-09-16,2026-08-18 14:05:44,13.0,13
Sukhothai,2026-08-05,2026-08-05 23:18:16,43.0,7
Sukhothai,2026-08-06,2026-08-06 22:34:16,496.5,25
Sukhothai,2026-08-07,2026-08-07 23:17:46,263.0,30
Sukhothai,2026-08-08,2026-08-08 21:47:54,379.0,26
Sukhothai,2026-08-09,2026-08-09 23:18:46,442.5,44
Sukhothai,2026-08-10,2026-08-10 23:33:11,314.5,46
Sukhothai,2026-08-11,2026-08-11 21:34:49,293.0,30
Sukhothai,2026-08-12,2026-08-12 20:18:06,371.0,45
Sukhothai,2026-08-13,2026-08-13 21:21:21,629.5,61
Sukhothai,2026-08-14,2026-08-14 22:19:34,450.0,44
Sukhothai,2026-08-15,2026-08-15 18:15:45,604.5,49
Sukhothai,2026-08-16,2026-08-16 20:47:29,436.0,40
Sukhothai,2026-08-17,2026-08-17 20:34:23,773.0,74
Sukhothai,2026-08-18,2026-08-18 20:17:46,935.0,90
Sukhothai,2026-08-19,2026-08-18 20:04:15,669.5,56
Sukhothai,2026-08-20,2026-08-18 20:04:15,658.5,51
Sukhothai,2026-08-21,2026-08-16 13:17:34,302.0,22
Sukhothai,2026-08-22,2026-08-16 14:03:18,877.0,26
Sukhothai,2026-08-23,2026-08-11 23:47:31,138.0,10
Sukhothai,2026-08-24,2026-08-11 15:05:11,120.0,3
Sukhothai,2026-08-25,2026-08-17 01:45:29,120.0,8
Sukhothai,2026-08-26,2026-08-17 01:45:29,117.0,8
Sukhothai,2026-08-27,2026-08-17 17:22:18,285.0,8
Sukhothai,2026-09-05,2026-08-13 11:05:42,0.0,4
Sukhothai,2026-09-06,2026-08-10 16:52:47,0.0,1
Sukhothai,2026-09-07,2026-08-18 04:13:53,44.0,19
Sukhothai,2026-09-08,2026-08-10 16:52:47,0.0,1
Suphan Buri,2026-08-05,2026-08-05 23:18:16,84.0,7
Suphan Buri,2026-08-06,2026-08-06 23:04:00,385.5,35
Suphan Buri,2026-08-07,2026-08-07 23:17:46,697.5,55
Suphan Buri,2026-08-08,2026-08-08 20:03:27,791.0,72
Suphan Buri,2026-08-09,2026-08-10 00:01:59,928.5,90
Suphan Buri,2026-08-10,2026-08-10 23:02:41,1137.5,113
Suphan Buri,2026-08-11,2026-08-11 23:47:31,839.0,84
Suphan Buri,2026-08-12,2026-08-12 23:34:32,864.0,103
Suphan Buri,2026-08-13,2026-08-13 19:20:57,821.0,112
Suphan Buri,2026-08-14,2026-08-15 00:02:40,1208.0,126
Suphan Buri,2026-08-15,2026-08-16 00:02:33,1420.5,187
Suphan Buri,2026-08-16,2026-08-17 00:02:53,1877.5,165
Suphan Buri,2026-08-17,2026-08-18 00:02:04,2661.0,216
Suphan Buri,2026-08-18,2026-08-18 23:48:42,2809.0,213
Suphan Buri,2026-08-19,2026-08-18 22:03:44,2167.0,207
Suphan Buri,2026-08-20,2026-08-18 17:21:38,1570.0,166
Suphan Buri,2026-08-21,2026-08-18 23:48:42,1201.0,93
Suphan Buri,2026-08-22,2026-08-18 23:48:42,588.0,56
Suphan Buri,2026-08-23,2026-08-18 23:48:42,394.0,41
Suphan Buri,2026-08-24,2026-08-18 23:48:42,816.5,85
Suphan Buri,2026-08-25,2026-08-18 23:48:42,316.0,47
Suphan Buri,2026-08-26,2026-08-18 23:48:42,121.0,30
Suphan Buri,2026-08-27,2026-08-18 23:48:42,73.0,34
Suphan Buri,2026-08-28,2026-08-18 23:48:42,277.0,43
Suphan Buri,2026-08-29,2026-08-17 23:49:11,257.0,41
Suphan Buri,2026-08-30,2026-08-15 02:15:15,0.0,8
Suphan Buri,2026-08-31,2026-08-17 18:36:16,96.0,6
Suphan Buri,2026-09-01,2026-08-18 23:48:42,96.0,4
Suphan Buri,2026-09-02,2026-08-18 23:48:42,5.0,9
Suphan Buri,2026-09-03,2026-08-18 23:48:42,0.0,12
Suphan Buri,2026-09-04,2026-08-18 16:06:39,22.0,31
Suphan Buri,2026-09-05,2026-08-16 19:33:12,21.0,36
Suphan Buri,2026-09-06,2026-08-13 20:49:38,0.0,2
Suphan Buri,2026-09-07,2026-08-18 18:49:55,41.0,15
Suphan Buri,2026-09-08,2026-08-12 14:32:15,0.0,6
Suphan Buri,2026-09-09,2026-08-12 14:32:15,0.0,6
Suphan Buri,2026-09-10,2026-08-12 14:32:15,0.0,6
Suphan Buri,2026-09-14,2026-08-16 18:05:44,0.0,7
Surat Thani,2026-08-05,2026-08-05 23:32:15,17.0,8
Surat Thani,2026-08-06,2026-08-06 23:04:00,1203.0,47
Surat Thani,2026-08-07,2026-08-07 23:17:46,2192.0,68
Surat Thani,2026-08-08,2026-08-09 00:04:29,2013.0,84
Surat Thani,2026-08-09,2026-08-09 21:18:52,2396.0,94
Surat Thani,2026-08-10,2026-08-10 20:21:06,4414.0,133
Surat Thani,2026-08-11,2026-08-11 21:34:49,3828.0,127
Surat Thani,2026-08-12,2026-08-13 00:02:55,4034.5,146
Surat Thani,2026-08-13,2026-08-13 22:20:14,5889.5,206
Surat Thani,2026-08-14,2026-08-15 00:02:40,6306.0,234
Surat Thani,2026-08-15,2026-08-16 00:02:33,8339.5,298
Surat Thani,2026-08-16,2026-08-17 00:02:53,9637.5,359
Surat Thani,2026-08-17,2026-08-18 00:02:04,10341.5,389
Surat Thani,2026-08-18,2026-08-18 23:48:42,13582.5,435
Surat Thani,2026-08-19,2026-08-18 23:48:42,13659.0,423
Surat Thani,2026-08-20,2026-08-18 23:48:42,11571.0,390
Surat Thani,2026-08-21,2026-08-18 23:48:42,8024.0,315
Surat Thani,2026-08-22,2026-08-18 23:48:42,5505.0,301
Surat Thani,2026-08-23,2026-08-18 23:48:42,3649.0,207
Surat Thani,2026-08-24,2026-08-18 21:03:06,4084.5,205
Surat Thani,2026-08-25,2026-08-18 21:03:06,4003.0,269
Surat Thani,2026-08-26,2026-08-18 01:30:45,3473.0,222
Surat Thani,2026-08-27,2026-08-18 14:36:30,3038.0,187
Surat Thani,2026-08-28,2026-08-18 23:32:45,2709.5,191
Surat Thani,2026-08-29,2026-08-18 23:32:45,2560.0,204
Surat Thani,2026-08-30,2026-08-18 20:32:59,1205.0,115
Surat Thani,2026-08-31,2026-08-18 11:50:18,340.0,108
Surat Thani,2026-09-01,2026-08-16 23:33:18,51.0,131
Surat Thani,2026-09-02,2026-08-18 12:21:35,68.0,139
Surat Thani,2026-09-03,2026-08-18 12:21:35,99.0,133
Surat Thani,2026-09-04,2026-08-18 22:17:43,119.5,162
Surat Thani,2026-09-05,2026-08-18 23:48:42,1.0,243
Surat Thani,2026-09-06,2026-08-18 23:48:42,11.0,48
Surat Thani,2026-09-07,2026-08-18 16:06:39,39.0,63
Surat Thani,2026-09-08,2026-08-18 14:05:44,9.0,64
Surat Thani,2026-09-09,2026-08-18 14:05:44,9.0,54
Surat Thani,2026-09-10,2026-08-18 14:05:44,9.0,63
Surat Thani,2026-09-11,2026-08-18 00:32:16,10.0,46
Surat Thani,2026-09-12,2026-08-18 09:47:39,0.0,63
Surat Thani,2026-09-13,2026-08-18 12:06:15,8.0,47
Surat Thani,2026-09-14,2026-08-18 00:02:04,0.0,35
Surat Thani,2026-09-15,2026-08-18 00:02:04,0.0,11
Surin,2026-08-05,2026-08-05 23:32:15,4.0,7
Surin,2026-08-06,2026-08-06 23:47:54,754.0,30
Surin,2026-08-07,2026-08-07 23:17:46,903.0,47
Surin,2026-08-08,2026-08-08 22:03:58,1125.0,60
Surin,2026-08-09,2026-08-09 23:18:46,314.0,20
Surin,2026-08-10,2026-08-10 23:33:11,1299.0,81
Surin,2026-08-11,2026-08-11 23:47:31,1191.5,64
Surin,2026-08-12,2026-08-12 23:03:03,2021.5,100
Surin,2026-08-13,2026-08-13 22:48:48,2269.0,114
Surin,2026-08-14,2026-08-15 00:02:40,2558.0,99
Surin,2026-08-15,2026-08-15 19:31:58,3466.0,141
Surin,2026-08-16,2026-08-16 21:03:53,2600.5,103
Surin,2026-08-17,2026-08-18 00:02:04,2901.0,180
Surin,2026-08-18,2026-08-18 23:32:45,4218.5,208
Surin,2026-08-19,2026-08-18 21:16:11,3423.5,164
Surin,2026-08-20,2026-08-18 21:31:44,3545.5,144
Surin,2026-08-21,2026-08-18 18:36:06,1416.0,77
Surin,2026-08-22,2026-08-18 14:49:01,1062.0,38
Surin,2026-08-23,2026-08-18 12:51:07,956.0,50
Surin,2026-08-24,2026-08-16 21:34:39,1042.0,55
Surin,2026-08-25,2026-08-18 18:20:34,965.0,65
Surin,2026-08-26,2026-08-15 04:00:25,514.0,36
Surin,2026-08-27,2026-08-10 15:07:44,53.0,13
Surin,2026-08-28,2026-08-17 07:59:27,164.0,18
Surin,2026-08-29,2026-08-17 12:52:22,318.0,34
Surin,2026-08-30,2026-08-17 07:59:27,184.0,15
Surin,2026-08-31,2026-08-17 07:59:27,76.0,7
Surin,2026-09-05,2026-08-08 13:16:37,0.0,12
Surin,2026-09-07,2026-08-18 16:50:50,56.0,28
Surin,2026-09-08,2026-08-16 20:04:37,8.0,11
Surin,2026-09-09,2026-08-16 20:04:37,8.0,19
Surin,2026-09-10,2026-08-16 20:04:37,8.0,11
Surin,2026-09-11,2026-08-15 18:15:45,0.0,11
Surin,2026-09-12,2026-08-15 18:15:45,0.0,8
Surin,2026-09-13,2026-08-15 18:15:45,0.0,8
Surin,2026-09-14,2026-08-16 15:48:59,0.0,7
Surin,2026-09-15,2026-08-18 17:34:59,76.0,14
Surin,2026-09-16,2026-08-18 17:34:59,76.0,14
Tak,2026-08-05,2026-08-05 23:32:15,24.0,8
Tak,2026-08-06,2026-08-06 22:34:16,551.5,37
Tak,2026-08-07,2026-08-07 20:32:50,458.0,26
Tak,2026-08-08,2026-08-09 00:04:29,698.0,32
Tak,2026-08-09,2026-08-09 21:18:52,1095.5,37
Tak,2026-08-10,2026-08-10 21:48:06,1679.5,101
Tak,2026-08-11,2026-08-11 19:05:33,1585.5,80
Tak,2026-08-12,2026-08-12 22:18:20,1047.0,80
Tak,2026-08-13,2026-08-13 19:20:57,1928.5,82
Tak,2026-08-14,2026-08-15 00:02:40,1784.5,96
Tak,2026-08-15,2026-08-15 23:32:57,2279.0,150
Tak,2026-08-16,2026-08-17 00:02:53,2052.5,136
Tak,2026-08-17,2026-08-17 20:03:57,2212.5,169
Tak,2026-08-18,2026-08-18 23:48:42,3363.5,216
Tak,2026-08-19,2026-08-18 22:03:44,3501.5,168
Tak,2026-08-20,2026-08-18 17:34:59,1319.5,90
Tak,2026-08-21,2026-08-18 17:34:59,1105.5,37
Tak,2026-08-22,2026-08-17 18:36:16,669.5,30
Tak,2026-08-23,2026-08-18 23:48:42,677.0,38
Tak,2026-08-24,2026-08-18 23:48:42,455.5,29
Tak,2026-08-25,2026-08-18 18:20:34,804.0,41
Tak,2026-08-26,2026-08-18 22:48:21,1087.5,97
Tak,2026-08-27,2026-08-17 22:48:21,1006.0,61
Tak,2026-08-28,2026-08-18 13:37:28,461.0,49
Tak,2026-08-29,2026-08-18 23:32:45,883.0,51
Tak,2026-08-30,2026-08-16 23:48:48,342.0,16
Tak,2026-08-31,2026-08-18 13:05:37,299.0,17
Tak,2026-09-01,2026-08-18 11:20:03,320.0,8
Tak,2026-09-02,2026-08-18 17:07:13,16.0,30
Tak,2026-09-03,2026-08-14 01:45:50,16.0,4
Tak,2026-09-05,2026-08-16 03:14:23,0.0,12
Tak,2026-09-06,2026-08-14 12:35:43,0.0,5
Tak,2026-09-07,2026-08-18 23:48:42,8.0,16
Trang,2026-08-05,2026-08-05 23:32:15,146.5,8
Trang,2026-08-06,2026-08-06 23:47:54,748.0,34
Trang,2026-08-07,2026-08-07 23:17:46,694.0,40
Trang,2026-08-08,2026-08-09 00:04:29,721.0,43
Trang,2026-08-09,2026-08-09 21:18:52,775.0,32
Trang,2026-08-10,2026-08-10 20:21:06,1241.0,63
Trang,2026-08-11,2026-08-11 23:04:09,1035.0,66
Trang,2026-08-12,2026-08-12 04:44:36,793.0,54
Trang,2026-08-13,2026-08-13 22:05:09,2431.0,134
Trang,2026-08-14,2026-08-14 15:04:25,1878.0,89
Trang,2026-08-15,2026-08-16 00:02:33,1423.0,66
Trang,2026-08-16,2026-08-16 22:17:36,1697.0,105
Trang,2026-08-17,2026-08-18 00:02:04,3124.5,160
Trang,2026-08-18,2026-08-18 19:34:59,2305.5,127
Trang,2026-08-19,2026-08-18 23:48:42,2652.0,144
Trang,2026-08-20,2026-08-18 21:16:11,2000.5,117
Trang,2026-08-21,2026-08-18 23:48:42,772.0,67
Trang,2026-08-22,2026-08-18 23:48:42,1612.0,85
Trang,2026-08-23,2026-08-18 11:50:18,547.5,39
Trang,2026-08-24,2026-08-17 01:59:55,191.0,24
Trang,2026-08-25,2026-08-18 00:47:09,603.0,54
Trang,2026-08-26,2026-08-18 00:47:09,252.0,26
Trang,2026-08-27,2026-08-18 14:05:44,284.0,30
Trang,2026-08-28,2026-08-13 19:20:57,8.0,5
Trang,2026-08-29,2026-08-17 23:03:15,356.0,46
Trang,2026-08-30,2026-08-16 23:03:25,36.0,28
Trang,2026-08-31,2026-08-18 13:22:18,258.0,32
Trang,2026-09-01,2026-08-18 15:36:48,88.0,6
Trang,2026-09-02,2026-08-18 15:36:48,0.0,6
Trang,2026-09-03,2026-08-18 15:36:48,0.0,6
Trang,2026-09-04,2026-08-18 15:36:48,0.0,24
Trang,2026-09-05,2026-08-18 15:36:48,0.0,14
Trang,2026-09-07,2026-08-18 11:20:03,69.5,28
Trat,2026-08-06,2026-08-06 23:47:54,431.0,13
Trat,2026-08-07,2026-08-07 19:05:06,679.5,25
Trat,2026-08-08,2026-08-07 13:33:38,262.0,11
Trat,2026-08-09,2026-08-08 18:02:57,922.0,21
Trat,2026-08-10,2026-08-10 19:07:12,1488.0,42
Trat,2026-08-11,2026-08-11 21:34:49,1557.0,37
Trat,2026-08-12,2026-08-10 15:07:44,1126.0,29
Trat,2026-08-13,2026-08-13 22:48:48,2641.5,65
Trat,2026-08-14,2026-08-14 21:48:26,1967.0,66
Trat,2026-08-15,2026-08-15 20:45:23,1991.0,75
Trat,2026-08-16,2026-08-16 19:02:45,2164.0,64
Trat,2026-08-17,2026-08-17 19:48:55,2654.0,76
Trat,2026-08-18,2026-08-18 23:48:42,3875.5,147
Trat,2026-08-19,2026-08-18 18:36:06,4005.0,108
Trat,2026-08-20,2026-08-18 18:36:06,4285.0,99
Trat,2026-08-21,2026-08-18 23:48:42,1762.5,45
Trat,2026-08-22,2026-08-18 15:22:55,1050.0,39
Trat,2026-08-23,2026-08-17 14:53:50,646.0,20
Trat,2026-08-24,2026-08-17 21:32:42,2040.0,56
Trat,2026-08-25,2026-08-18 16:21:17,1837.0,55
Trat,2026-08-26,2026-08-17 20:34:23,1450.0,39
Trat,2026-08-27,2026-08-18 23:48:42,1539.0,38
Trat,2026-08-28,2026-08-18 23:48:42,1696.0,47
Trat,2026-08-29,2026-08-18 23:48:42,972.0,31
Trat,2026-08-30,2026-08-18 23:48:42,720.0,27
Trat,2026-08-31,2026-08-18 23:48:42,723.0,20
Trat,2026-09-01,2026-08-18 23:48:42,824.0,47
Trat,2026-09-02,2026-08-18 23:48:42,0.0,27
Trat,2026-09-03,2026-08-18 23:48:42,0.0,32
Trat,2026-09-04,2026-08-18 23:48:42,0.0,39
Trat,2026-09-05,2026-08-18 23:48:42,0.0,19
Trat,2026-09-06,2026-08-18 23:48:42,0.0,19
Trat,2026-09-07,2026-08-18 23:48:42,16.0,44
Trat,2026-09-08,2026-08-18 23:48:42,0.0,25
Trat,2026-09-09,2026-08-18 23:48:42,15.0,35
Trat,2026-09-10,2026-08-17 14:53:50,15.0,24
Trat,2026-09-11,2026-08-18 15:36:48,7.0,20
Trat,2026-09-12,2026-08-18 15:36:48,0.0,16
Trat,2026-09-13,2026-08-18 18:04:18,0.0,18
Trat,2026-09-14,2026-08-18 18:04:18,0.0,16
Trat,2026-09-15,2026-08-18 18:04:18,0.0,23
Trat,2026-09-16,2026-08-18 09:47:39,0.0,8
Ubon Ratchathani,2026-08-05,2026-08-05 23:32:15,10.0,8
Ubon Ratchathani,2026-08-06,2026-08-06 23:19:51,843.0,44
Ubon Ratchathani,2026-08-07,2026-08-07 21:04:52,974.5,57
Ubon Ratchathani,2026-08-08,2026-08-08 23:48:13,1383.5,63
Ubon Ratchathani,2026-08-09,2026-08-09 21:18:52,1781.5,72
Ubon Ratchathani,2026-08-10,2026-08-10 21:48:06,3533.5,113
Ubon Ratchathani,2026-08-11,2026-08-11 23:47:31,2101.0,104
Ubon Ratchathani,2026-08-12,2026-08-12 20:18:06,2543.5,102
Ubon Ratchathani,2026-08-13,2026-08-13 22:48:48,3196.5,149
Ubon Ratchathani,2026-08-14,2026-08-15 00:02:40,3266.5,196
Ubon Ratchathani,2026-08-15,2026-08-16 00:02:33,4016.0,261
Ubon Ratchathani,2026-08-16,2026-08-17 00:02:53,2638.5,157
Ubon Ratchathani,2026-08-17,2026-08-18 00:02:04,7571.0,314
Ubon Ratchathani,2026-08-18,2026-08-18 23:48:42,5566.5,284
Ubon Ratchathani,2026-08-19,2026-08-18 23:32:45,4841.0,259
Ubon Ratchathani,2026-08-20,2026-08-18 23:48:42,4927.0,248
Ubon Ratchathani,2026-08-21,2026-08-18 19:20:48,3077.5,160
Ubon Ratchathani,2026-08-22,2026-08-18 22:32:31,2241.5,144
Ubon Ratchathani,2026-08-23,2026-08-17 17:36:48,1868.5,88
Ubon Ratchathani,2026-08-24,2026-08-17 18:36:16,1844.5,121
Ubon Ratchathani,2026-08-25,2026-08-18 12:21:35,2158.0,126
Ubon Ratchathani,2026-08-26,2026-08-17 22:17:37,1677.0,85
Ubon Ratchathani,2026-08-27,2026-08-18 22:32:31,1114.0,81
Ubon Ratchathani,2026-08-28,2026-08-18 22:32:31,1376.0,83
Ubon Ratchathani,2026-08-29,2026-08-18 04:28:56,1222.0,70
Ubon Ratchathani,2026-08-30,2026-08-17 11:37:14,702.0,34
Ubon Ratchathani,2026-08-31,2026-08-18 11:35:49,357.0,36
Ubon Ratchathani,2026-09-01,2026-08-18 12:36:04,301.0,47
Ubon Ratchathani,2026-09-02,2026-08-18 13:22:18,88.0,53
Ubon Ratchathani,2026-09-03,2026-08-18 12:36:04,68.0,44
Ubon Ratchathani,2026-09-04,2026-08-18 13:37:28,13.0,33
Ubon Ratchathani,2026-09-05,2026-08-18 13:37:28,13.0,29
Ubon Ratchathani,2026-09-06,2026-08-17 14:53:50,5.0,15
Ubon Ratchathani,2026-09-07,2026-08-18 18:49:55,91.0,54
Ubon Ratchathani,2026-09-08,2026-08-18 18:49:55,15.0,23
Ubon Ratchathani,2026-09-09,2026-08-15 21:02:59,0.0,10
Ubon Ratchathani,2026-09-10,2026-08-16 18:05:44,7.0,17
Ubon Ratchathani,2026-09-11,2026-08-18 13:51:17,17.5,71
Ubon Ratchathani,2026-09-12,2026-08-18 23:48:42,40.5,88
Ubon Ratchathani,2026-09-13,2026-08-15 21:02:59,0.0,10
Ubon Ratchathani,2026-09-16,2026-08-18 17:21:38,0.0,8
Udon Thani,2026-08-05,2026-08-05 23:32:15,19.5,8
Udon Thani,2026-08-06,2026-08-06 23:47:54,699.0,46
Udon Thani,2026-08-07,2026-08-07 21:04:52,1490.5,67
Udon Thani,2026-08-08,2026-08-09 00:04:29,2427.5,106
Udon Thani,2026-08-09,2026-08-10 00:01:59,2834.5,105
Udon Thani,2026-08-10,2026-08-10 23:33:11,3805.0,140
Udon Thani,2026-08-11,2026-08-11 23:47:31,4837.5,170
Udon Thani,2026-08-12,2026-08-13 00:02:55,4450.0,167
Udon Thani,2026-08-13,2026-08-13 22:20:14,4085.0,177
Udon Thani,2026-08-14,2026-08-15 00:02:40,4751.0,205
Udon Thani,2026-08-15,2026-08-16 00:02:33,6359.0,281
Udon Thani,2026-08-16,2026-08-16 21:48:56,8014.5,285
Udon Thani,2026-08-17,2026-08-18 00:02:04,9002.5,386
Udon Thani,2026-08-18,2026-08-18 23:48:42,8797.5,370
Udon Thani,2026-08-19,2026-08-18 21:03:06,6685.0,379
Udon Thani,2026-08-20,2026-08-18 23:48:42,6790.0,339
Udon Thani,2026-08-21,2026-08-18 23:48:42,5561.0,298
Udon Thani,2026-08-22,2026-08-18 23:19:38,6294.5,272
Udon Thani,2026-08-23,2026-08-18 23:19:38,4335.0,215
Udon Thani,2026-08-24,2026-08-18 23:19:38,3470.0,216
Udon Thani,2026-08-25,2026-08-18 23:48:42,2873.0,221
Udon Thani,2026-08-26,2026-08-18 22:17:43,1416.0,140
Udon Thani,2026-08-27,2026-08-18 12:21:35,1567.5,133
Udon Thani,2026-08-28,2026-08-18 22:48:21,1358.0,129
Udon Thani,2026-08-29,2026-08-18 21:16:11,1378.0,155
Udon Thani,2026-08-30,2026-08-18 21:16:11,1059.0,69
Udon Thani,2026-08-31,2026-08-18 00:32:16,388.0,21
Udon Thani,2026-09-01,2026-08-15 09:32:01,45.0,41
Udon Thani,2026-09-02,2026-08-18 00:19:00,54.0,52
Udon Thani,2026-09-03,2026-08-18 23:48:42,59.0,56
Udon Thani,2026-09-04,2026-08-18 23:32:45,37.0,72
Udon Thani,2026-09-05,2026-08-18 01:59:49,8.0,72
Udon Thani,2026-09-06,2026-08-13 22:48:48,100.0,17
Udon Thani,2026-09-07,2026-08-18 14:49:01,56.5,42
Udon Thani,2026-09-08,2026-08-17 14:53:50,8.0,36
Udon Thani,2026-09-09,2026-08-17 14:53:50,0.0,16
Udon Thani,2026-09-10,2026-08-13 19:20:57,12.0,3
Udon Thani,2026-09-11,2026-08-17 22:48:21,3.0,27
Udon Thani,2026-09-12,2026-08-18 17:21:38,26.0,24
Udon Thani,2026-09-13,2026-08-16 21:03:53,0.0,14
Udon Thani,2026-09-14,2026-08-16 21:03:53,0.0,8
Udon Thani,2026-09-16,2026-08-18 18:04:18,0.0,8
Uthai Thani,2026-08-06,2026-08-06 12:52:17,11.0,4
Uthai Thani,2026-08-07,2026-08-07 23:17:46,350.0,28
Uthai Thani,2026-08-08,2026-08-08 22:03:58,36.0,19
Uthai Thani,2026-08-09,2026-08-10 00:01:59,86.0,14
Uthai Thani,2026-08-10,2026-08-10 10:34:01,139.0,39
Uthai Thani,2026-08-11,2026-08-11 13:04:17,342.5,20
Uthai Thani,2026-08-12,2026-08-13 00:02:55,291.0,34
Uthai Thani,2026-08-13,2026-08-13 22:48:48,268.0,40
Uthai Thani,2026-08-14,2026-08-14 19:05:53,385.0,80
Uthai Thani,2026-08-15,2026-08-15 20:17:57,346.5,48
Uthai Thani,2026-08-16,2026-08-16 18:33:43,299.0,38
Uthai Thani,2026-08-17,2026-08-18 00:02:04,921.0,72
Uthai Thani,2026-08-18,2026-08-18 17:34:59,1115.0,89
Uthai Thani,2026-08-19,2026-08-18 21:03:06,954.5,81
Uthai Thani,2026-08-20,2026-08-18 21:03:06,652.0,59
Uthai Thani,2026-08-21,2026-08-18 01:46:03,304.0,36
Uthai Thani,2026-08-22,2026-08-13 20:49:38,167.0,15
Uthai Thani,2026-08-23,2026-08-18 13:37:28,319.0,39
Uthai Thani,2026-08-24,2026-08-18 23:48:42,15.0,12
Uthai Thani,2026-08-25,2026-08-17 18:36:16,24.0,6
Uthai Thani,2026-08-28,2026-08-08 19:20:33,35.0,7
Uthai Thani,2026-08-29,2026-08-18 17:34:59,155.0,21
Uthai Thani,2026-09-02,2026-08-08 01:32:02,13.0,3
Uthai Thani,2026-09-03,2026-08-18 23:48:42,9.0,3
Uthai Thani,2026-09-04,2026-08-10 11:35:35,0.0,9
Uthai Thani,2026-09-05,2026-08-10 11:35:35,0.0,9
Uthai Thani,2026-09-06,2026-08-09 15:18:05,10.0,5
Uthai Thani,2026-09-07,2026-08-18 23:48:42,6.0,3
Uttaradit,2026-08-06,2026-08-06 21:34:13,247.5,39
Uttaradit,2026-08-07,2026-08-07 23:17:46,449.0,28
Uttaradit,2026-08-08,2026-08-08 20:03:27,770.0,44
Uttaradit,2026-08-09,2026-08-09 21:18:52,533.5,35
Uttaradit,2026-08-10,2026-08-10 20:21:06,1019.0,60
Uttaradit,2026-08-11,2026-08-11 19:05:33,533.0,32
Uttaradit,2026-08-12,2026-08-12 23:48:12,1007.5,74
Uttaradit,2026-08-13,2026-08-13 19:20:57,1696.5,84
Uttaradit,2026-08-14,2026-08-15 00:02:40,1071.0,75
Uttaradit,2026-08-15,2026-08-15 19:01:00,813.0,59
Uttaradit,2026-08-16,2026-08-16 21:18:20,1124.5,67
Uttaradit,2026-08-17,2026-08-17 21:32:42,2108.0,136
Uttaradit,2026-08-18,2026-08-18 20:47:57,2754.5,173
Uttaradit,2026-08-19,2026-08-18 23:48:42,3415.5,174
Uttaradit,2026-08-20,2026-08-18 23:19:38,3205.5,178
Uttaradit,2026-08-21,2026-08-18 23:48:42,1330.0,83
Uttaradit,2026-08-22,2026-08-18 23:48:42,570.0,64
Uttaradit,2026-08-23,2026-08-18 03:00:10,448.0,48
Uttaradit,2026-08-24,2026-08-18 03:00:10,419.0,37
Uttaradit,2026-08-25,2026-08-17 14:06:34,216.0,20
Uttaradit,2026-08-26,2026-08-17 19:48:55,322.0,23
Uttaradit,2026-08-27,2026-08-17 19:48:55,881.0,35
Uttaradit,2026-08-28,2026-08-17 19:48:55,518.0,27
Uttaradit,2026-08-29,2026-08-18 22:48:21,502.0,25
Uttaradit,2026-08-30,2026-08-17 14:06:34,153.0,27
Uttaradit,2026-08-31,2026-08-17 14:06:34,192.0,11
Uttaradit,2026-09-01,2026-08-15 21:32:31,0.0,13
Uttaradit,2026-09-02,2026-08-15 21:32:31,0.0,16
Uttaradit,2026-09-03,2026-08-18 17:07:13,54.0,36
Uttaradit,2026-09-04,2026-08-18 23:48:42,54.0,74
Uttaradit,2026-09-05,2026-08-18 17:07:13,32.0,40
Uttaradit,2026-09-09,2026-08-13 11:20:09,0.0,5
Uttaradit,2026-09-10,2026-08-13 11:20:09,0.0,5
Uttaradit,2026-09-11,2026-08-13 11:20:09,0.0,5
Yala,2026-08-06,2026-08-06 23:47:54,0.0,19
Yala,2026-08-07,2026-08-07 23:17:46,133.0,50
Yala,2026-08-08,2026-08-08 23:48:13,106.0,66
Yala,2026-08-09,2026-08-10 00:01:59,81.5,78
Yala,2026-08-10,2026-08-10 23:33:11,279.0,77
Yala,2026-08-11,2026-08-11 23:47:31,314.5,89
Yala,2026-08-12,2026-08-12 23:48:12,205.5,45
Yala,2026-08-13,2026-08-13 22:48:48,123.5,60
Yala,2026-08-14,2026-08-14 22:49:43,91.0,56
Yala,2026-08-15,2026-08-16 00:02:33,238.5,130
Yala,2026-08-16,2026-08-16 22:03:33,368.5,134
Yala,2026-08-17,2026-08-18 00:02:04,293.5,129
Yala,2026-08-18,2026-08-18 23:03:17,470.0,130
Yala,2026-08-19,2026-08-18 23:48:42,192.5,83
Yala,2026-08-20,2026-08-18 23:48:42,128.5,106
Yala,2026-08-21,2026-08-18 23:48:42,97.0,85
Yala,2026-08-22,2026-08-18 22:17:43,96.0,71
Yala,2026-08-23,2026-08-18 17:07:13,223.0,66
Yala,2026-08-24,2026-08-17 22:34:52,98.0,31
Yala,2026-08-25,2026-08-17 19:48:55,109.0,23
Yala,2026-08-26,2026-08-17 23:03:15,112.0,36
Yala,2026-08-27,2026-08-17 23:03:15,112.0,32
Yala,2026-08-28,2026-08-17 23:03:15,94.0,24
Yala,2026-08-29,2026-08-18 20:32:59,32.0,65
Yala,2026-08-30,2026-08-17 23:03:15,37.0,31
Yala,2026-08-31,2026-08-17 19:48:55,74.0,37
Yala,2026-09-01,2026-08-07 15:21:04,0.0,7
Yala,2026-09-02,2026-08-15 02:00:49,0.0,8
Yala,2026-09-03,2026-08-17 17:22:18,2.0,4
Yala,2026-09-04,2026-08-18 17:49:59,2.0,25
Yala,2026-09-05,2026-08-17 17:22:18,2.0,17
Yala,2026-09-06,2026-08-18 01:17:03,2.0,12
Yala,2026-09-07,2026-08-17 23:49:11,42.0,16
Yala,2026-09-10,2026-08-12 20:18:06,12.0,6
Yala,2026-09-12,2026-08-18 01:17:03,84.0,22
Yasothon,2026-08-05,2026-08-05 23:32:15,32.0,1
Yasothon,2026-08-06,2026-08-06 19:19:19,49.0,7
Yasothon,2026-08-07,2026-08-07 19:05:06,625.0,34
Yasothon,2026-08-08,2026-08-08 22:03:58,892.0,38
Yasothon,2026-08-09,2026-08-09 18:18:18,323.0,23
Yasothon,2026-08-10,2026-08-10 15:07:44,981.0,44
Yasothon,2026-08-11,2026-08-11 23:47:31,1378.0,63
Yasothon,2026-08-12,2026-08-12 19:18:08,825.0,44
Yasothon,2026-08-13,2026-08-13 22:35:10,516.0,49
Yasothon,2026-08-14,2026-08-15 00:02:40,1093.0,58
Yasothon,2026-08-15,2026-08-15 22:17:43,1039.0,59
Yasothon,2026-08-16,2026-08-17 00:02:53,2377.5,91
Yasothon,2026-08-17,2026-08-17 18:36:16,2861.0,140
Yasothon,2026-08-18,2026-08-18 18:36:06,2413.0,127
Yasothon,2026-08-19,2026-08-18 23:48:42,1243.5,75
Yasothon,2026-08-20,2026-08-18 14:05:44,1198.0,61
Yasothon,2026-08-21,2026-08-18 12:36:04,540.0,37
Yasothon,2026-08-22,2026-08-18 15:36:48,597.0,29
Yasothon,2026-08-23,2026-08-16 14:32:46,133.0,16
Yasothon,2026-08-24,2026-08-18 16:06:39,376.5,18
Yasothon,2026-08-25,2026-08-18 16:06:39,418.5,18
Yasothon,2026-08-26,2026-08-18 16:06:39,334.5,18
Yasothon,2026-08-27,2026-08-18 16:06:39,385.5,26
Yasothon,2026-08-28,2026-08-17 14:53:50,123.5,19
Yasothon,2026-08-29,2026-08-17 14:53:50,123.5,19
Yasothon,2026-08-30,2026-08-17 14:53:50,168.0,10
Yasothon,2026-08-31,2026-08-17 14:53:50,181.0,31
Yasothon,2026-09-01,2026-08-17 14:53:50,8.0,10
Yasothon,2026-09-02,2026-08-17 14:53:50,8.0,10
Yasothon,2026-09-03,2026-08-17 17:22:18,40.0,19
Yasothon,2026-09-04,2026-08-17 17:22:18,8.0,11
Yasothon,2026-09-05,2026-08-17 00:02:53,0.0,8
Yasothon,2026-09-07,2026-08-17 20:48:25,14.0,7
Yasothon,2026-09-08,2026-08-15 18:48:36,14.0,7
Yasothon,2026-09-09,2026-08-15 18:48:36,14.0,7
Yasothon,2026-09-10,2026-08-15 18:48:36,14.0,7
Yasothon,2026-09-11,2026-08-15 18:48:36,14.0,7
Yasothon,2026-09-12,2026-08-15 18:48:36,14.0,7
