ProductID,ProductName,Latest_Hotness,Peak_Hotness,Avg_Hotness,Latest_Trend,Peak_Search,Peak_Views,Demand_Score,Destination,HotelType Short,Region,Agoda Status,Ctrip Status,Revenue,B2B2C RN,Revenue Score,RN Score,Mapping Score,Business Score,Opportunity Score,Agoda Score,Ctrip Score,Revenue Score v2,RN Score v2,Mapping Score v2,Business Score v2,Opportunity Score v2,Opportunity Index,Commercial Rank,Priority,Action,Reason,Workflow Status,Owner,SLA,Business Impact
43850.0,Ratchaphruek Pavilion,0.445652629186128,0.5888837756305503,0.484389834383026,0.4566185891258453,40.0,234.0,41.96,Nakhon Pathom,KA,BKK - Metro - Chon,Mapped,Mapped,3566185.0,2969.0,55.0769107,100.0,100.0,77.54,38.77,100.0,100.0,55.08,100.0,100,65.93,0.0,50.12,1,Critical,Monitor,No immediate action required.,To Do,Commercial,-,Low
455.0,The Heritage Silom Hotel,0.4178550053932081,0.4798886215123621,0.4215055575884405,0.5007795119643988,60.0,159.0,43.17,Bangkok,KA,BKK - Metro - Chon,Mapped,Mapped,3564098.0,2741.0,55.04468373,92.32064668,100.0,75.22,37.61,100.0,100.0,55.04,92.32,100,63.85,0.0,49.88,2,Critical,Monitor,No immediate action required.,To Do,Commercial,-,Low
4920686.0,Mayuu Ayutthaya Hotel,0.4481562643495468,0.5094561457964304,0.3958288807855147,0.4943307124015754,51.0,86.0,40.24,Phra Nakhon Si Ayutthaya,KA,Lower Isan - Central,Mapped,Mapped,3712635.0,2353.0,57.33872651,79.25227349,100.0,72.45,36.225,100.0,100.0,57.34,79.25,100,60.49,0.0,47.26,3,Critical,Monitor,No immediate action required.,To Do,Commercial,-,Low
65430.0,Som O House Hotel,0.3410692709512334,0.4774422470584163,0.4129215225457254,0.4960028509136418,51.0,40.0,34.54,Nakhonratchasima,KA,Lower Isan - Central,Mapped,Mapped,6474918.0,501.0,100.0,16.87436847,100.0,75.06,37.53,100.0,100.0,100.0,16.87,100,61.97,0.0,46.31,4,Critical,Monitor,No immediate action required.,To Do,Commercial,-,Low
232.0,FX Hotel Metrolink Makkasan,0.4402534198279684,0.4462429936758592,0.39699809878912684,0.5047852539625938,50.0,72.0,39.5,Bangkok,KA,BKK - Metro - Chon,Mapped,Mapped,3265659.0,2510.0,50.43553102,84.54024924,100.0,70.58,35.29,100.0,100.0,50.44,84.54,100,58.48,0.0,46.14,5,Critical,Monitor,No immediate action required.,To Do,Commercial,-,Low
2011259.0,S Bangkok Navamin,0.4533110335176091,0.5299146358371011,0.4818347956854602,0.4945011910649851,61.0,175.0,45.16,Bangkok,KA,BKK - Metro - Chon,Mapped,Mapped,3149326.0,2100.0,48.63885287,70.73088582,100.0,65.54,32.77,100.0,100.0,48.64,70.73,100,54.57,0.0,45.78,6,Critical,Monitor,No immediate action required.,To Do,Commercial,-,Low
182820.0,S.22 Hotel Suratthani,0.4521579124536785,0.5279153020473822,0.41969938890768865,0.4924020025764579,60.0,30.0,40.31,Surat Thani,KA,Upper South,Mapped,Mapped,2886594.0,1712.0,44.58117035,57.66251263,100.0,59.59,29.795,100.0,100.0,44.58,57.66,100,47.65,0.0,40.84,7,Critical,Monitor,No immediate action required.,To Do,Commercial,-,Low
2006816.0,185 Residence Khon Kaen,0.385824383734366,0.5267660027648187,0.43228121861894564,0.4821102255684268,61.0,94.0,39.66,Khon Kaen,KA,Upper Isan - East,Mapped,Mapped,4018458.0,890.0,62.06191217,29.97642304,100.0,60.02,30.01,100.0,100.0,62.06,29.98,100,47.96,0.0,40.7,8,Critical,Monitor,No immediate action required.,To Do,Commercial,-,Low
4921194.0,The Neuf Ratchada,0.3948424142700149,0.5320082819052211,0.41212076297146977,0.489018896836935,59.0,77.0,39.24,Bangkok,KA,BKK - Metro - Chon,Mapped,Mapped,2795030.0,1724.0,43.16703885,58.06668912,100.0,59.0,29.5,100.0,100.0,43.17,58.07,100,46.85,0.0,40.09,9,Critical,Monitor,No immediate action required.,To Do,Commercial,-,Low
25158.0,The Proud Exclusive Hotel,0.3452329063440873,0.5254354646490114,0.4458074612362057,0.5009575639596531,54.0,183.0,39.89,Nakhon Pathom,KA,BKK - Metro - Chon,Mapped,Mapped,2529446.0,1538.0,39.06530001,51.80195352,100.0,55.07,27.535,100.0,100.0,39.07,51.8,100,43.05,0.0,38.5,10,Critical,Monitor,No immediate action required.,To Do,Commercial,-,Low
152374.0,Orchid Riverview Hotel,0.4326104680965792,0.4993016524674066,0.39750468817956874,0.4990965811758451,37.0,97.0,37.39,Surat Thani,KA,Upper South,Mapped,Mapped,2858263.0,1484.0,44.14361606,49.98315931,100.0,57.07,28.535,100.0,100.0,44.14,49.98,100,44.54,0.0,38.48,11,Critical,Monitor,No immediate action required.,To Do,Commercial,-,Low
180997.0,Glai Gan Place Hotel,0.4021803873649556,0.4706685626237007,0.43262079173887036,0.4804097525397888,67.0,41.0,39.75,Saraburi,KA,Lower Isan - Central,Mapped,Mapped,3124293.0,1017.0,48.25223853,34.25395756,100.0,54.4,27.2,100.0,100.0,48.25,34.25,100,42.35,0.0,37.9,12,Critical,Monitor,No immediate action required.,To Do,Commercial,-,Low
21653.0,Pacific Park Hotel,0.4173243135191502,0.4445271991889547,0.4113539135510327,0.4999208581011193,57.0,65.0,39.6,Sriracha,KA,BKK - Metro - Chon,Mapped,Mapped,2161167.0,1605.0,33.3775254,54.05860559,100.0,52.91,26.455,100.0,100.0,33.38,54.06,100,40.83,0.0,37.29,13,Critical,Monitor,No immediate action required.,To Do,Commercial,-,Low
138072.0,J Park Hotel,0.3927764949433433,0.4966520335635598,0.45913143022722774,0.496502451817993,56.0,89.0,39.12,Chonburi,KA,BKK - Metro - Chon,Mapped,Mapped,2484923.0,1270.0,38.37767242,42.77534523,100.0,52.02,26.01,100.0,100.0,38.38,42.78,100,39.85,0.0,36.63,14,Critical,Monitor,No immediate action required.,To Do,Commercial,-,Low
182835.0,Nadee 10 Resort & Hotel,0.3781715569444016,0.5598561682439904,0.4271313723920819,0.466023675628041,62.0,61.0,38.18,Khon Kaen,KA,Upper Isan - East,Mapped,Mapped,2314119.0,1496.0,35.73975005,50.3873358,100.0,52.99,26.495,100.0,100.0,35.74,50.39,100,40.62,0.0,36.43,15,Critical,Monitor,No immediate action required.,To Do,Commercial,-,Low
65457.0,Centric Place Hotel,0.3897621356905341,0.537153160532513,0.45195076618648494,0.487953454405323,68.0,79.0,40.79,Bangkok,KA,BKK - Metro - Chon,Mapped,Mapped,2655035.0,975.0,41.00491991,32.83933985,100.0,50.35,25.175,100.0,100.0,41.0,32.84,100,38.51,0.0,36.37,16,Critical,Monitor,No immediate action required.,To Do,Commercial,-,Low
63676.0,Loft Mania Boutique Hotel,0.4750563382554396,0.6011439031010533,0.4676219668226298,0.4738558235271045,62.0,56.0,42.06,Chumphon,KA,Upper South,Mapped,Mapped,1907749.0,1440.0,29.46368085,48.50117885,100.0,49.28,24.64,100.0,100.0,29.46,48.5,100,37.69,0.0,36.2,17,Critical,Monitor,No immediate action required.,To Do,Commercial,-,Low
21378.0,Hug Nimman Hotel Chiang Mai,0.4144207614492335,0.4633201957601182,0.40616385447919884,0.4974365596150966,72.0,71.0,42.48,Chiang Mai,KA,North,Mapped,Mapped,2159600.0,1118.0,33.35332061,37.65577636,100.0,47.97,23.985,100.0,100.0,33.35,37.66,100,36.47,0.0,35.95,18,Critical,Monitor,No immediate action required.,To Do,Commercial,-,Low
4854509.0,Heaven Hotel Chachoengsao,0.4298703702299211,0.5453120644335311,0.44787134544377505,0.4862482146504629,50.0,76.0,38.84,Chachoengsao,KA,Upper Isan - East,Mapped,Mapped,2233630.0,1309.0,34.49665702,44.08891883,100.0,50.48,25.24,100.0,100.0,34.5,44.09,100,38.25,0.0,35.64,19,Critical,Monitor,No immediate action required.,To Do,Commercial,-,Low
4611.0,PLAAI Prime Hotel Rayong,0.3954861781741131,0.4820444501308919,0.41307125456397453,0.4983085585444747,60.0,113.0,40.78,Rayong,KA,Upper Isan - East,Mapped,Mapped,2089116.0,1140.0,32.26474306,38.39676659,100.0,47.65,23.825,100.0,100.0,32.26,38.4,100,35.81,0.0,35.12,20,Critical,Monitor,No immediate action required.,To Do,Commercial,-,Low
63672.0,Madina Hotel Rayong,0.4223469178203745,0.507792019762381,0.43579891398214066,0.4525936388273825,57.0,412.0,49.8,Rayong,KA,Upper Isan - East,Mapped,Mapped,1505028.0,933.0,23.24396495,31.42472213,100.0,41.05,20.525,100.0,100.0,23.24,31.42,100,31.01,0.0,34.97,21,Critical,Monitor,No immediate action required.,To Do,Commercial,-,Low
63574.0,The Nest Hotel Phichit,0.4287788099541649,0.5197719339011582,0.4389001887321692,0.4515395785726425,20.0,477.0,45.04,Phichit,KA,North,Mapped,Mapped,1899371.0,1005.0,29.33429171,33.84978107,100.0,44.82,22.41,100.0,100.0,29.33,33.85,100,33.83,0.0,34.94,22,Critical,Monitor,No immediate action required.,To Do,Commercial,-,Low
4883872.0,The Chess hotel,0.4266780170466243,0.4696885398789029,0.4184809340951558,0.5035266898108807,29.0,108.0,36.07,Rayong,KA,Upper Isan - East,Mapped,Mapped,2064401.0,1481.0,31.88305125,49.88211519,100.0,50.91,25.455,100.0,100.0,31.88,49.88,100,38.12,0.0,34.92,23,Critical,Monitor,No immediate action required.,To Do,Commercial,-,Low
43726.0,The Narathiwas Hotel & Residence Sathorn Bangkok,0.4397517847812244,0.5031852703506613,0.465891806671343,0.49201589338481,63.0,117.0,43.12,Bangkok,KA,BKK - Metro - Chon,Mapped,Not Live,1267830.0,379.0,19.58063525,12.76524082,70.0,27.62,26.53,100.0,40.0,19.58,12.77,50,22.24,11.12,33.98,24,Critical,Monitor,No immediate action required.,To Do,Commercial,-,Low
4933133.0,The Rise Suites Hotel Chiang Mai,0.3302197313071536,0.428834402582394,0.37479752746330874,0.5160413393430426,48.0,8.0,32.92,Chiang Mai,KA,North,Not live,Null,1126683.0,253.0,17.40073153,8.521387673,20.0,15.26,19.51,40.0,0.0,17.4,8.52,0,17.84,17.84,33.96,25,Critical,Monitor,No immediate action required.,To Do,Commercial,-,Low
43603.0,V-Verve Service Apartment,0.4901458384230298,0.4967044999660281,0.47051931318524043,0.5037596969854029,36.0,90.0,39.38,Chachoengsao,KA,Upper Isan - East,Mapped,Mapped,2370645.0,781.0,36.61274402,26.30515325,100.0,46.2,23.1,100.0,100.0,36.61,26.31,100,34.07,0.0,33.89,26,Critical,Monitor,No immediate action required.,To Do,Commercial,-,Low
43918.0,The Zenith Residence Hotel,0.5055115301644715,0.5254616770538392,0.41306719893032146,0.5018537199480416,59.0,18.0,42.06,Nakhonratchasima,KA,Lower Isan - Central,Mapped,Mapped,2233018.0,653.0,34.48720531,21.99393735,100.0,43.84,21.92,100.0,100.0,34.49,21.99,100,32.25,0.0,33.76,27,Critical,Monitor,No immediate action required.,To Do,Commercial,-,Low
380.0,Forum Park Hotel,0.3983759742624871,0.5119502532805035,0.44989139463843086,0.4900519715838174,63.0,76.0,40.13,Bangkok,KA,BKK - Metro - Chon,Mapped,Mapped,3047332.0,161.0,47.06363901,5.422701246,100.0,45.16,22.58,100.0,100.0,47.06,5.42,100,33.18,0.0,33.53,28,Critical,Monitor,No immediate action required.,To Do,Commercial,-,Low
5101649.0,Moose EASY Hotel,0.3760302003775803,0.5077150525541738,0.4089549444710978,0.5015382685620077,64.0,32.0,38.27,Chiang Mai,KA,North,Mapped,Null,1298624.0,602.0,20.05621814,20.27618727,50.0,26.11,22.085,100.0,0.0,20.06,20.28,50,23.77,11.88,33.38,29,Critical,Monitor,No immediate action required.,To Do,Commercial,-,Low
43842.0,Rattana View Phitsanulok,0.2544968807393326,0.5899407868413606,0.42179236565162587,0.4105215020560654,69.0,52.0,33.17,Phitsanulok,KA,North,Mapped,Mapped,3313760.0,611.0,51.17841198,20.57931964,100.0,73.29,36.645,100.0,100.0,51.18,20.58,100,38.4,0.0,33.26,30,Critical,Monitor,No immediate action required.,To Do,Commercial,-,Low
4920836.0,SR Grand Hotel Chiang Mai,0.2992324732082405,0.4575246070565261,0.3565277935107273,0.4486460037299782,54.0,15.0,31.7,Chiang Mai,KA,North,Mapped,Mapped,3970711.0,144.0,61.32450356,4.850117885,100.0,52.12,26.06,100.0,100.0,61.32,4.85,100,38.46,0.0,33.22,31,Critical,Monitor,No immediate action required.,To Do,Commercial,-,Low
23788.0,Marsi Hotel,0.4371709763629233,0.4463872907777742,0.44235195345380823,0.5064516828856154,51.0,60.0,39.22,Bangkok,KA,BKK - Metro - Chon,Mapped,Mapped,2128556.0,813.0,32.87387513,27.38295722,100.0,44.65,22.325,100.0,100.0,32.87,27.38,100,32.49,0.0,33.08,32,Critical,Monitor,No immediate action required.,To Do,Commercial,-,Low
21418.0,Metro point Bangkok,0.4410574314155323,0.4583668900799315,0.3920925872222563,0.4919903336192702,66.0,40.0,41.32,Bangkok,KA,BKK - Metro - Chon,Mapped,Mapped,1854879.0,878.0,28.64713996,29.57224655,100.0,43.2,21.6,100.0,100.0,28.65,29.57,100,31.46,0.0,33.05,33,Critical,Monitor,No immediate action required.,To Do,Commercial,-,Low
5101761.0,Journeyhub Sukhumvit 26 Bangkok,0.451737621873911,0.5070693762069121,0.419829524862776,0.4936766063384821,59.0,90.0,42.02,Bangkok,KA,BKK - Metro - Chon,Mapped,Null,806236.0,531.0,12.45167257,17.8848097,50.0,21.59,,100.0,0.0,12.45,17.88,50,19.99,9.99,32.54,34,Critical,Monitor,No immediate action required.,To Do,Commercial,-,Low
43636.0,A Plus Hotel Ubonratchathani,0.3964237369593256,0.3964237369593256,0.39309188314579074,0.5066036415730194,35.0,3.0,32.75,Ubon Ratchathani,KA,Lower Isan - Central,Mapped,Mapped,1102974.0,1973.0,17.03457135,66.4533513,100.0,48.45,24.225,100.0,100.0,17.03,66.45,100,35.0,0.0,32.39,35,Critical,Monitor,No immediate action required.,To Do,Commercial,-,Low
4918110.0,101 Hotel Roi Et,0.3860454460337401,0.4590349635951943,0.4196010673269529,0.4416013407953053,7.0,444.0,39.61,Roi Et,KA,Lower Isan - Central,Mapped,Mapped,2267603.0,660.0,35.02133551,22.22970697,100.0,44.18,22.09,100.0,100.0,35.02,22.23,100,32.1,0.0,32.35,36,Critical,Monitor,No immediate action required.,To Do,Commercial,-,Low
4936650.0,Blu Monkey Hub and Hotel Krabi Town,0.3997562791469536,0.5380656867574827,0.41267491519703037,0.4893176313965817,38.0,109.0,36.45,Krabi,KA,Upper South,Mapped,Null,1133045.0,642.0,17.49898683,21.62344224,50.0,25.24,22.06,100.0,0.0,17.5,21.62,50,22.53,11.26,32.09,37,Critical,Monitor,No immediate action required.,To Do,Commercial,-,Low
5101640.0,Bear & Bird Hotel,0.4245565789554035,0.4843901350467186,0.45027961609648365,0.4949973874156283,52.0,83.0,39.41,Surat Thani,KA,Upper South,Mapped,Mapped,1610572.0,1016.0,24.8740101,34.22027619,100.0,42.7,21.35,100.0,100.0,24.87,34.22,100,30.58,0.0,32.06,38,Critical,Monitor,No immediate action required.,To Do,Commercial,-,Low
2000105.0,Aspira One Sutthisan Hotel,0.4022466642507906,0.4065650687253908,0.4004176264357941,0.5031384031973168,44.0,78.0,36.99,Bangkok,KA,BKK - Metro - Chon,Mapped,Mapped,1949731.0,922.0,30.1120542,31.05422701,100.0,44.37,22.185,100.0,100.0,30.11,31.05,100,31.77,0.0,32.01,39,Critical,Monitor,No immediate action required.,To Do,Commercial,-,Low
503.0,The Victory Executive Residences,0.4173307169272022,0.4263121722187168,0.4214948649807341,0.5046939773113469,58.0,134.0,42.06,Bangkok,KA,BKK - Metro - Chon,Mapped,Mapped,1230837.0,1030.0,19.00930149,34.69181543,100.0,39.91,19.955,100.0,100.0,19.01,34.69,100,28.32,0.0,31.83,40,Critical,Monitor,No immediate action required.,To Do,Commercial,-,Low
2007470.0,The Smart Hotel Hatyai,0.3920354378499232,0.5572350779830089,0.43366072504842396,0.501083422152937,51.0,38.0,36.62,Hatyai,KA,Lower South - West,Mapped,Mapped,1688341.0,1082.0,26.0750921,36.44324688,100.0,43.97,21.985,100.0,100.0,26.08,36.44,100,31.3,0.0,31.64,41,Critical,Monitor,No immediate action required.,To Do,Commercial,-,Low
4849575.0,L2 Hotel,0.3933876036137835,0.4544998353374084,0.36806070360260196,0.4949813545711355,40.0,18.0,33.82,Khon Kaen,KA,Upper Isan - East,Mapped,Mapped,2651683.0,570.0,40.95316017,19.19838329,100.0,46.24,23.12,100.0,100.0,40.95,19.2,100,33.0,0.0,31.6,42,Critical,Monitor,No immediate action required.,To Do,Commercial,-,Low
382.0,Chatrium Residence Sathorn Bangkok,0.4737498656923614,0.53541644077189,0.49578527637080944,0.495978405798368,54.0,356.0,50.39,Bangkok,LT,BKK - Metro - Chon,Mapped,Not Live,205219.0,61.0,3.169440792,2.054563826,70.0,16.2,21.17,100.0,40.0,3.17,2.05,50,12.28,6.14,31.22,43,Critical,Monitor,No immediate action required.,To Do,Commercial,-,Low
1395.0,Twin Lotus Hotel Nakhon Si Thammarat,0.397437799410227,0.4016621254763903,0.39834680187223354,0.5073018390642546,51.0,49.0,37.3,Nakhon Si Thammarat,KA,Lower South - West,Mapped,Mapped,1464900.0,1084.0,22.62421931,36.51060963,100.0,42.27,21.135,100.0,100.0,22.62,36.51,100,29.72,0.0,31.12,44,Critical,Monitor,No immediate action required.,To Do,Commercial,-,Low
65581.0,Anna Nava Pakkret Hotel,0.4317318832191282,0.4537374382408433,0.4109973528155206,0.4942319361045093,59.0,102.0,41.61,Nonthaburi,KA,BKK - Metro - Chon,Mapped,Mapped,1430362.0,767.0,22.09081993,25.83361401,100.0,38.8,19.4,100.0,100.0,22.09,25.83,100,27.12,0.0,30.98,45,Critical,Monitor,No immediate action required.,To Do,Commercial,-,Low
2010773.0,Wellness Residence Chiang Mai,0.4927207502479698,0.5035863028768962,0.4947261620335343,0.5022840362534865,54.0,41.0,41.33,Chiang Mai,KA,North,Mapped,Not Live,643071.0,362.0,9.931725139,12.19265746,70.0,22.62,23.035,100.0,40.0,9.93,12.19,50,16.89,8.44,30.87,46,Critical,Monitor,No immediate action required.,To Do,Commercial,-,Low
4918075.0,K2 Green Kanchanaburi,0.3497843841088109,0.4409743989702348,0.38056731873612754,0.498851887062709,39.0,23.0,32.12,Kanchanaburi,KA,Lower South - West,Mapped,Mapped,2168715.0,816.0,33.4940943,27.48400135,100.0,44.99,22.495,100.0,100.0,33.49,27.48,100,31.41,0.0,30.33,47,Critical,Monitor,No immediate action required.,To Do,Commercial,-,Low
183492.0,Blu Monkey Hotel Suratthani,0.3988990651445227,0.4141146289700547,0.4024871919413579,0.4985704072445238,56.0,82.0,39.18,Surat Thani,KA,Upper South,Mapped,Mapped,1562120.0,610.0,24.12571687,20.54563826,100.0,38.23,19.115,100.0,100.0,24.13,20.55,100,26.07,0.0,29.77,48,Critical,Monitor,No immediate action required.,To Do,Commercial,-,Low
21442.0,Maihom Resort Dechatiwong Bridge,0.3546285107467901,0.4507809775250073,0.4048000511883679,0.4983781955093453,49.0,21.0,34.15,Nakhon Sawan,KA,North,Mapped,Mapped,2619414.0,194.0,40.45478812,6.534186595,100.0,42.19,21.095,100.0,100.0,40.45,6.53,100,29.01,0.0,29.74,49,Critical,Monitor,No immediate action required.,To Do,Commercial,-,Low
23937.0,Brique Hotel Chiangmai,0.437880271383147,0.4949873546406457,0.42765848983933663,0.500736902643759,73.0,32.0,42.44,Chiang Mai,KA,North,Mapped,Mapped,1354609.0,498.0,20.9208713,16.77332435,100.0,35.49,17.745,100.0,100.0,20.92,16.77,100,23.98,0.0,29.73,50,Critical,Monitor,No immediate action required.,To Do,Commercial,-,Low
63698.0,Hansanan Hotel Phitsanulok,0.4620422142952901,0.5076243036851513,0.44778571443377735,0.4941818262943829,56.0,110.0,42.5,Phitsanulok,KA,North,Mapped,Mapped,1413159.0,443.0,21.82513393,14.92084877,100.0,35.39,17.695,100.0,100.0,21.83,14.92,100,23.89,0.0,29.64,51,High,Monitor,No immediate action required.,To Do,Commercial,-,Low
5101362.0,One Budget Hotel Nan Pha Sing,0.3875099664587927,0.3990652663131208,0.39358946045591353,0.5260269801097346,30.0,2.0,31.8,Nan,KA,North,Not live,Not Mapped,395898.0,11.0,6.114339422,0.3704951162,20.0,7.17,13.925,40.0,0.0,6.11,0.37,0,9.53,9.53,29.56,52,High,Expand to Ctrip,Expand distribution to increase room nights.,To Do,Market Manager,72 Hours,Medium
263.0,NH Bangkok Sukhumvit Boulevard,0.4934401895937764,0.5263458304862373,0.5120780793896874,0.5075217424282236,66.0,134.0,46.69,Bangkok,LT,BKK - Metro - Chon,Mapped,Not Mapped,188318.0,17.0,2.908419247,0.5725833614,50.0,11.63,19.305,100.0,0.0,2.91,0.57,50,10.96,5.48,29.56,53,High,Expand to Ctrip,Expand distribution to increase room nights.,To Do,Market Manager,72 Hours,Medium
4885023.0,Conbrio Resort & Sport Club,0.3493093596299285,0.4817908302047729,0.4034767026290174,0.4881986716381592,24.0,22.0,29.0,Saraburi,KA,Lower Isan - Central,Mapped,Mapped,3048789.0,255.0,47.08614261,8.588750421,100.0,46.12,23.06,100.0,100.0,47.09,8.59,100,31.92,0.0,29.54,54,High,Monitor,No immediate action required.,To Do,Commercial,-,Low
63571.0,Serene Residence,0.4358460556859535,0.4807386722227774,0.4320607247696184,0.4985295151353888,45.0,36.0,37.11,Kanchanaburi,KA,Lower South - West,Mapped,Mapped,1830019.0,509.0,28.26320256,17.14381947,100.0,39.27,19.635,100.0,100.0,28.26,17.14,100,26.69,0.0,29.47,55,High,Monitor,No immediate action required.,To Do,Commercial,-,Low
63656.0,Kitlada Hotel Udon Thani,0.4268432659910909,0.4797409790998295,0.4504874662565287,0.5113008227706716,46.0,15.0,36.53,Udon Thani,KA,Upper Isan - East,Mapped,Mapped,2422476.0,76.0,37.41322988,2.559784439,100.0,39.47,19.735,100.0,100.0,37.41,2.56,100,26.78,0.0,29.46,56,High,Monitor,No immediate action required.,To Do,Commercial,-,Low
63732.0,Tharakiree Place Hotel,0.4164636539469104,0.4668703876047697,0.4325225137790187,0.4893789703103482,57.0,40.0,38.57,Khaoyai,KA,Lower Isan - Central,Mapped,Mapped,1857313.0,367.0,28.68473889,12.36106433,100.0,38.05,19.025,100.0,100.0,28.68,12.36,100,25.76,0.0,29.35,57,High,Monitor,No immediate action required.,To Do,Commercial,-,Low
63463.0,River Hotel Nakhon Pathom,0.3615962418050113,0.4605213723888134,0.39765377130407825,0.4951821726866309,20.0,27.0,29.03,Nakhon Pathom,KA,BKK - Metro - Chon,Mapped,Mapped,2464751.0,642.0,38.06613981,21.62344224,100.0,45.52,22.76,100.0,100.0,38.07,21.62,100,31.33,0.0,29.32,58,High,Monitor,No immediate action required.,To Do,Commercial,-,Low
4862770.0,Casa Coco Hotel,0.4295233419503412,0.4906694679978697,0.40506943353776054,0.4977553326575627,50.0,25.0,37.45,Nakhonratchasima,KA,Lower Isan - Central,Mapped,Mapped,2340372.0,62.0,36.14519876,2.0882452,100.0,38.7,19.35,100.0,100.0,36.15,2.09,100,26.19,0.0,29.31,59,High,Monitor,No immediate action required.,To Do,Commercial,-,Low
21347.0,Baron Residence Bangkok,0.3836456346147597,0.4794687467304901,0.42985508688618984,0.4972863213688409,61.0,73.0,39.21,Bangkok,KA,BKK - Metro - Chon,Mapped,Not Mapped,929092.0,10.0,14.34908698,0.336813742,50.0,17.28,20.285,100.0,0.0,14.35,0.34,50,15.12,7.56,29.3,60,High,Expand to Ctrip,Expand distribution to increase room nights.,To Do,Market Manager,72 Hours,Medium
23839.0,Phanomrungpuri Hotel Nangrong,0.3214664410668439,0.3741524016500891,0.36180102372876966,0.506675611708559,35.0,1.0,29.69,Buriram,KA,Lower Isan - Central,Not live,Not Mapped,423832.0,127.0,6.545748155,4.277534523,20.0,8.56,13.44,40.0,0.0,6.55,4.28,0,10.5,10.5,29.22,61,High,Expand to Ctrip,Expand distribution to increase room nights.,To Do,Market Manager,72 Hours,Medium
43674.0,The Grace Residence Surin,0.321184532651434,0.4895524250076467,0.35846261174282146,0.5064175486131048,18.0,121.0,30.22,Surin,KA,Lower Isan - Central,Mapped,Mapped,1392877.0,1309.0,21.51188546,44.08891883,100.0,43.98,21.99,100.0,100.0,21.51,44.09,100,30.03,0.0,29.14,62,High,Monitor,No immediate action required.,To Do,Commercial,-,Low
4921453.0,Goodday Hotel Khon Kaen,0.3951608858327676,0.4586704324520532,0.40029078120282,0.5099721317292573,66.0,22.0,39.27,Khon Kaen,KA,Upper Isan - East,Mapped,Mapped,1310723.0,634.0,20.24307874,21.35399124,100.0,36.53,18.265,100.0,100.0,20.24,21.35,100,24.38,0.0,29.07,63,High,Monitor,No immediate action required.,To Do,Commercial,-,Low
46.0,Chiva Bangkok Hotel,0.456424152799599,0.5011976981878947,0.43043122968837666,0.4749250139417884,70.0,147.0,45.73,Bangkok,LT,BKK - Metro - Chon,Mapped,Not Mapped,156853.0,81.0,2.422475303,2.72819131,50.0,12.03,17.055,100.0,0.0,2.42,2.73,50,11.18,5.59,29.06,64,High,Expand to Ctrip,Expand distribution to increase room nights.,To Do,Market Manager,72 Hours,Medium
4884419.0,Bliq Hotel Chanthaburi,0.3742485025516605,0.5863941988859055,0.44488983935868454,0.4654563969156984,54.0,76.0,36.96,Chanthaburi,KA,Upper Isan - East,Mapped,Mapped,1902011.0,432.0,29.37506567,14.55035365,100.0,39.05,19.525,100.0,100.0,29.38,14.55,100,26.45,0.0,28.97,65,High,Monitor,No immediate action required.,To Do,Commercial,-,Low
181497.0,Martina Hotel Surin,0.4485109889718391,0.4869331178005837,0.4468441268659632,0.4998884743391889,45.0,78.0,38.97,Surin,KA,Lower Isan - Central,Mapped,Mapped,1306805.0,653.0,20.1825765,21.99393735,100.0,36.69,18.345,100.0,100.0,20.18,21.99,100,24.48,0.0,28.93,66,High,Monitor,No immediate action required.,To Do,Commercial,-,Low
2002133.0,Preechana Hotel,0.4312854351526001,0.4396927930392886,0.4061797516147012,0.5067255496721275,5.0,36.0,29.47,Rayong,KA,Upper Isan - East,Not mapped,Not Mapped,494509.0,26.0,7.637296407,0.8757157292,0.0,4.08,11.25,0.0,0.0,7.64,0.88,0,9.98,9.98,28.9,67,High,Expand to Ctrip,Expand distribution to increase room nights.,To Do,Market Manager,72 Hours,Medium
183701.0,Nano Place Hotel Sriracha,0.3717497413266719,0.4448308008301317,0.3610607514606043,0.493113620247497,56.0,22.0,36.09,Sriracha,KA,BKK - Metro - Chon,Mapped,Mapped,1768800.0,531.0,27.31772181,17.8848097,100.0,39.02,19.51,100.0,100.0,27.32,17.88,100,26.24,0.0,28.88,68,High,Monitor,No immediate action required.,To Do,Commercial,-,Low
63666.0,Mandy Nok Hotel,0.4252179626000975,0.4514968907830491,0.39345986559794627,0.4908899428002866,61.0,18.0,39.01,Nakhon Si Thammarat,KA,Lower South - West,Mapped,Mapped,1222761.0,721.0,18.88457512,24.2842708,100.0,36.73,18.365,100.0,100.0,18.88,24.28,100,24.53,0.0,28.87,69,High,Monitor,No immediate action required.,To Do,Commercial,-,Low
4921188.0,The Salil Hotel Riverside Bangkok,0.4929539579465349,0.5384098142073016,0.4514801105675414,0.4953666075989191,64.0,161.0,46.89,Bangkok,LT,BKK - Metro - Chon,Mapped,Null,19907.0,5.0,0.3074409776,0.168406871,50.0,10.2,18.43,100.0,0.0,0.31,0.17,50,9.58,4.79,28.81,70,High,Monitor,No immediate action required.,To Do,Commercial,-,Low
137966.0,Blu Monkey Boutique Samkong (Formerly Blu Monkey Bed & Breakfast Phuket),0.4273163466287569,0.5031531221236765,0.42339307626258504,0.4918228137255736,54.0,91.0,40.09,Phuket,KA,Upper South,Mapped,Mapped,1168218.0,642.0,18.04221181,21.62344224,100.0,35.51,17.755,100.0,100.0,18.04,21.62,100,23.52,0.0,28.71,71,High,Monitor,No immediate action required.,To Do,Commercial,-,Low
4948550.0,JIA HAUS Hotel Apartment,0.4377632944974949,0.478856062331051,0.43524834424869474,0.498774077070091,42.0,40.0,36.75,Buriram,KA,Lower Isan - Central,Mapped,Mapped,1735435.0,420.0,26.80243201,14.14617716,100.0,37.65,18.825,100.0,100.0,26.8,14.15,100,25.0,0.0,28.51,72,High,Monitor,No immediate action required.,To Do,Commercial,-,Low
2010534.0,Romance Hotel Sukhumvit 97,0.3622337131307992,0.3908076015296902,0.3603425827467852,0.5011633410310715,1.0,67.0,26.82,Bangkok,KA,BKK - Metro - Chon,Mapped,Mapped,1669740.0,1241.0,25.78782234,41.79858538,100.0,45.43,22.715,100.0,100.0,25.79,41.8,100,30.8,0.0,28.46,73,High,Monitor,No immediate action required.,To Do,Commercial,-,Low
23579.0,Synsiri Ladprao 130,0.4762631372297592,0.5177226560863806,0.41753576662801045,0.4947828916348532,48.0,131.0,42.22,Bangkok,KA,BKK - Metro - Chon,Mapped,Not Mapped,247084.0,130.0,3.816019367,4.378578646,50.0,13.22,21.445,100.0,0.0,3.82,4.38,50,11.67,5.84,28.45,74,High,Expand to Ctrip,Expand distribution to increase room nights.,To Do,Market Manager,72 Hours,Medium
5101043.0,The Way Hotel Ban Pong,0.3709451082375047,0.4495992928692005,0.42468218297672694,0.50587903937492,40.0,31.0,33.55,Ratchaburi,KA,Lower South - West,Mapped,Null,1163976.0,89.0,17.97668866,2.997642304,50.0,19.89,20.545,100.0,0.0,17.98,3.0,50,16.6,8.3,28.42,75,High,Monitor,No immediate action required.,To Do,Commercial,-,Low
4921302.0,SOPISA boutique hotel Ayutthaya,0.4141611234603801,0.4542889975641712,0.42779744835003697,0.5037000227104697,20.0,56.0,32.22,Phra Nakhon Si Ayutthaya,KA,Lower Isan - Central,Mapped,Null,1059429.0,267.0,16.3620519,8.992926911,50.0,20.88,20.845,100.0,0.0,16.36,8.99,50,17.32,8.66,28.36,76,High,Monitor,No immediate action required.,To Do,Commercial,-,Low
63668.0,I Hotel Khonkaen,0.4401910244868151,0.4645551694246594,0.41087499798611443,0.4992979030109915,65.0,30.0,40.92,Khon Kaen,KA,Upper Isan - East,Mapped,Mapped,1483358.0,217.0,22.90929707,7.308858201,100.0,33.65,16.825,100.0,100.0,22.91,7.31,100,21.83,0.0,28.18,77,High,Monitor,No immediate action required.,To Do,Commercial,-,Low
4543042.0,Navakitel Design Hotel,0.4129060161300307,0.494256353153844,0.4477720502912766,0.5048126428931398,54.0,75.0,39.26,Nakhon Si Thammarat,KA,Lower South - West,Mapped,Mapped,985586.0,715.0,15.22159152,24.08218255,100.0,34.84,17.42,100.0,100.0,15.22,24.08,100,22.69,0.0,28.17,78,High,Monitor,No immediate action required.,To Do,Commercial,-,Low
63697.0,JK Living Hotel and Service Apartment,0.458986044131757,0.5018825799514893,0.4469348263285677,0.5001954172183372,56.0,125.0,42.97,Chachoengsao,KA,Upper Isan - East,Mapped,Mapped,1240690.0,234.0,19.16148582,7.881441563,100.0,31.95,15.975,100.0,100.0,19.16,7.88,100,20.54,0.0,28.16,79,High,Monitor,No immediate action required.,To Do,Commercial,-,Low
21135.0,Mida Hotel Ngamwongwan Nonthaburi,0.4388471936768899,0.4458853356039545,0.4315401326709019,0.5020296937157974,62.0,87.0,42.15,Nonthaburi,KA,BKK - Metro - Chon,Mapped,Mapped,797439.0,629.0,12.3158188,21.18558437,100.0,32.51,16.255,100.0,100.0,12.32,21.19,100,20.95,0.0,28.14,80,High,Monitor,No immediate action required.,To Do,Commercial,-,Low
43739.0,The Phu Beach Hotel,0.3266537016509779,0.3439421973550427,0.33640756660394666,0.5346376395286907,43.0,1.0,31.98,,,,Not mapped,Null,0.0,0.0,0.0,0.0,0.0,0.0,0.0,0.0,0.0,0.0,0.0,0,6.4,6.4,28.14,81,High,Monitor,No immediate action required.,To Do,Commercial,-,Low
152886.0,Maihom Villa Hotel,0.3799769823340418,0.4220850449462602,0.3954863059534848,0.502657149641626,47.0,29.0,35.12,Nakhon Sawan,KA,North,Mapped,Mapped,2186524.0,115.0,33.76914537,3.873358033,100.0,38.05,19.025,100.0,100.0,33.77,3.87,100,25.07,0.0,28.1,82,High,Monitor,No immediate action required.,To Do,Commercial,-,Low
43937.0,P.A. Thani Hotel,0.4041435309204816,0.4325396254064448,0.4185271172132041,0.5040969797631217,58.0,12.0,37.67,Nakhon Sawan,KA,North,Mapped,Mapped,1339690.0,551.0,20.69046003,18.55843718,100.0,35.91,17.955,100.0,100.0,20.69,18.56,100,23.45,0.0,28.07,83,High,Monitor,No immediate action required.,To Do,Commercial,-,Low
21389.0,42C The Chic Hotel,0.4202713824276325,0.4327706643132475,0.3282124450461908,0.5058437925277829,49.0,13.0,36.67,Nakhon Sawan,KA,North,Mapped,Mapped,1478867.0,518.0,22.83993139,17.44695184,100.0,36.65,18.325,100.0,100.0,22.84,17.45,100,23.99,0.0,28.05,84,High,Monitor,No immediate action required.,To Do,Commercial,-,Low
5101942.0,The Six Resort Lopburi,0.455308246512814,0.455308246512814,0.42333186891509056,0.5098992878320336,16.0,19.0,32.06,Lop Buri,LT,Lower Isan - Central,Not mapped,Null,23139.0,4.0,0.3573679449,0.1347254968,0.0,0.22,10.185,0.0,0.0,0.36,0.13,0,6.63,6.63,28.03,85,High,Monitor,No immediate action required.,To Do,Commercial,-,Low
64959.0,Ma Chic & Cozy,0.4038858242606204,0.4219671926832879,0.40561779398484865,0.5056200908742995,21.0,18.0,30.84,Lampang,KA,North,Mapped,Mapped,992402.0,1345.0,15.32686221,45.3014483,100.0,41.25,20.625,100.0,100.0,15.33,45.3,100,27.42,0.0,28.02,86,High,Monitor,No immediate action required.,To Do,Commercial,-,Low
347.0,Trinity Silom Hotel,0.4228678612943042,0.530728545670482,0.46844949159708216,0.4966254260172286,60.0,69.0,40.45,Bangkok,KA,BKK - Metro - Chon,Mapped,Mapped,888102.0,678.0,13.71603692,22.83597171,100.0,33.71,16.855,100.0,100.0,13.72,22.84,100,21.8,0.0,28.0,87,High,Monitor,No immediate action required.,To Do,Commercial,-,Low
64950.0,The Bliss Hotel Ubon,0.3581591899553739,0.3718385335757089,0.35091142692537275,0.4956872427657008,56.0,14.0,35.35,Ubon Ratchathani,KA,Lower Isan - Central,Mapped,Mapped,2285589.0,9.0,35.29911974,0.3031323678,100.0,37.74,18.87,100.0,100.0,35.3,0.3,100,24.81,0.0,27.97,88,High,Monitor,No immediate action required.,To Do,Commercial,-,Low
4883835.0,Blu Monkey Hub & Hotel Ranong,0.420219841686299,0.5064862820605367,0.44183701828518973,0.4987520276546373,57.0,48.0,39.16,Ranong,KA,Upper South,Mapped,Mapped,948684.0,716.0,14.65167554,24.11586393,100.0,34.56,17.28,100.0,100.0,14.65,24.12,100,22.39,0.0,27.93,89,High,Monitor,No immediate action required.,To Do,Commercial,-,Low
181551.0,Charisma Residence,0.3882603885380201,0.5007108852140225,0.41909704053385427,0.497414555342037,53.0,38.0,36.77,Rayong,KA,Upper Isan - East,Mapped,Mapped,1097266.0,756.0,16.94640652,25.4631189,100.0,36.11,18.055,100.0,100.0,16.95,25.46,100,23.47,0.0,27.74,90,High,Monitor,No immediate action required.,To Do,Commercial,-,Low
317.0,Avana Hotel and Convention Center,0.3704745945196964,0.5349083178944574,0.4444213068489023,0.4066783512405236,55.0,634.0,53.43,Bangkok,KA,BKK - Metro - Chon,Mapped,Mapped,388879.0,148.0,6.005935881,4.984843382,100.0,24.5,12.25,100.0,100.0,6.01,4.98,100,15.18,0.0,27.69,91,High,Monitor,No immediate action required.,To Do,Commercial,-,Low
2000265.0,The Journey Hotel Bangna,0.4455489501251363,0.4611007764291331,0.44082068682770875,0.5039585566098593,56.0,43.0,39.92,Samut Prakan,KA,BKK - Metro - Chon,Mapped,Mapped,941326.0,599.0,14.53803209,20.17514315,100.0,33.32,16.66,100.0,100.0,14.54,20.18,100,21.31,0.0,27.67,92,High,Monitor,No immediate action required.,To Do,Commercial,-,Low
5049469.0,Baan Pak Ruean Pathom2,0.2516817556991746,0.3495426828977108,0.2755566768670017,0.5033635113735995,10.0,14.0,22.48,Nakhon Pathom,KA,BKK - Metro - Chon,Not mapped,Null,916133.0,22.0,14.14894899,0.7409902324,0.0,7.3,15.42,0.0,0.0,14.15,0.74,0,11.79,11.79,27.67,93,High,Monitor,No immediate action required.,To Do,Commercial,-,Low
4848992.0,Xotel,0.3728974643771277,0.5013694417297789,0.4042076720377224,0.5026156205043659,43.0,81.0,35.71,Khon Kaen,KA,Upper Isan - East,Mapped,Mapped,1526473.0,482.0,23.57517797,16.23442236,100.0,36.66,18.33,100.0,100.0,23.58,16.23,100,23.8,0.0,27.64,94,High,Monitor,No immediate action required.,To Do,Commercial,-,Low
63838.0,De Botan Srinakarin Hotel,0.314492179793861,0.3619426886666744,0.3281987531468185,0.492489205948276,47.0,3.0,31.48,Bangkok,LT,BKK - Metro - Chon,Null,Not Live,30593.0,2.0,0.4724920353,0.0673627484,20.0,4.26,15.005,0.0,40.0,0.47,0.07,0,6.55,6.55,27.64,95,High,Monitor,No immediate action required.,To Do,Commercial,-,Low
4920622.0,Laguna Grand Hotel & Spa Songkhla,0.4177910908894914,0.4500073790550224,0.4305214288562938,0.4996275481284045,50.0,78.0,38.69,Songkhla,KA,Lower South - West,Mapped,Null,377266.0,137.0,5.826581166,4.614348265,50.0,14.3,17.57,100.0,0.0,5.83,4.61,50,12.04,6.02,27.62,96,High,Monitor,No immediate action required.,To Do,Commercial,-,Low
4920292.0,O.K. Resort Banpong Ratchaburi,0.3674837068618271,0.4035804692323652,0.367479266480407,0.4964740537034025,6.0,135.0,30.03,Ratchaburi,LT,Lower South - West,Not mapped,Null,62287.0,70.0,0.9619731671,2.357696194,0.0,1.19,,0.0,0.0,0.96,2.36,0,7.19,7.19,27.57,97,High,Monitor,No immediate action required.,To Do,Commercial,-,Low
21435.0,Dara Hotel Phuket,0.4336065850501489,0.4913012184042317,0.4559742265143773,0.500114505674076,54.0,139.0,42.02,Phuket,KA,Upper South,Mapped,Mapped,1180098.0,237.0,18.2256838,7.982485685,100.0,31.51,15.755,100.0,100.0,18.23,7.98,100,19.91,0.0,27.56,98,High,Monitor,No immediate action required.,To Do,Commercial,-,Low
4543074.0,Nibong Apartment,0.4161845031339284,0.4432718684010291,0.43541113779878154,0.5032455797609168,1.0,63.0,28.89,Yala,KA,Lower South - West,Not mapped,Not Live,167722.0,60.0,2.590328559,2.020882452,20.0,5.9,11.995,0.0,40.0,2.59,2.02,0,7.68,7.68,27.54,99,High,Monitor,No immediate action required.,To Do,Commercial,-,Low
137985.0,Baan Saen Sabai Ratchaburi,0.3690064363550348,0.4088899369215402,0.3619132105432114,0.5043127231249603,6.0,17.0,26.53,Ratchaburi,KA,Lower South - West,Not mapped,Not Mapped,484066.0,1.0,7.476020378,0.0336813742,0.0,3.75,16.04,0.0,0.0,7.48,0.03,0,9.06,9.06,27.53,100,High,Expand to Ctrip,Expand distribution to increase room nights.,To Do,Market Manager,72 Hours,Medium
183055.0,Chantra Hotel Sakaeo,0.3596385467163252,0.4362984615717866,0.38852582742564473,0.4945933615718795,8.0,290.0,34.95,Sa Kaeo,KA,Upper Isan - East,Mapped,Not Mapped,614099.0,244.0,9.484280527,8.218255305,50.0,17.21,22.43,100.0,0.0,9.48,8.22,50,14.2,7.1,27.53,101,High,Expand to Ctrip,Expand distribution to increase room nights.,To Do,Market Manager,72 Hours,Medium
2000227.0,Justice Hotel,0.4448022019690598,0.5386009888674461,0.47611342640873716,0.4989208870756608,66.0,48.0,41.86,Bangkok,KA,BKK - Metro - Chon,Mapped,Mapped,702054.0,587.0,10.84267202,19.77096666,100.0,31.35,15.675,100.0,100.0,10.84,19.77,100,19.72,0.0,27.41,102,High,Monitor,No immediate action required.,To Do,Commercial,-,Low
4606475.0,Belle Grand Hotel Udon Thani,0.3072434853617177,0.4758422200308498,0.38766960881275786,0.4958172069501703,29.0,25.0,28.52,Udon Thani,KA,Upper Isan - East,Mapped,Mapped,2196710.0,505.0,33.92644714,17.00909397,100.0,42.07,21.035,100.0,100.0,33.93,17.01,100,27.77,0.0,27.4,103,High,Monitor,No immediate action required.,To Do,Commercial,-,Low
4936123.0,"Hotel Golf & Gift Home, Phitsanulok",0.3966740683159537,0.4028206710371803,0.3983883067669172,0.5069043469944702,19.0,7.0,29.84,Phitsanulok,KA,North,Not mapped,Null,75962.0,4.0,1.173168287,0.1347254968,0.0,0.63,11.9,0.0,0.0,1.17,0.13,0,6.59,6.59,27.32,104,High,Monitor,No immediate action required.,To Do,Commercial,-,Low
137910.0,Promsook Apartment,0.4347316240503791,0.4391933394291117,0.4367277301370227,0.5070888095172366,40.0,23.0,35.88,Chonburi,KA,BKK - Metro - Chon,Mapped,Mapped,1843092.0,153.0,28.46510614,5.153250253,100.0,35.78,17.89,100.0,100.0,28.47,5.15,100,22.96,0.0,27.31,105,High,Monitor,No immediate action required.,To Do,Commercial,-,Low
2000299.0,Morage Hotel Phitsanulok,0.3787046151429379,0.414875762482824,0.3684909665713152,0.5003219571030046,38.0,77.0,34.82,Phitsanulok,KA,North,Mapped,Mapped,1549875.0,469.0,23.93659631,15.7965645,100.0,36.71,18.355,100.0,100.0,23.94,15.8,100,23.67,0.0,27.29,106,High,Monitor,No immediate action required.,To Do,Commercial,-,Low
4914009.0,Hotel Scarlett,0.4357782903356379,0.4407281032862984,0.43773655794090344,0.5102525863864772,26.0,32.0,33.6,Nakhon Si Thammarat,KA,Lower South - West,Mapped,Mapped,1182386.0,821.0,18.26102402,27.65240822,100.0,37.43,18.715,100.0,100.0,18.26,27.65,100,24.15,0.0,27.26,107,High,Monitor,No immediate action required.,To Do,Commercial,-,Low
181635.0,Blue Rabbit Hotel Chanthaburi,0.4587405120263664,0.4834891274684071,0.3729239833218221,0.5025327844261641,56.0,46.0,40.52,Chanthaburi,KA,Upper Isan - East,Mapped,Mapped,1113128.0,336.0,17.19138616,11.31694173,100.0,31.99,15.995,100.0,100.0,17.19,11.32,100,20.1,0.0,27.23,108,High,Monitor,No immediate action required.,To Do,Commercial,-,Low
4854.0,Maple Hotel,0.4349532116035829,0.4426142786305705,0.43823743504516544,0.502098826695334,57.0,58.0,40.13,Bangkok,LT,BKK - Metro - Chon,Mapped,Not Mapped,163359.0,92.0,2.522949632,3.098686426,50.0,12.19,19.425,100.0,0.0,2.52,3.1,50,10.22,5.11,27.17,109,High,Expand to Ctrip,Expand distribution to increase room nights.,To Do,Market Manager,72 Hours,Medium
4932806.0,Grand Sansook Omnoi,0.3911768808302286,0.537925655883648,0.40980416850485796,0.4757169448811361,48.0,71.0,36.54,Samut Sakhon,KA,BKK - Metro - Chon,Mapped,Null,367135.0,241.0,5.670105507,8.117211182,50.0,15.27,18.72,100.0,0.0,5.67,8.12,50,12.58,6.29,27.01,110,High,Monitor,No immediate action required.,To Do,Commercial,-,Low
23375.0,JL Bangkok Hotel,0.3656310878872175,0.4082581226880442,0.3916789720921892,0.5052222282014519,62.0,43.0,37.9,Bangkok,KA,BKK - Metro - Chon,Mapped,Null,299191.0,120.0,4.620762271,4.041764904,50.0,13.52,18.52,100.0,0.0,4.62,4.04,50,11.1,5.55,26.97,111,High,Monitor,No immediate action required.,To Do,Commercial,-,Low
63739.0,Tonwa Resort,0.4015353900256584,0.4113685647174226,0.3992624072715922,0.5052143278605273,64.0,57.0,40.15,Khon Kaen,KA,Upper Isan - East,Mapped,Mapped,1257713.0,193.0,19.42438276,6.500505221,100.0,31.66,15.83,100.0,100.0,19.42,6.5,100,19.69,0.0,26.94,112,High,Monitor,No immediate action required.,To Do,Commercial,-,Low
63315.0,Siva Royal Hotel,0.4118590101208607,0.5319671493208735,0.424016404922416,0.5006921392607394,46.0,31.0,36.23,Phatthalung,KA,Lower South - West,Mapped,Mapped,1397697.0,402.0,21.58632317,13.53991243,100.0,34.86,17.43,100.0,100.0,21.59,13.54,100,22.1,0.0,26.93,113,High,Monitor,No immediate action required.,To Do,Commercial,-,Low
137995.0,Blu Monkey Hub & Hotel Phuket,0.372168316859669,0.5148474058680311,0.3978037073055824,0.5010778673614865,54.0,40.0,36.46,Phuket,KA,Upper South,Mapped,Mapped,997876.0,688.0,15.41140104,23.17278545,100.0,34.66,17.33,100.0,100.0,15.41,23.17,100,21.95,0.0,26.92,114,High,Monitor,No immediate action required.,To Do,Commercial,-,Low
4921060.0,Green View Apartment Sikhio,0.3580582756737452,0.3780279964322109,0.36137799948354904,0.4971653468680028,4.0,129.0,29.1,Nakhonratchasima,LT,Lower Isan - Central,Not mapped,Null,61317.0,13.0,0.946991046,0.4378578646,0.0,0.6,13.47,0.0,0.0,0.95,0.44,0,6.43,6.43,26.92,115,High,Monitor,No immediate action required.,To Do,Commercial,-,Low
43886.0,Prachuap Beach Hotel,0.376186281233654,0.5101273721646371,0.40033469769311525,0.4931509541719971,44.0,67.0,35.4,Prachuapkhirikhan,KA,Lower South - West,Mapped,Mapped,1075538.0,722.0,16.61083051,24.31795217,100.0,35.6,17.8,100.0,100.0,16.61,24.32,100,22.68,0.0,26.89,116,High,Monitor,No immediate action required.,To Do,Commercial,-,Low
5102159.0,Venus Resort,0.3884527327375385,0.4298680987704129,0.3790477443600848,0.4992719080767957,4.0,101.0,29.47,Buriram,LT,Lower Isan - Central,Not mapped,Not Mapped,19506.0,5.0,0.3012486208,0.168406871,0.0,0.2,9.44,0.0,0.0,0.3,0.17,0,6.1,6.1,26.88,117,High,Expand to Ctrip,Expand distribution to increase room nights.,To Do,Market Manager,72 Hours,Medium
437.0,Convenient Park Bangkok Sukhumvit,0.3924049961888077,0.4031922914370326,0.39550635660517197,0.5048948982029036,58.0,49.0,38.39,Bangkok,KA,BKK - Metro - Chon,Mapped,Mapped,1405363.0,190.0,21.70472359,6.399461098,100.0,32.77,16.385,100.0,100.0,21.7,6.4,100,20.45,0.0,26.79,118,High,Monitor,No immediate action required.,To Do,Commercial,-,Low
5101720.0,L2 Premium,0.3979078140983829,0.4489908180058086,0.3798912779139093,0.4956824136444779,29.0,59.0,33.21,Khon Kaen,KA,Upper Isan - East,Mapped,Mapped,2011355.0,153.0,31.0637999,5.153250253,100.0,37.08,18.54,100.0,100.0,31.06,5.15,100,23.72,0.0,26.78,119,High,Monitor,No immediate action required.,To Do,Commercial,-,Low
2004575.0,Ben Residence,0.2967754049202684,0.4355045146754995,0.36859761296408317,0.4989591998983589,8.0,32.0,24.38,Bangkok,KA,BKK - Metro - Chon,Mapped,Null,1746914.0,52.0,26.97970361,1.751431458,50.0,24.02,21.315,100.0,0.0,26.98,1.75,50,18.89,9.44,26.75,120,High,Monitor,No immediate action required.,To Do,Commercial,-,Low
183307.0,The Canal 304 Hotel & Residence,0.4692967816413537,0.4735772052633389,0.3889909041460717,0.503856533421255,56.0,24.0,40.27,Prachin Buri,KA,Upper Isan - East,Mapped,Mapped,1058814.0,300.0,16.35254645,10.10441226,100.0,31.21,15.605,100.0,100.0,16.35,10.1,100,19.26,0.0,26.75,121,High,Monitor,No immediate action required.,To Do,Commercial,-,Low
4921227.0,The Pillows Boutique Hotel,0.4317537044394489,0.4670227709674991,0.44960828028828687,0.5000763005168513,54.0,62.0,39.51,Chiang Mai,KA,North,Mapped,Mapped,1139915.0,303.0,17.6050861,10.20545638,100.0,31.86,15.93,100.0,100.0,17.61,10.21,100,19.77,0.0,26.74,122,High,Monitor,No immediate action required.,To Do,Commercial,-,Low
43856.0,Grand Pruksasiri Saraburi,0.3779044575078475,0.4505522843731057,0.3948015379954914,0.4898348113960314,40.0,21.0,33.19,Saraburi,KA,Lower Isan - Central,Mapped,Not Live,880181.0,26.0,13.59369992,0.8757157292,70.0,21.06,22.31,100.0,40.0,13.59,0.88,50,13.7,6.85,26.7,123,High,Monitor,No immediate action required.,To Do,Commercial,-,Low
4921158.0,Glory Boutique Suites,0.375936878157991,0.5683582048618459,0.46525330141859805,0.4910753515471505,56.0,108.0,38.93,Chiang Mai,KA,North,Mapped,Mapped,820829.0,593.0,12.6770549,19.9730549,100.0,32.33,16.165,100.0,100.0,12.68,19.97,100,20.12,0.0,26.65,124,High,Monitor,No immediate action required.,To Do,Commercial,-,Low
23769.0,The Color Living Hotel,0.4342845154013161,0.4880985326586137,0.44306468657074455,0.498135921008863,45.0,36.0,37.04,Samut Prakan,KA,BKK - Metro - Chon,Mapped,Null,322104.0,112.0,4.974638125,3.77231391,50.0,13.62,23.545,100.0,0.0,4.97,3.77,50,11.02,5.51,26.61,125,High,Monitor,No immediate action required.,To Do,Commercial,-,Low
5101726.0,Yoo Dee Mee Suk Apartment,0.3730508770097347,0.3825674115777899,0.34507243281837946,0.5064048297397903,14.0,6.0,27.91,Suphan Buri,KA,Lower Isan - Central,Not mapped,Null,82839.0,9.0,1.279385391,0.3031323678,0.0,0.73,10.825,0.0,0.0,1.28,0.3,0,6.31,6.31,26.59,126,High,Monitor,No immediate action required.,To Do,Commercial,-,Low
183008.0,Southgate Residence Hotel Chumphon,0.3987171955363181,0.4949539746265491,0.4345991548165993,0.4978032174907988,62.0,54.0,39.42,Chumphon,KA,Upper South,Mapped,Mapped,1338745.0,126.0,20.67585459,4.243853149,100.0,31.61,15.805,100.0,100.0,20.68,4.24,100,19.5,0.0,26.55,127,High,Monitor,No immediate action required.,To Do,Commercial,-,Low
4921355.0,Shama Yen-akat Bangkok,0.4558537526392131,0.4640767943523969,0.4584588765353538,0.504724418107329,56.0,56.0,40.76,Bangkok,LT,BKK - Metro - Chon,Mapped,Null,28900.0,14.0,0.4463378801,0.4715392388,50.0,10.36,14.21,100.0,0.0,0.45,0.47,50,8.52,4.26,26.53,128,High,Monitor,No immediate action required.,To Do,Commercial,-,Low
2000041.0,Rattanachol Hotel,0.422144680694276,0.4911076010116767,0.43001423453387494,0.4904081987369763,30.0,57.0,34.21,Chonburi,KA,BKK - Metro - Chon,Mapped,Mapped,1159315.0,686.0,17.90470366,23.1054227,100.0,35.88,17.94,100.0,100.0,17.9,23.11,100,22.72,0.0,26.53,129,High,Monitor,No immediate action required.,To Do,Commercial,-,Low
4857640.0,Fortune Saengchan Beach Rayong,0.4325291646624687,0.4879426027192144,0.4505888713504426,0.5002781840054449,41.0,23.0,35.84,Rayong,KA,Upper Isan - East,Mapped,Not Mapped,499585.0,47.0,7.71569447,1.583024587,50.0,14.33,16.445,100.0,0.0,7.72,1.58,50,11.5,5.75,26.51,130,High,Expand to Ctrip,Expand distribution to increase room nights.,To Do,Market Manager,72 Hours,Medium
4920619.0,VST Punnawithi,0.4504966416610305,0.4535124207969083,0.45246516793050334,0.5047590758675519,51.0,37.0,39.0,Bangkok,KA,BKK - Metro - Chon,Mapped,Mapped,805803.0,538.0,12.44499913,18.12057932,100.0,31.66,15.83,100.0,100.0,12.44,18.12,100,19.46,0.0,26.48,131,High,Monitor,No immediate action required.,To Do,Commercial,-,Low
4920753.0,Mintara Phetburi,0.3018604386343023,0.4186938555441262,0.36094434553275334,0.4977331381092728,12.0,61.0,26.24,Phetchaburi,KA,Lower South - West,Not mapped,Not Mapped,164934.0,72.0,2.547280289,2.425058942,0.0,2.0,10.63,0.0,0.0,2.55,2.43,0,7.25,7.25,26.48,132,High,Expand to Ctrip,Expand distribution to increase room nights.,To Do,Market Manager,72 Hours,Medium
181525.0,Seven Bee Boutique Hotel,0.4181592784678576,0.4749662190921139,0.44116520973128454,0.5013182937013464,36.0,34.0,34.68,Surin,KA,Lower Isan - Central,Mapped,Mapped,1394242.0,432.0,21.53296727,14.55035365,100.0,35.13,17.565,100.0,100.0,21.53,14.55,100,22.07,0.0,26.45,133,High,Monitor,No immediate action required.,To Do,Commercial,-,Low
4884392.0,Greenway Resort,0.2861294904834041,0.2955151821772953,0.28945935907177706,0.5034706429894542,8.0,1.0,23.07,Nakhonratchasima,KA,Lower Isan - Central,No Room,Mapped,1801665.0,40.0,27.82529491,1.347254968,85.0,31.32,28.68,70.0,100.0,27.83,1.35,50,18.93,9.46,26.42,134,High,Request Inventory,Demand exists but inventory is unavailable.,To Do,Hotel Partner,48 Hours,Medium
4885092.0,Ranong Gable,0.3354813861140671,0.3696273086288592,0.3350049207411579,0.5045822590571591,3.0,16.0,24.59,Ranong,KA,Upper South,Not mapped,Not Live,266014.0,96.0,4.10836996,3.233411923,20.0,7.02,12.71,0.0,40.0,4.11,3.23,0,7.94,7.94,26.39,135,High,Monitor,No immediate action required.,To Do,Commercial,-,Low
4920375.0,Jw Hotel Khonkaen,0.3585657538087134,0.3585657538087134,0.3585657538087134,0.506675611708559,4.0,3.0,25.33,Khon Kaen,KA,Upper Isan - East,Not mapped,Not Mapped,295165.0,8.0,4.558597465,0.2694509936,0.0,2.36,14.455,0.0,0.0,4.56,0.27,0,7.43,7.43,26.38,136,High,Expand to Ctrip,Expand distribution to increase room nights.,To Do,Market Manager,72 Hours,Medium
434.0,Vabua Asotel Bangkok,0.421235872966356,0.4759130265202472,0.42619721390596094,0.5070125209919781,60.0,18.0,38.99,Bangkok,KA,BKK - Metro - Chon,Mapped,Mapped,1177696.0,225.0,18.18858912,7.578309195,100.0,31.37,15.685,100.0,100.0,18.19,7.58,100,19.17,0.0,26.35,137,High,Monitor,No immediate action required.,To Do,Commercial,-,Low
63749.0,Leelawadee Resort Saraburi,0.3339039401718483,0.4527683177312839,0.395075232672656,0.4765200758052937,43.0,90.0,33.92,Saraburi,KA,Lower Isan - Central,Mapped,Mapped,1891924.0,135.0,29.21928037,4.546985517,100.0,35.97,17.985,100.0,100.0,29.22,4.55,100,22.76,0.0,26.32,138,High,Monitor,No immediate action required.,To Do,Commercial,-,Low
21388.0,Grand Richmond Stylish Convention Hotel,0.4131985800373137,0.4624209619715403,0.44403811289428075,0.5009630574252125,54.0,28.0,37.72,Nonthaburi,LT,BKK - Metro - Chon,Mapped,Not Live,227510.0,66.0,3.513717297,2.222970697,70.0,16.42,17.24,100.0,40.0,3.51,2.22,50,9.96,4.98,26.31,139,High,Monitor,No immediate action required.,To Do,Commercial,-,Low
5101840.0,Unya Hotel Ubon,0.2616977847452309,0.3701698423624615,0.2906785243675432,0.4967846078237488,9.0,3.0,22.21,Ubon Ratchathani,KA,Lower Isan - Central,Not mapped,Null,601877.0,3.0,9.295509013,0.1010441226,0.0,4.68,15.47,0.0,0.0,9.3,0.1,0,9.12,9.12,26.19,140,High,Monitor,No immediate action required.,To Do,Commercial,-,Low
5101479.0,Bangkok Mystay Hotel Rangsit,0.385049949888988,0.3966083108990941,0.38776582106912727,0.5070945504014572,46.0,35.0,35.41,Pathum Thani,KA,BKK - Metro - Chon,Mapped,Mapped,1243467.0,421.0,19.20437286,14.17985854,100.0,33.86,16.93,100.0,100.0,19.2,14.18,100,20.94,0.0,26.16,141,High,Monitor,No immediate action required.,To Do,Commercial,-,Low
5101551.0,One Budget Hotel Lampang Phahonyothin,0.4369462990110142,0.4435608278766482,0.43725274717851614,0.5011693885025934,41.0,28.0,36.19,Lampang,KA,North,Mapped,Null,427485.0,3.0,6.602173583,0.1010441226,50.0,13.33,17.86,100.0,0.0,6.6,0.1,50,10.57,5.28,26.15,142,High,Monitor,No immediate action required.,To Do,Commercial,-,Low
63391.0,Porn 3 Hotel Khonkaen,0.3499309056978849,0.4580590842261338,0.38417988835202754,0.4941333399754667,31.0,27.0,30.64,Khon Kaen,KA,Upper Isan - East,Mapped,Mapped,1986101.0,253.0,30.67375833,8.521387673,100.0,37.89,18.945,100.0,100.0,30.67,8.52,100,24.02,0.0,26.14,143,High,Monitor,No immediate action required.,To Do,Commercial,-,Low
183037.0,The Route Sriracha Hotel and Residence,0.3820248648831174,0.4946197862367936,0.46963037169901245,0.4959164274178134,57.0,74.0,38.39,Sriracha,KA,BKK - Metro - Chon,Mapped,Not Live,116539.0,75.0,1.799856261,2.526103065,70.0,15.66,17.005,100.0,40.0,1.8,2.53,50,9.34,4.67,26.14,144,High,Monitor,No immediate action required.,To Do,Commercial,-,Low
2000301.0,Viewplace Hotel & Residence Ladprao 130,0.4422156603635511,0.4549583890644159,0.44990986985080117,0.4976778022703947,42.0,44.0,37.03,Bangkok,KA,BKK - Metro - Chon,Mapped,Not Mapped,242906.0,80.0,3.751488044,2.694509936,50.0,12.68,15.63,100.0,0.0,3.75,2.69,50,10.09,5.04,26.13,145,High,Expand to Ctrip,Expand distribution to increase room nights.,To Do,Market Manager,72 Hours,Medium
4920701.0,Glory Wabi Sabi Hotel,0.3823458654847842,0.4101125978230676,0.36725779145582665,0.50052079693143,50.0,74.0,37.16,Chiang Mai,KA,North,Mapped,Null,196576.0,96.0,3.035956623,3.233411923,50.0,12.49,18.505,100.0,0.0,3.04,3.23,50,9.92,4.96,26.11,146,High,Monitor,No immediate action required.,To Do,Commercial,-,Low
4932291.0,Cozy Blu Suvarnabhumi,0.3690939973381617,0.4252971180552368,0.40360941588958765,0.506559024854372,42.0,30.0,33.84,Samut Prakan,KA,BKK - Metro - Chon,Mapped,Mapped,836594.0,842.0,12.92052765,28.35971708,100.0,34.97,17.485,100.0,100.0,12.92,28.36,100,21.74,0.0,26.09,147,High,Monitor,No immediate action required.,To Do,Commercial,-,Low
4884784.0,VELA Dhi Udon Thani,0.4211672517065973,0.4368476244676229,0.43044255617232696,0.4992957060369817,49.0,190.0,42.16,Udon Thani,KA,Upper Isan - East,Mapped,Mapped,790959.0,234.0,12.21573644,7.881441563,100.0,28.47,14.235,100.0,100.0,12.22,7.88,100,16.91,0.0,26.09,148,High,Monitor,No immediate action required.,To Do,Commercial,-,Low
4973331.0,Sai Lee,0.4143583979130195,0.4143583979130195,0.4143583979130195,0.5070363854207068,1.0,13.0,27.32,Chanthaburi,LT,Upper Isan - East,Not mapped,Null,20947.0,2.0,0.3235052747,0.0673627484,0.0,0.18,9.515,0.0,0.0,0.32,0.07,0,5.64,5.64,26.09,149,High,Monitor,No immediate action required.,To Do,Commercial,-,Low
4920860.0,The Garden Home Resort Suphan Buri,0.3111043740733612,0.3812087299325781,0.3531792072231794,0.5046809600815133,18.0,37.0,27.13,Suphan Buri,LT,Lower Isan - Central,Not mapped,Not Mapped,40180.0,6.0,0.6205547687,0.2020882452,0.0,0.37,10.49,0.0,0.0,0.62,0.2,0,5.8,5.8,26.08,150,High,Expand to Ctrip,Expand distribution to increase room nights.,To Do,Market Manager,72 Hours,Medium
4933114.0,De Botan Bangna,0.4279277167309742,0.4395855688555389,0.43233052120238247,0.5078460668933634,22.0,4.0,31.59,Bangkok,KA,BKK - Metro - Chon,Not live,Mapped,731434.0,99.0,11.2964154,3.334456046,70.0,20.65,23.69,40.0,100.0,11.3,3.33,50,12.97,6.48,26.04,151,High,Monitor,No immediate action required.,To Do,Commercial,-,Low
4543142.0,Sleep Mai? Chiang Mai Airport Lifestyle Hotel,0.4156542614925731,0.4399706136200212,0.4303413257706595,0.5079193451196475,48.0,44.0,37.32,Chiang Mai,KA,North,Mapped,Not Live,260017.0,5.0,4.015754727,0.168406871,70.0,16.06,19.335,100.0,40.0,4.02,0.17,50,9.52,4.76,26.04,152,High,Monitor,No immediate action required.,To Do,Commercial,-,Low
138040.0,Golden House Hotel Sakaeo,0.3552018719675096,0.4278239113172109,0.39656250919880254,0.5013161382318717,47.0,25.0,33.98,Sa Kaeo,KA,Upper Isan - East,Mapped,Mapped,1434591.0,368.0,22.15612347,12.39474571,100.0,34.8,17.4,100.0,100.0,22.16,12.39,100,21.59,0.0,26.0,153,High,Monitor,No immediate action required.,To Do,Commercial,-,Low
4731.0,Mida Grande Hotel Dhavaravati Nakhon Pathom,0.4367092301063436,0.491002157814735,0.4473931709380726,0.5038600557868987,55.0,89.0,40.83,Nakhon Pathom,KA,BKK - Metro - Chon,Mapped,Mapped,745732.0,344.0,11.51724184,11.58639272,100.0,29.23,14.615,100.0,100.0,11.52,11.59,100,17.4,0.0,25.99,154,High,Monitor,No immediate action required.,To Do,Commercial,-,Low
4885036.0,Sleep Tight Hotel Huai Thalaeng,0.3472004074968148,0.3687324498460844,0.359355708540197,0.5033878843843964,6.0,59.0,26.96,Nakhonratchasima,LT,Lower Isan - Central,Not mapped,Not Live,37105.0,5.0,0.5730517705,0.168406871,20.0,4.34,12.605,0.0,40.0,0.57,0.17,0,5.73,5.73,25.99,155,High,Monitor,No immediate action required.,To Do,Commercial,-,Low
139570.0,JJ Residence Phuket Town,0.4149851811025083,0.4741715975077502,0.42823707246119863,0.5016835041937259,24.0,49.0,32.75,Phuket,KA,Upper South,Mapped,Mapped,1189967.0,647.0,18.37809918,21.79184911,100.0,35.73,17.865,100.0,100.0,18.38,21.79,100,22.28,0.0,25.98,156,High,Monitor,No immediate action required.,To Do,Commercial,-,Low
141893.0,Tempo Plus Mae Sot,0.4034993350175904,0.4146788419503152,0.40826605285204687,0.5058988862611863,40.0,7.0,34.1,Tak,KA,North,Mapped,Not Mapped,424272.0,126.0,6.552548705,4.243853149,50.0,14.55,16.545,100.0,0.0,6.55,4.24,50,11.37,5.68,25.97,157,High,Expand to Ctrip,Expand distribution to increase room nights.,To Do,Market Manager,72 Hours,Medium
183161.0,W Sotel Songkhla,0.3985800459982139,0.5448456204788783,0.4522775666972679,0.4990801072635009,54.0,33.0,37.25,Songkhla,KA,Lower South - West,Mapped,Not Mapped,247529.0,17.0,3.822888798,0.5725833614,50.0,12.08,18.715,100.0,0.0,3.82,0.57,50,9.53,4.76,25.93,158,High,Expand to Ctrip,Expand distribution to increase room nights.,To Do,Market Manager,72 Hours,Medium
4996596.0,Baan Mai Spaghetti,0.3805626087694101,0.3869827408722176,0.3834488103238409,0.5063264022750914,2.0,18.0,26.3,Phetchaburi,KA,Lower South - West,Not mapped,Not Mapped,81486.0,7.0,1.258488446,0.2357696194,0.0,0.7,12.055,0.0,0.0,1.26,0.24,0,5.96,5.96,25.93,159,High,Expand to Ctrip,Expand distribution to increase room nights.,To Do,Market Manager,72 Hours,Medium
182908.0,Synsiri Resort,0.3805960805354238,0.3869899920825896,0.3831529577544139,0.5073914710426453,46.0,28.0,35.02,Bangkok,KA,BKK - Metro - Chon,Mapped,Mapped,658667.0,853.0,10.17258566,28.73021219,100.0,33.71,16.855,100.0,100.0,10.17,28.73,100,20.71,0.0,25.93,160,High,Monitor,No immediate action required.,To Do,Commercial,-,Low
265.0,Miracle Grand Convention Hotel,0.3909440457478088,0.3950054377438646,0.3925437556503745,0.5068945429118404,62.0,30.0,38.53,Bangkok,LT,BKK - Metro - Chon,Mapped,Null,93218.0,15.0,1.439675307,0.505220613,50.0,10.87,16.985,100.0,0.0,1.44,0.51,50,8.58,4.29,25.92,161,High,Monitor,No immediate action required.,To Do,Commercial,-,Low
4857758.0,The Cape Boutique Hotel,0.4532955928721405,0.4967015822258138,0.46220577580523103,0.4989738631728517,18.0,56.0,33.31,Udon Thani,KA,Upper Isan - East,Mapped,Not Live,393733.0,211.0,6.080892665,7.106769956,70.0,19.17,19.755,100.0,40.0,6.08,7.11,50,11.84,5.92,25.9,162,High,Monitor,No immediate action required.,To Do,Commercial,-,Low
5101713.0,Pransiri Hotel,0.358619550222138,0.375248399519353,0.35323457572383715,0.5004892872961787,6.0,38.0,26.7,Prachuapkhirikhan,LT,Lower South - West,Not mapped,Null,25048.0,12.0,0.3868412157,0.4041764904,0.0,0.31,11.03,0.0,0.0,0.39,0.4,0,5.66,5.66,25.84,163,High,Monitor,No immediate action required.,To Do,Commercial,-,Low
65655.0,Tai Shan Suites,0.4287369445780946,0.453016353185279,0.40609703811989156,0.4986905185312664,58.0,32.0,39.18,Ratchaburi,KA,Lower South - West,Mapped,Mapped,929930.0,312.0,14.36203109,10.50858875,100.0,30.33,15.165,100.0,100.0,14.36,10.51,100,18.17,0.0,25.83,164,High,Monitor,No immediate action required.,To Do,Commercial,-,Low
137889.0,Dino Studio Kalasin Hotel,0.396788765760438,0.4708824755338479,0.41096492135058016,0.5024584132063542,42.0,91.0,36.79,Kalasin,KA,Upper Isan - East,Mapped,Not Mapped,201469.0,57.0,3.111533492,1.919838329,50.0,12.13,17.935,100.0,0.0,3.11,1.92,50,9.49,4.74,25.81,165,High,Expand to Ctrip,Expand distribution to increase room nights.,To Do,Market Manager,72 Hours,Medium
4884620.0,The Charlotte Smart Hotel Lopburi,0.3643826296241668,0.4205646725469062,0.3898867354079152,0.4938751620838467,50.0,28.0,34.86,Lop Buri,KA,Lower Isan - Central,Mapped,Mapped,1551106.0,180.0,23.95561215,6.062647356,100.0,33.8,16.9,100.0,100.0,23.96,6.06,100,20.77,0.0,25.78,166,High,Monitor,No immediate action required.,To Do,Commercial,-,Low
181623.0,Rio Monte Residence,0.3424757008001476,0.4168714961336784,0.35806648973232663,0.5044951315090287,47.0,27.0,33.59,Bangkok,KA,BKK - Metro - Chon,Mapped,Mapped,816361.0,816.0,12.60805742,27.48400135,100.0,34.55,17.275,100.0,100.0,12.61,27.48,100,21.27,0.0,25.76,167,High,Monitor,No immediate action required.,To Do,Commercial,-,Low
174258.0,Bestiny Hotel and Restaurant Nongphai,0.4256244719220267,0.4301969280943111,0.4033865885906315,0.501654734834052,46.0,15.0,36.29,Phetchabun,KA,North,Mapped,Not Mapped,177063.0,106.0,2.734595105,3.570225665,50.0,12.44,18.715,100.0,0.0,2.73,3.57,50,9.69,4.84,25.75,168,High,Expand to Ctrip,Expand distribution to increase room nights.,To Do,Market Manager,72 Hours,Medium
183482.0,Recall Isaan Isan Concept at Khaoyai,0.4494656790484241,0.4772866796121477,0.4655965581805195,0.5014369461839316,40.0,84.0,38.28,Khaoyai,LT,Lower Isan - Central,Mapped,Not Live,89455.0,13.0,1.381564143,0.4378578646,70.0,14.82,,100.0,40.0,1.38,0.44,50,8.48,4.24,25.74,169,High,Monitor,No immediate action required.,To Do,Commercial,-,Low
2012750.0,HOMM Boutique Hotel,0.3968493427885882,0.4131107360051955,0.39779673185972747,0.5037406934693123,31.0,23.0,32.58,Chiang Mai,KA,North,Mapped,Null,440851.0,189.0,6.808599531,6.365779724,50.0,15.31,17.645,100.0,0.0,6.81,6.37,50,11.83,5.92,25.73,170,High,Monitor,No immediate action required.,To Do,Commercial,-,Low
4884190.0,Dee Hotel Phayao,0.4139882307018391,0.4362161399175385,0.40448062171629434,0.50499321403564,18.0,35.0,31.19,Phayao,KA,North,Mapped,Mapped,1702725.0,320.0,26.2972401,10.77803974,100.0,36.38,18.19,100.0,100.0,26.3,10.78,100,22.62,0.0,25.72,171,High,Monitor,No immediate action required.,To Do,Commercial,-,Low
4543072.0,PP Inn,0.4247885001627597,0.4545575862002885,0.40895812984971625,0.4952086897110618,6.0,318.0,38.07,Yala,LT,Lower South - West,Not mapped,Mapped,114934.0,16.0,1.775063513,0.5389019872,50.0,11.05,20.69,0.0,100.0,1.78,0.54,50,8.67,4.34,25.71,172,High,Monitor,No immediate action required.,To Do,Commercial,-,Low
2006982.0,Fahproudfon Hotel,0.4165524184423504,0.504974263498223,0.4443183540661228,0.4914805421388957,49.0,15.0,36.3,Nakhonratchasima,KA,Lower Isan - Central,Mapped,Not Mapped,271819.0,44.0,4.198026236,1.481980465,50.0,12.54,15.63,100.0,0.0,4.2,1.48,50,9.8,4.9,25.71,173,High,Expand to Ctrip,Expand distribution to increase room nights.,To Do,Market Manager,72 Hours,Medium
65651.0,Yala Grand Palace Hotel,0.3733061486077318,0.3797494841792468,0.3559340529749977,0.4950787207310359,2.0,43.0,26.57,Yala,LT,Lower South - West,Not mapped,Not Live,14669.0,14.0,0.2265534619,0.4715392388,20.0,4.25,11.39,0.0,40.0,0.23,0.47,0,5.57,5.57,25.71,174,High,Monitor,No immediate action required.,To Do,Commercial,-,Low
138126.0,H2 Hotel Sathorn,0.3090577968223508,0.4342157815631311,0.36702062246535483,0.481034419647335,48.0,6.0,31.32,Bangkok,KA,BKK - Metro - Chon,Mapped,Mapped,1752956.0,310.0,27.0730268,10.441226,100.0,36.67,18.335,100.0,100.0,27.07,10.44,100,22.93,0.0,25.67,175,High,Monitor,No immediate action required.,To Do,Commercial,-,Low
4740494.0,The Vega Resort,0.3159671454194211,0.317507949468963,0.3164807467692684,0.507574696276783,3.0,9.0,23.65,Pattaya,KA,BKK - Metro - Chon,Not mapped,Not Live,243913.0,39.0,3.767049941,1.313573594,20.0,6.28,16.75,0.0,40.0,3.77,1.31,0,7.01,7.01,25.67,176,High,Monitor,No immediate action required.,To Do,Commercial,-,Low
4920369.0,Modern Green Resort Dan Khun Thot,0.3354737905757733,0.355931392747145,0.34500155314311015,0.502651424557882,7.0,29.0,25.72,Nakhonratchasima,LT,Lower Isan - Central,Not mapped,Not Mapped,64540.0,18.0,0.9967722199,0.6062647356,0.0,0.68,12.1,0.0,0.0,1.0,0.61,0,5.83,5.83,25.66,177,High,Expand to Ctrip,Expand distribution to increase room nights.,To Do,Market Manager,72 Hours,Medium
138076.0,The Rich Hotel Nakhonratchasima,0.2620316624500777,0.4183728950001697,0.3651607129535993,0.5061416372213023,47.0,3.0,29.65,Nakhonratchasima,KA,Lower Isan - Central,Not live,Mapped,768606.0,151.0,11.8705095,5.085887504,70.0,21.46,24.065,40.0,100.0,11.87,5.09,50,13.39,6.7,25.65,178,High,Monitor,No immediate action required.,To Do,Commercial,-,Low
2004950.0,Khao Rang Place,0.4032151706374177,0.4212669647273884,0.41104190157186243,0.50239659224668,30.0,23.0,32.62,Phuket,KA,Upper South,Mapped,Mapped,1136141.0,632.0,17.54679733,21.28662849,100.0,35.16,17.58,100.0,100.0,17.55,21.29,100,21.69,0.0,25.65,179,High,Monitor,No immediate action required.,To Do,Commercial,-,Low
4920796.0,Yothikran Place,0.3783073009222606,0.4312829387015091,0.40300024222321795,0.5026332561438482,4.0,8.0,26.2,Khon Kaen,LT,Upper Isan - East,Not mapped,Not Mapped,24719.0,5.0,0.3817608422,0.168406871,0.0,0.24,9.665,0.0,0.0,0.38,0.17,0,5.48,5.48,25.63,180,High,Expand to Ctrip,Expand distribution to increase room nights.,To Do,Market Manager,72 Hours,Medium
2007026.0,The Vista Hotel By Satit Group,0.5023462843650796,0.6081103122835763,0.49714391518938494,0.4907779561381157,54.0,112.0,43.73,Songkhla,KA,Lower South - West,Mapped,Mapped,392648.0,339.0,6.064145888,11.41798585,100.0,26.46,13.23,100.0,100.0,6.06,11.42,100,15.2,0.0,25.63,181,High,Monitor,No immediate action required.,To Do,Commercial,-,Low
1371.0,Glacier Hotel Khon Kaen,0.3704846108135219,0.3819746963209195,0.3764611141341062,0.5043874242457814,59.0,16.0,36.65,Khon Kaen,KA,Upper Isan - East,Mapped,Mapped,929561.0,456.0,14.35633001,15.35870664,100.0,31.79,15.895,100.0,100.0,14.36,15.36,100,19.12,0.0,25.6,182,High,Monitor,No immediate action required.,To Do,Commercial,-,Low
4885085.0,Blu Monkey Hub and Hotel Chanthaburi,0.3667917924002145,0.4936773817751864,0.4307620479350117,0.4922135671176709,41.0,37.0,33.49,Chanthaburi,KA,Upper Isan - East,Mapped,Mapped,1206137.0,516.0,18.62783533,17.37958909,100.0,34.53,17.265,100.0,100.0,18.63,17.38,100,21.23,0.0,25.58,183,High,Monitor,No immediate action required.,To Do,Commercial,-,Low
4920600.0,Na Na Resort Khonkean,0.325658201193091,0.3739964186377235,0.3384459357620255,0.506675611708559,7.0,4.0,24.62,Khon Kaen,KA,Upper Isan - East,Not mapped,Not Mapped,142310.0,20.0,2.197873063,0.673627484,0.0,1.3,13.795,0.0,0.0,2.2,0.67,0,6.22,6.22,25.57,184,High,Expand to Ctrip,Expand distribution to increase room nights.,To Do,Market Manager,72 Hours,Medium
4543033.0,Chill D Resort Buriram,0.266643286687636,0.3224010960189918,0.30652603950973906,0.506675611708559,22.0,1.0,25.02,Buriram,LT,Lower Isan - Central,Not live,Not Mapped,95851.0,18.0,1.480348412,0.6062647356,20.0,4.92,13.385,40.0,0.0,1.48,0.61,0,5.93,5.93,25.54,185,High,Expand to Ctrip,Expand distribution to increase room nights.,To Do,Market Manager,72 Hours,Medium
4896912.0,Phadaeng Hotel Ubonratchathani,0.4383876721798441,0.4869021375739004,0.47194333617852036,0.5074289504876034,18.0,66.0,33.19,Ubon Ratchathani,KA,Lower Isan - Central,Not mapped,Mapped,196422.0,281.0,3.033587326,9.46446615,50.0,14.36,21.505,0.0,100.0,3.03,9.46,50,10.99,5.5,25.53,186,High,Monitor,No immediate action required.,To Do,Commercial,-,Low
137893.0,Ioon Resort,0.3598730124715229,0.407716457799702,0.39613299502518157,0.5043282603414565,0.0,8.0,24.73,Saraburi,LT,Lower Isan - Central,Not mapped,Not Live,145507.0,5.0,2.247247591,0.168406871,20.0,5.17,14.3,0.0,40.0,2.25,0.17,0,6.12,6.12,25.52,187,High,Monitor,No immediate action required.,To Do,Commercial,-,Low
65508.0,Louis Tavern Hotel,0.4620379216079976,0.4913832024052648,0.4225860750094039,0.5054296561940682,34.0,31.0,36.04,Bangkok,LT,BKK - Metro - Chon,Mapped,Null,156946.0,87.0,2.423905283,2.930279555,50.0,12.09,18.27,100.0,0.0,2.42,2.93,50,9.3,4.65,25.51,188,High,Monitor,No immediate action required.,To Do,Commercial,-,Low
237.0,Grand Howard Hotel Bangkok,0.360937927054054,0.4612447915915112,0.3835030663532936,0.4909853289379511,60.0,31.0,36.66,Bangkok,LT,BKK - Metro - Chon,Mapped,Not Mapped,235084.0,5.0,3.63068836,0.168406871,50.0,11.87,18.095,100.0,0.0,3.63,0.17,50,9.2,4.6,25.51,189,High,Expand to Ctrip,Expand distribution to increase room nights.,To Do,Market Manager,72 Hours,Medium
4883849.0,My Gardens Hotel,0.3311282972348692,0.3419700151346216,0.32950962547315804,0.5003825318220979,2.0,45.0,25.05,Pattani,LT,Lower South - West,Not mapped,Not Live,81228.0,35.0,1.254501523,1.178848097,20.0,4.98,13.41,0.0,40.0,1.25,1.18,0,5.99,5.99,25.51,190,High,Monitor,No immediate action required.,To Do,Commercial,-,Low
1229.0,"Easy Planet Phuket, Patong",0.3874011628075985,0.396579925356347,0.3905047104124836,0.5019625487043113,61.0,31.0,38.13,Phuket,LT,Upper South,Mapped,Not Live,36565.0,18.0,0.5647239425,0.6062647356,70.0,14.46,19.76,100.0,40.0,0.56,0.61,50,8.09,4.04,25.5,191,High,Monitor,No immediate action required.,To Do,Commercial,-,Low
4931455.0,HT9 Hotel,0.3912261902704326,0.4148970441905273,0.4016358094507066,0.4940453466785573,51.0,78.0,37.7,Pattaya,LT,BKK - Metro - Chon,Mapped,Null,112402.0,8.0,1.735957533,0.2694509936,50.0,10.95,17.15,100.0,0.0,1.74,0.27,50,8.49,4.24,25.5,192,High,Monitor,No immediate action required.,To Do,Commercial,-,Low
4606562.0,Holiday Inn and Suites Siracha Laemchabang,0.4446881316004097,0.4513628382509455,0.4480962820075693,0.5061182758144704,49.0,32.0,38.25,Sriracha,KA,BKK - Metro - Chon,Mapped,Mapped,1262871.0,50.0,19.50404215,1.68406871,100.0,30.26,15.13,100.0,100.0,19.5,1.68,100,17.9,0.0,25.49,193,High,Monitor,No immediate action required.,To Do,Commercial,-,Low
138005.0,Tonaoi Grand Hotel,0.3987460650071661,0.4559999884566508,0.40071884776884814,0.4929919208547206,54.0,95.0,39.09,Hatyai,KA,Lower South - West,Mapped,Mapped,998296.0,209.0,15.41789595,7.039407208,100.0,29.82,14.91,100.0,100.0,15.42,7.04,100,17.64,0.0,25.48,194,High,Monitor,No immediate action required.,To Do,Commercial,-,Low
4885080.0,Prem Mansion U Thong,0.4024076636282517,0.4350699506639395,0.4129370975723205,0.5015190079651978,36.0,16.0,33.49,Suphan Buri,KA,Lower Isan - Central,Mapped,Not Mapped,491000.0,35.0,7.583105602,1.178848097,50.0,14.15,19.04,100.0,0.0,7.58,1.18,50,10.84,5.42,25.48,195,High,Expand to Ctrip,Expand distribution to increase room nights.,To Do,Market Manager,72 Hours,Medium
4920666.0,BB Home Kongvilai Kamphaeng Phet,0.3231979512754871,0.4281542038369118,0.4028621057496992,0.5017551118733513,2.0,13.0,23.75,Kamphaeng Phet,LT,North,Not mapped,Not Mapped,246841.0,2.0,3.812267041,0.0673627484,0.0,1.93,13.43,0.0,0.0,3.81,0.07,0,6.68,6.68,25.48,196,High,Expand to Ctrip,Expand distribution to increase room nights.,To Do,Market Manager,72 Hours,Medium
4943051.0,Wanna Mansion,0.3490323570094535,0.3607456190097848,0.3533846869510562,0.5069490037690058,1.0,35.0,25.39,Phetchaburi,LT,Lower South - West,Not mapped,Null,61370.0,4.0,0.9478129869,0.1347254968,0.0,0.51,9.3,0.0,0.0,0.95,0.13,0,5.59,5.59,25.48,197,High,Monitor,No immediate action required.,To Do,Commercial,-,Low
2010606.0,PP@Hotel Rangsit,0.3802846941011757,0.3857928165143743,0.3801820196259508,0.5043932084641674,62.0,21.0,37.77,Pathum Thani,LT,BKK - Metro - Chon,Mapped,Not Mapped,78409.0,3.0,1.210970467,0.1010441226,50.0,10.64,17.595,100.0,0.0,1.21,0.1,50,8.19,4.1,25.47,198,High,Expand to Ctrip,Expand distribution to increase room nights.,To Do,Market Manager,72 Hours,Medium
5101378.0,Amornthep Hotel Khunkhan,0.337856430630539,0.3455547439166212,0.3430144246237687,0.5070252891886147,2.0,44.0,25.42,Si Sa Ket,LT,Lower Isan - Central,Not mapped,Not Mapped,37922.0,16.0,0.5856822014,0.5389019872,0.0,0.45,12.42,0.0,0.0,0.59,0.54,0,5.54,5.54,25.47,199,High,Expand to Ctrip,Expand distribution to increase room nights.,To Do,Market Manager,72 Hours,Medium
183341.0,Rua Rasada Express,0.3895767772369797,0.3986086706334715,0.33458551601473346,0.5049143757870704,54.0,9.0,36.25,Trang,KA,Upper South,Mapped,Not Live,217545.0,16.0,3.359813253,0.5389019872,70.0,15.84,20.385,100.0,40.0,3.36,0.54,50,9.09,4.54,25.47,200,High,Monitor,No immediate action required.,To Do,Commercial,-,Low
63735.0,Raya Grand Hotel,0.3503075236624407,0.3661233904881878,0.35381344168877743,0.5034348093627707,53.0,10.0,34.49,Nakhonratchasima,KA,Lower Isan - Central,Mapped,Mapped,1140219.0,439.0,17.6097867,14.78612327,100.0,33.24,16.62,100.0,100.0,17.61,14.79,100,20.14,0.0,25.45,201,Medium,Monitor,No immediate action required.,To Do,Commercial,-,Low
23574.0,Sabai Hotel Korat,0.3854265904434629,0.3908039170966324,0.3829386844411011,0.5032421257005936,58.0,30.0,37.48,Nakhonratchasima,KA,Lower Isan - Central,Mapped,Not Mapped,102219.0,5.0,1.578688196,0.168406871,50.0,10.84,14.54,100.0,0.0,1.58,0.17,50,8.34,4.17,25.44,202,Medium,Expand to Ctrip,Expand distribution to increase room nights.,To Do,Market Manager,72 Hours,Medium
4884370.0,Yala My house Hotel,0.3290033658791068,0.433316919016364,0.4063898153148789,0.4947707035521551,2.0,64.0,25.46,Yala,LT,Lower South - West,Not mapped,Not Live,22773.0,41.0,0.3517087224,1.380936342,20.0,4.59,13.055,0.0,40.0,0.35,1.38,0,5.68,5.68,25.43,203,Medium,Monitor,No immediate action required.,To Do,Commercial,-,Low
4896922.0,Kiirin House Banpong,0.3216192857110619,0.3256601485536412,0.32015607786489747,0.506099420199111,4.0,11.0,24.1,Ratchaburi,KA,Lower South - West,Not mapped,Not Mapped,114222.0,51.0,1.764061211,1.717750084,0.0,1.4,10.63,0.0,0.0,1.76,1.72,0,6.22,6.22,25.4,204,Medium,Expand to Ctrip,Expand distribution to increase room nights.,To Do,Market Manager,72 Hours,Medium
4920372.0,Chayapark Resort,0.3326135637322381,0.3389636820140727,0.3240679734981564,0.5050199221181756,4.0,2.0,24.23,Phetchabun,KA,North,Not mapped,Not Mapped,151831.0,13.0,2.344906903,0.4378578646,0.0,1.3,10.75,0.0,0.0,2.34,0.44,0,6.15,6.15,25.39,205,Medium,Expand to Ctrip,Expand distribution to increase room nights.,To Do,Market Manager,72 Hours,Medium
21697.0,Dhevaraj Hotel,0.3821636167957479,0.4248372370035936,0.4022659190087643,0.4944821326795793,32.0,93.0,34.21,Nan,KA,North,Mapped,Mapped,766070.0,748.0,11.83135394,25.1936679,100.0,33.47,16.735,100.0,100.0,11.83,25.19,100,20.31,0.0,25.36,206,Medium,Monitor,No immediate action required.,To Do,Commercial,-,Low
5101096.0,RoomQuest SPS Hotel and Residence,0.4070757215638997,0.454796216348315,0.42936849501553565,0.5066597310835182,41.0,55.0,35.96,Pathum Thani,KA,BKK - Metro - Chon,Mapped,Null,197228.0,29.0,3.046031963,0.9767598518,50.0,11.82,17.3,100.0,0.0,3.05,0.98,50,9.01,4.5,25.36,207,Medium,Monitor,No immediate action required.,To Do,Commercial,-,Low
2005746.0,The Contrast i Hotel,0.4012663664066416,0.4774261830201625,0.4612043246297614,0.502916883180756,53.0,7.0,36.43,Rayong,LT,Upper Isan - East,Mapped,Not Live,192628.0,1.0,2.974988125,0.0336813742,70.0,15.5,16.95,100.0,40.0,2.97,0.03,50,8.78,4.39,25.35,208,Medium,Monitor,No immediate action required.,To Do,Commercial,-,Low
4857667.0,The Hi Place Roiet,0.2706139295814687,0.3781558107164226,0.3216393812371526,0.4990504828275466,3.0,4.0,21.5,Roi Et,LT,Lower Isan - Central,Not live,Not Mapped,323672.0,101.0,4.998860673,3.401818794,20.0,7.52,12.99,40.0,0.0,5.0,3.4,0,7.82,7.82,25.35,209,Medium,Expand to Ctrip,Expand distribution to increase room nights.,To Do,Market Manager,72 Hours,Medium
5394.0,The Bazaar Hotel Bangkok,0.4563329644592293,0.4620387250411427,0.4486460884967684,0.5055202052439703,63.0,49.0,41.91,Bangkok,KA,BKK - Metro - Chon,Mapped,Mapped,604124.0,238.0,9.33022374,8.01616706,100.0,27.07,13.535,100.0,100.0,9.33,8.02,100,15.45,0.0,25.35,210,Medium,Monitor,No immediate action required.,To Do,Commercial,-,Low
183666.0,Phukaning Hotel,0.3625312261923559,0.3665629072092256,0.36506779235735753,0.510644706976549,53.0,8.0,35.06,Udon Thani,LT,Upper Isan - East,Mapped,Not Mapped,250621.0,47.0,3.870650024,1.583024587,50.0,12.41,19.135,100.0,0.0,3.87,1.58,50,9.42,4.71,25.33,211,Medium,Expand to Ctrip,Expand distribution to increase room nights.,To Do,Market Manager,72 Hours,Medium
4738.0,Mayflower Grande Hotel Nimman,0.4408239395934912,0.4476734945068337,0.4431691601934767,0.5051472115366243,55.0,23.0,38.94,Chiang Mai,KA,North,Mapped,Mapped,569448.0,496.0,8.794672833,16.7059616,100.0,29.41,14.705,100.0,100.0,8.79,16.71,100,17.2,0.0,25.33,212,Medium,Monitor,No immediate action required.,To Do,Commercial,-,Low
5101876.0,88/8 Resort,0.2842321756008766,0.2917398914950843,0.28612642839089364,0.506675611708559,6.0,1.0,22.68,Chainat,KA,Lower Isan - Central,Not mapped,Null,263885.0,29.0,4.075489232,0.9767598518,0.0,2.33,10.275,0.0,0.0,4.08,0.98,0,6.87,6.87,25.31,213,Medium,Monitor,No immediate action required.,To Do,Commercial,-,Low
4977982.0,Rata Resort,0.2947961683925089,0.3537648877935712,0.3202821939078965,0.5005329778527817,5.0,42.0,24.08,Lop Buri,LT,Lower Isan - Central,Not mapped,Null,172105.0,1.0,2.658032586,0.0336813742,0.0,1.34,10.385,0.0,0.0,2.66,0.03,0,6.15,6.15,25.31,214,Medium,Monitor,No immediate action required.,To Do,Commercial,-,Low
4920555.0,Wasu Resort,0.3007627101683907,0.317079901394072,0.30903991589935015,0.5090993534388236,12.0,4.0,24.62,Saraburi,LT,Lower Isan - Central,Not mapped,Null,40028.0,38.0,0.6182021519,1.27989222,0.0,0.69,9.555,0.0,0.0,0.62,1.28,0,5.62,5.62,25.29,215,Medium,Monitor,No immediate action required.,To Do,Commercial,-,Low
43648.0,Triple B Boutique Residence,0.4483941848842112,0.4694041329671244,0.422289992244851,0.5013217778026534,53.0,61.0,39.98,Sriracha,KA,BKK - Metro - Chon,Mapped,Mapped,526575.0,442.0,8.132532361,14.8871674,100.0,28.53,14.265,100.0,100.0,8.13,14.89,100,16.53,0.0,25.27,216,Medium,Monitor,No immediate action required.,To Do,Commercial,-,Low
4851257.0,Hotel Kuretakeso Thailand Sriracha,0.3809308942920293,0.381799376607116,0.3801428713672772,0.5025700832471972,33.0,32.0,32.58,Sriracha,KA,BKK - Metro - Chon,Mapped,Null,407172.0,125.0,6.288451136,4.210171775,50.0,14.41,18.965,100.0,0.0,6.29,4.21,50,10.92,5.46,25.26,217,Medium,Monitor,No immediate action required.,To Do,Commercial,-,Low
1762.0,The Park Hotel Phitsanulok,0.4002572534058883,0.409020664122982,0.4060995272172841,0.5061999976829707,45.0,13.0,35.12,Phitsanulok,LT,North,Mapped,Not Live,228896.0,52.0,3.535121893,1.751431458,70.0,16.29,18.99,100.0,40.0,3.54,1.75,50,9.32,4.66,25.26,218,Medium,Monitor,No immediate action required.,To Do,Commercial,-,Low
4920363.0,Hotel MOCO Udon Thani,0.4381860136060692,0.5216810137710857,0.4512124926602102,0.49417126416309,45.0,97.0,39.04,Udon Thani,KA,Upper Isan - East,Mapped,Mapped,815152.0,301.0,12.5893812,10.13809363,100.0,29.34,14.67,100.0,100.0,12.59,10.14,100,17.14,0.0,25.23,219,Medium,Monitor,No immediate action required.,To Do,Commercial,-,Low
2012783.0,Manonta Budget Hotel,0.3847745650412151,0.4935793156910665,0.45135865194326225,0.5030060531946141,46.0,68.0,36.36,Hatyai,KA,Lower South - West,Mapped,Mapped,486580.0,745.0,7.514847899,25.09262378,100.0,31.29,15.645,100.0,100.0,7.51,25.09,100,18.55,0.0,25.22,220,Medium,Monitor,No immediate action required.,To Do,Commercial,-,Low
181563.0,L Nimman Boutique Hotel,0.2905720713326217,0.3721661484399136,0.3293944860113751,0.506675611708559,55.0,4.0,32.36,Chiang Mai,KA,North,Not live,Mapped,346952.0,172.0,5.358403472,5.793196362,70.0,18.42,18.355,40.0,100.0,5.36,5.79,50,10.89,5.44,25.22,221,Medium,Monitor,No immediate action required.,To Do,Commercial,-,Low
4932614.0,Novotel Rayong Star Convention Centre,0.3711736265785242,0.379619059620082,0.37364846467189483,0.5053887080517414,50.0,19.0,35.08,Rayong,LT,Upper Isan - East,Mapped,Null,284314.0,3.0,4.391005525,0.1010441226,50.0,12.23,16.175,100.0,0.0,4.39,0.1,50,9.24,4.62,25.2,222,Medium,Monitor,No immediate action required.,To Do,Commercial,-,Low
4920876.0,Na Ingpha Resort And Camp,0.3353535499255896,0.357012167214167,0.34201114549851536,0.5046202967271032,4.0,32.0,25.28,Uthai Thani,LT,North,Not mapped,Null,6743.0,2.0,0.1041397035,0.0673627484,0.0,0.07,9.405,0.0,0.0,0.1,0.07,0,5.13,5.13,25.19,223,Medium,Monitor,No immediate action required.,To Do,Commercial,-,Low
43849.0,Rattana Park Hotel,0.4407684165739552,0.4509179811744529,0.4414165276972432,0.5050521113653627,49.0,30.0,38.01,Phitsanulok,KA,North,Mapped,Mapped,963728.0,239.0,14.88401611,8.049848434,100.0,29.86,14.93,100.0,100.0,14.88,8.05,100,17.46,0.0,25.18,224,Medium,Monitor,No immediate action required.,To Do,Commercial,-,Low
5101533.0,At Home Rai Phor Dee,0.3209322477811419,0.3348382203692019,0.3260369188502698,0.507301012616883,2.0,30.0,24.31,Kalasin,LT,Upper Isan - East,Not mapped,Not Mapped,90007.0,2.0,1.390094136,0.0673627484,0.0,0.72,12.6,0.0,0.0,1.39,0.07,0,5.58,5.58,25.16,225,Medium,Expand to Ctrip,Expand distribution to increase room nights.,To Do,Market Manager,72 Hours,Medium
183404.0,O2 Hotel Lopburi,0.2861927959135412,0.3640313812280082,0.32325663390215603,0.5012419808643028,5.0,9.0,22.71,Lop Buri,KA,Lower Isan - Central,Mapped,Mapped,2330179.0,408.0,35.98777807,13.74200067,100.0,42.12,21.06,100.0,100.0,35.99,13.74,100,26.66,0.0,25.15,226,Medium,Monitor,No immediate action required.,To Do,Commercial,-,Low
2010385.0,Tinidee Hotel Bangkok Golf Club,0.3592885530082941,0.374975132425303,0.36830581436389415,0.505817810344121,52.0,13.0,34.8,Pathum Thani,LT,BKK - Metro - Chon,Mapped,Not Live,226443.0,57.0,3.497232762,1.919838329,70.0,16.32,19.455,100.0,40.0,3.5,1.92,50,9.29,4.64,25.14,227,Medium,Monitor,No immediate action required.,To Do,Commercial,-,Low
2011666.0,The Cheewin Hotel & Convention,0.4383014686990011,0.4539035391720909,0.42424794737299876,0.5016543678698614,48.0,37.0,37.88,Khon Kaen,KA,Upper Isan - East,Mapped,Mapped,784509.0,383.0,12.11612235,12.89996632,100.0,29.93,14.965,100.0,100.0,12.12,12.9,100,17.51,0.0,25.13,228,Medium,Monitor,No immediate action required.,To Do,Commercial,-,Low
21797.0,Golden City Rayong Hotel,0.5086982058326939,0.533869121173115,0.4357869292803942,0.4946388617158121,48.0,58.0,41.21,Rayong,KA,Upper Isan - East,Mapped,Mapped,621239.0,256.0,9.594550501,8.622431795,100.0,27.38,13.69,100.0,100.0,9.59,8.62,100,15.62,0.0,25.12,229,Medium,Monitor,No immediate action required.,To Do,Commercial,-,Low
4920976.0,Nana Residence,0.2484126870578023,0.3777974334908325,0.30409567161717005,0.496825374090855,4.0,5.0,20.79,Sa Kaeo,KA,Upper Isan - East,Not mapped,Not Mapped,441466.0,24.0,6.81809664,0.8083529808,0.0,3.65,16.705,0.0,0.0,6.82,0.81,0,7.81,7.81,25.11,230,Medium,Expand to Ctrip,Expand distribution to increase room nights.,To Do,Market Manager,72 Hours,Medium
5101365.0,Baanphiriyaphan Resort,0.3550524935575438,0.3588225113494084,0.3552476982562555,0.5065570855297267,0.0,3.0,24.43,Ratchaburi,LT,Lower South - West,Not mapped,Null,32195.0,26.0,0.4972313462,0.8757157292,0.0,0.51,13.35,0.0,0.0,0.5,0.88,0,5.4,5.4,25.09,231,Medium,Monitor,No immediate action required.,To Do,Commercial,-,Low
2012371.0,COSI Pattaya Wong Amat Beach,0.3856910781916202,0.4692085929605182,0.43539683704944687,0.4912013273313951,62.0,89.0,39.87,Pattaya,KA,BKK - Metro - Chon,Mapped,Mapped,621426.0,359.0,9.597436407,12.09161334,100.0,28.43,14.215,100.0,100.0,9.6,12.09,100,16.4,0.0,25.07,232,Medium,Monitor,No immediate action required.,To Do,Commercial,-,Low
4543100.0,ATK Hatyai Hotel,0.435694168906986,0.5302447936413527,0.4772341497895915,0.5042821870710356,24.0,24.0,32.84,Hatyai,KA,Lower South - West,Mapped,Not Mapped,326335.0,123.0,5.039992779,4.142809027,50.0,13.76,19.47,100.0,0.0,5.04,4.14,50,10.33,5.16,25.06,233,Medium,Expand to Ctrip,Expand distribution to increase room nights.,To Do,Market Manager,72 Hours,Medium
63740.0,Gallery Lake View Hotel,0.3239334259180778,0.4970514814584791,0.3925623394636822,0.4873884689910179,57.0,29.0,34.48,Khon Kaen,KA,Upper Isan - East,Mapped,Mapped,983665.0,514.0,15.1919252,17.31222634,100.0,32.79,16.395,100.0,100.0,15.19,17.31,100,19.68,0.0,25.06,234,Medium,Monitor,No immediate action required.,To Do,Commercial,-,Low
21408.0,Punn Punn Place,0.3394500182617711,0.3701958302072511,0.3304138923032222,0.5036219184411556,5.0,5.0,24.76,Chiang Mai,LT,North,Not mapped,Null,22696.0,4.0,0.3505260046,0.1347254968,0.0,0.22,9.485,0.0,0.0,0.35,0.13,0,5.17,5.17,25.05,235,Medium,Monitor,No immediate action required.,To Do,Commercial,-,Low
4932685.0,Cottage Pine Rayong Resort & Cafe,0.3288117956072939,0.3692561003185306,0.3536584904154093,0.4960231400128835,37.0,14.0,30.56,Rayong,KA,Upper Isan - East,Mapped,Null,509668.0,176.0,7.871428189,5.927921859,50.0,15.71,17.11,100.0,0.0,7.87,5.93,50,11.83,5.92,25.04,236,Medium,Monitor,No immediate action required.,To Do,Commercial,-,Low
4920407.0,Chaolay Homestay @Pak Phanang (Room on Request),0.2903494435107484,0.3124765982119455,0.3042889137657182,0.5119105490441428,15.0,1.0,24.74,,,,Null,Null,0.0,0.0,0.0,0.0,0.0,0.0,0.0,0.0,0.0,0.0,0.0,0,4.95,4.95,25.02,237,Medium,Monitor,No immediate action required.,To Do,Commercial,-,Low
5101666.0,Tree Airport Hotel Hatyai,0.4581462911427516,0.4615179910379502,0.454271636639306,0.5073708310295661,36.0,20.0,35.96,Hatyai,LT,Lower South - West,Mapped,Null,102830.0,33.0,1.588127235,1.111485349,50.0,11.13,,100.0,0.0,1.59,1.11,50,8.32,4.16,25.02,238,Medium,Monitor,No immediate action required.,To Do,Commercial,-,Low
65536.0,Coco Beach Resort Bangsean,0.3899645735229751,0.5076161739849183,0.38897709120053364,0.4895670850837921,49.0,20.0,35.35,Bangsaen,KA,BKK - Metro - Chon,Mapped,Mapped,804414.0,567.0,12.42353661,19.09733917,100.0,31.94,15.97,100.0,100.0,12.42,19.1,100,19.01,0.0,25.01,239,Medium,Monitor,No immediate action required.,To Do,Commercial,-,Low
158985.0,Mila Garden,0.4304676366082828,0.4878809948063488,0.454395881627205,0.4936216833143409,27.0,163.0,37.38,Roi Et,LT,Lower Isan - Central,Mapped,Not Live,22025.0,3.0,0.340161394,0.1010441226,70.0,14.2,18.99,100.0,40.0,0.34,0.1,50,7.68,3.84,24.99,240,Medium,Monitor,No immediate action required.,To Do,Commercial,-,Low
4884544.0,Rangsit Residence,0.3992777613866259,0.4901386630577576,0.40000646863740297,0.5042715620624346,29.0,84.0,34.23,Pathum Thani,KA,BKK - Metro - Chon,Mapped,Not Live,210826.0,83.0,3.256043284,2.795554059,70.0,16.47,17.42,100.0,40.0,3.26,2.8,50,9.32,4.66,24.97,241,Medium,Monitor,No immediate action required.,To Do,Commercial,-,Low
4920366.0,Travelodge Phuket Town,0.3908141178509681,0.39163339758021,0.38906219541310055,0.505942929621014,55.0,34.0,37.3,Phuket,KA,Upper South,Mapped,Mapped,1200536.0,69.0,18.5413255,2.32401482,100.0,29.97,14.985,100.0,100.0,18.54,2.32,100,17.43,0.0,24.96,242,Medium,Monitor,No immediate action required.,To Do,Commercial,-,Low
4543023.0,Proud Khaoyai,0.3654559694899184,0.4355184546061357,0.4121307508577907,0.50002141380968,61.0,15.0,36.71,Khaoyai,KA,Lower Isan - Central,Mapped,Mapped,1071743.0,219.0,16.55222791,7.37622095,100.0,30.49,15.245,100.0,100.0,16.55,7.38,100,17.83,0.0,24.93,243,Medium,Monitor,No immediate action required.,To Do,Commercial,-,Low
64955.0,Chiengrung Hotel Phan,0.3147830417610678,0.3252246435639448,0.3071998206890412,0.5046544514052289,2.0,26.0,23.89,Chiang Rai,LT,North,Not mapped,Not Live,56145.0,21.0,0.8671135817,0.7073088582,20.0,4.65,11.67,0.0,40.0,0.87,0.71,0,5.43,5.43,24.93,244,Medium,Monitor,No immediate action required.,To Do,Commercial,-,Low
152418.0,Trang Grand Hotel,0.4827723650155098,0.5115052094359842,0.5016228453610744,0.4748264855788326,27.0,315.0,43.89,Trang,KA,Upper South,Mapped,Mapped,437955.0,185.0,6.76386429,6.231054227,100.0,25.25,12.625,100.0,100.0,6.76,6.23,100,14.03,0.0,24.93,245,Medium,Monitor,No immediate action required.,To Do,Commercial,-,Low
137991.0,Praso At Ratchada 12,0.4236832879988347,0.4396226865226912,0.3863312958545179,0.5022526655366311,54.0,52.0,38.92,Bangkok,KA,BKK - Metro - Chon,Mapped,Mapped,731911.0,297.0,11.30379403,10.00336814,100.0,28.65,14.325,100.0,100.0,11.3,10.0,100,16.43,0.0,24.92,246,Medium,Monitor,No immediate action required.,To Do,Commercial,-,Low
5101524.0,HOTEL De ONE DEE,0.351554703004165,0.3947621135531886,0.3411791282359159,0.5162912390200661,38.0,2.0,31.69,Phayao,KA,North,Mapped,Null,457268.0,62.0,7.062147158,2.0882452,50.0,14.16,18.49,100.0,0.0,7.06,2.09,50,10.5,5.25,24.92,247,Medium,Monitor,No immediate action required.,To Do,Commercial,-,Low
63750.0,Yellow Moon Pattaya,0.4053068417625796,0.4268300423062294,0.3639766389742386,0.4976903483423817,32.0,34.0,33.33,Pattaya,KA,BKK - Metro - Chon,Mapped,Mapped,861243.0,650.0,13.30121234,21.89289323,100.0,33.22,16.61,100.0,100.0,13.3,21.89,100,19.88,0.0,24.92,248,Medium,Monitor,No immediate action required.,To Do,Commercial,-,Low
5101361.0,Windmill Place Khaoyai,0.4070842163726551,0.4361614140413276,0.3715784885061177,0.4905812795289772,35.0,22.0,33.46,Khaoyai,KA,Lower Isan - Central,Mapped,Null,406982.0,9.0,6.285519516,0.3031323678,50.0,13.23,16.615,100.0,0.0,6.29,0.3,50,9.93,4.96,24.91,249,Medium,Monitor,No immediate action required.,To Do,Commercial,-,Low
4543019.0,Moose Hotel Chiangmai,0.3884843859432797,0.3978595428239837,0.35458917162779313,0.5068741031271211,72.0,23.0,40.12,Chiang Mai,KA,North,Mapped,Mapped,743721.0,180.0,11.48617843,6.062647356,100.0,27.56,13.78,100.0,100.0,11.49,6.06,100,15.59,0.0,24.9,250,Medium,Monitor,No immediate action required.,To Do,Commercial,-,Low
4857602.0,Pirst Land Resort Sakrachom,0.3318389241678774,0.3534656945837511,0.3253073334580895,0.5034706429894542,2.0,4.0,23.85,Suphan Buri,LT,Lower Isan - Central,Not mapped,Not Live,68249.0,6.0,1.054047234,0.2020882452,20.0,4.59,14.86,0.0,40.0,1.05,0.2,0,5.36,5.36,24.87,251,Medium,Monitor,No immediate action required.,To Do,Commercial,-,Low
4996595.0,Baan BaiBau Saraburi,0.2728240096624224,0.3220858974446046,0.30321419971764474,0.5034706429894542,18.0,2.0,24.47,Saraburi,LT,Lower Isan - Central,Not mapped,Null,7493.0,3.0,0.1157165303,0.1010441226,0.0,0.09,9.195,0.0,0.0,0.12,0.1,0,4.98,4.98,24.87,252,Medium,Monitor,No immediate action required.,To Do,Commercial,-,Low
181621.0,Phavina Serviced Residence Rayong,0.3719694954531293,0.3913150052151788,0.3824980707736216,0.5024228375172601,48.0,32.0,35.08,Rayong,KA,Upper Isan - East,Mapped,Not Mapped,155693.0,34.0,2.404561562,1.145166723,50.0,11.55,16.465,100.0,0.0,2.4,1.15,50,8.56,4.28,24.83,253,Medium,Expand to Ctrip,Expand distribution to increase room nights.,To Do,Market Manager,72 Hours,Medium
4892396.0,Homeroom hostel,0.3394458399450482,0.431964644710084,0.3889851191638661,0.4995871960449096,0.0,18.0,24.14,Yasothon,LT,Lower Isan - Central,Not mapped,Not Live,34134.0,9.0,0.5271684067,0.3031323678,20.0,4.35,11.795,0.0,40.0,0.53,0.3,0,5.18,5.18,24.83,254,Medium,Monitor,No immediate action required.,To Do,Commercial,-,Low
4921059.0,Greenplace Sikhio,0.3409290933840501,0.3532662266193588,0.3374652410734887,0.5044117697671352,22.0,11.0,28.26,Nakhonratchasima,KA,Lower Isan - Central,Mapped,Not Mapped,800356.0,75.0,12.36087419,2.526103065,50.0,16.94,20.74,100.0,0.0,12.36,2.53,50,12.59,6.3,24.82,255,Medium,Expand to Ctrip,Expand distribution to increase room nights.,To Do,Market Manager,72 Hours,Medium
747.0,Baan Grood Arcadia Resort and Spa,0.4356891863579545,0.4452690574728945,0.43949430959625,0.5047911936559518,40.0,28.0,36.03,Prachuapkhirikhan,LT,Lower South - West,Mapped,Not Live,73204.0,14.0,1.13057454,0.4715392388,70.0,14.71,19.8,100.0,40.0,1.13,0.47,50,7.91,3.96,24.81,256,Medium,Monitor,No immediate action required.,To Do,Commercial,-,Low
4920606.0,"SP Resort - Wichian Buri, Phetchabun",0.4207935262163806,0.5208869431784819,0.45226339311182706,0.4863291561996871,41.0,40.0,35.63,Phetchabun,LT,North,Mapped,Not Mapped,107350.0,56.0,1.657942332,1.886156955,50.0,11.39,18.625,100.0,0.0,1.66,1.89,50,8.52,4.26,24.81,257,Medium,Expand to Ctrip,Expand distribution to increase room nights.,To Do,Market Manager,72 Hours,Medium
4251694.0,The Singora Hotel,0.3754852601165578,0.3906426385513399,0.3790959841637272,0.5054413230244696,50.0,33.0,35.69,Songkhla,LT,Lower South - West,Mapped,Not Live,70458.0,40.0,1.088167051,1.347254968,70.0,14.95,16.675,100.0,40.0,1.09,1.35,50,8.09,4.04,24.81,258,Medium,Monitor,No immediate action required.,To Do,Commercial,-,Low
5101578.0,Rabbit Hotel Nangrong,0.4132432270154013,0.4149474054402955,0.38121318991720954,0.5152778584984242,24.0,2.0,31.47,Buriram,KA,Lower Isan - Central,Mapped,Null,454738.0,63.0,7.023064808,2.121926575,50.0,14.15,18.26,100.0,0.0,7.02,2.12,50,10.44,5.22,24.81,259,Medium,Monitor,No immediate action required.,To Do,Commercial,-,Low
137976.0,De V Loft Hotel,0.4391509957299529,0.4457466474946967,0.43606732584328206,0.5034058271391105,41.0,31.0,36.42,Nakhonratchasima,KA,Lower Isan - Central,Mapped,Mapped,1207888.0,104.0,18.65488417,3.502862917,100.0,30.38,15.19,100.0,100.0,18.65,3.5,100,17.66,0.0,24.79,260,Medium,Monitor,No immediate action required.,To Do,Commercial,-,Low
4795635.0,Baan Rak Resort Samroiyot,0.2933599175829919,0.3173904996916638,0.2949282955834461,0.5040421149819737,6.0,12.0,23.34,Prachuapkhirikhan,LT,Lower South - West,Not mapped,Null,91028.0,13.0,1.40585619,0.4378578646,0.0,0.83,11.62,0.0,0.0,1.41,0.44,0,5.5,5.5,24.79,261,Medium,Monitor,No immediate action required.,To Do,Commercial,-,Low
4850501.0,Creston Grand,0.4713941496591322,0.4836302535711795,0.4311490966375814,0.5047747443431538,36.0,23.0,36.53,Suphan Buri,LT,Lower Isan - Central,Mapped,Null,18221.0,10.0,0.2814165538,0.336813742,50.0,10.24,18.185,100.0,0.0,0.28,0.34,50,7.55,3.78,24.78,262,Medium,Monitor,No immediate action required.,To Do,Commercial,-,Low
4933567.0,Z&Z Resort,0.343905696043971,0.4548758780820711,0.40530553149490767,0.4939775912984935,51.0,49.0,34.9,Phuket,KA,Upper South,Mapped,Null,96138.0,100.0,1.484779974,3.36813742,50.0,11.75,17.68,100.0,0.0,1.48,3.37,50,8.73,4.36,24.78,263,Medium,Monitor,No immediate action required.,To Do,Commercial,-,Low
152939.0,Lake Terrace Resort,0.3861530502073225,0.3910679374453643,0.3869550726611488,0.5058793680153858,50.0,30.0,36.03,Satun,LT,Upper South,Mapped,Not Live,35662.0,32.0,0.5507665448,1.077803974,70.0,14.6,19.51,100.0,40.0,0.55,1.08,50,7.81,3.9,24.77,264,Medium,Monitor,No immediate action required.,To Do,Commercial,-,Low
4921213.0,Chatrium Grand Bangkok,0.4651045370930409,0.4695117761037144,0.4672374353740311,0.5106721226669793,0.0,137.0,33.14,Bangkok,KA,BKK - Metro - Chon,Mapped,Mapped,1472181.0,138.0,22.73668035,4.64802964,100.0,32.76,16.38,100.0,100.0,22.74,4.65,100,19.39,0.0,24.75,265,Medium,Monitor,No immediate action required.,To Do,Commercial,-,Low
1050.0,Sugar Palm Residence,0.4064180140356288,0.5461542557773869,0.40818491273105134,0.4843203794261208,61.0,55.0,39.3,Phuket,KA,Upper South,Mapped,Mapped,696769.0,297.0,10.76104905,10.00336814,100.0,28.38,14.19,100.0,100.0,10.76,10.0,100,16.24,0.0,24.75,266,Medium,Monitor,No immediate action required.,To Do,Commercial,-,Low
2011731.0,Icon Park Hotel Chiang Mai,0.3708452733965167,0.4139603105669966,0.39609948944327406,0.5259061451773805,46.0,2.0,34.18,Chiang Mai,LT,North,Not live,Mapped,207674.0,2.0,3.207359113,0.0673627484,70.0,15.62,20.115,40.0,100.0,3.21,0.07,50,8.46,4.23,24.74,267,Medium,Monitor,No immediate action required.,To Do,Commercial,-,Low
4543084.0,Bander Hotel,0.4362346455930068,0.441033779650863,0.43819156992788516,0.5070164733350726,20.0,40.0,32.66,Chaiyaphum,KA,Upper Isan - East,Mapped,Not Mapped,374638.0,29.0,5.78598482,0.9767598518,50.0,13.19,18.775,100.0,0.0,5.79,0.98,50,9.72,4.86,24.73,268,Medium,Expand to Ctrip,Expand distribution to increase room nights.,To Do,Market Manager,72 Hours,Medium
183481.0,Calivefornia 2016,0.4077762762804917,0.472304960405019,0.3911590644025352,0.4972042738848443,7.0,57.0,29.39,Chiang Rai,KA,North,Mapped,Mapped,1862554.0,155.0,28.7656817,5.220613001,100.0,35.95,17.975,100.0,100.0,28.77,5.22,100,21.83,0.0,24.7,269,Medium,Monitor,No immediate action required.,To Do,Commercial,-,Low
5101836.0,M Hotel Kanchanaburi,0.3702020299918259,0.4089405892437034,0.39615300368754663,0.5130855491467685,28.0,4.0,30.53,Kanchanaburi,KA,Lower South - West,Mapped,Null,398112.0,163.0,6.148532908,5.490063995,50.0,14.72,17.73,100.0,0.0,6.15,5.49,50,10.83,5.42,24.7,270,Medium,Monitor,No immediate action required.,To Do,Commercial,-,Low
63786.0,V Hotel Ubon Ratchathani,0.4396360061575132,0.4434270729461185,0.39818377076372563,0.5048851722322117,52.0,26.0,38.41,Ubon Ratchathani,KA,Lower Isan - Central,Mapped,Mapped,1032126.0,58.0,15.94037858,1.953519704,100.0,28.56,14.28,100.0,100.0,15.94,1.95,100,16.24,0.0,24.69,271,Medium,Monitor,No immediate action required.,To Do,Commercial,-,Low
182925.0,Baan Pond Fah Pattaya,0.2713647012619753,0.3150007627567962,0.2851797003837127,0.4981967532031344,7.0,4.0,22.28,Pattaya,KA,BKK - Metro - Chon,Not mapped,Not Mapped,180732.0,15.0,2.791260227,0.505220613,0.0,1.55,11.685,0.0,0.0,2.79,0.51,0,6.0,6.0,24.67,272,Medium,Expand to Ctrip,Expand distribution to increase room nights.,To Do,Market Manager,72 Hours,Medium
43599.0,Brown House Hotel Udonthani,0.3835137393960429,0.4599522527006924,0.3938433269124315,0.5027072023889525,56.0,37.0,37.23,Udon Thani,KA,Upper Isan - East,Mapped,Mapped,869049.0,277.0,13.42178159,9.329740653,100.0,29.51,14.755,100.0,100.0,13.42,9.33,100,16.95,0.0,24.67,273,Medium,Monitor,No immediate action required.,To Do,Commercial,-,Low
4933204.0,The Spring Srinakarin Hotel,0.3612309784406555,0.4847977135930864,0.4216978099693278,0.4980203194256485,56.0,40.0,36.34,Bangkok,LT,BKK - Metro - Chon,Mapped,Null,21916.0,14.0,0.3384736505,0.4715392388,50.0,10.31,20.86,100.0,0.0,0.34,0.47,50,7.58,3.79,24.67,274,Medium,Monitor,No immediate action required.,To Do,Commercial,-,Low
345.0,Gold Orchid Bangkok,0.3303554667687395,0.4849684855912036,0.40517576090197843,0.5035081467992785,55.0,38.0,34.96,Bangkok,LT,BKK - Metro - Chon,Mapped,Not Live,94984.0,55.0,1.466955191,1.852475581,70.0,15.29,20.31,100.0,40.0,1.47,1.85,50,8.28,4.14,24.66,275,Medium,Monitor,No immediate action required.,To Do,Commercial,-,Low
4920357.0,Ruenbua Residence Warin Chamrap,0.3204390648168631,0.3630012330505388,0.3333048044428447,0.5049266129439632,0.0,3.0,23.01,Ubon Ratchathani,LT,Lower Isan - Central,Not mapped,Null,85252.0,14.0,1.316656136,0.4715392388,0.0,0.8,11.515,0.0,0.0,1.32,0.47,0,5.4,5.4,24.65,276,Medium,Monitor,No immediate action required.,To Do,Commercial,-,Low
5102064.0,Louis Residence Hotel,0.3677847414121594,0.4403392445765471,0.3942830911802039,0.5004874654735975,27.0,38.0,31.06,Nakhonratchasima,KA,Lower Isan - Central,Mapped,Not Mapped,372672.0,153.0,5.75562536,5.153250253,50.0,14.42,21.505,100.0,0.0,5.76,5.15,50,10.64,5.32,24.64,277,Medium,Expand to Ctrip,Expand distribution to increase room nights.,To Do,Market Manager,72 Hours,Medium
4921456.0,The Betel Hotel Trat,0.3210990245810639,0.3340530180981046,0.2939488246833545,0.5062465324723646,1.0,4.0,23.29,Trat,LT,Upper Isan - East,Not mapped,Null,64376.0,2.0,0.9942318015,0.0673627484,0.0,0.52,10.415,0.0,0.0,0.99,0.07,0,5.17,5.17,24.64,278,Medium,Monitor,No immediate action required.,To Do,Commercial,-,Low
182944.0,Socool Grand Hotel Nang Rong Buriram,0.3895059256232621,0.4113676124918281,0.38542602250390695,0.506675611708559,14.0,4.0,28.51,Buriram,KA,Lower Isan - Central,Not live,Mapped,609710.0,160.0,9.416491093,5.389019872,70.0,20.32,,40.0,100.0,9.42,5.39,50,12.03,6.02,24.63,279,Medium,Monitor,No immediate action required.,To Do,Commercial,-,Low
4934106.0,Phunumfha Hotel,0.4836295656091167,0.4994752363067511,0.3978523015375757,0.5042121073981811,23.0,20.0,34.44,Khon Kaen,KA,Upper Isan - East,Mapped,Null,84589.0,93.0,1.306406893,3.132367801,50.0,11.59,15.53,100.0,0.0,1.31,3.13,50,8.48,4.24,24.62,280,Medium,Monitor,No immediate action required.,To Do,Commercial,-,Low
4887266.0,Suphachok Resort,0.3326028922964191,0.3326028922964191,0.3326028922964191,0.506675611708559,0.0,4.0,23.56,Nakhonratchasima,LT,Lower Isan - Central,Not mapped,Not Live,22160.0,7.0,0.3422418838,0.2357696194,20.0,4.24,14.215,0.0,40.0,0.34,0.24,0,4.95,4.95,24.61,281,Medium,Monitor,No immediate action required.,To Do,Commercial,-,Low
2000062.0,Pattaya Modus Beachfront Resort,0.4262399896501172,0.4770646416740076,0.42429709477620253,0.4962477206828104,65.0,297.0,48.72,Pattaya,LT,BKK - Metro - Chon,Mapped,Mapped,37548.0,3.0,0.5798941741,0.1010441226,100.0,20.32,10.16,100.0,100.0,0.58,0.1,100,10.06,0.0,24.61,282,Medium,Monitor,No immediate action required.,To Do,Commercial,-,Low
4640925.0,The Residence Hotel,0.405857732192295,0.4162073220377378,0.36456905138719964,0.5056179636307038,40.0,21.0,34.63,Chiang Mai,KA,North,Mapped,Null,162697.0,15.0,2.512731587,0.505220613,50.0,11.41,17.63,100.0,0.0,2.51,0.51,50,8.33,4.16,24.61,283,Medium,Monitor,No immediate action required.,To Do,Commercial,-,Low
4884643.0,Fun Hotel Rayong,0.4095106547713711,0.4913408972764687,0.45020013331228464,0.4908690859984194,19.0,94.0,32.78,Rayong,KA,Upper Isan - East,Mapped,Not Mapped,167972.0,176.0,2.594195789,5.927921859,50.0,13.08,15.99,100.0,0.0,2.59,5.93,50,9.63,4.82,24.56,284,Medium,Expand to Ctrip,Expand distribution to increase room nights.,To Do,Market Manager,72 Hours,Medium
4921096.0,Suntree Residence Sakon Nakhon,0.2750033230876567,0.291378337282947,0.2751670276644934,0.505473996854497,4.0,5.0,22.03,Sakon Nakhon,LT,Upper Isan - East,Not mapped,Null,175670.0,4.0,2.713086877,0.1347254968,0.0,1.4,13.665,0.0,0.0,2.71,0.13,0,5.8,5.8,24.56,285,Medium,Monitor,No immediate action required.,To Do,Commercial,-,Low
4920349.0,111 Hotel Muang Phon Khonkaen,0.3250342827229425,0.3334414085274298,0.3274700011446915,0.505427774768262,2.0,1.0,23.52,Khon Kaen,LT,Upper Isan - East,Not mapped,Null,15429.0,4.0,0.238288283,0.1347254968,0.0,0.16,9.06,0.0,0.0,0.24,0.13,0,4.86,4.86,24.54,286,Medium,Monitor,No immediate action required.,To Do,Commercial,-,Low
1559.0,Mood Hotel Pattaya,0.4610831498995238,0.5189660826649314,0.4269982228821219,0.4856731700131838,60.0,250.0,47.47,Pattaya,LT,BKK - Metro - Chon,Mapped,Mapped,122941.0,38.0,1.89872887,1.27989222,100.0,21.33,10.665,100.0,100.0,1.9,1.28,100,10.83,0.0,24.51,287,Medium,Monitor,No immediate action required.,To Do,Commercial,-,Low
181581.0,Namthong Nan Hotel,0.4716485097893543,0.4903479150749141,0.4748921531262001,0.5039597130236017,54.0,47.0,40.71,Nan,KA,North,Mapped,Mapped,738655.0,65.0,11.40794871,2.189289323,100.0,26.36,13.18,100.0,100.0,11.41,2.19,100,14.5,0.0,24.5,288,Medium,Monitor,No immediate action required.,To Do,Commercial,-,Low
5101191.0,Poonsuk Resort Sadao,0.3026879730753239,0.3162505046805092,0.31231652517282366,0.5078260453315674,4.0,7.0,23.25,Songkhla,LT,Lower South - West,Not mapped,Null,13365.0,12.0,0.2064185339,0.4041764904,0.0,0.22,10.665,0.0,0.0,0.21,0.4,0,4.88,4.88,24.49,289,Medium,Monitor,No immediate action required.,To Do,Commercial,-,Low
183049.0,Blue Sky Residence Airport,0.4503131658095181,0.4635054384409143,0.4466490771507222,0.5018722411829819,36.0,81.0,37.46,Samut Prakan,KA,BKK - Metro - Chon,Mapped,Mapped,786950.0,283.0,12.15382847,9.531828899,100.0,28.94,14.47,100.0,100.0,12.15,9.53,100,16.43,0.0,24.47,290,Medium,Monitor,No immediate action required.,To Do,Commercial,-,Low
4922757.0,D-2 Home Chanthaburi,0.476682955566437,0.5278067385992902,0.46060900026409674,0.5020471505639587,21.0,28.0,33.99,Chanthaburi,KA,Upper Isan - East,Mapped,Null,102108.0,86.0,1.576971108,2.896598181,50.0,11.66,15.34,100.0,0.0,1.58,2.9,50,8.46,4.23,24.45,291,Medium,Monitor,No immediate action required.,To Do,Commercial,-,Low
4606509.0,JR Home Ban Pong,0.3002494335212086,0.3002494335212086,0.3002494335212086,0.5067765998851214,3.0,4.0,22.84,Ratchaburi,LT,Lower South - West,Not mapped,Not Live,57559.0,4.0,0.8889516974,0.1347254968,20.0,4.48,14.765,0.0,40.0,0.89,0.13,0,5.05,5.05,24.45,292,Medium,Monitor,No immediate action required.,To Do,Commercial,-,Low
5101966.0,Aspira Central Patong Hotel,0.3536566133366253,0.4532521501661625,0.3753856015919994,0.4993409482677982,45.0,81.0,35.26,Phuket,LT,Upper South,Mapped,Not Live,35204.0,41.0,0.5436938679,1.380936342,70.0,14.69,19.785,100.0,40.0,0.54,1.38,50,7.74,3.87,24.44,293,Medium,Monitor,No immediate action required.,To Do,Commercial,-,Low
4968455.0,Sibtis Hotel,0.4315392027469743,0.4368671899059109,0.43117522556628934,0.5065085187372501,34.0,12.0,34.25,Lampang,LT,North,Mapped,Null,168828.0,3.0,2.607419432,0.1010441226,50.0,11.33,18.125,100.0,0.0,2.61,0.1,50,8.18,4.09,24.43,294,Medium,Monitor,No immediate action required.,To Do,Commercial,-,Low
182837.0,The Riche Boutique Hotel,0.4475078496130591,0.4656769936581385,0.4226556408237001,0.5010628461608821,54.0,63.0,40.19,Bangkok,KA,BKK - Metro - Chon,Mapped,Mapped,523392.0,262.0,8.08338301,8.82452004,100.0,26.69,13.345,100.0,100.0,8.08,8.82,100,14.72,0.0,24.43,295,Medium,Monitor,No immediate action required.,To Do,Commercial,-,Low
4319602.0,Chill Chill Resort,0.2887742203512849,0.3239818804187411,0.30874360166741205,0.5064048297397903,3.0,12.0,22.63,Pranburi,LT,Lower South - West,Not mapped,Null,48899.0,21.0,0.7552093006,0.7073088582,0.0,0.59,12.095,0.0,0.0,0.76,0.71,0,5.12,5.12,24.41,296,Medium,Monitor,No immediate action required.,To Do,Commercial,-,Low
5004717.0,Mybed Gold Chonburi,0.3464863756039217,0.3545809140590027,0.3412714857158632,0.5047613383641758,42.0,5.0,32.11,Chonburi,KA,BKK - Metro - Chon,Mapped,Null,387764.0,4.0,5.98871404,0.1347254968,50.0,13.03,18.055,100.0,0.0,5.99,0.13,50,9.46,4.73,24.41,297,Medium,Monitor,No immediate action required.,To Do,Commercial,-,Low
2012695.0,The 8 Hotel Udonthani,0.3676173660397867,0.3940250765693862,0.3815947303661713,0.5008946477568585,50.0,34.0,35.32,Udon Thani,KA,Upper Isan - East,Mapped,Mapped,740100.0,479.0,11.4302571,16.13337824,100.0,30.56,15.28,100.0,100.0,11.43,16.13,100,17.62,0.0,24.41,298,Medium,Monitor,No immediate action required.,To Do,Commercial,-,Low
182938.0,Sirin Boutique Nakhonratchasima,0.3718834815624713,0.3885353378797953,0.3770874318863761,0.5013423287335553,43.0,29.0,34.01,Nakhonratchasima,LT,Lower Isan - Central,Mapped,Not Mapped,94257.0,83.0,1.45572555,2.795554059,50.0,11.57,18.96,100.0,0.0,1.46,2.8,50,8.37,4.18,24.4,299,Medium,Expand to Ctrip,Expand distribution to increase room nights.,To Do,Market Manager,72 Hours,Medium
2002646.0,Thassanee Hotel,0.426695651420946,0.4399535646213217,0.4330692202926225,0.5076735512103975,37.0,21.0,34.93,Hua Hin,LT,Lower South - West,Mapped,Null,69728.0,12.0,1.076894629,0.4041764904,50.0,10.66,19.065,100.0,0.0,1.08,0.4,50,7.65,3.82,24.38,300,Medium,Monitor,No immediate action required.,To Do,Commercial,-,Low
4968469.0,Chaba resort pattaya,0.2986754106217242,0.3181178518626327,0.3079591253421179,0.5066144298491908,3.0,9.0,22.93,Pattaya,LT,BKK - Metro - Chon,Not mapped,Null,23475.0,9.0,0.3625505592,0.3031323678,0.0,0.27,11.635,0.0,0.0,0.36,0.3,0,4.86,4.86,24.37,301,Medium,Monitor,No immediate action required.,To Do,Commercial,-,Low
5078712.0,Sukjai Grand Luxury Boutique Hotel,0.4074031284081266,0.4548310242536241,0.4367954905891955,0.4970885809177265,11.0,16.0,28.84,Loei,KA,Upper Isan - East,Mapped,Null,698453.0,29.0,10.78705093,0.9767598518,50.0,15.69,17.875,100.0,0.0,10.79,0.98,50,11.46,5.73,24.35,302,Medium,Monitor,No immediate action required.,To Do,Commercial,-,Low
4920846.0,Kinnaree Apartment Suphan Buri,0.2959685481832235,0.2989292978228464,0.2961777786766493,0.505927244453244,0.0,15.0,22.43,Suphan Buri,LT,Lower Isan - Central,Not mapped,Not Mapped,76095.0,4.0,1.175232869,0.1347254968,0.0,0.63,9.64,0.0,0.0,1.18,0.13,0,5.12,5.12,24.35,303,Medium,Expand to Ctrip,Expand distribution to increase room nights.,To Do,Market Manager,72 Hours,Medium
2010931.0,ZLEEP D Hotel,0.4086853716423434,0.4207796140257178,0.41468030667706496,0.5035652223494232,19.0,19.0,30.64,Udon Thani,KA,Upper Isan - East,Mapped,Not Mapped,427826.0,77.0,6.607441759,2.593465813,50.0,14.08,21.035,100.0,0.0,6.61,2.59,50,10.21,5.11,24.33,304,Medium,Expand to Ctrip,Expand distribution to increase room nights.,To Do,Market Manager,72 Hours,Medium
5101714.0,G9 Hotel Kanchanaburi,0.4241274068779828,0.5439503861862574,0.41915264727022755,0.5039411819121146,38.0,63.0,36.27,Kanchanaburi,KA,Lower South - West,Mapped,Mapped,846635.0,296.0,13.07561271,9.969686763,100.0,29.53,14.765,100.0,100.0,13.08,9.97,100,16.79,0.0,24.31,305,Medium,Monitor,No immediate action required.,To Do,Commercial,-,Low
4920844.0,Nalay Noi Boutique Resort,0.310862900748333,0.310862900748333,0.30052826511273517,0.5067569266913622,0.0,4.0,22.7,Phatthalung,LT,Lower South - West,Not mapped,Null,20391.0,8.0,0.3149176751,0.2694509936,0.0,0.24,9.315,0.0,0.0,0.31,0.27,0,4.78,4.78,24.27,306,Medium,Monitor,No immediate action required.,To Do,Commercial,-,Low
183122.0,Pawa Place Ban Phai By Inpawa,0.3625268114049578,0.5182288426787629,0.4345123691752362,0.496972468895241,22.0,36.0,29.77,Khon Kaen,KA,Upper Isan - East,Mapped,Not Mapped,488659.0,99.0,7.546948385,3.334456046,50.0,14.77,16.7,100.0,0.0,7.55,3.33,50,10.73,5.36,24.26,307,Medium,Expand to Ctrip,Expand distribution to increase room nights.,To Do,Market Manager,72 Hours,Medium
43668.0,Elite Residence Phitsanulok,0.3893027025295527,0.4558191353214741,0.43865977449393884,0.5043841403269844,39.0,50.0,34.67,Phitsanulok,KA,North,Mapped,Mapped,928084.0,345.0,14.33353018,11.6200741,100.0,30.65,15.325,100.0,100.0,14.33,11.62,100,17.58,0.0,24.24,308,Medium,Monitor,No immediate action required.,To Do,Commercial,-,Low
2004996.0,Colorize Boutique Hotel,0.3821081610955908,0.3821081610955908,0.38075028625813534,0.5047784811480801,42.0,26.0,34.2,Koh Samui,LT,Upper South,Mapped,Null,82069.0,38.0,1.267493811,1.27989222,50.0,11.02,17.19,100.0,0.0,1.27,1.28,50,7.86,3.93,24.24,309,Medium,Monitor,No immediate action required.,To Do,Commercial,-,Low
2006630.0,Buritel Hotel,0.3921459845305254,0.4148750692159028,0.40533045118115796,0.5018168774126738,27.0,122.0,34.71,Buriram,LT,Lower Isan - Central,Mapped,Null,58021.0,22.0,0.8960821356,0.7409902324,50.0,10.67,16.905,100.0,0.0,0.9,0.74,50,7.61,3.8,24.24,310,Medium,Monitor,No immediate action required.,To Do,Commercial,-,Low
864.0,R-Mar Resort And Spa,0.3542160920385399,0.4999514390648606,0.4143450610230358,0.5026703822800124,49.0,62.0,35.51,Phuket,LT,Upper South,Mapped,Null,0.0,0.0,0.0,0.0,50.0,10.0,5.0,100.0,0.0,0.0,0.0,50,7.1,3.55,24.23,311,Medium,Monitor,No immediate action required.,To Do,Commercial,-,Low
4920673.0,The Boss Place Tha Khantho,0.2662424853091997,0.2842321756008766,0.2816622198449228,0.5058740089516863,4.0,1.0,21.56,Kalasin,KA,Upper Isan - East,Not mapped,Not Mapped,138417.0,2.0,2.137740251,0.0673627484,0.0,1.09,11.54,0.0,0.0,2.14,0.07,0,5.4,5.4,24.23,312,Medium,Expand to Ctrip,Expand distribution to increase room nights.,To Do,Market Manager,72 Hours,Medium
43917.0,Win D Hotel,0.3869511169196639,0.5157229006401043,0.3585295653219167,0.4834638716182708,11.0,32.0,28.25,Nakhonratchasima,KA,Lower Isan - Central,Mapped,Mapped,1607048.0,370.0,24.81958794,12.46210845,100.0,36.15,18.075,100.0,100.0,24.82,12.46,100,21.8,0.0,24.21,313,Medium,Monitor,No immediate action required.,To Do,Commercial,-,Low
25116.0,Park 38 Hotel,0.4041772360217996,0.4090167237014285,0.3706917982118045,0.5053064783087461,40.0,15.0,34.37,Phuket,KA,Upper South,Mapped,Mapped,686284.0,546.0,10.59911402,18.39003031,100.0,30.82,15.41,100.0,100.0,10.6,18.39,100,17.69,0.0,24.21,314,Medium,Monitor,No immediate action required.,To Do,Commercial,-,Low
4883900.0,KOCO Hotel,0.3601545792748261,0.4897400520769213,0.39885603988037027,0.4951404711864254,49.0,33.0,34.68,Nakhonratchasima,KA,Lower Isan - Central,Mapped,Mapped,1162333.0,176.0,17.9513183,5.927921859,100.0,30.75,15.375,100.0,100.0,17.95,5.93,100,17.69,0.0,24.2,315,Medium,Monitor,No immediate action required.,To Do,Commercial,-,Low
4948532.0,Baankanghan Resort Klaeng,0.281526412199747,0.2955115078594878,0.28323485283575617,0.5058045353280175,3.0,3.0,22.04,Rayong,LT,Upper Isan - East,Not mapped,Null,75902.0,4.0,1.172246576,0.1347254968,0.0,0.63,10.62,0.0,0.0,1.17,0.13,0,5.03,5.03,24.19,316,Medium,Monitor,No immediate action required.,To Do,Commercial,-,Low
4857614.0,Sab Suwan Mansion,0.2744264940219748,0.321725747970404,0.2972439181105364,0.506675611708559,8.0,5.0,22.79,Suphan Buri,,Lower Isan - Central,Null,Null,0.0,0.0,0.0,0.0,0.0,0.0,0.0,0.0,0.0,0.0,0.0,0,4.56,4.56,24.18,317,Medium,Monitor,No immediate action required.,To Do,Commercial,-,Low
4921372.0,O-Rich Gold Hotel Phibunmangsahan,0.2716434258953548,0.394237748416918,0.3544012163736608,0.5011094754553189,8.0,8.0,22.66,Ubon Ratchathani,LT,Lower Isan - Central,Not mapped,Not Live,24778.0,1.0,0.3826701974,0.0336813742,20.0,4.2,15.41,0.0,40.0,0.38,0.03,0,4.73,4.73,24.17,318,Medium,Monitor,No immediate action required.,To Do,Commercial,-,Low
181514.0,Thung Song Resort,0.2831700031318575,0.3763691298046167,0.30276791529227476,0.506240942274221,5.0,5.0,22.56,Nakhon Si Thammarat,LT,Lower South - West,Not mapped,Not Mapped,10999.0,3.0,0.1698722773,0.1010441226,0.0,0.12,9.175,0.0,0.0,0.17,0.1,0,4.63,4.63,24.14,319,Medium,Expand to Ctrip,Expand distribution to increase room nights.,To Do,Market Manager,72 Hours,Medium
5101808.0,The Moment Hotel,0.4233577254366195,0.4295205457420284,0.42679229458704054,0.5072934914256996,33.0,17.0,33.9,Pathum Thani,LT,BKK - Metro - Chon,Mapped,Null,79541.0,39.0,1.228448218,1.313573594,50.0,11.01,18.805,100.0,0.0,1.23,1.31,50,7.79,3.9,24.14,320,Medium,Monitor,No immediate action required.,To Do,Commercial,-,Low
4921347.0,S. Sriracha Hotel and Residence,0.3514081331890798,0.3705266283446223,0.3625851725846712,0.5030456186232052,43.0,13.0,32.72,Sriracha,LT,BKK - Metro - Chon,Mapped,Null,204951.0,43.0,3.165312709,1.448299091,50.0,12.02,15.485,100.0,0.0,3.17,1.45,50,8.56,4.28,24.13,321,Medium,Monitor,No immediate action required.,To Do,Commercial,-,Low
4921186.0,Best Western Plus Carapace Hotel Hua Hin,0.3207054975439726,0.4058186098200494,0.35273697585496616,0.5021155886348209,52.0,52.0,34.42,Hua Hin,LT,Lower South - West,Mapped,Null,81381.0,6.0,1.256870356,0.2020882452,50.0,10.69,16.69,100.0,0.0,1.26,0.2,50,7.57,3.78,24.13,322,Medium,Monitor,No immediate action required.,To Do,Commercial,-,Low
746.0,ibis Huahin,0.3864093492985029,0.4246613154231904,0.3997933771537863,0.5045381390794376,68.0,23.0,39.23,Hua Hin,KA,Lower South - West,Mapped,Mapped,805415.0,51.0,12.43899457,1.717750084,100.0,26.73,13.365,100.0,100.0,12.44,1.72,100,14.58,0.0,24.11,323,Medium,Monitor,No immediate action required.,To Do,Commercial,-,Low
5039123.0,Athena Glamping Khaoyai,0.3826875109111892,0.4000200666817204,0.39400270173857466,0.5022458229747846,34.0,61.0,33.75,Khaoyai,LT,Lower Isan - Central,Mapped,Null,118236.0,24.0,1.82606895,0.8083529808,50.0,11.16,15.52,100.0,0.0,1.83,0.81,50,7.91,3.96,24.1,324,Medium,Monitor,No immediate action required.,To Do,Commercial,-,Low
4901456.0,PLAAI Plus Hotel Rayong,0.3649543259025484,0.4071553103837574,0.3752175718128891,0.5032726169676524,39.0,33.0,33.13,Rayong,KA,Upper Isan - East,Mapped,Mapped,917474.0,447.0,14.16966848,15.05557427,100.0,31.6,15.8,100.0,100.0,14.17,15.06,100,18.23,0.0,24.09,325,Medium,Monitor,No immediate action required.,To Do,Commercial,-,Low
5042341.0,N.J. Hotel That Phanom,0.2756957045116293,0.3747745016738267,0.3251425366975849,0.5068587597024423,5.0,5.0,22.28,Nakhon Phanom,LT,Upper Isan - East,Not mapped,Not Live,20104.0,1.0,0.3104865762,0.0336813742,20.0,4.17,11.67,0.0,40.0,0.31,0.03,0,4.62,4.62,24.06,326,Medium,Monitor,No immediate action required.,To Do,Commercial,-,Low
183113.0,Zen Garden Resort,0.4167255478711841,0.4306129557089607,0.42605404406289343,0.5073375223257297,17.0,30.0,31.0,Sing Buri,KA,Lower Isan - Central,Mapped,Not Mapped,362848.0,35.0,5.603907136,1.178848097,50.0,13.16,16.275,100.0,0.0,5.6,1.18,50,9.35,4.68,24.05,327,Medium,Expand to Ctrip,Expand distribution to increase room nights.,To Do,Market Manager,72 Hours,Medium
4543115.0,Buathip Hotel,0.2822452687626103,0.2909161742118653,0.2852949874162406,0.507242248453744,2.0,3.0,21.91,Uttaradit,LT,North,Not mapped,Not Live,47187.0,6.0,0.7287647943,0.2020882452,20.0,4.43,13.025,0.0,40.0,0.73,0.2,0,4.81,4.81,24.05,328,Medium,Monitor,No immediate action required.,To Do,Commercial,-,Low
183647.0,White House Hotel Tak,0.3676375177760458,0.3678770887734108,0.36772511929391344,0.5057098174558708,26.0,21.0,30.43,Tak,KA,North,Mapped,Mapped,1217373.0,419.0,18.80136912,14.11249579,100.0,33.63,16.815,100.0,100.0,18.8,14.11,100,19.72,0.0,24.05,329,Medium,Monitor,No immediate action required.,To Do,Commercial,-,Low
63688.0,Racha Residence Sriracha,0.404509999558987,0.4655407277979272,0.4162006398552963,0.4916907927548949,55.0,32.0,37.5,Sriracha,KA,BKK - Metro - Chon,Mapped,Mapped,590822.0,367.0,9.1247785,12.36106433,100.0,28.27,14.135,100.0,100.0,9.12,12.36,100,15.77,0.0,24.05,330,Medium,Monitor,No immediate action required.,To Do,Commercial,-,Low
4920639.0,Silver Place,0.2855684068628216,0.4400603906203537,0.3690173921368576,0.4891533275752404,1.0,38.0,22.6,Lampang,LT,North,Not mapped,Not Mapped,17582.0,7.0,0.2715441502,0.2357696194,0.0,0.21,15.66,0.0,0.0,0.27,0.24,0,4.73,4.73,24.04,331,Medium,Expand to Ctrip,Expand distribution to increase room nights.,To Do,Market Manager,72 Hours,Medium
5102339.0,Enrich Grand Hotel,0.4330236376673008,0.4355677595312406,0.3700666239139101,0.5077935287471668,32.0,31.0,34.55,Bangkok,LT,BKK - Metro - Chon,Mapped,Null,15607.0,15.0,0.2410453837,0.505220613,50.0,10.27,16.11,100.0,0.0,0.24,0.51,50,7.18,3.59,24.03,332,Medium,Monitor,No immediate action required.,To Do,Commercial,-,Low
4452111.0,Kuapa Resort,0.3811909784381465,0.3854046149704798,0.38339133502434564,0.5072675615926706,43.0,26.0,34.4,Phang Nga,LT,Upper South,Mapped,Not Live,44858.0,2.0,0.6927956879,0.0673627484,70.0,14.37,17.23,100.0,40.0,0.69,0.07,50,7.25,3.62,24.02,333,Medium,Monitor,No immediate action required.,To Do,Commercial,-,Low
5101461.0,One Budget Hotel Chiangrai Bypass-East,0.3531571873637175,0.4043430115615937,0.37163350953840346,0.5194962077391709,37.0,2.0,31.63,Chiang Rai,KA,North,Mapped,Null,302466.0,1.0,4.671348552,0.0336813742,50.0,12.35,19.1,100.0,0.0,4.67,0.03,50,8.67,4.34,24.02,334,Medium,Monitor,No immediate action required.,To Do,Commercial,-,Low
2008496.0,Thongphaphum River,0.3863265711231246,0.4465973058297001,0.4170109813233507,0.4928069421590464,37.0,34.0,33.43,Kanchanaburi,KA,Lower South - West,Mapped,Not Live,156196.0,19.0,2.412317027,0.6399461098,70.0,15.4,19.39,100.0,40.0,2.41,0.64,50,8.08,4.04,24.0,335,Medium,Monitor,No immediate action required.,To Do,Commercial,-,Low
4884605.0,Palm Hug Resort,0.3729943611440717,0.4323221209798994,0.3956497377435283,0.5066749041974107,33.0,21.0,32.0,Chiang Rai,KA,North,Mapped,Not Mapped,197490.0,71.0,3.05007325,2.391377568,50.0,12.24,18.985,100.0,0.0,3.05,2.39,50,8.64,4.32,23.99,336,Medium,Expand to Ctrip,Expand distribution to increase room nights.,To Do,Market Manager,72 Hours,Medium
5031960.0,SP House Chonburi,0.2656658424863176,0.2842321756008766,0.27832306837934395,0.5047207233059222,4.0,1.0,21.51,Chonburi,LT,BKK - Metro - Chon,Not mapped,Not Mapped,55288.0,24.0,0.8538774287,0.8083529808,0.0,0.67,12.11,0.0,0.0,0.85,0.81,0,4.97,4.97,23.99,337,Medium,Expand to Ctrip,Expand distribution to increase room nights.,To Do,Market Manager,72 Hours,Medium
4968476.0,Nasan Valley Resort,0.2737290374331633,0.3303285297963569,0.3083858037072437,0.5052806985309359,3.0,17.0,22.16,Surat Thani,LT,Upper South,Not mapped,Not Mapped,17433.0,1.0,0.2692349316,0.0336813742,0.0,0.14,9.32,0.0,0.0,0.27,0.03,0,4.58,4.58,23.99,338,Medium,Expand to Ctrip,Expand distribution to increase room nights.,To Do,Market Manager,72 Hours,Medium
4948522.0,NY Place Hotel,0.273606182359558,0.3180855863076359,0.28291053419489676,0.5050349883837254,2.0,6.0,21.62,Ubon Ratchathani,LT,Lower Isan - Central,Not mapped,Not Live,72795.0,2.0,1.124253688,0.0673627484,20.0,4.58,13.68,0.0,40.0,1.12,0.07,0,4.91,4.91,23.99,339,Medium,Monitor,No immediate action required.,To Do,Commercial,-,Low
2140.0,The Imperial Narathiwat Hotel,0.3335547829788317,0.3529826583639793,0.3457940842891524,0.5066182673890949,40.0,5.0,31.25,Narathiwat,KA,Lower South - West,Mapped,Null,200479.0,127.0,3.096234919,4.277534523,50.0,12.83,21.17,100.0,0.0,3.1,4.28,50,9.08,4.54,23.98,340,Medium,Monitor,No immediate action required.,To Do,Commercial,-,Low
1876.0,Samui First House,0.4379271693283207,0.4522912387131985,0.4457434283439664,0.5065975330304847,0.0,30.0,28.6,Koh Samui,KA,Upper South,Mapped,Not Live,422115.0,167.0,6.519233532,5.624789491,70.0,18.95,21.885,100.0,40.0,6.52,5.62,50,10.67,5.34,23.98,341,Medium,Monitor,No immediate action required.,To Do,Commercial,-,Low
5101193.0,Love You Hotel Kamphaeng Phet,0.2744264940219748,0.2959225002202567,0.28262247436411103,0.506675611708559,3.0,4.0,21.81,Kamphaeng Phet,LT,North,Not mapped,Null,38921.0,6.0,0.6011117414,0.2020882452,0.0,0.36,10.33,0.0,0.0,0.6,0.2,0,4.72,4.72,23.97,342,Medium,Monitor,No immediate action required.,To Do,Commercial,-,Low
2009227.0,Paradiso Boutique Resort,0.3658664872562269,0.3877598978028367,0.3764035157504761,0.5078516152632658,48.0,2.0,34.0,Trat,LT,Upper Isan - East,Mapped,Not Live,71442.0,4.0,1.103367399,0.1347254968,70.0,14.59,17.485,100.0,40.0,1.1,0.13,50,7.39,3.7,23.97,343,Medium,Monitor,No immediate action required.,To Do,Commercial,-,Low
137914.0,The One Phetchabun,0.366133839234525,0.3765121685375279,0.3727007454894934,0.5051352994162693,43.0,18.0,33.51,Phetchabun,LT,North,Mapped,Not Mapped,52959.0,60.0,0.8179075502,2.020882452,50.0,11.02,18.205,100.0,0.0,0.82,2.02,50,7.72,3.86,23.96,344,Medium,Expand to Ctrip,Expand distribution to increase room nights.,To Do,Market Manager,72 Hours,Medium
2009386.0,Baan Bangsarey Hotels,0.4268636186462901,0.43705365036578,0.40499113706129947,0.5055646435175495,16.0,12.0,30.61,Pattaya,KA,BKK - Metro - Chon,Mapped,Null,235385.0,144.0,3.635338304,4.850117885,50.0,13.27,15.75,100.0,0.0,3.64,4.85,50,9.4,4.7,23.94,345,Medium,Monitor,No immediate action required.,To Do,Commercial,-,Low
5102224.0,Nakara Resort,0.2799487675086177,0.2942479015912806,0.2920683295364344,0.506675611708559,4.0,2.0,22.16,,,,Not mapped,Null,0.0,0.0,0.0,0.0,0.0,0.0,0.0,0.0,0.0,0.0,0.0,0,4.43,4.43,23.93,346,Medium,Monitor,No immediate action required.,To Do,Commercial,-,Low
2008290.0,Maneetel Krabi Beachfront,0.361592465475437,0.3690828749831761,0.36295708191676446,0.5004938363636379,52.0,13.0,34.79,,,,Mapped,Null,0.0,0.0,0.0,0.0,50.0,10.0,5.0,100.0,0.0,0.0,0.0,50,6.96,3.48,23.92,347,Medium,Monitor,No immediate action required.,To Do,Commercial,-,Low
65010.0,Pornsiri Residence,0.2744264940219748,0.3310895079806141,0.31478029919251016,0.506675611708559,30.0,1.0,26.86,Si Sa Ket,KA,Lower Isan - Central,Mapped,Not Mapped,660224.0,111.0,10.19663893,3.738632536,50.0,16.22,21.455,100.0,0.0,10.2,3.74,50,11.59,5.8,23.92,348,Medium,Expand to Ctrip,Expand distribution to increase room nights.,To Do,Market Manager,72 Hours,Medium
5101528.0,Aspira Escape Ao Nang Krabi,0.4091204498008123,0.4250087330696191,0.3451311119928827,0.5027650391564359,39.0,26.0,34.67,Krabi,LT,Upper South,Mapped,Null,0.0,0.0,0.0,0.0,50.0,10.0,5.0,100.0,0.0,0.0,0.0,50,6.93,3.46,23.9,349,Medium,Monitor,No immediate action required.,To Do,Commercial,-,Low
4536036.0,T2 Ao Nang Krabi,0.3630717496964579,0.4367139710350448,0.345031221913218,0.4999598615648947,48.0,24.0,34.42,Krabi,LT,Upper South,Mapped,Not Mapped,15775.0,12.0,0.2436288915,0.4041764904,50.0,10.24,15.935,100.0,0.0,0.24,0.4,50,7.12,3.56,23.89,350,Medium,Expand to Ctrip,Expand distribution to increase room nights.,To Do,Market Manager,72 Hours,Medium
5101109.0,Sofresh and Resort,0.2746079441058893,0.333322622087485,0.3049744044790056,0.5070385118763879,2.0,4.0,21.63,Phetchaburi,LT,Lower South - West,Not mapped,Not Mapped,28084.0,11.0,0.4337372565,0.3704951162,0.0,0.33,9.625,0.0,0.0,0.43,0.37,0,4.65,4.65,23.89,351,Medium,Expand to Ctrip,Expand distribution to increase room nights.,To Do,Market Manager,72 Hours,Medium
138008.0,Grand Flower Hotel,0.2742930404642632,0.2799487675086177,0.27625613072104643,0.5064087045931358,3.0,1.0,21.7,Phichit,LT,North,Not mapped,Not Live,30856.0,4.0,0.4765483031,0.1347254968,20.0,4.28,11.185,0.0,40.0,0.48,0.13,0,4.62,4.62,23.88,352,Medium,Monitor,No immediate action required.,To Do,Commercial,-,Low
5101054.0,Calamint Residence Hotel,0.4503381625406432,0.4551922446942968,0.45309710365736916,0.5048150383148006,16.0,16.0,31.66,Chumphon,KA,Upper South,Mapped,Null,294749.0,4.0,4.552171591,0.1347254968,50.0,12.32,15.205,100.0,0.0,4.55,0.13,50,8.65,4.32,23.87,353,Medium,Monitor,No immediate action required.,To Do,Commercial,-,Low
4922657.0,City Room Terminal 10,0.2510714199805897,0.3417406407109141,0.29010760301482585,0.5021428399364297,6.0,22.0,21.92,Nonthaburi,LT,BKK - Metro - Chon,Not mapped,Null,13886.0,6.0,0.2144581729,0.2020882452,0.0,0.17,9.85,0.0,0.0,0.21,0.2,0,4.55,4.55,23.87,354,Medium,Monitor,No immediate action required.,To Do,Commercial,-,Low
4920648.0,SC garden date palm & resort,0.2658768271100606,0.2963747237492428,0.2858459416455471,0.5051426925534083,3.0,3.0,21.4,Phra Nakhon Si Ayutthaya,LT,Lower Isan - Central,Not mapped,Not Mapped,62448.0,1.0,0.9644542798,0.0336813742,0.0,0.49,13.095,0.0,0.0,0.96,0.03,0,4.77,4.77,23.86,355,Medium,Expand to Ctrip,Expand distribution to increase room nights.,To Do,Market Manager,72 Hours,Medium
183078.0,The 28th Hotel,0.3061363281803257,0.4145349914732731,0.34760800667072955,0.5036145773122905,40.0,54.0,31.64,Kanchanaburi,KA,Lower South - West,Mapped,Mapped,1015155.0,442.0,15.67827502,14.8871674,100.0,32.31,16.155,100.0,100.0,15.68,14.89,100,18.63,0.0,23.85,356,Medium,Monitor,No immediate action required.,To Do,Commercial,-,Low
4857775.0,Plaina Resort Phutthaisong,0.2789349450213879,0.2821336240971212,0.28014465097291535,0.5046479667340995,3.0,1.0,21.85,Buriram,LT,Lower Isan - Central,Not mapped,Not Mapped,15897.0,1.0,0.2455198808,0.0336813742,0.0,0.13,11.475,0.0,0.0,0.25,0.03,0,4.5,4.5,23.85,357,Medium,Expand to Ctrip,Expand distribution to increase room nights.,To Do,Market Manager,72 Hours,Medium
5101416.0,LESTERLAND Serviced Apartment,0.348682328556596,0.3858088948438771,0.35582248788914544,0.5015889651888383,27.0,17.0,29.66,Nakhonratchasima,KA,Lower Isan - Central,Mapped,Null,425131.0,60.0,6.56581621,2.020882452,50.0,13.89,,100.0,0.0,6.57,2.02,50,9.82,4.91,23.83,358,Medium,Monitor,No immediate action required.,To Do,Commercial,-,Low
4922716.0,The Peach Hotel Phetchaburi,0.3560156162177463,0.3656037700921436,0.33912622847469504,0.5055112826339335,38.0,11.0,31.94,Phetchaburi,KA,Lower South - West,Mapped,Not Live,214405.0,33.0,3.311312559,1.111485349,70.0,15.99,17.8,100.0,40.0,3.31,1.11,50,8.38,4.19,23.83,359,Medium,Monitor,No immediate action required.,To Do,Commercial,-,Low
2005402.0,V-Ocean Palace,0.367564659538816,0.4406438376145346,0.41921105059037717,0.5035003492556805,40.0,24.0,33.15,Hatyai,LT,Lower South - West,Mapped,Not Mapped,70834.0,50.0,1.093969287,1.68406871,50.0,11.05,,100.0,0.0,1.09,1.68,50,7.68,3.84,23.82,360,Medium,Expand to Ctrip,Expand distribution to increase room nights.,To Do,Market Manager,72 Hours,Medium
2000025.0,Wish Hotel Ubonratchathani,0.390107030689131,0.4349889761108085,0.405818651824291,0.4961646264144124,44.0,18.0,34.48,Ubon Ratchathani,KA,Lower Isan - Central,Mapped,Mapped,1298591.0,8.0,20.05571311,0.2694509936,100.0,30.11,15.055,100.0,100.0,20.06,0.27,100,17.01,0.0,23.81,361,Medium,Monitor,No immediate action required.,To Do,Commercial,-,Low
63648.0,The O Valley Hotel,0.4229809234002291,0.4737749111704328,0.4374607025987949,0.5036947676318665,45.0,105.0,38.88,Surat Thani,KA,Upper South,Mapped,Mapped,507315.0,250.0,7.83508626,8.42034355,100.0,26.44,13.22,100.0,100.0,7.84,8.42,100,14.22,0.0,23.81,362,Medium,Monitor,No immediate action required.,To Do,Commercial,-,Low
5102023.0,Khamtakla VIP Resort,0.2755798842804554,0.283485875483987,0.278275162128823,0.5066271192400944,2.0,2.0,21.6,Sakon Nakhon,LT,Upper Isan - East,Not mapped,Null,18368.0,7.0,0.2836825286,0.2357696194,0.0,0.21,,0.0,0.0,0.28,0.24,0,4.53,4.53,23.81,363,Medium,Monitor,No immediate action required.,To Do,Commercial,-,Low
63421.0,Nartsiri Hotel,0.3540882453465457,0.4362039981209321,0.3977172606041284,0.5005436658002623,40.0,13.0,32.2,Ubon Ratchathani,KA,Lower Isan - Central,Mapped,Mapped,997756.0,406.0,15.40955978,13.67463793,100.0,31.81,15.905,100.0,100.0,15.41,13.67,100,18.25,0.0,23.79,364,Medium,Monitor,No immediate action required.,To Do,Commercial,-,Low
63450.0,The Zen Hotel Yasothon,0.442329814196632,0.4465587473999617,0.44357034948546414,0.5073380940454925,34.0,35.0,35.42,Yasothon,KA,Lower Isan - Central,Mapped,Mapped,910418.0,205.0,14.0606949,6.904681711,100.0,29.1,14.55,100.0,100.0,14.06,6.9,100,16.18,0.0,23.79,365,Medium,Monitor,No immediate action required.,To Do,Commercial,-,Low
4921159.0,Anantaya Chiangmai Boutique Hotel,0.3223193324461874,0.3790595324235104,0.354577460404164,0.5070619889624166,56.0,10.0,34.02,Chiang Mai,LT,North,Mapped,Null,23282.0,3.0,0.3595758495,0.1010441226,50.0,10.21,19.49,100.0,0.0,0.36,0.1,50,7.01,3.5,23.78,366,Medium,Monitor,No immediate action required.,To Do,Commercial,-,Low
63821.0,Haad Kaew Resort,0.5024011194674931,0.5126500189785851,0.504838689643228,0.5207418282808135,2.0,53.0,32.56,Songkhla,LT,Lower South - West,Mapped,Not Mapped,122297.0,14.0,1.888781717,0.4715392388,50.0,11.09,14.61,100.0,0.0,1.89,0.47,50,7.6,3.8,23.77,367,Medium,Expand to Ctrip,Expand distribution to increase room nights.,To Do,Market Manager,72 Hours,Medium
2004655.0,Greenville Serviced Apartment,0.4748004891793345,0.5018738070047541,0.47854272444196905,0.4899129401104881,16.0,13.0,32.25,Pathum Thani,KA,BKK - Metro - Chon,Mapped,Null,202797.0,37.0,3.132036301,1.246210845,50.0,11.94,15.32,100.0,0.0,3.13,1.25,50,8.39,4.2,23.77,368,Medium,Monitor,No immediate action required.,To Do,Commercial,-,Low
4914107.0,Muenlee Resort Dankhunthot,0.2663762994440077,0.2799487675086177,0.2780098434993877,0.5061416372213023,3.0,1.0,21.38,Nakhonratchasima,LT,Lower Isan - Central,Not mapped,Not Live,34412.0,1.0,0.5314686931,0.0336813742,20.0,4.28,15.205,0.0,40.0,0.53,0.03,0,4.55,4.55,23.75,369,Medium,Monitor,No immediate action required.,To Do,Commercial,-,Low
4996606.0,JT Place Buriram,0.3528049975425278,0.3540463003606143,0.34643386699228307,0.5076678596869009,42.0,6.0,32.45,Buriram,KA,Lower Isan - Central,Mapped,Null,119942.0,41.0,1.852410752,1.380936342,50.0,11.34,16.885,100.0,0.0,1.85,1.38,50,7.83,3.92,23.73,370,Medium,Monitor,No immediate action required.,To Do,Commercial,-,Low
4726353.0,ABIZZ Hotel Lampang,0.4077292163230936,0.4103932099668647,0.4010298724867283,0.5043180208185393,39.0,7.0,34.04,Lampang,KA,North,Mapped,Mapped,1285960.0,21.0,19.86063464,0.7073088582,100.0,30.14,15.07,100.0,100.0,19.86,0.71,100,16.95,0.0,23.73,371,Medium,Monitor,No immediate action required.,To Do,Commercial,-,Low
2000046.0,PS Resort Hatyai,0.4718366264267963,0.4750994805034313,0.4736993957480237,0.5063813542347279,32.0,38.0,36.3,Hatyai,KA,Lower South - West,Mapped,Mapped,324653.0,573.0,5.014005113,19.29942742,100.0,28.3,14.15,100.0,100.0,5.01,19.3,100,15.56,0.0,23.73,372,Medium,Monitor,No immediate action required.,To Do,Commercial,-,Low
4859024.0,56 Surawong Hotel,0.4541053890135943,0.457111298523664,0.4101432400381301,0.5036024275107703,40.0,57.0,37.65,Bangkok,KA,BKK - Metro - Chon,Mapped,Mapped,604762.0,253.0,9.340069889,8.521387673,100.0,27.23,13.615,100.0,100.0,9.34,8.52,100,14.76,0.0,23.71,373,Medium,Monitor,No immediate action required.,To Do,Commercial,-,Low
43675.0,OMG Hotel Khonkean,0.3938185619968429,0.4584166190435279,0.4160164609764955,0.4993904679026201,45.0,59.0,36.17,Khon Kaen,KA,Upper Isan - East,Mapped,Mapped,606787.0,375.0,9.371349514,12.63051533,100.0,28.47,14.235,100.0,100.0,9.37,12.63,100,15.71,0.0,23.7,374,Medium,Monitor,No immediate action required.,To Do,Commercial,-,Low
2000216.0,The Room Hotel Kamphaengphet,0.391704072555077,0.4888565445035194,0.3977826025384635,0.4977961928263524,21.0,126.0,33.6,Kamphaeng Phet,KA,North,Mapped,Mapped,1272072.0,66.0,19.64615238,2.222970697,100.0,30.49,15.245,100.0,100.0,19.65,2.22,100,17.21,0.0,23.66,375,Medium,Monitor,No immediate action required.,To Do,Commercial,-,Low
5102188.0,Phetara Hotel Mahachai by PCL,0.3733846614095939,0.3836612399940441,0.3790060826264708,0.507417648231083,37.0,26.0,32.95,Samut Sakhon,LT,BKK - Metro - Chon,Mapped,Null,50727.0,35.0,0.7834394668,1.178848097,50.0,10.75,16.565,100.0,0.0,0.78,1.18,50,7.33,3.66,23.63,376,Medium,Monitor,No immediate action required.,To Do,Commercial,-,Low
63685.0,14 Residence,0.450922996716293,0.4526796423656566,0.4498579358946711,0.5017315636146189,44.0,47.0,37.94,Samut Prakan,KA,BKK - Metro - Chon,Mapped,Mapped,521741.0,279.0,8.057882299,9.397103402,100.0,26.85,13.425,100.0,100.0,8.06,9.4,100,14.44,0.0,23.62,377,Medium,Monitor,No immediate action required.,To Do,Commercial,-,Low
2007639.0,Irak resort,0.373079798802452,0.373079798802452,0.3525640037430525,0.5076132438627111,44.0,4.0,33.58,Prachuapkhirikhan,LT,Lower South - West,Mapped,Null,22679.0,2.0,0.3502657696,0.0673627484,50.0,10.2,16.065,100.0,0.0,0.35,0.07,50,6.91,3.46,23.61,378,Medium,Monitor,No immediate action required.,To Do,Commercial,-,Low
63594.0,Diary Suite Hotel,0.3847088271045966,0.4263976416280694,0.41066806560442337,0.5038204973039265,44.0,10.0,34.16,Nakhon Pathom,KA,BKK - Metro - Chon,Mapped,Mapped,891870.0,290.0,13.7742321,9.767598518,100.0,29.82,14.91,100.0,100.0,13.77,9.77,100,16.65,0.0,23.61,379,Medium,Monitor,No immediate action required.,To Do,Commercial,-,Low
5101852.0,Baan Warin,0.266643286687636,0.266643286687636,0.266643286687636,0.506675611708559,1.0,1.0,21.02,Phichit,LT,North,Not mapped,Null,18607.0,12.0,0.2873772474,0.4041764904,0.0,0.26,13.03,0.0,0.0,0.29,0.4,0,4.47,4.47,23.61,380,Medium,Monitor,No immediate action required.,To Do,Commercial,-,Low
4863030.0,Mandarin Eastville Pattaya,0.4711427775567351,0.4874526929526638,0.43276826853036837,0.4989980747030186,56.0,138.0,43.85,Pattaya,LT,BKK - Metro - Chon,Mapped,Mapped,214891.0,45.0,3.318816902,1.515661839,100.0,22.11,11.055,100.0,100.0,3.32,1.52,100,10.89,0.0,23.59,381,Medium,Monitor,No immediate action required.,To Do,Commercial,-,Low
5101432.0,Mintra Apartel,0.3548645061502844,0.4621989249099952,0.42043860708841907,0.4900262199484532,14.0,141.0,31.11,Surat Thani,KA,Upper South,Mapped,Mapped,1311155.0,231.0,20.24976299,7.78039744,100.0,32.46,16.23,100.0,100.0,20.25,7.78,100,18.68,0.0,23.57,382,Medium,Monitor,No immediate action required.,To Do,Commercial,-,Low
21884.0,Napalai Hotel Udonthani,0.3675550186366271,0.3890817818566929,0.3738398222859265,0.5014270882748845,53.0,24.0,35.58,Udon Thani,KA,Upper Isan - East,Mapped,Mapped,484335.0,486.0,7.480177651,16.36914786,100.0,28.65,14.325,100.0,100.0,7.48,16.37,100,15.77,0.0,23.57,383,Medium,Monitor,No immediate action required.,To Do,Commercial,-,Low
4857586.0,Boutique Holiday Rama 2,0.3994418791589982,0.4521673855527885,0.4003448043513473,0.5025392008565056,9.0,297.0,37.11,Bangkok,KA,BKK - Metro - Chon,Mapped,Mapped,506863.0,342.0,7.828095128,11.51902998,100.0,27.37,13.685,100.0,100.0,7.83,11.52,100,14.79,0.0,23.55,384,Medium,Monitor,No immediate action required.,To Do,Commercial,-,Low
4526151.0,Mybed Chonburi,0.3984574920208583,0.3984574920208583,0.3984574920208583,0.5041486327402444,32.0,4.0,32.24,Chonburi,KA,BKK - Metro - Chon,Mapped,Mapped,869642.0,442.0,13.43093507,14.8871674,100.0,31.18,15.59,100.0,100.0,13.43,14.89,100,17.63,0.0,23.53,385,Medium,Monitor,No immediate action required.,To Do,Commercial,-,Low
23104.0,Magic House Hostel,0.4146475817695152,0.4403832039529836,0.42654892035259107,0.506585718866402,27.0,16.0,32.37,Cha-am,LT,Lower South - West,Mapped,Not Mapped,51162.0,60.0,0.7901516758,2.020882452,50.0,11.0,18.15,100.0,0.0,0.79,2.02,50,7.48,3.74,23.51,386,Medium,Expand to Ctrip,Expand distribution to increase room nights.,To Do,Market Manager,72 Hours,Medium
63737.0,Panya Resort Hotel,0.4370214126727577,0.445175152563821,0.42138991447060103,0.4954017804642376,58.0,33.0,39.48,Udon Thani,KA,Upper Isan - East,Mapped,Mapped,571903.0,108.0,8.832584358,3.637588414,100.0,25.51,12.755,100.0,100.0,8.83,3.64,100,13.4,0.0,23.5,387,Medium,Monitor,No immediate action required.,To Do,Commercial,-,Low
182863.0,The Journey Hotel Laksi,0.3521878043180376,0.3521878043180376,0.3521878043180376,0.506403765259955,48.0,5.0,33.52,Bangkok,KA,BKK - Metro - Chon,Mapped,Mapped,1085011.0,165.0,16.75713832,5.557426743,100.0,30.05,15.025,100.0,100.0,16.76,5.56,100,16.75,0.0,23.5,388,Medium,Monitor,No immediate action required.,To Do,Commercial,-,Low
2006331.0,Ploen Ploen Residence,0.418683452410776,0.4275143965662276,0.42088342856378874,0.5086106216343864,0.0,37.0,28.09,Pathum Thani,KA,BKK - Metro - Chon,Mapped,Not Mapped,505558.0,44.0,7.807944447,1.481980465,50.0,14.35,19.9,100.0,0.0,7.81,1.48,50,9.97,4.99,23.5,389,Medium,Expand to Ctrip,Expand distribution to increase room nights.,To Do,Market Manager,72 Hours,Medium
2006042.0,The Seven Luck - Stay in Style,0.3665490362917938,0.379345071765225,0.37096587490412675,0.5018074952799058,43.0,21.0,33.55,Bangkok,LT,BKK - Metro - Chon,Mapped,Not Mapped,8174.0,5.0,0.1262383631,0.168406871,50.0,10.11,16.895,100.0,0.0,0.13,0.17,50,6.83,3.42,23.5,390,Medium,Expand to Ctrip,Expand distribution to increase room nights.,To Do,Market Manager,72 Hours,Medium
4867257.0,Grand PL Hotel,0.3990262172037723,0.5099396258658239,0.4331012431346195,0.497443370570757,18.0,72.0,31.61,Phatthalung,KA,Lower South - West,Mapped,Not Live,138366.0,64.0,2.136960473,2.155607949,70.0,15.72,19.615,100.0,40.0,2.14,2.16,50,8.04,4.02,23.48,391,Medium,Monitor,No immediate action required.,To Do,Commercial,-,Low
4398317.0,Montana Songkla,0.373064983334757,0.4039743558600216,0.3881821154792777,0.5067879298908731,32.0,5.0,31.31,Songkhla,LT,Lower South - West,Mapped,Null,129058.0,69.0,1.993198026,2.32401482,50.0,11.69,17.54,100.0,0.0,1.99,2.32,50,7.95,3.98,23.44,392,Medium,Monitor,No immediate action required.,To Do,Commercial,-,Low
181024.0,DMa Hotel Khon Kaen,0.3516508654155444,0.3903643861562083,0.34031074761681673,0.5025376460139132,34.0,39.0,31.82,Khon Kaen,KA,Upper Isan - East,Mapped,Not Mapped,59991.0,88.0,0.9265084687,2.96396093,50.0,11.35,15.89,100.0,0.0,0.93,2.96,50,7.72,3.86,23.43,393,Medium,Expand to Ctrip,Expand distribution to increase room nights.,To Do,Market Manager,72 Hours,Medium
4884349.0,Livist Resort Phetchabun,0.3969963483544798,0.4842180452989929,0.4259649265391947,0.5018307881696804,43.0,63.0,36.09,Phetchabun,KA,North,Mapped,Mapped,791469.0,180.0,12.22361716,6.062647356,100.0,27.93,13.965,100.0,100.0,12.22,6.06,100,15.15,0.0,23.42,394,Medium,Monitor,No immediate action required.,To Do,Commercial,-,Low
5102304.0,Nariya Bayfront Phuket,0.399631247461598,0.4013805337421046,0.3989636038421483,0.5045479336608653,36.0,15.0,33.41,,,,Mapped,Null,0.0,0.0,0.0,0.0,50.0,10.0,5.0,100.0,0.0,0.0,0.0,50,6.68,3.34,23.41,395,Medium,Monitor,No immediate action required.,To Do,Commercial,-,Low
2006474.0,A Hotel Simply,0.3545746608681434,0.3633311863230575,0.359857733216429,0.5043799148031539,45.0,10.0,33.16,Chiang Rai,LT,North,Mapped,Not Live,18193.0,4.0,0.2809692894,0.1347254968,70.0,14.18,17.435,100.0,40.0,0.28,0.13,50,6.81,3.4,23.4,396,Medium,Monitor,No immediate action required.,To Do,Commercial,-,Low
4915645.0,Metro Ratchada 36,0.4247374048635195,0.4247374048635195,0.41815693495597617,0.5081494433666999,35.0,14.0,34.26,Bangkok,KA,BKK - Metro - Chon,Mapped,Mapped,643975.0,416.0,9.945680374,14.01145167,100.0,29.18,14.59,100.0,100.0,9.95,14.01,100,16.03,0.0,23.37,397,Medium,Monitor,No immediate action required.,To Do,Commercial,-,Low
2006352.0,@115 By Rompo Mansion,0.4632517128148744,0.5135937805443018,0.49383011259456444,0.5086461170101615,61.0,73.0,42.62,Bangkok,LT,BKK - Metro - Chon,Mapped,Mapped,190558.0,95.0,2.943017371,3.199730549,100.0,22.43,11.215,100.0,100.0,2.94,3.2,100,10.95,0.0,23.35,398,Medium,Monitor,No immediate action required.,To Do,Commercial,-,Low
4543116.0,Araya Hotel Uttaradit,0.3595228153661673,0.4211442051852611,0.37036291202978006,0.5049030507602852,26.0,21.0,30.09,Uttaradit,KA,North,Mapped,Mapped,1057062.0,426.0,16.3254848,14.34826541,100.0,32.47,16.235,100.0,100.0,16.33,14.35,100,18.49,0.0,23.32,399,Medium,Monitor,No immediate action required.,To Do,Commercial,-,Low
4636.0,Curve Boutique Hotel,0.4196657826746836,0.4419193708683888,0.42743248856328747,0.5003077789169318,27.0,31.0,32.91,Pattaya,LT,BKK - Metro - Chon,Mapped,Null,32938.0,2.0,0.5087062413,0.0673627484,50.0,10.27,16.765,100.0,0.0,0.51,0.07,50,6.86,3.43,23.31,400,Medium,Monitor,No immediate action required.,To Do,Commercial,-,Low
4920736.0,Thapsakae Hotel,0.3921327222862725,0.3921327222862725,0.38022810377837446,0.5070230922153411,24.0,11.0,30.74,Prachuapkhirikhan,KA,Lower South - West,Mapped,Not Live,221969.0,17.0,3.428142771,0.5725833614,70.0,15.89,20.85,100.0,40.0,3.43,0.57,50,8.03,4.01,23.31,401,Medium,Monitor,No immediate action required.,To Do,Commercial,-,Low
4860206.0,Midtown Sukhothai Resort,0.3678165605051695,0.382732094382825,0.3708781021772967,0.5255444898681271,22.0,1.0,29.45,Sukhothai,KA,North,Mapped,Not Mapped,312882.0,14.0,4.832221023,0.4715392388,50.0,12.56,16.415,100.0,0.0,4.83,0.47,50,8.45,4.22,23.31,402,Medium,Expand to Ctrip,Expand distribution to increase room nights.,To Do,Market Manager,72 Hours,Medium
137967.0,The Original Orange Hotel,0.3819448719232019,0.4268675451845721,0.39992056110541513,0.5042430398611896,54.0,50.0,37.23,Nakhon Si Thammarat,KA,Lower South - West,Mapped,Mapped,439492.0,328.0,6.787605441,11.04749074,100.0,26.71,13.355,100.0,100.0,6.79,11.05,100,14.16,0.0,23.29,403,Medium,Monitor,No immediate action required.,To Do,Commercial,-,Low
5102116.0,The Orchid Residence Satuek Buriram,0.2533378058666544,0.2533378058666544,0.2533378058666544,0.506675611708559,0.0,1.0,20.3,Buriram,LT,Lower Isan - Central,Not mapped,Not Mapped,15996.0,2.0,0.2470499389,0.0673627484,0.0,0.14,9.165,0.0,0.0,0.25,0.07,0,4.21,4.21,23.26,404,Medium,Expand to Ctrip,Expand distribution to increase room nights.,To Do,Market Manager,72 Hours,Medium
4883884.0,Phangkhon Inn,0.3622888165415963,0.486259408200914,0.38358467852211253,0.4868511177352828,7.0,68.0,27.71,Sakon Nakhon,KA,Upper Isan - East,Mapped,Not Mapped,471456.0,96.0,7.281271645,3.233411923,50.0,14.61,21.06,100.0,0.0,7.28,3.23,50,10.15,5.08,23.26,405,Medium,Expand to Ctrip,Expand distribution to increase room nights.,To Do,Market Manager,72 Hours,Medium
4921226.0,All Times Hotel,0.3235763214931623,0.3338424702862138,0.323269861330487,0.5054674480346233,6.0,22.0,24.89,Phetchabun,KA,North,Mapped,Not Mapped,743228.0,75.0,11.47857756,2.526103065,50.0,16.5,20.28,100.0,0.0,11.48,2.53,50,11.48,5.74,23.26,406,Medium,Expand to Ctrip,Expand distribution to increase room nights.,To Do,Market Manager,72 Hours,Medium
4883158.0,Bluebed Hotel,0.3689770128457666,0.3844348905705131,0.37200614614038685,0.503766582564665,21.0,37.0,30.0,Chanthaburi,KA,Upper Isan - East,Mapped,Mapped,1012694.0,453.0,15.64026774,15.25766251,100.0,32.4,16.2,100.0,100.0,15.64,15.26,100,18.4,0.0,23.24,407,Medium,Monitor,No immediate action required.,To Do,Commercial,-,Low
23923.0,HTel Resort,0.4615712758532572,0.5112388136442905,0.4233902893122063,0.485587846900102,34.0,250.0,42.54,Bangkok,KA,BKK - Metro - Chon,Mapped,Mapped,124694.0,173.0,1.925806898,5.826877737,100.0,22.71,11.355,100.0,100.0,1.93,5.83,100,11.22,0.0,23.23,408,Medium,Monitor,No immediate action required.,To Do,Commercial,-,Low
4914149.0,Tour De Phuket,0.3768013229910026,0.3962219645750633,0.39055230983346095,0.5031461341488407,62.0,42.0,38.27,Phuket,KA,Upper South,Mapped,Mapped,679336.0,50.0,10.49181566,1.68406871,100.0,25.75,12.875,100.0,100.0,10.49,1.68,100,13.4,0.0,23.21,409,Medium,Monitor,No immediate action required.,To Do,Commercial,-,Low
5021812.0,MAA KORAT HOTEL,0.3287028810683828,0.3786635588591744,0.3369240535709389,0.4903091293797262,20.0,8.0,27.02,Nakhonratchasima,KA,Lower Isan - Central,Mapped,Mapped,1898194.0,29.0,29.31611094,0.9767598518,100.0,34.95,17.475,100.0,100.0,29.32,0.98,100,20.36,0.0,23.19,410,Medium,Monitor,No immediate action required.,To Do,Commercial,-,Low
4920989.0,Chinburi Resort Si sa ket,0.2533378058666544,0.2533378058666544,0.2533378058666544,0.506675611708559,0.0,1.0,20.3,,,,Null,Null,0.0,0.0,0.0,0.0,0.0,0.0,0.0,0.0,0.0,0.0,0.0,0,4.06,4.06,23.19,411,Medium,Monitor,No immediate action required.,To Do,Commercial,-,Low
181609.0,Green Hotel & Resort Khon Kaen,0.3823504918046203,0.3825202678199242,0.38012189781404093,0.5062877729453105,54.0,22.0,36.4,Khon Kaen,KA,Upper Isan - East,Mapped,Mapped,680627.0,184.0,10.51174364,6.197372853,100.0,27.12,13.56,100.0,100.0,10.51,6.2,100,14.4,0.0,23.18,412,Medium,Monitor,No immediate action required.,To Do,Commercial,-,Low
2000059.0,Tak Andaman Resort & Hotel,0.3870920706677456,0.4044176933992272,0.3976635169749155,0.502750020265393,18.0,112.0,32.5,Tak,LT,North,Mapped,Not Live,29664.0,5.0,0.4581299993,0.168406871,70.0,14.28,17.01,100.0,40.0,0.46,0.17,50,6.78,3.39,23.17,413,Medium,Monitor,No immediate action required.,To Do,Commercial,-,Low
152419.0,Sixty-Six Place,0.4514823996237594,0.4943337538694906,0.44680809826786294,0.5024413315104593,17.0,30.0,32.29,Trang,LT,Upper South,Mapped,Not Mapped,43799.0,9.0,0.676442893,0.3031323678,50.0,10.43,16.655,100.0,0.0,0.68,0.3,50,6.89,3.44,23.16,414,Medium,Expand to Ctrip,Expand distribution to increase room nights.,To Do,Market Manager,72 Hours,Medium
4857741.0,Maithong Riverside Hotel,0.3481946986028942,0.3547352187371398,0.3520463878790803,0.5071864049413332,28.0,9.0,29.69,Phetchaburi,KA,Lower South - West,Mapped,Not Mapped,274162.0,28.0,4.234218974,0.9430784776,50.0,12.4,18.59,100.0,0.0,4.23,0.94,50,8.34,4.17,23.15,415,Medium,Expand to Ctrip,Expand distribution to increase room nights.,To Do,Market Manager,72 Hours,Medium
4879476.0,CS Klongtoey Grand Resort,0.3641239148503817,0.4506559721359999,0.3468404797122903,0.4924803621509958,38.0,25.0,32.44,Hatyai,LT,Lower South - West,Mapped,Not Live,28778.0,20.0,0.4444465819,0.673627484,70.0,14.42,16.24,100.0,40.0,0.44,0.67,50,6.91,3.46,23.11,416,Medium,Monitor,No immediate action required.,To Do,Commercial,-,Low
4935433.0,The Wish Hotel,0.4049999323023285,0.4515319090106178,0.4317038465036107,0.5040023762239039,17.0,30.0,30.46,Chachoengsao,KA,Upper Isan - East,Mapped,Mapped,1044316.0,367.0,16.12864183,12.36106433,100.0,31.77,15.885,100.0,100.0,16.13,12.36,100,17.87,0.0,23.11,417,Medium,Monitor,No immediate action required.,To Do,Commercial,-,Low
4914111.0,NKW Resort,0.3219476568372665,0.3791906549267446,0.34436487394454457,0.5022446342359831,17.0,45.0,27.58,Kamphaeng Phet,KA,North,Mapped,Mapped,1789813.0,29.0,27.64224625,0.9767598518,100.0,34.11,17.055,100.0,100.0,27.64,0.98,100,19.63,0.0,23.11,418,Medium,Monitor,No immediate action required.,To Do,Commercial,-,Low
21400.0,Calypzo Bangkok,0.4122183632201959,0.4227459806554356,0.4118879944074828,0.5053518926607766,39.0,34.0,35.1,Bangkok,KA,BKK - Metro - Chon,Mapped,Mapped,623948.0,319.0,9.636392115,10.74435837,100.0,28.04,14.02,100.0,100.0,9.64,10.74,100,15.06,0.0,23.11,419,Medium,Monitor,No immediate action required.,To Do,Commercial,-,Low
4889.0,Ariya Inn Hotel,0.4187366647232061,0.4267052749928171,0.4218716567903976,0.5069015195903764,28.0,15.0,32.69,Chiang Rai,KA,North,Mapped,Mapped,989838.0,226.0,15.28726186,7.611990569,100.0,29.93,14.965,100.0,100.0,15.29,7.61,100,16.47,0.0,23.11,420,Medium,Monitor,No immediate action required.,To Do,Commercial,-,Low
43885.0,S Tara Grand Hotel,0.4343891955304721,0.4582651508642569,0.45202113504479363,0.4951444441964139,43.0,54.0,37.17,Surat Thani,KA,Upper South,Mapped,Mapped,767407.0,62.0,11.85199019,2.0882452,100.0,26.55,13.275,100.0,100.0,11.85,2.09,100,13.99,0.0,23.1,421,Medium,Monitor,No immediate action required.,To Do,Commercial,-,Low
4921421.0,Manomon Residence,0.3701996872217312,0.4579038170434417,0.3995444492201214,0.5033493954103448,33.0,38.0,32.36,Khon Kaen,KA,Upper Isan - East,Mapped,Mapped,1212106.0,88.0,18.72001581,2.96396093,100.0,30.25,15.125,100.0,100.0,18.72,2.96,100,16.72,0.0,23.1,422,Medium,Monitor,No immediate action required.,To Do,Commercial,-,Low
4726.0,Trat City Hotel,0.3670820586580107,0.3743588211281836,0.35866656840268774,0.5055549465351378,49.0,14.0,34.57,Trat,KA,Upper Isan - East,Mapped,Mapped,779539.0,238.0,12.03936817,8.01616706,100.0,28.42,14.21,100.0,100.0,12.04,8.02,100,15.34,0.0,23.1,423,Medium,Monitor,No immediate action required.,To Do,Commercial,-,Low
4694703.0,Baan Nantiya,0.4059410101506792,0.4579149451778848,0.3921516067327057,0.4941622576097186,3.0,64.0,28.71,Roi Et,KA,Lower Isan - Central,Mapped,Not Mapped,370543.0,47.0,5.722744478,1.583024587,50.0,13.34,19.385,100.0,0.0,5.72,1.58,50,9.08,4.54,23.09,424,Medium,Expand to Ctrip,Expand distribution to increase room nights.,To Do,Market Manager,72 Hours,Medium
5101860.0,V Rich Place,0.4654510603660956,0.5031041239668903,0.4866360558329981,0.5032373585170468,16.0,8.0,31.98,Roi Et,LT,Lower Isan - Central,Mapped,Null,67059.0,2.0,1.03567063,0.0673627484,50.0,10.54,18.01,100.0,0.0,1.04,0.07,50,6.94,3.47,23.09,425,Medium,Monitor,No immediate action required.,To Do,Commercial,-,Low
4922681.0,Ezy Inn,0.3727865500477219,0.4056800219789019,0.3760111956188207,0.4927377929487881,34.0,5.0,31.4,Nakhon Sawan,KA,North,Mapped,Mapped,1019532.0,327.0,15.74587341,11.01380936,100.0,31.18,15.59,100.0,100.0,15.75,11.01,100,17.46,0.0,23.08,426,Medium,Monitor,No immediate action required.,To Do,Commercial,-,Low
74.0,Easy Planet Bangkok Surawong,0.4268659230026448,0.5059889914232788,0.4484361547373612,0.4885018505083658,62.0,100.0,41.81,Bangkok,KA,BKK - Metro - Chon,Mapped,Mapped,294283.0,60.0,4.544972426,2.020882452,100.0,22.88,11.44,100.0,100.0,4.54,2.02,100,11.24,0.0,23.05,427,Medium,Monitor,No immediate action required.,To Do,Commercial,-,Low
177866.0,Praso Ratchada Private Residence,0.3750809626419593,0.405676783380183,0.3916657734822348,0.490019993867096,59.0,43.0,37.4,Bangkok,KA,BKK - Metro - Chon,Mapped,Mapped,759684.0,46.0,11.73272381,1.549343213,100.0,26.33,13.165,100.0,100.0,11.73,1.55,100,13.81,0.0,23.03,428,Medium,Monitor,No immediate action required.,To Do,Commercial,-,Low
4920835.0,JU Apartment,0.3338256488731652,0.341021242171393,0.3360616099545332,0.5057772350986898,3.0,29.0,24.95,Chachoengsao,KA,Upper Isan - East,Not mapped,Mapped,691057.0,65.0,10.67282353,2.189289323,50.0,15.99,20.595,0.0,100.0,10.67,2.19,50,10.98,5.49,23.03,429,Medium,Monitor,No immediate action required.,To Do,Commercial,-,Low
65662.0,Pen Ta Hug,0.4133166780144112,0.4355544303840815,0.4236700891091937,0.5056339666619006,48.0,20.0,36.42,Ubon Ratchathani,KA,Lower Isan - Central,Mapped,Mapped,848162.0,25.0,13.09918923,0.842034355,100.0,26.8,13.4,100.0,100.0,13.1,0.84,100,14.09,0.0,23.03,430,Medium,Monitor,No immediate action required.,To Do,Commercial,-,Low
2012861.0,Leelawalai Rest Hotel Chum Phae,0.3382718652651502,0.343789427808352,0.3395826435816947,0.5043033614327783,17.0,9.0,27.14,Khon Kaen,KA,Upper Isan - East,Mapped,Not Mapped,412141.0,105.0,6.365186784,3.536544291,50.0,14.24,19.54,100.0,0.0,6.37,3.54,50,9.68,4.84,23.02,431,Medium,Expand to Ctrip,Expand distribution to increase room nights.,To Do,Market Manager,72 Hours,Medium
138060.0,Sino at Thungsong Hotel,0.3610350080580221,0.4198369172504037,0.39776153563116073,0.5004042515865299,36.0,9.0,31.59,Nakhon Si Thammarat,LT,Lower South - West,Mapped,Not Mapped,87655.0,8.0,1.353763944,0.2694509936,50.0,10.76,18.355,100.0,0.0,1.35,0.27,50,7.07,3.54,23.02,432,Medium,Expand to Ctrip,Expand distribution to increase room nights.,To Do,Market Manager,72 Hours,Medium
5102270.0,"The Legacy V Beach Resort Ao Nang Krabi, Aspira Collection",0.3585612678352908,0.3683451780980388,0.36171406908333276,0.4959987967964809,40.0,20.0,32.51,Krabi,LT,Upper South,Mapped,Null,4693.0,3.0,0.07248679107,0.1010441226,50.0,10.07,15.14,100.0,0.0,0.07,0.1,50,6.57,3.28,23.0,433,Medium,Monitor,No immediate action required.,To Do,Commercial,-,Low
63712.0,Rongsang Resort,0.3411545075149347,0.3575523650890985,0.3017768744381799,0.5064263926330738,36.0,9.0,30.92,Saraburi,LT,Lower Isan - Central,Mapped,Not Live,126753.0,16.0,1.957605604,0.5389019872,70.0,15.14,19.7,100.0,40.0,1.96,0.54,50,7.33,3.66,23.0,434,Medium,Monitor,No immediate action required.,To Do,Commercial,-,Low
4922733.0,Blue Hippo Hotel,0.3287027040600018,0.3452283387782006,0.33757881139929613,0.5285180061779055,35.0,2.0,30.45,Samut Prakan,LT,BKK - Metro - Chon,Mapped,Not Mapped,103851.0,24.0,1.603902725,0.8083529808,50.0,11.04,27.26,100.0,0.0,1.6,0.81,50,7.13,3.56,22.99,435,Medium,Expand to Ctrip,Expand distribution to increase room nights.,To Do,Market Manager,72 Hours,Medium
63435.0,Benjatara Boutique Resort,0.3753169128875617,0.4438856482825249,0.40105835767576276,0.4994318244522862,54.0,21.0,35.95,Lop Buri,KA,Lower Isan - Central,Mapped,Mapped,765407.0,131.0,11.82110887,4.41226002,100.0,27.23,13.615,100.0,100.0,11.82,4.41,100,14.42,0.0,22.99,436,Medium,Monitor,No immediate action required.,To Do,Commercial,-,Low
5102022.0,One Budget Hotel Chiangrai Bypass-West,0.3707345831813067,0.4137932630292559,0.38277014921720837,0.5021271295839723,32.0,24.0,31.72,Chiang Rai,LT,North,Mapped,Null,66909.0,4.0,1.033361566,0.1347254968,50.0,10.56,14.365,100.0,0.0,1.03,0.13,50,6.9,3.45,22.99,437,Medium,Monitor,No immediate action required.,To Do,Commercial,-,Low
5102345.0,Kastel Pattaya Hotel,0.3395908495884733,0.3930816137034897,0.35492349149456304,0.503299076780151,41.0,9.0,31.74,Pattaya,LT,BKK - Metro - Chon,Mapped,Null,29019.0,24.0,0.4481707992,0.8083529808,50.0,10.47,15.535,100.0,0.0,0.45,0.81,50,6.82,3.41,22.96,438,Medium,Monitor,No immediate action required.,To Do,Commercial,-,Low
4921230.0,A Hotel Cozy,0.3422218960560951,0.3650757167755802,0.35613337285775004,0.5016485986113806,39.0,10.0,31.47,Chiang Rai,LT,North,Mapped,Null,37450.0,40.0,0.5783794058,1.347254968,50.0,10.69,17.18,100.0,0.0,0.58,1.35,50,6.99,3.5,22.95,439,Medium,Monitor,No immediate action required.,To Do,Commercial,-,Low
2006989.0,Orchid Residence Suratthani,0.4278167168541698,0.4380557064491541,0.40983158997136876,0.5023881106337883,31.0,24.0,33.82,Surat Thani,KA,Upper South,Mapped,Mapped,455534.0,513.0,7.035369829,17.27854496,100.0,28.7,14.35,100.0,100.0,7.04,17.28,100,15.47,0.0,22.9,440,Medium,Monitor,No immediate action required.,To Do,Commercial,-,Low
4884874.0,NonNee Lampang Hotel,0.3750466097535374,0.4013189472974967,0.3880816565965511,0.5055787168594,20.0,18.0,29.49,Lampang,KA,North,Mapped,Mapped,1086233.0,366.0,16.77600744,12.32738296,100.0,32.09,16.045,100.0,100.0,16.78,12.33,100,17.99,0.0,22.9,441,Medium,Monitor,No immediate action required.,To Do,Commercial,-,Low
862.0,Phuket Sea Resort,0.4277977917807102,0.4332216559012716,0.4282497300562638,0.4993018982493222,54.0,42.0,38.71,Phuket,KA,Upper South,Mapped,Mapped,251633.0,285.0,3.886268755,9.599191647,100.0,24.82,12.41,100.0,100.0,3.89,9.6,100,12.57,0.0,22.89,442,Medium,Monitor,No immediate action required.,To Do,Commercial,-,Low
4578.0,A-Te Chumphon Hotel,0.434816210457037,0.4462641908624448,0.4327280124909695,0.5068140478716249,55.0,22.0,38.7,Chumphon,KA,Upper South,Mapped,Mapped,459956.0,111.0,7.103657185,3.738632536,100.0,24.67,12.335,100.0,100.0,7.1,3.74,100,12.41,0.0,22.88,443,Medium,Monitor,No immediate action required.,To Do,Commercial,-,Low
43929.0,RoomQuest Phanat Nikhom,0.3346096003535076,0.4428146289815546,0.4198669677618596,0.4955769645835853,39.0,23.0,31.45,Chonburi,LT,BKK - Metro - Chon,Mapped,Not Mapped,62881.0,17.0,0.9711528978,0.5725833614,50.0,10.66,19.515,100.0,0.0,0.97,0.57,50,6.95,3.48,22.86,444,Medium,Expand to Ctrip,Expand distribution to increase room nights.,To Do,Market Manager,72 Hours,Medium
4921162.0,Field Town Apartment,0.3570456387177951,0.3776969251636904,0.34958282929258944,0.4991159009185781,5.0,118.0,28.94,Nakhon Nayok,KA,Lower Isan - Central,Mapped,Null,201417.0,101.0,3.110734408,3.401818794,50.0,12.58,17.77,100.0,0.0,3.11,3.4,50,8.36,4.18,22.85,445,Medium,Monitor,No immediate action required.,To Do,Commercial,-,Low
2008217.0,Won Place Khon Kaen,0.3123527203721093,0.4038644271936965,0.3738798958760184,0.506675611708559,42.0,3.0,30.72,Khon Kaen,KA,Upper Isan - East,Mapped,Not Mapped,120038.0,5.0,1.85389803,0.168406871,50.0,10.98,15.68,100.0,0.0,1.85,0.17,50,7.12,3.56,22.84,446,Medium,Expand to Ctrip,Expand distribution to increase room nights.,To Do,Market Manager,72 Hours,Medium
2010758.0,AP Grand Residence & Hotel,0.3341209582680899,0.378028559264201,0.34582144453018204,0.5041640937259215,27.0,18.0,29.16,Rayong,LT,Upper Isan - East,Mapped,Not Mapped,139356.0,116.0,2.152247,3.907039407,50.0,12.25,18.775,100.0,0.0,2.15,3.91,50,8.08,4.04,22.83,447,Medium,Expand to Ctrip,Expand distribution to increase room nights.,To Do,Market Manager,72 Hours,Medium
182907.0,Tree House Hotel Srisaket,0.3713174016682873,0.3958985928800266,0.377426024437019,0.5181611277330617,17.0,4.0,28.58,Si Sa Ket,KA,Lower Isan - Central,Mapped,Not Mapped,312710.0,1.0,4.829564773,0.0336813742,50.0,12.42,17.805,100.0,0.0,4.83,0.03,50,8.14,4.07,22.83,448,Medium,Expand to Ctrip,Expand distribution to increase room nights.,To Do,Market Manager,72 Hours,Medium
2000160.0,Wynnhouse Khaoyai,0.2890885285802279,0.324808379149508,0.3043017679061561,0.5034706429894542,19.0,2.0,25.32,Khaoyai,KA,Lower Isan - Central,Mapped,Mapped,1879483.0,79.0,29.02712812,2.660828562,100.0,35.31,17.655,100.0,100.0,29.03,2.66,100,20.38,0.0,22.82,449,Medium,Monitor,No immediate action required.,To Do,Commercial,-,Low
207.0,Tonaor Place Bangkok,0.3861502782496693,0.4564133828332041,0.44134980202436674,0.5063121455106477,68.0,30.0,39.47,Bangkok,KA,BKK - Metro - Chon,Mapped,Mapped,338261.0,128.0,5.224168559,4.311215898,100.0,23.91,11.955,100.0,100.0,5.22,4.31,100,11.8,0.0,22.8,450,Medium,Monitor,No immediate action required.,To Do,Commercial,-,Low
183058.0,Morakot Hotel Chumphon,0.4080282921098797,0.4306001587031551,0.4201179991705691,0.5044268324559315,44.0,39.0,36.02,Chumphon,KA,Upper South,Mapped,Mapped,397646.0,359.0,6.141323241,12.09161334,100.0,26.7,13.35,100.0,100.0,6.14,12.09,100,13.9,0.0,22.8,451,Medium,Monitor,No immediate action required.,To Do,Commercial,-,Low
43834.0,Peamsuk Sweet Prachinburi,0.3878095579926782,0.4205449380304377,0.40431024251702247,0.5054794825373459,1.0,22.0,26.51,Prachin Buri,KA,Upper Isan - East,Mapped,Not Mapped,500100.0,42.0,7.723648394,1.414617716,50.0,14.29,20.035,100.0,0.0,7.72,1.41,50,9.59,4.8,22.8,452,Medium,Expand to Ctrip,Expand distribution to increase room nights.,To Do,Market Manager,72 Hours,Medium
2060.0,Kantary Hotel Kabinburi,0.2953376432373054,0.3168220050559089,0.3121311437369266,0.5046654345614078,2.0,13.0,22.7,Prachin Buri,KA,Upper Isan - East,Mapped,Mapped,1417013.0,632.0,21.8846482,21.28662849,100.0,37.33,18.665,100.0,100.0,21.88,21.29,100,21.87,0.0,22.79,453,Medium,Monitor,No immediate action required.,To Do,Commercial,-,Low
1790.0,Thumrin Thana Hotel,0.3395424482378961,0.3606958958383848,0.35254723423094814,0.5043483741852299,38.0,10.0,31.22,Trang,LT,Upper South,Mapped,Not Mapped,40661.0,15.0,0.6279730871,0.505220613,50.0,10.47,14.44,100.0,0.0,0.63,0.51,50,6.71,3.36,22.77,454,Medium,Expand to Ctrip,Expand distribution to increase room nights.,To Do,Market Manager,72 Hours,Medium
4772.0,Seeharaj Hotel Uttaradit,0.4446006044114822,0.4637384013382042,0.4302729953608532,0.5033150848111766,25.0,46.0,34.06,Uttaradit,KA,North,Mapped,Mapped,517285.0,418.0,7.989061964,14.07881442,100.0,28.22,14.11,100.0,100.0,7.99,14.08,100,15.03,0.0,22.77,455,Medium,Monitor,No immediate action required.,To Do,Commercial,-,Low
4896913.0,ABIZZ Hotel Kwan Phayao,0.4324462149587926,0.4397470782478368,0.4246148061819323,0.5046739011860446,39.0,23.0,35.55,Phayao,KA,North,Mapped,Mapped,673502.0,179.0,10.4017044,6.028965982,100.0,27.01,13.505,100.0,100.0,10.4,6.03,100,14.12,0.0,22.77,456,Medium,Monitor,No immediate action required.,To Do,Commercial,-,Low
65472.0,We Grand Ever 9,0.3010374556639381,0.3431915690101667,0.3251716023284958,0.506675611708559,44.0,1.0,30.59,Nakhonratchasima,LT,Lower Isan - Central,Null,Mapped,116023.0,1.0,1.791888438,0.0336813742,50.0,10.91,17.475,0.0,100.0,1.79,0.03,50,7.02,3.51,22.75,457,Medium,Monitor,No immediate action required.,To Do,Commercial,-,Low
4920152.0,Dream Factory Hotel & Rooftop Bar,0.4118275726923225,0.4939415963955677,0.39485831839366986,0.5049420172532314,22.0,22.0,31.46,Udon Thani,KA,Upper Isan - East,Mapped,Mapped,870765.0,348.0,13.44827336,11.72111822,100.0,30.24,15.12,100.0,100.0,13.45,11.72,100,16.53,0.0,22.75,458,Medium,Monitor,No immediate action required.,To Do,Commercial,-,Low
181465.0,Seth Thee Residence Khonkaen,0.3348652669434234,0.459072945272196,0.3755111026419812,0.4929896746308051,6.0,72.0,26.67,Khon Kaen,KA,Upper Isan - East,Mapped,Not Mapped,467432.0,63.0,7.219123828,2.121926575,50.0,14.25,20.275,100.0,0.0,7.22,2.12,50,9.58,4.79,22.72,459,Medium,Expand to Ctrip,Expand distribution to increase room nights.,To Do,Market Manager,72 Hours,Medium
183020.0,Euro Boutique Hotel Chumphon,0.4399781246583054,0.4513493787154063,0.39705543537701266,0.5037854584234109,52.0,32.0,38.59,Chumphon,KA,Upper South,Mapped,Mapped,355620.0,173.0,5.492266951,5.826877737,100.0,24.49,12.245,100.0,100.0,5.49,5.83,100,12.21,0.0,22.72,460,Medium,Monitor,No immediate action required.,To Do,Commercial,-,Low
730.0,Hinn Namm Hotel,0.3862002398776858,0.4006223631241816,0.3963361158457134,0.5024114777625034,40.0,60.0,35.01,Hua Hin,KA,Lower South - West,Mapped,Mapped,520980.0,328.0,8.046126165,11.04749074,100.0,27.34,13.67,100.0,100.0,8.05,11.05,100,14.34,0.0,22.7,461,Medium,Monitor,No immediate action required.,To Do,Commercial,-,Low
675.0,Cross Vibe Chiang Mai Decem Hotel,0.3686313147695489,0.4580918583218178,0.39145552854514215,0.4965275275071936,54.0,39.0,36.19,Chiang Mai,KA,North,Mapped,Mapped,510028.0,255.0,7.876980693,8.588750421,100.0,26.52,13.26,100.0,100.0,7.88,8.59,100,13.76,0.0,22.7,462,Medium,Monitor,No immediate action required.,To Do,Commercial,-,Low
2000146.0,The Zleep Hotel Chonburi,0.3920970573689907,0.4430008865786158,0.35267897037587104,0.5054159974337379,37.0,10.0,33.16,Chonburi,KA,BKK - Metro - Chon,Mapped,Mapped,923793.0,157.0,14.26725598,5.287975749,100.0,28.72,14.36,100.0,100.0,14.27,5.29,100,15.35,0.0,22.68,463,Medium,Monitor,No immediate action required.,To Do,Commercial,-,Low
43887.0,Suansin Lanna Hotel,0.4692081026733372,0.4746454583996665,0.4268665303031968,0.5055455738184588,18.0,34.0,33.38,Tak,KA,North,Mapped,Mapped,948349.0,121.0,14.64649725,4.075446278,100.0,28.55,14.275,100.0,100.0,14.65,4.08,100,15.23,0.0,22.68,464,Medium,Monitor,No immediate action required.,To Do,Commercial,-,Low
65016.0,O.U.M. Hotel,0.3750197969755721,0.3770893161473523,0.37493980020286655,0.5045050127158291,17.0,45.0,29.75,Uttaradit,KA,North,Mapped,Not Mapped,148298.0,30.0,2.290347599,1.010441226,50.0,11.45,18.54,100.0,0.0,2.29,1.01,50,7.4,3.7,22.67,465,Medium,Expand to Ctrip,Expand distribution to increase room nights.,To Do,Market Manager,72 Hours,Medium
2000356.0,Sakura Boutique Hotel Pluakdaeng,0.4330351617411777,0.5238369180347278,0.42428971526515025,0.4817585284226347,18.0,118.0,34.11,Rayong,KA,Upper Isan - East,Mapped,Mapped,463872.0,478.0,7.16413502,16.09969687,100.0,28.41,26.545,100.0,100.0,7.16,16.1,100,15.23,0.0,22.67,466,Medium,Monitor,No immediate action required.,To Do,Commercial,-,Low
4543135.0,Bara Bara Budget Satun,0.3906127358003306,0.4445602792688855,0.38603980541073124,0.4996677527255804,18.0,27.0,29.9,Satun,LT,Upper South,Mapped,Not Mapped,114665.0,51.0,1.770917514,1.717750084,50.0,11.4,18.885,100.0,0.0,1.77,1.72,50,7.38,3.69,22.66,467,Medium,Expand to Ctrip,Expand distribution to increase room nights.,To Do,Market Manager,72 Hours,Medium
64985.0,Merdelong Hotel Phatthalung,0.4122390843254936,0.4565303794107257,0.39259087696417666,0.5008045844965555,32.0,9.0,32.88,Phatthalung,KA,Lower South - West,Mapped,Mapped,618144.0,414.0,9.5467397,13.94408892,100.0,28.96,14.48,100.0,100.0,9.55,13.94,100,15.53,0.0,22.64,468,Medium,Monitor,No immediate action required.,To Do,Commercial,-,Low
82.0,Holiday Inn Express Bangkok Sathorn,0.4142126263026034,0.4422415543859105,0.41069877506934077,0.5006123538134624,57.0,20.0,38.07,Bangkok,KA,BKK - Metro - Chon,Mapped,Mapped,412168.0,161.0,6.3656115,5.422701246,100.0,24.81,12.405,100.0,100.0,6.37,5.42,100,12.42,0.0,22.64,469,Medium,Monitor,No immediate action required.,To Do,Commercial,-,Low
4915.0,Riverside Hotel Krabi,0.3574505008104299,0.4031599175263411,0.3859976334147406,0.5083456213961043,43.0,54.0,34.36,Krabi,KA,Upper South,Mapped,Mapped,664331.0,245.0,10.26007634,8.251936679,100.0,27.61,13.805,100.0,100.0,10.26,8.25,100,14.48,0.0,22.63,470,Medium,Monitor,No immediate action required.,To Do,Commercial,-,Low
2001943.0,Phitsanulok Orchid Hotel,0.3748200173090762,0.456165967293069,0.4149593590553676,0.5072446713605363,18.0,10.0,28.88,Phitsanulok,KA,North,Mapped,Not Live,106410.0,118.0,1.643423228,3.974402156,70.0,16.01,21.88,100.0,40.0,1.64,3.97,50,7.79,3.9,22.63,471,Medium,Monitor,No immediate action required.,To Do,Commercial,-,Low
183179.0,Baanbor Resort Kanchanaburi,0.3613015748975442,0.3764505343216447,0.32343520386695823,0.5014794109209878,29.0,27.0,30.86,Kanchanaburi,LT,Lower South - West,Mapped,Not Mapped,52611.0,13.0,0.8125388332,0.4378578646,50.0,10.54,17.045,100.0,0.0,0.81,0.44,50,6.71,3.36,22.63,472,Medium,Expand to Ctrip,Expand distribution to increase room nights.,To Do,Market Manager,72 Hours,Medium
4525878.0,Rangsiya Boutique Hotel,0.4369420209962863,0.4870071370544065,0.4493910641493575,0.5011359454506533,21.0,37.0,32.67,Chanthaburi,KA,Upper Isan - East,Mapped,Mapped,676446.0,382.0,10.4471683,12.86628494,100.0,29.08,14.54,100.0,100.0,10.45,12.87,100,15.62,0.0,22.62,473,Medium,Monitor,No immediate action required.,To Do,Commercial,-,Low
2010838.0,All Day Hostel @ BTS Bang Chak,0.4922642159233557,0.5030174418813202,0.49838409520681615,0.5063961841739806,58.0,29.0,41.78,Bangkok,KA,BKK - Metro - Chon,Mapped,Mapped,55833.0,117.0,0.8622940609,3.940720781,100.0,21.61,10.805,100.0,100.0,0.86,3.94,100,9.97,0.0,22.58,474,Medium,Monitor,No immediate action required.,To Do,Commercial,-,Low
4566.0,Rimpao Hotel,0.3514427410524652,0.3514427410524652,0.34288237190384807,0.5024518493105488,25.0,10.0,29.18,Kalasin,LT,Upper Isan - East,Mapped,Not Live,166528.0,45.0,2.571893884,1.515661839,70.0,15.74,16.9,100.0,40.0,2.57,1.52,50,7.58,3.79,22.57,475,Medium,Monitor,No immediate action required.,To Do,Commercial,-,Low
63641.0,Lucky Green View Hotel,0.3846814796428547,0.416014466065846,0.40246434686564775,0.4904272920192886,70.0,48.0,40.04,Bangkok,KA,BKK - Metro - Chon,Mapped,Mapped,264154.0,123.0,4.079655,4.142809027,100.0,23.28,11.64,100.0,100.0,4.08,4.14,100,11.29,0.0,22.56,476,Medium,Monitor,No immediate action required.,To Do,Commercial,-,Low
5101058.0,The Navy House Hotel,0.4183291203910885,0.4487381314281424,0.43403955341440914,0.5043607976997228,18.0,91.0,33.12,Pattaya,KA,BKK - Metro - Chon,Mapped,Mapped,611458.0,375.0,9.443482324,12.63051533,100.0,28.51,14.255,100.0,100.0,9.44,12.63,100,15.13,0.0,22.55,477,Medium,Monitor,No immediate action required.,To Do,Commercial,-,Low
183209.0,Myrrh Hotel Chanthaburi,0.3270591008536437,0.3987296213666643,0.3773139391817169,0.5048465409524551,18.0,10.0,26.92,Chanthaburi,KA,Upper Isan - East,Mapped,Not Mapped,255267.0,146.0,3.942401825,4.917480633,50.0,13.45,18.995,100.0,0.0,3.94,4.92,50,8.83,4.42,22.54,478,Medium,Expand to Ctrip,Expand distribution to increase room nights.,To Do,Market Manager,72 Hours,Medium
4419364.0,NC Resort and Spa,0.3722736714289733,0.463933379367614,0.4089289138216015,0.4990127616226316,21.0,41.0,30.16,Sakon Nakhon,KA,Upper Isan - East,Mapped,Not Mapped,108033.0,13.0,1.668478836,0.4378578646,50.0,10.97,14.57,100.0,0.0,1.67,0.44,50,7.0,3.5,22.54,479,Medium,Expand to Ctrip,Expand distribution to increase room nights.,To Do,Market Manager,72 Hours,Medium
1651.0,Asia Airport Donmuang Hotel,0.4619731917984798,0.4735242920478261,0.46412656706145167,0.4999921899312416,54.0,91.0,41.64,Pathum Thani,LT,BKK - Metro - Chon,Mapped,Mapped,145013.0,65.0,2.239613054,2.189289323,100.0,21.78,10.89,100.0,100.0,2.24,2.19,100,10.1,0.0,22.54,480,Medium,Monitor,No immediate action required.,To Do,Commercial,-,Low
5102092.0,De Hom Hotel Mae Hong Son,0.3564201256912531,0.3587428454735732,0.3559533131542729,0.5063203015809471,33.0,10.0,30.98,Mae Hong Son,LT,North,Mapped,Null,17606.0,2.0,0.2719047725,0.0673627484,50.0,10.16,17.73,100.0,0.0,0.27,0.07,50,6.35,3.18,22.53,481,Medium,Monitor,No immediate action required.,To Do,Commercial,-,Low
63458.0,P.A. Ville Hotel Nakhon Sawan,0.4689264884716241,0.4745251644090789,0.4717279878667535,0.5078920039226885,44.0,8.0,37.55,Nakhon Sawan,KA,North,Mapped,Mapped,371578.0,197.0,5.73873418,6.635230717,100.0,24.86,12.43,100.0,100.0,5.74,6.64,100,12.37,0.0,22.53,482,Medium,Monitor,No immediate action required.,To Do,Commercial,-,Low
2012478.0,Porestva Hotel Sriracha,0.4528518510665612,0.4983140304530369,0.4859480177113047,0.497549850061571,47.0,29.0,37.93,Sriracha,KA,BKK - Metro - Chon,Mapped,Mapped,392721.0,169.0,6.065272852,5.69215224,100.0,24.74,12.37,100.0,100.0,6.07,5.69,100,12.33,0.0,22.52,483,Medium,Monitor,No immediate action required.,To Do,Commercial,-,Low
2012247.0,Somerset Harbourview Sri Racha,0.4131314986090662,0.4645573287910167,0.4416115903521881,0.5042059793233575,50.0,114.0,39.73,Sriracha,KA,BKK - Metro - Chon,Mapped,Mapped,285164.0,86.0,4.404125692,2.896598181,100.0,23.07,11.535,100.0,100.0,4.4,2.9,100,11.02,0.0,22.47,484,Medium,Monitor,No immediate action required.,To Do,Commercial,-,Low
5101728.0,Eli-an Haus,0.3974697048701121,0.3974697048701121,0.3902595835052023,0.5065937035653785,16.0,3.0,29.17,Phra Nakhon Si Ayutthaya,KA,Lower Isan - Central,Mapped,Not Live,177146.0,6.0,2.735878828,0.2020882452,70.0,15.43,17.88,100.0,40.0,2.74,0.2,50,7.26,3.63,22.45,485,Medium,Monitor,No immediate action required.,To Do,Commercial,-,Low
43847.0,The Y Residence,0.385518731992398,0.3864175400053055,0.3826739955603999,0.5098595906526434,36.0,31.0,33.45,Chiang Mai,KA,North,Mapped,Mapped,852174.0,133.0,13.16115017,4.479622769,100.0,27.92,13.96,100.0,100.0,13.16,4.48,100,14.61,0.0,22.44,486,Medium,Monitor,No immediate action required.,To Do,Commercial,-,Low
2138.0,Koranaree Courtyard Boutique Hotel,0.4543419198050634,0.4641965213747812,0.4515336153449555,0.5012886152189188,33.0,31.0,35.46,Nakhonratchasima,KA,Lower Isan - Central,Mapped,Mapped,627788.0,153.0,9.695690939,5.153250253,100.0,26.39,13.195,100.0,100.0,9.7,5.15,100,13.49,0.0,22.39,487,Medium,Monitor,No immediate action required.,To Do,Commercial,-,Low
63671.0,SR Residence Hotel Phetchabun,0.3358525567238167,0.3427379061402054,0.33413574358973414,0.5075612720577308,19.0,7.0,27.43,Phetchabun,KA,North,Mapped,Not Mapped,302070.0,33.0,4.665237431,1.111485349,50.0,12.67,15.44,100.0,0.0,4.67,1.11,50,8.15,4.08,22.38,488,Medium,Expand to Ctrip,Expand distribution to increase room nights.,To Do,Market Manager,72 Hours,Medium
4319810.0,K.M. House Krabi,0.3312661646808809,0.3483062971472136,0.33854507909364623,0.505201997396682,22.0,10.0,27.86,Krabi,KA,Upper South,Mapped,Null,216104.0,69.0,3.337554901,2.32401482,50.0,12.37,17.72,100.0,0.0,3.34,2.32,50,7.94,3.97,22.38,489,Medium,Monitor,No immediate action required.,To Do,Commercial,-,Low
21999.0,PhoomThai Garden Hotel,0.4120443874560152,0.4361492218386167,0.4255829123931948,0.5060915721740483,20.0,36.0,31.55,Phrae,KA,North,Mapped,Mapped,683269.0,407.0,10.55255049,13.7083193,100.0,29.39,14.695,100.0,100.0,10.55,13.71,100,15.7,0.0,22.37,490,Medium,Monitor,No immediate action required.,To Do,Commercial,-,Low
4516608.0,Suanmaithara Resort and Spa,0.4795836900793524,0.4996947583559497,0.4532666040126256,0.5017615331344961,32.0,55.0,37.05,Chachoengsao,KA,Upper Isan - East,Mapped,Mapped,409225.0,189.0,6.320158721,6.365779724,100.0,25.07,12.535,100.0,100.0,6.32,6.37,100,12.48,0.0,22.37,491,Medium,Monitor,No immediate action required.,To Do,Commercial,-,Low
21312.0,The Impress Nan Hotel,0.375200469264251,0.3848317479278799,0.3792776092205333,0.5048717413198561,36.0,29.0,32.88,Nan,KA,North,Mapped,Mapped,742740.0,256.0,11.47104094,8.622431795,100.0,28.32,14.16,100.0,100.0,11.47,8.62,100,14.9,0.0,22.36,492,Medium,Monitor,No immediate action required.,To Do,Commercial,-,Low
2000181.0,Tamsabai Hotel,0.3881153452074707,0.5307631818096585,0.4314825019628947,0.5037903161068865,48.0,33.0,35.78,Nakhon Sawan,KA,North,Mapped,Mapped,647974.0,99.0,10.00745166,3.334456046,100.0,26.0,13.0,100.0,100.0,10.01,3.33,100,13.16,0.0,22.35,493,Medium,Monitor,No immediate action required.,To Do,Commercial,-,Low
109844.0,Hataara Hua Hin,0.3316698245169721,0.4245686772963928,0.378568877104532,0.5034267756857045,38.0,7.0,30.79,Hua Hin,KA,Lower South - West,Mapped,Mapped,1057999.0,181.0,16.33995556,6.09632873,100.0,30.0,15.0,100.0,100.0,16.34,6.1,100,16.16,0.0,22.35,494,Medium,Monitor,No immediate action required.,To Do,Commercial,-,Low
2009795.0,Luck Swan Boutique,0.3549878368787544,0.3569635913607945,0.3557023402133624,0.5053497160842141,28.0,12.0,30.02,Chiang Rai,LT,North,Mapped,Null,60769.0,10.0,0.9385319422,0.336813742,50.0,10.57,16.145,100.0,0.0,0.94,0.34,50,6.58,3.29,22.35,495,Medium,Monitor,No immediate action required.,To Do,Commercial,-,Low
177850.0,Takuapa Station Hotel,0.362812873228262,0.3681897780751563,0.35498540531709644,0.5074566575774572,24.0,20.0,29.86,Phang Nga,LT,Upper South,Mapped,Not Live,80804.0,2.0,1.247951323,0.0673627484,70.0,14.64,18.74,100.0,40.0,1.25,0.07,50,6.62,3.31,22.34,496,Medium,Monitor,No immediate action required.,To Do,Commercial,-,Low
183623.0,Fortune Buriram,0.3775244828316184,0.3965281552808422,0.38751453849986117,0.5239777005094892,40.0,1.0,33.23,Buriram,KA,Lower Isan - Central,Mapped,Mapped,925583.0,44.0,14.29489309,1.481980465,100.0,27.59,13.795,100.0,100.0,14.29,1.48,100,14.24,0.0,22.33,497,Medium,Monitor,No immediate action required.,To Do,Commercial,-,Low
4920925.0,One Budget Hotel Chiangrai Soi Sawan,0.42516529266087,0.4889117613581651,0.44661784125261483,0.5037579782803857,41.0,77.0,37.32,Chiang Rai,KA,North,Mapped,Mapped,299864.0,237.0,4.631169971,7.982485685,100.0,24.71,12.355,100.0,100.0,4.63,7.98,100,12.17,0.0,22.32,498,Medium,Monitor,No immediate action required.,To Do,Commercial,-,Low
4939979.0,Khampu Resident,0.2940842637236488,0.4015884038486826,0.3464453037915527,0.4957424605493398,19.0,11.0,25.64,Maha Sarakham,KA,Upper Isan - East,Mapped,Not Live,524779.0,17.0,8.104798263,0.5725833614,70.0,18.22,19.81,100.0,40.0,8.1,0.57,50,9.35,4.68,22.32,499,Medium,Monitor,No immediate action required.,To Do,Commercial,-,Low
453.0,Admiral Premier Bangkok,0.4291865282768094,0.4490633154531039,0.4100581048120085,0.4997233051011271,1.0,83.0,29.97,Bangkok,LT,BKK - Metro - Chon,Mapped,Not Mapped,48476.0,27.0,0.7486694491,0.9093971034,50.0,10.65,14.76,100.0,0.0,0.75,0.91,50,6.64,3.32,22.31,500,Medium,Expand to Ctrip,Expand distribution to increase room nights.,To Do,Market Manager,72 Hours,Medium
500.0,La Petite Salil Sukhumvit Thonglor 1,0.3503093352517588,0.3549545795183629,0.3508411230820357,0.5050041325628024,0.0,33.0,25.15,Bangkok,KA,BKK - Metro - Chon,Mapped,Not Live,326294.0,186.0,5.039360648,6.264735601,70.0,18.4,21.465,100.0,40.0,5.04,6.26,50,9.43,4.72,22.31,501,Low,Monitor,No immediate action required.,To Do,Commercial,-,Low
4922712.0,One Chumphon Hotel,0.3392204868770617,0.347556221811883,0.3390105730722745,0.5047987376306934,28.0,7.0,29.22,Chumphon,KA,Upper South,Mapped,Null,144856.0,1.0,2.237188003,0.0336813742,50.0,11.13,14.765,100.0,0.0,2.24,0.03,50,6.97,3.48,22.3,502,Low,Monitor,No immediate action required.,To Do,Commercial,-,Low
43559.0,C Tower Hotel,0.2742930404642632,0.353983568746762,0.31130808419909817,0.5064087045931358,44.0,4.0,29.61,Surat Thani,LT,Upper South,Mapped,Not Live,82187.0,12.0,1.269309896,0.4041764904,70.0,14.76,17.615,100.0,40.0,1.27,0.4,50,6.68,3.34,22.29,503,Low,Monitor,No immediate action required.,To Do,Commercial,-,Low
4581.0,Prajaktra City Hostel,0.3798378170227127,0.380773365943647,0.37627425115249286,0.5062570996681622,24.0,6.0,30.08,Udon Thani,KA,Upper Isan - East,Mapped,Mapped,403369.0,720.0,6.22970923,24.25058942,100.0,30.39,15.195,100.0,100.0,6.23,24.25,100,16.41,0.0,22.29,504,Low,Monitor,No immediate action required.,To Do,Commercial,-,Low
63634.0,The Farm House Hotel,0.4189096793042752,0.511358491321933,0.41015098440001857,0.5002549549559082,44.0,183.0,40.92,Ranong,KA,Upper South,Mapped,Mapped,152452.0,55.0,2.354505481,1.852475581,100.0,21.73,10.865,100.0,100.0,2.35,1.85,100,9.91,0.0,22.24,505,Low,Monitor,No immediate action required.,To Do,Commercial,-,Low
43873.0,K Star Place,0.3522991383551726,0.3694523605830934,0.35034470548399477,0.5022238702140852,4.0,114.0,28.49,Chonburi,KA,BKK - Metro - Chon,Not mapped,Mapped,163208.0,38.0,2.520611533,1.27989222,50.0,11.64,17.58,0.0,100.0,2.52,1.28,50,7.34,3.67,22.24,506,Low,Monitor,No immediate action required.,To Do,Commercial,-,Low
183594.0,Sabai at Chumphae,0.3440302882357386,0.3734865952326339,0.35764348111717886,0.500550609396705,25.0,4.0,28.66,Khon Kaen,LT,Upper Isan - East,Mapped,Not Mapped,160123.0,27.0,2.472979266,0.9093971034,50.0,11.51,19.91,100.0,0.0,2.47,0.91,50,7.24,3.62,22.22,507,Low,Expand to Ctrip,Expand distribution to increase room nights.,To Do,Market Manager,72 Hours,Medium
183003.0,Skyview Hotel & Resort Buriram,0.3418376138947256,0.3993833757121063,0.35331904333857145,0.5062288107884864,17.0,14.0,27.48,Buriram,KA,Lower Isan - Central,Mapped,Not Live,188944.0,83.0,2.91809103,2.795554059,70.0,16.3,17.17,100.0,40.0,2.92,2.8,50,7.8,3.9,22.2,508,Low,Monitor,No immediate action required.,To Do,Commercial,-,Low
183119.0,Inpawa Boutique Hotel Khon Kaen,0.266643286687636,0.3296755028139387,0.3091973573736459,0.506675611708559,28.0,1.0,26.16,Khon Kaen,KA,Upper Isan - East,Mapped,Not Mapped,318914.0,85.0,4.92537217,2.862916807,50.0,13.32,22.2,100.0,0.0,4.93,2.86,50,8.56,4.28,22.19,509,Low,Expand to Ctrip,Expand distribution to increase room nights.,To Do,Market Manager,72 Hours,Medium
2001054.0,Jasmine Resort Sriracha,0.4120927164481739,0.4334678978690042,0.4239621333410116,0.5023961324544822,46.0,48.0,36.81,Sriracha,KA,BKK - Metro - Chon,Mapped,Mapped,314929.0,242.0,4.863829148,8.150892556,100.0,24.88,12.44,100.0,100.0,4.86,8.15,100,12.24,0.0,22.19,510,Low,Monitor,No immediate action required.,To Do,Commercial,-,Low
4884787.0,Ananzitra Hotel,0.4415021220605997,0.4623901177569319,0.3548098035629688,0.5043785668212756,18.0,35.0,32.28,Kanchanaburi,KA,Lower South - West,Mapped,Mapped,609549.0,373.0,9.413998088,12.56315258,100.0,28.48,14.24,100.0,100.0,9.41,12.56,100,14.93,0.0,22.19,511,Low,Monitor,No immediate action required.,To Do,Commercial,-,Low
2127.0,Soda Resort,0.4016864049695299,0.4337376081135984,0.3953384061376782,0.5060844306201424,47.0,17.0,35.68,Kamphaeng Phet,KA,North,Mapped,Mapped,725774.0,8.0,11.20901305,0.2694509936,100.0,25.69,12.845,100.0,100.0,11.21,0.27,100,12.82,0.0,22.18,512,Low,Monitor,No immediate action required.,To Do,Commercial,-,Low
183359.0,At Sleep Nakhon Pathom,0.3603323853467834,0.4300165343074696,0.367840880718692,0.4910129430811741,24.0,13.0,29.22,Nakhon Pathom,LT,BKK - Metro - Chon,Mapped,Not Mapped,147764.0,3.0,2.282103015,0.1010441226,50.0,11.17,17.4,100.0,0.0,2.28,0.1,50,7.01,3.5,22.18,513,Low,Expand to Ctrip,Expand distribution to increase room nights.,To Do,Market Manager,72 Hours,Medium
63773.0,Grand Myhome Hotel,0.3568614412316252,0.3736090938909014,0.36414741807626144,0.5035634162026792,22.0,33.0,29.58,Nakhon Si Thammarat,LT,Lower South - West,Mapped,Not Mapped,38082.0,33.0,0.5881508043,1.111485349,50.0,10.63,17.78,100.0,0.0,0.59,1.11,50,6.54,3.27,22.18,514,Low,Expand to Ctrip,Expand distribution to increase room nights.,To Do,Market Manager,72 Hours,Medium
22229.0,Poonsook Resident Hotel Phitsanulok,0.4165637225980352,0.488815547899357,0.42666471726023625,0.4992040851549371,54.0,55.0,38.67,Phitsanulok,KA,North,Mapped,Mapped,339912.0,78.0,5.249677764,2.627147188,100.0,23.41,11.705,100.0,100.0,5.25,2.63,100,11.15,0.0,22.17,515,Low,Monitor,No immediate action required.,To Do,Commercial,-,Low
5102073.0,Chill Hotel Khaoyai,0.343569294382121,0.3732519646871349,0.3543351599433404,0.5037740955696294,24.0,9.0,28.67,Nakhonratchasima,LT,Lower Isan - Central,Mapped,Not Mapped,170808.0,1.0,2.638001907,0.0336813742,50.0,11.33,22.41,100.0,0.0,2.64,0.03,50,7.06,3.53,22.17,516,Low,Expand to Ctrip,Expand distribution to increase room nights.,To Do,Market Manager,72 Hours,Medium
4932292.0,The Bed's 304,0.3740753401686941,0.4337802518211341,0.4001013071087403,0.5038159733541678,19.0,44.0,30.05,Prachin Buri,KA,Upper Isan - East,Mapped,Mapped,1187243.0,104.0,18.33602914,3.502862917,100.0,30.22,15.11,100.0,100.0,18.34,3.5,100,16.23,0.0,22.17,517,Low,Monitor,No immediate action required.,To Do,Commercial,-,Low
63444.0,M2 Hotel Phayao,0.3644812620911513,0.4278088355292321,0.40752621635354735,0.5006553965674836,27.0,56.0,31.5,Phayao,KA,North,Mapped,Mapped,796794.0,292.0,12.3058494,9.834961266,100.0,29.1,14.55,100.0,100.0,12.31,9.83,100,15.4,0.0,22.16,518,Low,Monitor,No immediate action required.,To Do,Commercial,-,Low
4934069.0,Payaa Hotel,0.3957689821271505,0.404482707025587,0.3977400780603759,0.4951035821339098,57.0,57.0,38.39,Chonburi,KA,BKK - Metro - Chon,Mapped,Mapped,299159.0,138.0,4.620272998,4.64802964,100.0,23.7,11.85,100.0,100.0,4.62,4.65,100,11.38,0.0,22.16,519,Low,Monitor,No immediate action required.,To Do,Commercial,-,Low
4922113.0,Oakwood Suites Tiwanon Bangkok,0.4374585606376504,0.4731220112617483,0.44660542915797086,0.5056994652889909,62.0,24.0,40.18,Nonthaburi,LT,BKK - Metro - Chon,Mapped,Mapped,165579.0,75.0,2.557244277,2.526103065,100.0,22.04,11.02,100.0,100.0,2.56,2.53,100,10.07,0.0,22.15,520,Low,Monitor,No immediate action required.,To Do,Commercial,-,Low
137953.0,Qoo Hotel Buriram,0.3499518580675163,0.370588347338313,0.36532275848086254,0.5130855491467685,15.0,1.0,27.15,Buriram,KA,Lower Isan - Central,Not live,Mapped,239686.0,46.0,3.701761543,1.549343213,70.0,16.32,22.085,40.0,100.0,3.7,1.55,50,7.74,3.87,22.15,521,Low,Monitor,No immediate action required.,To Do,Commercial,-,Low
712.0,Kiang Haad Beach Hua Hin,0.3944634614262891,0.4246848291212894,0.41528824193871633,0.4884993255559618,58.0,134.0,40.82,Hua Hin,LT,Lower South - West,Mapped,Mapped,124622.0,89.0,1.924681324,2.997642304,100.0,21.86,10.93,100.0,100.0,1.92,3.0,100,10.02,0.0,22.14,522,Low,Monitor,No immediate action required.,To Do,Commercial,-,Low
4640.0,Aramis Hotel Nakhon Sawan,0.4633423517671559,0.4845027588982717,0.38720001003152893,0.5037226750922379,27.0,41.0,35.04,Nakhon Sawan,KA,North,Mapped,Mapped,679212.0,88.0,10.4898927,2.96396093,100.0,26.13,13.065,100.0,100.0,10.49,2.96,100,13.14,0.0,22.12,523,Low,Monitor,No immediate action required.,To Do,Commercial,-,Low
5102086.0,The Bunchoo city,0.402970081784901,0.4183044573860469,0.3863555801905944,0.504975588081667,6.0,69.0,29.54,Khon Kaen,LT,Upper Isan - East,Not mapped,Mapped,52579.0,10.0,0.8120341164,0.336813742,50.0,10.51,14.335,0.0,100.0,0.81,0.34,50,6.42,3.21,22.12,524,Low,Monitor,No immediate action required.,To Do,Commercial,-,Low
447.0,I Residence Hotel Sathorn,0.4132125933136118,0.4334218206225336,0.4272083241087545,0.4977248625556302,52.0,38.0,37.59,Bangkok,KA,BKK - Metro - Chon,Mapped,Mapped,400270.0,109.0,6.181856112,3.671269788,100.0,24.19,12.095,100.0,100.0,6.18,3.67,100,11.71,0.0,22.11,525,Low,Monitor,No immediate action required.,To Do,Commercial,-,Low
4543129.0,Nunglen Gunmai Resort,0.3454932261996756,0.36796720306733,0.34091256141515613,0.5048381183688474,22.0,25.0,28.9,Chonburi,LT,BKK - Metro - Chon,Mapped,Not Live,108401.0,14.0,1.674165704,0.4715392388,70.0,14.98,17.305,100.0,40.0,1.67,0.47,50,6.76,3.38,22.1,526,Low,Monitor,No immediate action required.,To Do,Commercial,-,Low
2010924.0,Thitikorn Grandview,0.347938685830904,0.3955720740725136,0.3606593640793361,0.4667134305047342,19.0,108.0,30.28,Pathum Thani,LT,BKK - Metro - Chon,Mapped,Null,66144.0,12.0,1.021541029,0.4041764904,50.0,10.63,18.31,100.0,0.0,1.02,0.4,50,6.69,3.34,22.09,527,Low,Monitor,No immediate action required.,To Do,Commercial,-,Low
4920651.0,Tripper Hotel Ubon,0.3104268652817829,0.4279673807712745,0.3697692016357312,0.5004773968411385,41.0,4.0,30.36,Ubon Ratchathani,KA,Lower Isan - Central,Mapped,Mapped,1255261.0,16.0,19.38651618,0.5389019872,100.0,29.85,14.925,100.0,100.0,19.39,0.54,100,15.93,0.0,22.08,528,Low,Monitor,No immediate action required.,To Do,Commercial,-,Low
2007270.0,Wattana House Thayang,0.440286438071289,0.4490760665589374,0.4408182991968949,0.5056767118217828,41.0,33.0,36.58,Phetchaburi,KA,Lower South - West,Mapped,Mapped,478257.0,107.0,7.386307885,3.603907039,100.0,24.77,12.385,100.0,100.0,7.39,3.6,100,12.09,0.0,22.08,529,Low,Monitor,No immediate action required.,To Do,Commercial,-,Low
4921766.0,Chanthana Boutique Hotel,0.3535985161665294,0.3725942328652783,0.35981470425092965,0.5012453671241451,20.0,33.0,29.02,Buriram,LT,Lower Isan - Central,Mapped,Null,97628.0,11.0,1.507787834,0.3704951162,50.0,10.87,17.085,100.0,0.0,1.51,0.37,50,6.67,3.34,22.05,530,Low,Monitor,No immediate action required.,To Do,Commercial,-,Low
43669.0,New Dhara Place Lomsak,0.293895981658885,0.3146040785019299,0.30612653951540464,0.5130855491467685,17.0,1.0,25.29,Phetchabun,KA,North,Mapped,Not Live,463325.0,1.0,7.15569553,0.0336813742,70.0,17.59,22.09,100.0,40.0,7.16,0.03,50,8.65,4.32,22.04,531,Low,Monitor,No immediate action required.,To Do,Commercial,-,Low
4920643.0,The Model Garden Hotel,0.393574686734755,0.4405138434608724,0.4077941041139321,0.5027813056869154,21.0,19.0,30.4,Yasothon,KA,Lower Isan - Central,Mapped,Mapped,1048007.0,158.0,16.18563761,5.321657124,100.0,29.69,14.845,100.0,100.0,16.19,5.32,100,15.77,0.0,22.03,532,Low,Monitor,No immediate action required.,To Do,Commercial,-,Low
65011.0,Aziss Boutique Hotel,0.424074754606621,0.4604142976682848,0.4258902825610644,0.4924437415565847,46.0,8.0,35.83,Phitsanulok,KA,North,Mapped,Mapped,615521.0,79.0,9.506243123,2.660828562,100.0,25.55,12.775,100.0,100.0,9.51,2.66,100,12.72,0.0,22.03,533,Low,Monitor,No immediate action required.,To Do,Commercial,-,Low
43837.0,Boonjumnong Modern Apartment,0.3894560590858519,0.4137957731368406,0.39769263134676985,0.5365167549140876,49.0,2.0,35.71,Koh Samui,KA,Upper South,Mapped,Mapped,553484.0,40.0,8.54812792,1.347254968,100.0,24.68,12.34,100.0,100.0,8.55,1.35,100,11.82,0.0,21.99,534,Low,Monitor,No immediate action required.,To Do,Commercial,-,Low
4920471.0,Niyom STN Hotel Udon Thani,0.3318389241678774,0.4012222930988509,0.28185341134686465,0.5034706429894542,6.0,4.0,24.61,Udon Thani,KA,Upper Isan - East,Mapped,Mapped,1815003.0,19.0,28.03128409,0.6399461098,100.0,34.21,17.105,100.0,100.0,28.03,0.64,100,19.13,0.0,21.98,535,Low,Monitor,No immediate action required.,To Do,Commercial,-,Low
63451.0,Greenpark Hotel Kamphaengpet,0.3415129419654786,0.3753601231137311,0.3230306288722666,0.503207315426853,6.0,2.0,24.93,Kamphaeng Phet,KA,North,Mapped,Not Mapped,424894.0,67.0,6.56215902,2.256652071,50.0,13.96,18.87,100.0,0.0,6.56,2.26,50,8.94,4.47,21.98,536,Low,Expand to Ctrip,Expand distribution to increase room nights.,To Do,Market Manager,72 Hours,Medium
183073.0,The Rooms Residence Pattani,0.3602129062279012,0.3791016529983705,0.37365965913184346,0.5065486372128912,16.0,8.0,27.84,Pattani,KA,Lower South - West,Mapped,Not Live,193759.0,3.0,2.992451513,0.1010441226,70.0,15.53,18.66,100.0,40.0,2.99,0.1,50,7.09,3.54,21.96,537,Low,Monitor,No immediate action required.,To Do,Commercial,-,Low
63414.0,The Crystal Hotel Buriram,0.3635273132448647,0.5588155070522829,0.43537455604444586,0.4908563339976741,54.0,40.0,35.91,Buriram,KA,Lower Isan - Central,Mapped,Mapped,473624.0,171.0,7.314752998,5.759514988,100.0,25.39,12.695,100.0,100.0,7.31,5.76,100,12.56,0.0,21.96,538,Low,Monitor,No immediate action required.,To Do,Commercial,-,Low
2010790.0,HUG Sakonnakhon,0.4445449386703953,0.4558278433748405,0.4481752975191948,0.5071289895575076,46.0,10.0,37.0,Sakon Nakhon,KA,Upper Isan - East,Mapped,Mapped,376662.0,124.0,5.817244214,4.176490401,100.0,24.16,12.08,100.0,100.0,5.82,4.18,100,11.56,0.0,21.95,539,Low,Monitor,No immediate action required.,To Do,Commercial,-,Low
182808.0,Ibiz Boutique Hotel,0.3787320529943164,0.3885784103027178,0.37983649331983244,0.5040455716113695,27.0,9.0,30.66,Nakhon Si Thammarat,KA,Lower South - West,Mapped,Mapped,998259.0,153.0,15.41732822,5.153250253,100.0,29.25,14.625,100.0,100.0,15.42,5.15,100,15.39,0.0,21.93,540,Low,Monitor,No immediate action required.,To Do,Commercial,-,Low
4220974.0,U-Thong Hotel,0.442398388123576,0.4565466757332087,0.42515031834539435,0.5041570794105529,24.0,26.0,33.17,Phitsanulok,KA,North,Mapped,Mapped,669223.0,201.0,10.33561908,6.769956214,100.0,27.2,13.6,100.0,100.0,10.34,6.77,100,13.84,0.0,21.91,541,Low,Monitor,No immediate action required.,To Do,Commercial,-,Low
43657.0,Saraburi Garden Resort,0.4414716301538089,0.5367635086716691,0.4749011820100448,0.4934366766136658,43.0,141.0,40.17,Saraburi,KA,Lower Isan - Central,Mapped,Mapped,113769.0,92.0,1.757075331,3.098686426,100.0,21.81,10.905,100.0,100.0,1.76,3.1,100,9.84,0.0,21.91,542,Low,Monitor,No immediate action required.,To Do,Commercial,-,Low
4606550.0,Dookhao Chomklong Mongtalay Hotel,0.3434357520460014,0.3767989186685948,0.3543682912994552,0.5064152340007363,20.0,24.0,28.43,Prachuapkhirikhan,LT,Lower South - West,Mapped,Not Mapped,98416.0,17.0,1.519958491,0.5725833614,50.0,10.93,15.235,100.0,0.0,1.52,0.57,50,6.62,3.31,21.9,543,Low,Expand to Ctrip,Expand distribution to increase room nights.,To Do,Market Manager,72 Hours,Medium
5102449.0,Wish Resident Ubonratchathani,0.3641895060094333,0.3746308335902165,0.36896245343320383,0.4986903965828123,21.0,33.0,29.58,Ubon Ratchathani,LT,Lower Isan - Central,Mapped,Null,6474.0,12.0,0.09998304828,0.4041764904,50.0,10.17,16.11,100.0,0.0,0.1,0.4,50,6.09,3.04,21.9,544,Low,Monitor,No immediate action required.,To Do,Commercial,-,Low
21253.0,S Ratchada Leisure Hotel,0.3419694468761156,0.3859476228717521,0.3722869973915087,0.5021164988957297,8.0,85.0,27.93,Bangkok,LT,BKK - Metro - Chon,Mapped,Not Live,129866.0,41.0,2.005682818,1.380936342,70.0,15.42,16.77,100.0,40.0,2.01,1.38,50,7.0,3.5,21.9,545,Low,Monitor,No immediate action required.,To Do,Commercial,-,Low
2006452.0,My Room Ratchaburi​,0.3434819040457786,0.3588933125502351,0.35046046300360734,0.5027847006953368,23.0,13.0,28.59,Ratchaburi,LT,Lower South - West,Mapped,Not Mapped,109714.0,1.0,1.694446889,0.0336813742,50.0,10.86,14.755,100.0,0.0,1.69,0.03,50,6.57,3.28,21.89,546,Low,Expand to Ctrip,Expand distribution to increase room nights.,To Do,Market Manager,72 Hours,Medium
2000118.0,Vieng Khong Hotel Mukdahan,0.2971013109550862,0.3310895079806141,0.3145710380469323,0.5194962077391709,30.0,1.0,28.02,Mukdahan,LT,Lower Isan - Central,Not live,Mapped,110855.0,11.0,1.712070434,0.3704951162,70.0,14.97,20.94,40.0,100.0,1.71,0.37,50,6.57,3.28,21.89,547,Low,Monitor,No immediate action required.,To Do,Commercial,-,Low
63633.0,24@Home Hotel,0.4855444801432245,0.4967493067273406,0.492230543437058,0.5088811416083955,38.0,18.0,37.41,Nonthaburi,KA,BKK - Metro - Chon,Mapped,Mapped,454056.0,14.0,7.012537878,0.4715392388,100.0,23.65,11.825,100.0,100.0,7.01,0.47,100,11.13,0.0,21.88,548,Low,Monitor,No immediate action required.,To Do,Commercial,-,Low
183266.0,Aileen Hotel,0.333098486376126,0.3484198546977889,0.3421269158932924,0.5088128384219902,26.0,6.0,28.64,Khon Kaen,LT,Upper Isan - East,Mapped,Not Mapped,57682.0,19.0,0.8908576676,0.6399461098,50.0,10.64,17.15,100.0,0.0,0.89,0.64,50,6.36,3.18,21.86,549,Low,Expand to Ctrip,Expand distribution to increase room nights.,To Do,Market Manager,72 Hours,Medium
4915585.0,Huern Kan Thong Hotel,0.3967876959470231,0.4013524953367642,0.39873200091860483,0.5056743400565383,33.0,12.0,32.65,Phrae,KA,North,Mapped,Mapped,491664.0,364.0,7.593355925,12.26002021,100.0,27.47,13.735,100.0,100.0,7.59,12.26,100,14.0,0.0,21.85,550,Low,Monitor,No immediate action required.,To Do,Commercial,-,Low
4883815.0,Tharin Hotel Ra Node,0.3439022545817232,0.4454487759432324,0.4019994274920114,0.4986998802317495,3.0,117.0,27.99,Songkhla,LT,Lower South - West,Not mapped,Mapped,151567.0,15.0,2.34083967,0.505220613,50.0,11.32,17.945,0.0,100.0,2.34,0.51,50,6.92,3.46,21.84,551,Low,Monitor,No immediate action required.,To Do,Commercial,-,Low
4936361.0,Barista Hotel Uttaradit,0.3444704441968218,0.3507258161022714,0.30985871526142444,0.5068375028522657,18.0,11.0,27.69,Uttaradit,KA,North,Mapped,Not Live,130865.0,36.0,2.021100929,1.212529471,70.0,15.37,17.99,100.0,40.0,2.02,1.21,50,6.91,3.46,21.83,552,Low,Monitor,No immediate action required.,To Do,Commercial,-,Low
4856321.0,Hormuenlee Resort Sangkhla Buri,0.2971013109550862,0.3310895079806141,0.31723401502586956,0.5194962077391709,30.0,1.0,28.02,Sangkhlaburi,LT,Lower South - West,Mapped,Not Mapped,97640.0,6.0,1.507975636,0.2020882452,50.0,10.81,17.245,100.0,0.0,1.51,0.2,50,6.42,3.21,21.81,553,Low,Expand to Ctrip,Expand distribution to increase room nights.,To Do,Market Manager,72 Hours,Medium
4543017.0,K2 Green Hotel Suphan,0.3341430504811942,0.4432213716871063,0.3827380929769684,0.4867947354722974,33.0,28.0,30.27,Suphan Buri,KA,Lower Isan - Central,Mapped,Mapped,939837.0,239.0,14.51503612,8.049848434,100.0,29.67,14.835,100.0,100.0,14.52,8.05,100,15.73,0.0,21.81,554,Low,Monitor,No immediate action required.,To Do,Commercial,-,Low
4933244.0,Panda Home @ Cafe Songkhla,0.3498259710161839,0.4234635981092489,0.41005088371823195,0.505951971962857,20.0,19.0,28.52,Songkhla,LT,Lower South - West,Mapped,Not Live,53926.0,25.0,0.8328467364,0.842034355,70.0,14.67,18.65,100.0,40.0,0.83,0.84,50,6.37,3.18,21.8,555,Low,Monitor,No immediate action required.,To Do,Commercial,-,Low
2002124.0,Central Place Hotel Rayong,0.3915075302831333,0.4166601949178736,0.39204271406519087,0.5047022639103397,44.0,18.0,34.7,Rayong,KA,Upper Isan - East,Mapped,Mapped,275723.0,356.0,4.25832708,11.99056922,100.0,25.73,12.865,100.0,100.0,4.26,11.99,100,12.67,0.0,21.79,556,Low,Monitor,No immediate action required.,To Do,Commercial,-,Low
43888.0,Kaewsamui Resort,0.3747861649044241,0.3917777057185756,0.3834587620269067,0.4999058271266651,18.0,72.0,30.69,Surat Thani,KA,Upper South,Mapped,Mapped,706607.0,351.0,10.9129889,11.82216234,100.0,29.0,14.5,100.0,100.0,10.91,11.82,100,15.14,0.0,21.78,557,Low,Monitor,No immediate action required.,To Do,Commercial,-,Low
65458.0,Charoenchit House Khon Kaen,0.4200437585555483,0.4493624855717933,0.3803476436468408,0.5048511483956178,40.0,36.0,35.65,Khon Kaen,KA,Upper Isan - East,Mapped,Mapped,290861.0,267.0,4.492117391,8.992926911,100.0,24.94,12.47,100.0,100.0,4.49,8.99,100,12.07,0.0,21.78,558,Low,Monitor,No immediate action required.,To Do,Commercial,-,Low
4799851.0,Wises Hotel,0.4128666719969692,0.4419486795617827,0.4243707195480334,0.5067764623887004,38.0,31.0,34.87,Chachoengsao,KA,Upper Isan - East,Mapped,Mapped,645371.0,51.0,9.967238795,1.717750084,100.0,25.5,12.75,100.0,100.0,9.97,1.72,100,12.48,0.0,21.77,559,Low,Monitor,No immediate action required.,To Do,Commercial,-,Low
484.0,The Heritage Hotel Sathorn,0.4347388100175376,0.4591745633367672,0.4331577013957873,0.4940226641925643,38.0,141.0,38.96,Bangkok,KA,BKK - Metro - Chon,Mapped,Mapped,164800.0,120.0,2.545205977,4.041764904,100.0,22.49,11.245,100.0,100.0,2.55,4.04,100,10.28,0.0,21.77,560,Low,Monitor,No immediate action required.,To Do,Commercial,-,Low
5002714.0,Baan B&B Sukhothai,0.3559514081569285,0.361909918448514,0.3569463795586132,0.5042697702535913,20.0,17.0,28.67,Sukhothai,LT,North,Mapped,Null,31947.0,27.0,0.4933919151,0.9093971034,50.0,10.52,15.575,100.0,0.0,0.49,0.91,50,6.25,3.12,21.77,561,Low,Monitor,No immediate action required.,To Do,Commercial,-,Low
4922560.0,Geen Hotel Chonburi,0.3334414085274298,0.3722395426149444,0.35893836239193877,0.506675611708559,16.0,1.0,26.55,Chonburi,KA,BKK - Metro - Chon,Mapped,Mapped,1501186.0,58.0,23.1846408,1.953519704,100.0,32.18,16.09,100.0,100.0,23.18,1.95,100,17.48,0.0,21.77,562,Low,Monitor,No immediate action required.,To Do,Commercial,-,Low
2010883.0,Neca Reiche Hotel,0.432675791721691,0.4831341054735751,0.4556786199533142,0.503076237941492,49.0,67.0,38.82,Hatyai,KA,Lower South - West,Mapped,Mapped,199436.0,86.0,3.080125216,2.896598181,100.0,22.41,11.205,100.0,100.0,3.08,2.9,100,10.17,0.0,21.76,563,Low,Monitor,No immediate action required.,To Do,Commercial,-,Low
65661.0,Mantra Varee Hotel,0.3937878615892203,0.4548391454101524,0.40314458128529745,0.5010479979711161,54.0,68.0,38.2,Khon Kaen,KA,Upper Isan - East,Mapped,Mapped,250096.0,97.0,3.86253965,3.267093297,100.0,22.91,11.455,100.0,100.0,3.86,3.27,100,10.55,0.0,21.75,564,Low,Monitor,No immediate action required.,To Do,Commercial,-,Low
4921172.0,Fah Prathan Boutique Resort,0.3444008008056396,0.3773945999161748,0.36259008664065984,0.5010161953819517,20.0,26.0,28.43,Prachuapkhirikhan,LT,Lower South - West,Mapped,Null,51777.0,31.0,0.7996503295,1.0441226,50.0,10.71,17.965,100.0,0.0,0.8,1.04,50,6.4,3.2,21.74,565,Low,Monitor,No immediate action required.,To Do,Commercial,-,Low
4921349.0,Arthitaya Green Nature Hotel & Lakkhana Poolside Resort,0.3834683576497174,0.410145892108966,0.38983162426346263,0.5040840466339774,51.0,32.0,36.14,Pattaya,KA,BKK - Metro - Chon,Mapped,Mapped,460400.0,88.0,7.110513025,2.96396093,100.0,24.44,12.22,100.0,100.0,7.11,2.96,100,11.67,0.0,21.72,566,Low,Monitor,No immediate action required.,To Do,Commercial,-,Low
4915675.0,The Gold Living Life,0.4417264457311337,0.4621507466291322,0.3906487448924093,0.5036273038180046,16.0,21.0,31.45,Nakhon Si Thammarat,KA,Lower South - West,Mapped,Mapped,625763.0,334.0,9.664418108,11.24957898,100.0,28.21,14.105,100.0,100.0,9.66,11.25,100,14.5,0.0,21.72,567,Low,Monitor,No immediate action required.,To Do,Commercial,-,Low
43854.0,Hi Hotel Saraburi,0.4110664410057032,0.4380903398177855,0.3562489409881455,0.5127271542161126,36.0,3.0,33.65,Saraburi,KA,Lower Isan - Central,Mapped,Mapped,779095.0,23.0,12.03251017,0.7746716066,100.0,26.25,13.125,100.0,100.0,12.03,0.77,100,12.98,0.0,21.71,568,Low,Monitor,No immediate action required.,To Do,Commercial,-,Low
2009458.0,Prince Palace Hotel Bangkok,0.3542981710781576,0.3798767289568419,0.3595379605270229,0.5006240637508629,1.0,63.0,26.36,Bangkok,LT,BKK - Metro - Chon,Mapped,Not Live,164490.0,101.0,2.540414101,3.401818794,70.0,16.29,19.07,100.0,40.0,2.54,3.4,50,7.56,3.78,21.7,569,Low,Monitor,No immediate action required.,To Do,Commercial,-,Low
152941.0,My Room By Sermsub,0.4388811713283526,0.4500428313540699,0.4078016980470406,0.5061520082285401,40.0,32.0,36.31,Aranyaprathet,KA,Upper Isan - East,Mapped,Mapped,350013.0,151.0,5.405674343,5.085887504,100.0,24.23,12.115,100.0,100.0,5.41,5.09,100,11.49,0.0,21.7,570,Low,Monitor,No immediate action required.,To Do,Commercial,-,Low
4543066.0,Smile Park Hotel,0.3472254808150179,0.4315580074349922,0.40214922663228464,0.5042889048784106,22.0,27.0,29.02,Nakhon Si Thammarat,KA,Lower South - West,Mapped,Mapped,1081880.0,171.0,16.70877925,5.759514988,100.0,30.08,15.04,100.0,100.0,16.71,5.76,100,15.89,0.0,21.69,571,Low,Monitor,No immediate action required.,To Do,Commercial,-,Low
4920896.0,The Resort Hotel at Photharam,0.3104117138042893,0.3652469275400229,0.3407233392576747,0.5027935985729189,1.0,10.0,22.98,Ratchaburi,KA,Lower South - West,Mapped,Not Mapped,511031.0,93.0,7.892463515,3.132367801,50.0,14.89,16.885,100.0,0.0,7.89,3.13,50,9.48,4.74,21.66,572,Low,Expand to Ctrip,Expand distribution to increase room nights.,To Do,Market Manager,72 Hours,Medium
4883844.0,The Loft House Sakaeo,0.3386762569638156,0.3451361097358046,0.34118255453670815,0.5069693266668206,21.0,7.0,27.91,Sa Kaeo,LT,Upper Isan - East,Mapped,Not Mapped,84131.0,17.0,1.299334371,0.5725833614,50.0,10.82,14.59,100.0,0.0,1.3,0.57,50,6.4,3.2,21.64,573,Low,Expand to Ctrip,Expand distribution to increase room nights.,To Do,Market Manager,72 Hours,Medium
183668.0,North Inn Town Hotel,0.2810272068817718,0.4378094788909448,0.36557437366019613,0.5002656742703494,58.0,3.0,32.39,Chiang Mai,KA,North,Mapped,Mapped,867306.0,65.0,13.39486388,2.189289323,100.0,27.35,13.675,100.0,100.0,13.39,2.19,100,13.83,0.0,21.63,574,Low,Monitor,No immediate action required.,To Do,Commercial,-,Low
63738.0,Baan Suan Phet Resort,0.2842321756008766,0.3389406104286848,0.3222246173168662,0.506675611708559,39.0,1.0,28.96,Kamphaeng Phet,KA,North,Mapped,Mapped,1113012.0,134.0,17.18959154,4.513304143,100.0,29.95,14.975,100.0,100.0,17.19,4.51,100,15.74,0.0,21.62,575,Low,Monitor,No immediate action required.,To Do,Commercial,-,Low
4848054.0,PLAAI Play Hotel,0.4656979758459033,0.4741219208743078,0.44742376864218525,0.5043653973898002,50.0,25.0,39.03,Rayong,KA,Upper Isan - East,Mapped,Mapped,203603.0,35.0,3.144487579,1.178848097,100.0,21.93,10.965,100.0,100.0,3.14,1.18,100,9.73,0.0,21.62,576,Low,Monitor,No immediate action required.,To Do,Commercial,-,Low
5101867.0,Jamsanor River Resort,0.3815939762387006,0.3897545533682279,0.3861107670335432,0.5057494791555148,17.0,4.0,28.74,Suphan Buri,LT,Lower Isan - Central,Mapped,Null,13906.0,3.0,0.2147610338,0.1010441226,50.0,10.14,14.835,100.0,0.0,0.21,0.1,50,5.88,2.94,21.62,577,Low,Monitor,No immediate action required.,To Do,Commercial,-,Low
181002.0,The Win Hotel Bang Saphan,0.2868018255829391,0.3711730851127189,0.33849543312540703,0.5024600402030985,10.0,2.0,23.49,Prachuapkhirikhan,KA,Lower South - West,Not mapped,Mapped,556392.0,9.0,8.593032893,0.3031323678,50.0,14.39,21.075,0.0,100.0,8.59,0.3,50,9.08,4.54,21.61,578,Low,Monitor,No immediate action required.,To Do,Commercial,-,Low
63795.0,Maison de Cheer,0.3792050706418242,0.3943066961288065,0.3681881483004549,0.5042093260650513,39.0,43.0,34.04,Trang,KA,Upper South,Mapped,Mapped,340941.0,317.0,5.265564298,10.67699562,100.0,25.84,12.92,100.0,100.0,5.27,10.68,100,12.65,0.0,21.58,579,Low,Monitor,No immediate action required.,To Do,Commercial,-,Low
21359.0,PS Hotel Saraburi,0.2922934972993326,0.3322085835574975,0.3187200435616097,0.5098805804276637,32.0,1.0,28.02,Saraburi,LT,Lower Isan - Central,Mapped,Not Mapped,61545.0,1.0,0.9505113996,0.0336813742,50.0,10.49,17.65,100.0,0.0,0.95,0.03,50,6.09,3.04,21.55,580,Low,Expand to Ctrip,Expand distribution to increase room nights.,To Do,Market Manager,72 Hours,Medium
199.0,Best Western Sukhumvit 20,0.4305933173210906,0.4399376534993843,0.3711119650234291,0.5041670724425783,67.0,28.0,40.95,Bangkok,LT,BKK - Metro - Chon,Mapped,Mapped,17264.0,12.0,0.266636443,0.4041764904,100.0,20.25,10.125,100.0,100.0,0.27,0.4,100,8.45,0.0,21.55,581,Low,Monitor,No immediate action required.,To Do,Commercial,-,Low
2008838.0,Anchan Laguna Hotel,0.4161866366511198,0.5065392697518896,0.4371395173515102,0.5005393927743638,49.0,22.0,36.69,Khon Kaen,KA,Upper Isan - East,Mapped,Mapped,324347.0,121.0,5.009278566,4.075446278,100.0,23.73,11.865,100.0,100.0,5.01,4.08,100,11.07,0.0,21.55,582,Low,Monitor,No immediate action required.,To Do,Commercial,-,Low
4543087.0,Worachat Boutique Hotel Lomsak,0.2998977873891129,0.3236983758866931,0.3135244327797761,0.5130855491467685,17.0,2.0,25.56,Phetchabun,KA,North,Mapped,Null,271272.0,27.0,4.189588754,0.9093971034,50.0,12.37,20.515,100.0,0.0,4.19,0.91,50,7.48,3.74,21.54,583,Low,Monitor,No immediate action required.,To Do,Commercial,-,Low
2003945.0,Baan PhingPhuPraew resort Cha-am,0.3510673527644891,0.3638667243067164,0.3566075500149904,0.5043897869703413,19.0,20.0,28.38,Cha-am,LT,Lower South - West,Mapped,Not Mapped,16987.0,14.0,0.262349593,0.4715392388,50.0,10.27,17.49,100.0,0.0,0.26,0.47,50,5.95,2.98,21.53,584,Low,Expand to Ctrip,Expand distribution to increase room nights.,To Do,Market Manager,72 Hours,Medium
5021799.0,The Brillianest Gallery Hotel Hatyai,0.3831568002820056,0.3886850466607591,0.38639701341212007,0.5077233409960452,16.0,13.0,28.94,Hatyai,KA,Lower South - West,Mapped,Mapped,1059603.0,152.0,16.36472854,5.119568878,100.0,29.72,14.86,100.0,100.0,16.36,5.12,100,15.5,0.0,21.51,585,Low,Monitor,No immediate action required.,To Do,Commercial,-,Low
4933490.0,Grand BS Airport Hotel Suvarnabhumi,0.4735281200896675,0.5469897329889581,0.4885855005093721,0.4871144637398808,49.0,57.0,39.81,Bangkok,LT,BKK - Metro - Chon,Mapped,Mapped,139500.0,34.0,2.154467877,1.145166723,100.0,21.42,10.71,100.0,100.0,2.15,1.15,100,9.38,0.0,21.51,586,Low,Monitor,No immediate action required.,To Do,Commercial,-,Low
2004350.0,Nunglen Hotel,0.3248652643250118,0.3369282293144508,0.33019899619282944,0.5060517651024224,20.0,5.0,27.08,Chonburi,LT,BKK - Metro - Chon,Mapped,Not Mapped,121455.0,30.0,1.87578047,1.010441226,50.0,11.24,19.4,100.0,0.0,1.88,1.01,50,6.66,3.33,21.51,587,Low,Expand to Ctrip,Expand distribution to increase room nights.,To Do,Market Manager,72 Hours,Medium
2000033.0,Chiang Khum Tailue Resort,0.385099903781781,0.4069357918634569,0.39827802871948026,0.4966210190309817,2.0,73.0,28.02,Phayao,LT,North,Mapped,Not Mapped,60504.0,19.0,0.9344330483,0.6399461098,50.0,10.66,18.255,100.0,0.0,0.93,0.64,50,6.26,3.13,21.5,588,Low,Expand to Ctrip,Expand distribution to increase room nights.,To Do,Market Manager,72 Hours,Medium
4920862.0,The Cottage Chaiyaphum,0.3242054831396809,0.3254211410420614,0.32242812062283205,0.5068079245866034,18.0,3.0,26.63,Chaiyaphum,LT,Upper Isan - East,Mapped,Not Mapped,133281.0,46.0,2.05842681,1.549343213,50.0,11.49,16.18,100.0,0.0,2.06,1.55,50,6.82,3.41,21.47,589,Low,Expand to Ctrip,Expand distribution to increase room nights.,To Do,Market Manager,72 Hours,Medium
4739720.0,Sansabai House Hotel,0.3337920005369571,0.3369034442704569,0.3062650945080119,0.5050733959640142,25.0,4.0,28.34,Nakhonratchasima,LT,Lower Isan - Central,Mapped,Null,17645.0,3.0,0.2725108034,0.1010441226,50.0,10.17,14.25,100.0,0.0,0.27,0.1,50,5.83,2.92,21.47,590,Low,Monitor,No immediate action required.,To Do,Commercial,-,Low
137899.0,We Terminal Hotel,0.3706332170697289,0.4069621702869693,0.36673316145774204,0.5041091569331351,56.0,40.0,36.84,Chiang Mai,LT,North,Mapped,Mapped,251060.0,142.0,3.877421075,4.782755136,100.0,23.37,11.685,100.0,100.0,3.88,4.78,100,10.74,0.0,21.46,591,Low,Monitor,No immediate action required.,To Do,Commercial,-,Low
4885008.0,Sann View Hotel,0.4326466591712229,0.4426980325456618,0.42981798174293095,0.4998531435331836,43.0,30.0,36.44,Chiang Rai,KA,North,Mapped,Mapped,231261.0,194.0,3.571639578,6.534186595,100.0,23.75,11.875,100.0,100.0,3.57,6.53,100,11.03,0.0,21.45,592,Low,Monitor,No immediate action required.,To Do,Commercial,-,Low
4996599.0,Lalynn Resort,0.3544516914091832,0.380351253252463,0.34710293917121127,0.4835159104944683,4.0,103.0,27.86,Chumphon,LT,Upper South,Mapped,Not Mapped,60907.0,47.0,0.9406532047,1.583024587,50.0,10.95,14.77,100.0,0.0,0.94,1.58,50,6.52,3.26,21.45,593,Low,Expand to Ctrip,Expand distribution to increase room nights.,To Do,Market Manager,72 Hours,Medium
43625.0,P.N. Gold Resort,0.3509691953175067,0.3650298165434302,0.36198600444061146,0.5052814572773102,36.0,12.0,31.38,Bangsaen,KA,BKK - Metro - Chon,Mapped,Mapped,656014.0,257.0,10.13162235,8.656113169,100.0,27.66,13.83,100.0,100.0,10.13,8.66,100,13.94,0.0,21.44,594,Low,Monitor,No immediate action required.,To Do,Commercial,-,Low
2012244.0,Sann Hotel,0.4183411215887754,0.4229171244373758,0.41999138444157047,0.5058931184941736,40.0,10.0,34.79,Chiang Rai,KA,North,Mapped,Mapped,412985.0,173.0,6.378230039,5.826877737,100.0,24.94,12.47,100.0,100.0,6.38,5.83,100,11.9,0.0,21.44,595,Low,Monitor,No immediate action required.,To Do,Commercial,-,Low
3014271.0,Palm Sweet Resort,0.4257377483077448,0.480801838651703,0.4037272890781069,0.4992016599023505,40.0,18.0,35.2,Chumphon,KA,Upper South,Mapped,Mapped,378678.0,176.0,5.848389475,5.927921859,100.0,24.7,12.35,100.0,100.0,5.85,5.93,100,11.74,0.0,21.42,596,Low,Monitor,No immediate action required.,To Do,Commercial,-,Low
4868069.0,T Park Pakchong,0.4438931059842249,0.4709617058506987,0.4434390883771934,0.5039968118283673,47.0,61.0,38.71,Khaoyai,LT,Lower Isan - Central,Mapped,Mapped,96934.0,99.0,1.49706569,3.334456046,100.0,21.75,10.875,100.0,100.0,1.5,3.33,100,9.49,0.0,21.4,597,Low,Monitor,No immediate action required.,To Do,Commercial,-,Low
4606500.0,Wanlapa Baanpuk,0.3385171814631335,0.3670298135428835,0.34232057014330586,0.494099616449042,7.0,85.0,27.44,Ratchaburi,LT,Lower South - West,Not mapped,Mapped,112110.0,9.0,1.731454155,0.3031323678,50.0,10.96,15.74,0.0,100.0,1.73,0.3,50,6.44,3.22,21.39,598,Low,Monitor,No immediate action required.,To Do,Commercial,-,Low
25139.0,Nanaburi Hotel,0.3700233296490464,0.3946680536928312,0.3862377219052843,0.5011473817194113,62.0,25.0,37.42,Chumphon,KA,Upper South,Mapped,Mapped,320001.0,32.0,4.942160183,1.077803974,100.0,22.79,11.395,100.0,100.0,4.94,1.08,100,10.28,0.0,21.38,599,Low,Monitor,No immediate action required.,To Do,Commercial,-,Low
1773.0,Topland Hotel Phitsanulok,0.450237924088916,0.4623110380271465,0.457086315892397,0.5065229951125959,48.0,44.0,38.67,Phitsanulok,LT,North,Mapped,Mapped,128253.0,67.0,1.98077254,2.256652071,100.0,21.67,10.835,100.0,100.0,1.98,2.26,100,9.4,0.0,21.37,600,Low,Monitor,No immediate action required.,To Do,Commercial,-,Low
4920991.0,Golden Nest Hotel Suvarnabhumi,0.3479781529183751,0.4430138515086795,0.39589899176271587,0.5048405955868488,40.0,30.0,32.58,Bangkok,KA,BKK - Metro - Chon,Mapped,Mapped,454297.0,295.0,7.0162553,9.936005389,100.0,26.49,13.245,100.0,100.0,7.02,9.94,100,13.01,0.0,21.33,601,Low,Monitor,No immediate action required.,To Do,Commercial,-,Low
5101529.0,Chuleekorn Residence,0.3333775685482864,0.4423064542809321,0.36412729387539244,0.5032272472324021,5.0,21.0,25.01,Ubon Ratchathani,KA,Lower Isan - Central,Mapped,Null,256424.0,58.0,3.96026599,1.953519704,50.0,12.57,15.345,100.0,0.0,3.96,1.95,50,7.57,3.78,21.32,602,Low,Monitor,No immediate action required.,To Do,Commercial,-,Low
63595.0,Watthanasup Mansion,0.3043142183050765,0.4893947970995951,0.38790409416411825,0.4853630073802846,43.0,130.0,34.17,Suphan Buri,KA,Lower Isan - Central,Mapped,Mapped,691156.0,26.0,10.67435328,0.8757157292,100.0,25.6,12.8,100.0,100.0,10.67,0.88,100,12.43,0.0,21.32,603,Low,Monitor,No immediate action required.,To Do,Commercial,-,Low
152386.0,Sinkiat Buri Hotel,0.4475761226014056,0.4608889840610481,0.4549789297062665,0.5039067661960008,34.0,19.0,35.06,Satun,KA,Upper South,Mapped,Mapped,248182.0,255.0,3.832973869,8.588750421,100.0,24.49,12.245,100.0,100.0,3.83,8.59,100,11.5,0.0,21.31,604,Low,Monitor,No immediate action required.,To Do,Commercial,-,Low
2011095.0,Janjao Hotel,0.3956175672504914,0.4185574652714054,0.4094833327551113,0.5070055609252371,2.0,8.0,26.6,Udon Thani,KA,Upper Isan - East,Mapped,Not Mapped,92512.0,46.0,1.428777254,1.549343213,50.0,11.18,18.635,100.0,0.0,1.43,1.55,50,6.5,3.25,21.3,605,Low,Expand to Ctrip,Expand distribution to increase room nights.,To Do,Market Manager,72 Hours,Medium
2005024.0,Veerasuda Condotel,0.3296012548813313,0.5346066332014483,0.3998626627361595,0.4840421870831887,7.0,92.0,27.1,Ratchaburi,LT,Lower South - West,Mapped,Null,61678.0,73.0,0.952575673,2.458740317,50.0,11.21,15.785,100.0,0.0,0.95,2.46,50,6.63,3.32,21.29,606,Low,Monitor,No immediate action required.,To Do,Commercial,-,Low
63591.0,The Resort Kabinburi,0.3421542939735286,0.4138464476005588,0.3873494117422666,0.5063880258702048,2.0,10.0,24.51,Prachin Buri,KA,Upper Isan - East,Mapped,Null,223142.0,111.0,3.446254508,3.738632536,50.0,12.84,18.125,100.0,0.0,3.45,3.74,50,7.75,3.88,21.29,607,Low,Monitor,No immediate action required.,To Do,Commercial,-,Low
4490199.0,Heritage Tropical Resort @ Muang Nakhon,0.3706059786356175,0.425093364268119,0.34542928739840617,0.4982704961434183,7.0,23.0,26.85,Nakhon Si Thammarat,KA,Lower South - West,Mapped,Not Mapped,117418.0,21.0,1.813424928,0.7073088582,50.0,11.12,16.03,100.0,0.0,1.81,0.71,50,6.49,3.24,21.28,608,Low,Expand to Ctrip,Expand distribution to increase room nights.,To Do,Market Manager,72 Hours,Medium
4598708.0,Nap Hotel Chiangrai,0.2832397628636685,0.3296060563454336,0.3117711260030639,0.4577082088211242,36.0,1.0,27.37,Chiang Rai,LT,North,Mapped,Not Mapped,95622.0,73.0,1.476798714,2.458740317,50.0,11.48,15.375,100.0,0.0,1.48,2.46,50,6.95,3.48,21.26,609,Low,Expand to Ctrip,Expand distribution to increase room nights.,To Do,Market Manager,72 Hours,Medium
4922551.0,Neera Retreat Hotel,0.3432689841078217,0.4437384229297123,0.39166537800350254,0.5024162395796121,16.0,15.0,27.3,Nakhon Pathom,LT,BKK - Metro - Chon,Mapped,Null,57607.0,17.0,0.8897016683,0.5725833614,50.0,10.62,18.2,100.0,0.0,0.89,0.57,50,6.08,3.04,21.25,610,Low,Monitor,No immediate action required.,To Do,Commercial,-,Low
174257.0,The Charm Boutique Resort,0.3907524828243371,0.5130523129539255,0.41220280531778586,0.5046628519255202,41.0,52.0,35.17,Khon Kaen,KA,Upper Isan - East,Mapped,Mapped,291105.0,200.0,4.495880836,6.73627484,100.0,24.27,12.135,100.0,100.0,4.5,6.74,100,11.31,0.0,21.25,611,Low,Monitor,No immediate action required.,To Do,Commercial,-,Low
4920985.0,Calinton Hotel,0.3710278794674908,0.3820287826422279,0.37742125586876074,0.5073610528872897,38.0,26.0,33.05,Udon Thani,KA,Upper Isan - East,Mapped,Mapped,551140.0,162.0,8.511922363,5.45638262,100.0,25.89,12.945,100.0,100.0,8.51,5.46,100,12.5,0.0,21.24,612,Low,Monitor,No immediate action required.,To Do,Commercial,-,Low
2005742.0,The Bliss Loei Living Hotel,0.3662304330273718,0.3741524016500891,0.370294256881339,0.5329091140582457,35.0,1.0,32.01,Loei,KA,Upper Isan - East,Mapped,Mapped,622550.0,140.0,9.614786434,4.715392388,100.0,26.22,13.11,100.0,100.0,9.61,4.72,100,12.62,0.0,21.24,613,Low,Monitor,No immediate action required.,To Do,Commercial,-,Low
4920830.0,Aiyara Riverine Hotel Nakhon Phanom,0.2998977873891129,0.3236983758866931,0.3135244327797761,0.5130855491467685,17.0,2.0,25.56,Nakhon Phanom,KA,Upper Isan - East,Not live,Mapped,164349.0,46.0,2.538235695,1.549343213,70.0,15.73,17.3,40.0,100.0,2.54,1.55,50,6.85,3.42,21.22,614,Low,Monitor,No immediate action required.,To Do,Commercial,-,Low
2011669.0,The Sept Korat,0.3157457404199562,0.3173436251559925,0.31372767775982907,0.5047984762795962,16.0,2.0,25.84,Nakhonratchasima,LT,Lower Isan - Central,Mapped,Null,201587.0,9.0,3.113346642,0.3031323678,50.0,11.65,16.99,100.0,0.0,3.11,0.3,50,6.81,3.4,21.21,615,Low,Monitor,No immediate action required.,To Do,Commercial,-,Low
4932294.0,The Grace Kokudom Mansion,0.3144625148773313,0.3404906489869001,0.3293623663369381,0.5045594955079563,19.0,6.0,26.48,Prachin Buri,KA,Upper Isan - East,Mapped,Not Mapped,131042.0,10.0,2.023844594,0.336813742,50.0,11.11,16.2,100.0,0.0,2.02,0.34,50,6.41,3.2,21.19,616,Low,Expand to Ctrip,Expand distribution to increase room nights.,To Do,Market Manager,72 Hours,Medium
2011031.0,Latisha Resort,0.3984997140612117,0.4295319409516944,0.4036657814881203,0.5027154674116062,19.0,28.0,30.5,Lop Buri,KA,Lower Isan - Central,Mapped,Mapped,818202.0,158.0,12.63649098,5.321657124,100.0,27.91,13.955,100.0,100.0,12.64,5.32,100,14.02,0.0,21.19,617,Low,Monitor,No immediate action required.,To Do,Commercial,-,Low
4885132.0,Neo Hotel Khonkaen,0.334875128994384,0.3907253575138831,0.36143012197384083,0.5006901171146553,5.0,30.0,25.31,Khon Kaen,KA,Upper Isan - East,Not mapped,Mapped,175006.0,69.0,2.702822191,2.32401482,50.0,12.05,17.045,0.0,100.0,2.7,2.32,50,7.11,3.56,21.15,618,Low,Monitor,No immediate action required.,To Do,Commercial,-,Low
63718.0,MD Grand Hotel,0.4326556397749518,0.4489584786527973,0.4235101915362392,0.5025014000179634,57.0,29.0,39.13,Nakhon Si Thammarat,LT,Lower South - West,Mapped,Mapped,84585.0,28.0,1.306349441,0.9430784776,100.0,20.94,10.47,100.0,100.0,1.31,0.94,100,8.76,0.0,21.15,619,Low,Monitor,No immediate action required.,To Do,Commercial,-,Low
4857732.0,Big House Hotel Wiang Pa Pao,0.357789049217991,0.3749465962913767,0.35123299560783405,0.5065185015610665,1.0,2.0,24.7,Chiang Rai,KA,North,Not mapped,Mapped,290266.0,14.0,4.482924533,0.4715392388,50.0,12.38,17.555,0.0,100.0,4.48,0.47,50,7.32,3.66,21.14,620,Low,Monitor,No immediate action required.,To Do,Commercial,-,Low
4920885.0,Good Nine Hotel,0.4582484476405188,0.4617181538849355,0.44771409034443105,0.5070281011147341,37.0,22.0,36.21,Samut Prakan,KA,BKK - Metro - Chon,Mapped,Mapped,317623.0,69.0,4.90543848,2.32401482,100.0,23.15,11.575,100.0,100.0,4.91,2.32,100,10.39,0.0,21.13,621,Low,Monitor,No immediate action required.,To Do,Commercial,-,Low
4862544.0,Mest Hotel,0.4193783604253245,0.432993075565049,0.3992202865279849,0.4986127246976866,38.0,19.0,34.58,Phatthalung,KA,Lower South - West,Mapped,Mapped,418401.0,136.0,6.461875428,4.580666891,100.0,24.61,12.305,100.0,100.0,6.46,4.58,100,11.52,0.0,21.12,622,Low,Monitor,No immediate action required.,To Do,Commercial,-,Low
137898.0,BR Grand Hotel Hatyai,0.365505769010527,0.427689884609688,0.39939535384891656,0.5020159947221492,29.0,19.0,30.78,Hatyai,KA,Lower South - West,Mapped,Mapped,781026.0,148.0,12.06232723,4.984843382,100.0,27.53,13.765,100.0,100.0,12.06,4.98,100,13.68,0.0,21.09,623,Low,Monitor,No immediate action required.,To Do,Commercial,-,Low
4915580.0,Top inn Hotel Mahasarakham,0.3376809337053664,0.3474085036621127,0.34466366058960696,0.5071478640760112,35.0,5.0,30.47,Maha Sarakham,KA,Upper Isan - East,Mapped,Mapped,747305.0,188.0,11.54153682,6.33209835,100.0,27.67,13.835,100.0,100.0,11.54,6.33,100,13.76,0.0,21.09,624,Low,Monitor,No immediate action required.,To Do,Commercial,-,Low
4857677.0,Poh Rak Resort,0.3281966257155093,0.3426175543798218,0.3318300758728997,0.498618762854266,0.0,95.0,26.1,Nakhon Pathom,KA,BKK - Metro - Chon,Not mapped,Mapped,154573.0,11.0,2.387256631,0.3704951162,50.0,11.3,17.455,0.0,100.0,2.39,0.37,50,6.53,3.26,21.08,625,Low,Monitor,No immediate action required.,To Do,Commercial,-,Low
2000215.0,Feungfah Litz,0.3205046507196706,0.4225176309653848,0.3600042387166881,0.4899956403121502,36.0,11.0,29.82,Phetchabun,KA,North,Mapped,Mapped,1043847.0,43.0,16.12138876,1.448299091,100.0,28.5,14.25,100.0,100.0,16.12,1.45,100,14.46,0.0,21.08,626,Low,Monitor,No immediate action required.,To Do,Commercial,-,Low
183111.0,Toh Buk Seng Ayutthaya Hotel,0.3640174091560967,0.3809728925820803,0.3681739137033926,0.5003468956916088,42.0,24.0,33.32,Phra Nakhon Si Ayutthaya,KA,Lower Isan - Central,Mapped,Mapped,595162.0,88.0,9.191804218,2.96396093,100.0,25.49,12.745,100.0,100.0,9.19,2.96,100,12.15,0.0,21.07,627,Low,Monitor,No immediate action required.,To Do,Commercial,-,Low
4920954.0,Newman Hotel Donmuaeng,0.3048668602658048,0.4595860023395391,0.36624819701364253,0.5046278621701615,27.0,20.0,28.06,Pathum Thani,KA,BKK - Metro - Chon,Mapped,Mapped,737078.0,386.0,11.38358222,13.00101044,100.0,29.59,14.795,100.0,100.0,11.38,13.0,100,15.2,0.0,21.07,628,Low,Monitor,No immediate action required.,To Do,Commercial,-,Low
2011676.0,Look at Home Lamphun,0.434876052772786,0.4812446146972668,0.4441095859002708,0.4996013847654585,22.0,64.0,33.6,Lamphun,KA,North,Mapped,Mapped,593167.0,64.0,9.160997957,2.155607949,100.0,25.23,12.615,100.0,100.0,9.16,2.16,100,11.95,0.0,21.05,629,Low,Monitor,No immediate action required.,To Do,Commercial,-,Low
4936076.0,Matini Premium @ Klong 1,0.3340480523290577,0.4163698287835965,0.3795448097054413,0.4990359637840028,4.0,19.0,24.7,Pathum Thani,KA,BKK - Metro - Chon,Mapped,Null,249326.0,42.0,3.850645136,1.414617716,50.0,12.35,15.185,100.0,0.0,3.85,1.41,50,7.29,3.64,21.04,630,Low,Monitor,No immediate action required.,To Do,Commercial,-,Low
4885062.0,Tien Thong Apartment Kaeng Khoi,0.2882241464067241,0.3219019674129122,0.3026551163731936,0.5017418786424467,18.0,2.0,25.06,Saraburi,KA,Lower Isan - Central,Not mapped,Mapped,253210.0,5.0,3.910634625,0.168406871,50.0,12.01,15.195,0.0,100.0,3.91,0.17,50,7.02,3.51,21.04,631,Low,Monitor,No immediate action required.,To Do,Commercial,-,Low
2008215.0,Levana Hotel Pattaya,0.3731066532566273,0.3926514660270689,0.3829750929381938,0.4991962250664783,59.0,26.0,36.97,Pattaya,LT,BKK - Metro - Chon,Mapped,Mapped,219634.0,76.0,3.392068181,2.559784439,100.0,22.46,11.23,100.0,100.0,3.39,2.56,100,9.86,0.0,21.01,632,Low,Monitor,No immediate action required.,To Do,Commercial,-,Low
152411.0,Aoontawan Resort Songkhla,0.3605379729521143,0.4230729863784728,0.41001286089225725,0.5080175662640929,0.0,45.0,26.0,Songkhla,LT,Lower South - West,Mapped,Not Mapped,98379.0,23.0,1.519379333,0.7746716066,50.0,10.99,19.11,100.0,0.0,1.52,0.77,50,6.19,3.1,20.98,633,Low,Expand to Ctrip,Expand distribution to increase room nights.,To Do,Market Manager,72 Hours,Medium
2000373.0,Panlaan Boutique Resort,0.4499963425714186,0.5056812360795644,0.4194673659377606,0.5016132161956491,45.0,39.0,37.83,Nong Khai,LT,Upper Isan - East,Mapped,Mapped,91404.0,94.0,1.411657036,3.166049175,100.0,21.66,10.83,100.0,100.0,1.41,3.17,100,9.22,0.0,20.98,634,Low,Monitor,No immediate action required.,To Do,Commercial,-,Low
4543127.0,Hotel Fuse Rayong,0.3489003588684635,0.361300541571725,0.3549498483216952,0.5072505169839235,35.0,9.0,31.05,Rayong,KA,Upper Isan - East,Mapped,Mapped,656703.0,187.0,10.142256,6.298416975,100.0,26.96,13.48,100.0,100.0,10.14,6.3,100,13.17,0.0,20.97,635,Low,Monitor,No immediate action required.,To Do,Commercial,-,Low
5101667.0,RP Mansion Ratchaburi,0.3439996822189346,0.3557306052295004,0.3483667530258728,0.4995143401482654,7.0,30.0,26.03,Ratchaburi,KA,Lower South - West,Not mapped,Mapped,110747.0,26.0,1.710394119,0.8757157292,50.0,11.12,18.515,0.0,100.0,1.71,0.88,50,6.32,3.16,20.97,636,Low,Monitor,No immediate action required.,To Do,Commercial,-,Low
43605.0,Soi 4 Service Residence,0.325658201193091,0.3452088222590607,0.33014305914349185,0.506675611708559,16.0,7.0,26.43,Suphan Buri,KA,Lower Isan - Central,Mapped,Mapped,1300079.0,59.0,20.07870259,1.987201078,100.0,30.64,15.32,100.0,100.0,20.08,1.99,100,15.92,0.0,20.96,637,Low,Monitor,No immediate action required.,To Do,Commercial,-,Low
2005327.0,Ban Suan Pharwalai,0.325547344482504,0.3396957411275941,0.32810616910422447,0.5049857730870607,4.0,22.0,24.58,Nakhonratchasima,KA,Lower Isan - Central,Mapped,Null,260182.0,6.0,4.01830503,0.2020882452,50.0,12.07,18.01,100.0,0.0,4.02,0.2,50,6.99,3.5,20.92,638,Low,Monitor,No immediate action required.,To Do,Commercial,-,Low
138022.0,Come Moon Loft Hotel,0.3265265873082317,0.4110227642072334,0.37381431325128894,0.5032342319299604,3.0,45.0,25.12,Phrae,KA,North,Mapped,Not Mapped,164304.0,38.0,2.53755337,1.27989222,50.0,11.65,20.885,100.0,0.0,2.54,1.28,50,6.68,3.34,20.91,639,Low,Expand to Ctrip,Expand distribution to increase room nights.,To Do,Market Manager,72 Hours,Medium
4884948.0,Rabbit Hotel Phimai,0.4300248620050085,0.5116037203953263,0.4811132360100951,0.5070600654986038,40.0,19.0,35.56,Nakhonratchasima,KA,Lower Isan - Central,Mapped,Mapped,331513.0,66.0,5.119960901,2.222970697,100.0,23.23,11.615,100.0,100.0,5.12,2.22,100,10.34,0.0,20.91,640,Low,Monitor,No immediate action required.,To Do,Commercial,-,Low
183027.0,Nava tara resort Hotel,0.3078359778926453,0.3287113303389393,0.31072833423249924,0.5026305196424531,22.0,2.0,26.62,Phang Nga,LT,Upper South,Mapped,Not Mapped,48073.0,11.0,0.7424491383,0.3704951162,50.0,10.48,14.73,100.0,0.0,0.74,0.37,50,5.81,2.9,20.91,641,Low,Expand to Ctrip,Expand distribution to increase room nights.,To Do,Market Manager,72 Hours,Medium
183459.0,Puranakhon Hotel,0.3647718484652493,0.3847152811908559,0.3664734463463272,0.5031306776013814,33.0,27.0,31.79,Nakhon Si Thammarat,KA,Lower South - West,Mapped,Mapped,456170.0,276.0,7.045188641,9.296059279,100.0,26.31,13.155,100.0,100.0,7.05,9.3,100,12.67,0.0,20.9,642,Low,Monitor,No immediate action required.,To Do,Commercial,-,Low
2000186.0,Patikom Apartment,0.3206216312799829,0.3353600108684699,0.328901542597134,0.507739515086448,1.0,43.0,24.53,Chachoengsao,KA,Upper Isan - East,Mapped,Not Mapped,125296.0,104.0,1.935099372,3.502862917,50.0,12.02,18.335,100.0,0.0,1.94,3.5,50,6.93,3.46,20.9,643,Low,Expand to Ctrip,Expand distribution to increase room nights.,To Do,Market Manager,72 Hours,Medium
2005925.0,Suksopha Resort,0.3295021115068899,0.3430951495219875,0.33773502650465415,0.499479493666918,19.0,7.0,27.01,Prachuapkhirikhan,LT,Lower South - West,Mapped,Null,20136.0,4.0,0.3109906753,0.1347254968,50.0,10.2,16.465,100.0,0.0,0.31,0.13,50,5.6,2.8,20.9,644,Low,Monitor,No immediate action required.,To Do,Commercial,-,Low
183069.0,Holiday Inn Express Bangkok Soi Soonvijai,0.4107544173083018,0.4216352369822084,0.41565010480383585,0.498119656751105,58.0,19.0,38.04,Bangkok,LT,BKK - Metro - Chon,Mapped,Mapped,168810.0,6.0,2.6071419,0.2020882452,100.0,21.36,23.05,100.0,100.0,2.61,0.2,100,8.97,0.0,20.88,645,Low,Monitor,No immediate action required.,To Do,Commercial,-,Low
4918043.0,Baan Nalin Resort Sahatsakhan,0.3695361262953298,0.3823257296553416,0.37898240617238776,0.50745747054278,4.0,4.0,25.82,Kalasin,LT,Upper Isan - East,Not mapped,Mapped,116717.0,5.0,1.802603169,0.168406871,50.0,10.95,18.125,0.0,100.0,1.8,0.17,50,6.12,3.06,20.88,646,Low,Monitor,No immediate action required.,To Do,Commercial,-,Low
158.0,iCheck inn Gems Center Silom,0.4163038626303056,0.4479243575510018,0.4211484584685482,0.503851263483074,0.0,11.0,27.08,Bangkok,LT,BKK - Metro - Chon,Mapped,Null,0.0,0.0,0.0,0.0,50.0,10.0,5.0,100.0,0.0,0.0,0.0,50,5.42,2.71,20.87,647,Low,Monitor,No immediate action required.,To Do,Commercial,-,Low
63707.0,Space59 Hotel,0.299366871925556,0.4035563340242706,0.3518426490175613,0.5063435252403242,47.0,9.0,31.34,Ratchaburi,KA,Lower South - West,Mapped,Mapped,517694.0,251.0,7.995370307,8.454024924,100.0,26.53,13.265,100.0,100.0,8.0,8.45,100,12.8,0.0,20.87,648,Low,Monitor,No immediate action required.,To Do,Commercial,-,Low
25146.0,Amonruk Hotel Phrae 2,0.3378338005547411,0.3428221164657927,0.33401889918082617,0.5027268107549477,14.0,1.0,26.27,Phrae,LT,North,Mapped,Not Mapped,56888.0,22.0,0.8785887856,0.7409902324,50.0,10.66,18.33,100.0,0.0,0.88,0.74,50,5.92,2.96,20.87,649,Low,Expand to Ctrip,Expand distribution to increase room nights.,To Do,Market Manager,72 Hours,Medium
2011510.0,Amman Unique Hotel Udonthani,0.3594974827302181,0.3684290945235097,0.3273160834741026,0.5015655695306122,50.0,11.0,34.28,Udon Thani,KA,Upper Isan - East,Mapped,Mapped,338885.0,163.0,5.233810072,5.490063995,100.0,24.26,12.13,100.0,100.0,5.23,5.49,100,11.12,0.0,20.86,650,Low,Monitor,No immediate action required.,To Do,Commercial,-,Low
5101080.0,Phong Phana Villa Det Udom,0.3200731338312113,0.3422848955545716,0.33328776091667334,0.5060569091127413,6.0,18.0,24.63,Ubon Ratchathani,KA,Lower Isan - Central,Not mapped,Mapped,209411.0,27.0,3.23419235,0.9093971034,50.0,11.89,15.04,0.0,100.0,3.23,0.91,50,6.81,3.4,20.86,651,Low,Monitor,No immediate action required.,To Do,Commercial,-,Low
4921012.0,Super Highway Hotel,0.293895981658885,0.3115595706100323,0.30335229663383484,0.5130855491467685,15.0,1.0,24.91,Phetchaburi,KA,Lower South - West,Mapped,Mapped,1483251.0,8.0,22.90764175,0.2694509936,100.0,31.53,15.765,100.0,100.0,22.91,0.27,100,16.52,0.0,20.86,652,Low,Monitor,No immediate action required.,To Do,Commercial,-,Low
4793826.0,Metha Palace,0.4437779557907676,0.4518596950471354,0.4423927965547105,0.5079982299957048,52.0,25.0,38.6,Sakon Nakhon,LT,Upper Isan - East,Mapped,Mapped,39199.0,35.0,0.6053982824,1.178848097,100.0,20.66,10.33,100.0,100.0,0.61,1.18,100,8.38,0.0,20.85,653,Low,Monitor,No immediate action required.,To Do,Commercial,-,Low
4887269.0,Home At 9,0.3422895723577289,0.3580960009726761,0.3424652981681083,0.5001301239981178,29.0,13.0,29.63,Chiang Mai,KA,North,Mapped,Mapped,767461.0,204.0,11.85283792,6.871000337,100.0,27.99,13.995,100.0,100.0,11.85,6.87,100,13.91,0.0,20.85,654,Low,Monitor,No immediate action required.,To Do,Commercial,-,Low
2000112.0,Wanarom Residence Hotel,0.3611246975216147,0.4400427408719046,0.4232239907670701,0.5009232831862442,54.0,18.0,35.32,Krabi,KA,Upper South,Mapped,Mapped,312644.0,99.0,4.828539741,3.334456046,100.0,23.41,11.705,100.0,100.0,4.83,3.33,100,10.48,0.0,20.84,655,Low,Monitor,No immediate action required.,To Do,Commercial,-,Low
4920997.0,Papa Q Suite Resort,0.3333777278362144,0.3420590849544649,0.3395525011711871,0.5049390845961361,15.0,9.0,26.57,Roi Et,LT,Lower Isan - Central,Mapped,Null,26991.0,7.0,0.4168487018,0.2357696194,50.0,10.28,16.435,100.0,0.0,0.42,0.24,50,5.6,2.8,20.82,656,Low,Monitor,No immediate action required.,To Do,Commercial,-,Low
5101991.0,Hotela Boutique Resort,0.3300301213294941,0.3437882016496765,0.3367174927261046,0.5100034167581683,14.0,12.0,26.45,Suphan Buri,LT,Lower Isan - Central,Mapped,Null,27251.0,7.0,0.4208763978,0.2357696194,50.0,10.28,14.345,100.0,0.0,0.42,0.24,50,5.57,2.78,20.82,657,Low,Monitor,No immediate action required.,To Do,Commercial,-,Low
251.0,Avani Ratchada Bangkok Hotel,0.360936172716396,0.3719543676395715,0.3671407421096232,0.5074069622788375,7.0,63.0,27.91,Bangkok,KA,BKK - Metro - Chon,Mapped,Mapped,1052013.0,99.0,16.24751253,3.334456046,100.0,29.12,14.56,100.0,100.0,16.25,3.33,100,14.71,0.0,20.8,658,Low,Monitor,No immediate action required.,To Do,Commercial,-,Low
5102068.0,S77 Good View,0.3360582609308425,0.3424148044803908,0.3369318207328536,0.5013668105125494,14.0,11.0,26.48,Roi Et,LT,Lower Isan - Central,Mapped,Null,35820.0,11.0,0.553206267,0.3704951162,50.0,10.39,15.185,100.0,0.0,0.55,0.37,50,5.68,2.84,20.8,659,Low,Monitor,No immediate action required.,To Do,Commercial,-,Low
4918063.0,Thongchen Residence,0.3057058386237332,0.4471977240615177,0.36937239923304716,0.5063058188860184,24.0,52.0,28.57,Samut Sakhon,KA,BKK - Metro - Chon,Mapped,Mapped,757044.0,273.0,11.69194043,9.195015157,100.0,28.6,14.3,100.0,100.0,11.69,9.2,100,14.32,0.0,20.79,660,Low,Monitor,No immediate action required.,To Do,Commercial,-,Low
64954.0,KM Kwan Phayao Hotel,0.3874958463962925,0.4225521931644525,0.3960471219058591,0.4899293909763831,46.0,14.0,34.5,Phayao,KA,North,Mapped,Mapped,310139.0,174.0,4.789856469,5.860559111,100.0,24.15,12.075,100.0,100.0,4.79,5.86,100,11.05,0.0,20.78,661,Low,Monitor,No immediate action required.,To Do,Commercial,-,Low
21970.0,Kasemsarn Hotel Chanthaburi,0.4026433106340646,0.4643815088367005,0.41665602706519184,0.501739061004328,49.0,19.0,36.07,Chanthaburi,LT,Upper Isan - East,Mapped,Mapped,156379.0,143.0,2.415154901,4.816436511,100.0,22.65,11.325,100.0,100.0,2.42,4.82,100,9.87,0.0,20.77,662,Low,Monitor,No immediate action required.,To Do,Commercial,-,Low
4921053.0,Wellness Stay & Hotel Sukhumvit 107,0.3930247883187522,0.411885413546877,0.40383651818309974,0.5026885573577405,50.0,80.0,37.82,Samut Prakan,LT,BKK - Metro - Chon,Mapped,Mapped,128263.0,24.0,1.980914318,0.8083529808,100.0,21.23,10.615,100.0,100.0,1.98,0.81,100,8.8,0.0,20.77,663,Low,Monitor,No immediate action required.,To Do,Commercial,-,Low
4920890.0,The Finn Hotel,0.3942591547476479,0.4489158302408038,0.4236346511552733,0.5077380438202063,24.0,27.0,31.35,Nakhonratchasima,KA,Lower Isan - Central,Mapped,Mapped,507213.0,237.0,7.833499058,7.982485685,100.0,26.31,25.775,100.0,100.0,7.83,7.98,100,12.58,0.0,20.77,664,Low,Monitor,No immediate action required.,To Do,Commercial,-,Low
225.0,Lebua at State Tower,0.3563672044649184,0.384575278299568,0.3691827522935512,0.4977948806999948,1.0,78.0,26.86,Bangkok,LT,BKK - Metro - Chon,Mapped,Not Live,4953.0,1.0,0.07649935178,0.0336813742,70.0,14.05,18.875,100.0,40.0,0.08,0.03,50,5.42,2.71,20.75,665,Low,Monitor,No immediate action required.,To Do,Commercial,-,Low
5101742.0,Miloft Suvarnabhumi Airport Hotel,0.305433208771896,0.365091946394959,0.3350765641481628,0.505760559182344,0.0,20.0,22.96,Bangkok,KA,BKK - Metro - Chon,Mapped,Null,193405.0,147.0,2.986985807,4.951162007,50.0,12.98,18.58,100.0,0.0,2.99,4.95,50,7.57,3.78,20.73,666,Low,Monitor,No immediate action required.,To Do,Commercial,-,Low
63631.0,Baan Suan Rim Nam Pakchong Resort,0.2847565811643712,0.3224001745992395,0.2975597944574912,0.5162912390200661,22.0,1.0,25.94,Khaoyai,LT,Lower Isan - Central,Mapped,Not Mapped,46665.0,2.0,0.7207103289,0.0673627484,50.0,10.38,18.14,100.0,0.0,0.72,0.07,50,5.57,2.78,20.73,667,Low,Expand to Ctrip,Expand distribution to increase room nights.,To Do,Market Manager,72 Hours,Medium
4920708.0,Manhattan Pattaya Hotel,0.4469863903879312,0.4552052007440512,0.449940914339874,0.5039808138286449,50.0,40.0,38.74,Pattaya,LT,BKK - Metro - Chon,Mapped,Mapped,32888.0,11.0,0.5079269263,0.3704951162,100.0,20.37,10.185,100.0,100.0,0.51,0.37,100,8.11,0.0,20.72,668,Low,Monitor,No immediate action required.,To Do,Commercial,-,Low
43865.0,Boonme Heritage Hotel,0.3352549719124092,0.3606897111864187,0.34960198443687185,0.5044903378718787,33.0,11.0,30.13,Phitsanulok,KA,North,Mapped,Mapped,721160.0,163.0,11.13774249,5.490063995,100.0,27.22,13.61,100.0,100.0,11.14,5.49,100,13.24,0.0,20.71,669,Low,Monitor,No immediate action required.,To Do,Commercial,-,Low
2003360.0,Loft Buriram,0.3373069547424152,0.3964484592482212,0.35151344395469464,0.5030273484104123,5.0,21.0,25.17,Buriram,KA,Lower Isan - Central,Mapped,Null,139792.0,12.0,2.158971101,0.4041764904,50.0,11.2,16.685,100.0,0.0,2.16,0.4,50,6.23,3.12,20.7,670,Low,Monitor,No immediate action required.,To Do,Commercial,-,Low
5060.0,Aster Hotel and Residence,0.3657601673205208,0.4014031616085024,0.37692067820201314,0.5036568357369878,0.0,29.0,25.62,Pattaya,LT,BKK - Metro - Chon,Mapped,Not Live,66751.0,30.0,1.030922616,1.010441226,70.0,14.82,19.675,100.0,40.0,1.03,1.01,50,5.94,2.97,20.69,671,Low,Monitor,No immediate action required.,To Do,Commercial,-,Low
429.0,La Petite Salil Sukhumvit 8,0.3384573998887613,0.3644772528529969,0.34785718906381236,0.5029384502045275,1.0,27.0,24.64,Bangkok,LT,BKK - Metro - Chon,Mapped,Not Live,99813.0,84.0,1.54153421,2.829235433,70.0,15.62,19.06,100.0,40.0,1.54,2.83,50,6.55,3.28,20.69,672,Low,Monitor,No immediate action required.,To Do,Commercial,-,Low
1999.0,Samui Verticolor,0.4112953543761584,0.4307424009199534,0.4234640594638444,0.5041177395857007,48.0,32.0,36.69,Koh Samui,KA,Upper South,Mapped,Mapped,236723.0,7.0,3.656005594,0.2357696194,100.0,21.9,10.95,100.0,100.0,3.66,0.24,100,9.24,0.0,20.67,673,Low,Monitor,No immediate action required.,To Do,Commercial,-,Low
4606532.0,EMory Resort Lopburi,0.3103080614496201,0.3287807949988013,0.3215293338487122,0.5009134968775938,3.0,22.0,23.7,Lop Buri,KA,Lower Isan - Central,Not mapped,Mapped,191197.0,86.0,2.952894099,2.896598181,50.0,12.35,18.415,0.0,100.0,2.95,2.9,50,7.09,3.54,20.66,674,Low,Monitor,No immediate action required.,To Do,Commercial,-,Low
4921023.0,Ceniq Hotel Lampang,0.3457668328558802,0.4254864889142204,0.39236116514817726,0.5043460869397952,36.0,8.0,31.03,Lampang,KA,North,Mapped,Mapped,654560.0,134.0,10.10916863,4.513304143,100.0,26.41,13.205,100.0,100.0,10.11,4.51,100,12.61,0.0,20.66,675,Low,Monitor,No immediate action required.,To Do,Commercial,-,Low
2003448.0,Sailom Premium Resort Det Udom,0.3784484994325424,0.3784484994325424,0.3778113193757723,0.5076304346112978,2.0,14.0,26.11,Ubon Ratchathani,LT,Lower Isan - Central,Mapped,Not Mapped,24370.0,6.0,0.3763754455,0.2020882452,50.0,10.25,16.51,100.0,0.0,0.38,0.2,50,5.47,2.74,20.65,676,Low,Expand to Ctrip,Expand distribution to increase room nights.,To Do,Market Manager,72 Hours,Medium
183450.0,Kradangnga Boutique Inn Khun Han,0.2776314627410796,0.3130374958624557,0.30056418816679203,0.5130855491467685,15.0,1.0,24.26,Si Sa Ket,KA,Lower Isan - Central,Mapped,Not Mapped,210861.0,1.0,3.256582596,0.0336813742,50.0,11.64,18.205,100.0,0.0,3.26,0.03,50,6.49,3.24,20.65,677,Low,Expand to Ctrip,Expand distribution to increase room nights.,To Do,Market Manager,72 Hours,Medium
2010817.0,Tarnsiri Boutique Resort,0.3717600766230423,0.3822119657078315,0.37326464359728884,0.5065338054689618,38.0,25.0,33.03,Kanchanaburi,KA,Lower South - West,Mapped,Mapped,397736.0,162.0,6.142713374,5.45638262,100.0,24.71,12.355,100.0,100.0,6.14,5.46,100,11.31,0.0,20.63,678,Low,Monitor,No immediate action required.,To Do,Commercial,-,Low
63604.0,Phuglong Hotel Phayao,0.4449267839869039,0.4582300260402927,0.42134968983690446,0.5066004049990973,37.0,26.0,35.8,Phayao,LT,North,Mapped,Mapped,216265.0,78.0,3.340035087,2.627147188,100.0,22.46,11.23,100.0,100.0,3.34,2.63,100,9.62,0.0,20.62,679,Low,Monitor,No immediate action required.,To Do,Commercial,-,Low
5101760.0,Baan Suan Krusert,0.3683683731204376,0.3780817803422605,0.33957594762187815,0.5060861036747989,3.0,14.0,25.87,Kanchanaburi,LT,Lower South - West,Mapped,Null,49316.0,5.0,0.761645676,0.168406871,50.0,10.43,15.565,100.0,0.0,0.76,0.17,50,5.6,2.8,20.62,680,Low,Monitor,No immediate action required.,To Do,Commercial,-,Low
4857765.0,Chan Place Hotel,0.3158117429943797,0.3163096113754713,0.3134420172795873,0.5112902571895003,7.0,4.0,24.32,Nakhonratchasima,KA,Lower Isan - Central,Mapped,Not Mapped,196227.0,2.0,3.030573388,0.0673627484,50.0,11.54,16.845,100.0,0.0,3.03,0.07,50,6.4,3.2,20.61,681,Low,Expand to Ctrip,Expand distribution to increase room nights.,To Do,Market Manager,72 Hours,Medium
183606.0,Top View Hotel Sriracha,0.394669842480774,0.4059171537896622,0.3609226846240314,0.505820840402178,40.0,13.0,33.93,Sriracha,KA,BKK - Metro - Chon,Mapped,Mapped,363806.0,113.0,5.618703,3.805995285,100.0,23.95,11.975,100.0,100.0,5.62,3.81,100,10.74,0.0,20.61,682,Low,Monitor,No immediate action required.,To Do,Commercial,-,Low
65460.0,Mukdaview Hotel,0.391496941513215,0.401655740614066,0.38587335090987457,0.5049302639555041,42.0,53.0,35.43,Mukdahan,KA,Lower Isan - Central,Mapped,Mapped,297744.0,44.0,4.598415268,1.481980465,100.0,22.74,11.37,100.0,100.0,4.6,1.48,100,9.83,0.0,20.59,683,Low,Monitor,No immediate action required.,To Do,Commercial,-,Low
621.0,Lanna Palace 2004 Hotel,0.39094118670022,0.4504284550500418,0.4187914174029768,0.5063418952221825,2.0,4.0,26.27,Chiang Mai,LT,North,Mapped,Null,0.0,0.0,0.0,0.0,50.0,10.0,5.0,100.0,0.0,0.0,0.0,50,5.25,2.62,20.57,684,Low,Monitor,No immediate action required.,To Do,Commercial,-,Low
2003839.0,Thada Chateau Hotel Buriram,0.4053964801221285,0.4250807583478689,0.4056369089040457,0.501257558545618,22.0,12.0,30.81,Buriram,KA,Lower Isan - Central,Mapped,Mapped,575162.0,199.0,8.88291828,6.702593466,100.0,26.45,13.225,100.0,100.0,8.88,6.7,100,12.61,0.0,20.56,685,Low,Monitor,No immediate action required.,To Do,Commercial,-,Low
5002707.0,Ruenkumsub Hotel,0.3056449684250452,0.3413500172249682,0.31280392440911176,0.5009421822980292,14.0,10.0,25.23,Saraburi,LT,Lower Isan - Central,Mapped,Null,90097.0,23.0,1.391478709,0.7746716066,50.0,10.93,14.69,100.0,0.0,1.39,0.77,50,5.97,2.98,20.56,686,Low,Monitor,No immediate action required.,To Do,Commercial,-,Low
65570.0,Fortune D Plus Khaoyai,0.37915161888153,0.392912009432806,0.37577337455910353,0.502677515513977,56.0,27.0,36.74,Khaoyai,KA,Lower Isan - Central,Mapped,Mapped,182176.0,26.0,2.813559198,0.8757157292,100.0,21.67,10.835,100.0,100.0,2.81,0.88,100,9.02,0.0,20.56,687,Low,Monitor,No immediate action required.,To Do,Commercial,-,Low
23246.0,Hotel Zing Pattaya,0.3780679745606042,0.4767813921678875,0.4058363402006654,0.4900759415107383,67.0,33.0,38.73,Pattaya,LT,BKK - Metro - Chon,Mapped,Mapped,28666.0,12.0,0.4427290311,0.4041764904,100.0,20.34,10.17,100.0,100.0,0.44,0.4,100,8.09,0.0,20.56,688,Low,Monitor,No immediate action required.,To Do,Commercial,-,Low
174253.0,The B Ranong Trend Hotel,0.3807047797670664,0.4121906611187466,0.39447432484845396,0.5008053376133731,45.0,18.0,34.38,Ranong,LT,Upper South,Mapped,Mapped,206355.0,199.0,3.186995147,6.702593466,100.0,23.6,11.8,100.0,100.0,3.19,6.7,100,10.48,0.0,20.56,689,Low,Monitor,No immediate action required.,To Do,Commercial,-,Low
5101861.0,Chapter Hotel Hatyai,0.3589331039159402,0.4208100140797705,0.3666251737522408,0.5008957736084215,37.0,29.0,32.34,Hatyai,KA,Lower South - West,Mapped,Mapped,483491.0,146.0,7.467131771,4.917480633,100.0,25.21,12.605,100.0,100.0,7.47,4.92,100,11.68,0.0,20.55,690,Low,Monitor,No immediate action required.,To Do,Commercial,-,Low
4884155.0,Malangpor Hall & Garden,0.3164450128227684,0.3243726716151343,0.3203015392787673,0.5061970210852207,16.0,3.0,25.92,Phayao,LT,North,Mapped,Not Live,24886.0,6.0,0.3843441955,0.2020882452,70.0,14.25,16.325,100.0,40.0,0.38,0.2,50,5.43,2.72,20.55,691,Low,Monitor,No immediate action required.,To Do,Commercial,-,Low
4915551.0,D5 Gold Hotel Nong Kakha,0.266643286687636,0.2882662297791044,0.26973227855784576,0.506675611708559,5.0,1.0,21.78,Chonburi,KA,BKK - Metro - Chon,Mapped,Not Mapped,455725.0,3.0,7.038309944,0.1010441226,50.0,13.55,22.44,100.0,0.0,7.04,0.1,50,7.91,3.96,20.55,692,Low,Expand to Ctrip,Expand distribution to increase room nights.,To Do,Market Manager,72 Hours,Medium
183125.0,Greenview Resort Khonkaen,0.3019254801926012,0.3164015550533933,0.3123490837818267,0.5194962077391709,17.0,1.0,25.74,Khon Kaen,LT,Upper Isan - East,Mapped,Not Mapped,11107.0,3.0,0.1715317579,0.1010441226,50.0,10.12,20.22,100.0,0.0,0.17,0.1,50,5.26,2.63,20.55,693,Low,Expand to Ctrip,Expand distribution to increase room nights.,To Do,Market Manager,72 Hours,Medium
183416.0,Evergreen Suite Hotel,0.3637162449327937,0.3637162449327937,0.35935042992655897,0.5085263156232692,53.0,8.0,35.07,Surat Thani,KA,Upper South,Mapped,Mapped,299541.0,52.0,4.626172378,1.751431458,100.0,22.84,11.42,100.0,100.0,4.63,1.75,100,9.85,0.0,20.53,694,Low,Monitor,No immediate action required.,To Do,Commercial,-,Low
183506.0,The Seens Hotel Krabi,0.4310448684007174,0.4762895141359782,0.3759442248654404,0.5025437544015264,48.0,22.0,37.13,Krabi,LT,Upper South,Mapped,Mapped,100723.0,50.0,1.555592921,1.68406871,100.0,21.28,10.64,100.0,100.0,1.56,1.68,100,8.71,0.0,20.52,695,Low,Monitor,No immediate action required.,To Do,Commercial,-,Low
4920882.0,Niyom STN Hotel 2 (Ban Phue District),0.3347889149714571,0.4113044097832966,0.35945319850098384,0.5029889858483876,3.0,17.0,24.56,Udon Thani,KA,Upper Isan - East,Not mapped,Mapped,158432.0,10.0,2.446857853,0.336813742,50.0,11.32,14.66,0.0,100.0,2.45,0.34,50,6.24,3.12,20.52,696,Low,Monitor,No immediate action required.,To Do,Commercial,-,Low
137942.0,The Sita Princess Hotel Buriram,0.4453237947835209,0.4636786762092472,0.4569541470404973,0.5034433618046036,52.0,13.0,38.2,Buriram,LT,Lower Isan - Central,Mapped,Mapped,32463.0,13.0,0.5013594297,0.4378578646,100.0,20.38,10.19,100.0,100.0,0.5,0.44,100,8.02,0.0,20.51,697,Low,Monitor,No immediate action required.,To Do,Commercial,-,Low
180822.0,Zak Residence,0.3615342229031458,0.3861077753982388,0.375458074050059,0.5022690616499027,23.0,42.0,30.21,Chiang Mai,KA,North,Mapped,Mapped,459963.0,321.0,7.10377209,10.81172112,100.0,26.8,13.4,100.0,100.0,7.1,10.81,100,12.84,0.0,20.5,698,Low,Monitor,No immediate action required.,To Do,Commercial,-,Low
63626.0,Baan Phor Phan Hotel,0.3783430814913355,0.4527503839904316,0.3626320896239517,0.5037673537523525,49.0,17.0,35.08,Khon Kaen,KA,Upper Isan - East,Mapped,Mapped,227951.0,110.0,3.520527576,3.704951162,100.0,22.87,11.435,100.0,100.0,3.52,3.7,100,9.89,0.0,20.5,699,Low,Monitor,No immediate action required.,To Do,Commercial,-,Low
2050.0,Charoen Hotel Udon Thani,0.3777758944561593,0.3972097242178908,0.38876038037243843,0.4945009454930628,57.0,39.0,37.09,Udon Thani,KA,Upper Isan - East,Mapped,Mapped,94867.0,69.0,1.465150844,2.32401482,100.0,21.43,10.715,100.0,100.0,1.47,2.32,100,8.85,0.0,20.5,700,Low,Monitor,No immediate action required.,To Do,Commercial,-,Low
4935562.0,Minimal Hotels,0.2874371443199814,0.3153072037390786,0.3056487180208852,0.5130855491467685,17.0,1.0,25.03,Phichit,LT,North,Mapped,Null,74193.0,12.0,1.145845468,0.4041764904,50.0,10.69,17.45,100.0,0.0,1.15,0.4,50,5.7,2.85,20.49,701,Low,Monitor,No immediate action required.,To Do,Commercial,-,Low
2004750.0,Baan Maesot Boutique Resort,0.401206418888764,0.4239370757184866,0.4022664535879987,0.5043328530446012,54.0,23.0,37.15,Tak,KA,North,Mapped,Mapped,120792.0,23.0,1.86553339,0.7746716066,100.0,21.17,10.585,100.0,100.0,1.87,0.77,100,8.6,0.0,20.49,702,Low,Monitor,No immediate action required.,To Do,Commercial,-,Low
4921378.0,Tonfern Hotel Khonkaen,0.2788441491233808,0.4011735893019575,0.33246834597931274,0.4832197672900772,17.0,38.0,25.25,Khon Kaen,KA,Upper Isan - East,Not mapped,Mapped,92440.0,37.0,1.427667433,1.246210845,50.0,11.09,18.1,0.0,100.0,1.43,1.25,50,6.14,3.07,20.48,703,Low,Monitor,No immediate action required.,To Do,Commercial,-,Low
63406.0,G2 Hotel Group,0.3932184970210699,0.5533942563838008,0.5166330106483739,0.4866129067088084,16.0,11.0,28.86,Hatyai,KA,Lower South - West,Mapped,Mapped,723210.0,246.0,11.16941085,8.285618053,100.0,28.07,14.035,100.0,100.0,11.17,8.29,100,13.84,0.0,20.45,704,Low,Monitor,No immediate action required.,To Do,Commercial,-,Low
4936661.0,Smile Resort Mukdahan,0.3167935154579169,0.3167935154579169,0.31384575609033005,0.5068940263555176,16.0,2.0,25.92,,,,Mapped,Null,0.0,0.0,0.0,0.0,50.0,10.0,5.0,100.0,0.0,0.0,0.0,50,5.18,2.59,20.44,705,Low,Monitor,No immediate action required.,To Do,Commercial,-,Low
4942047.0,The 29 Place,0.3579971698206016,0.3579971698206016,0.34657975266627117,0.5050811771741616,1.0,28.0,25.5,Nakhonratchasima,LT,Lower Isan - Central,Mapped,Null,24170.0,20.0,0.3732878386,0.673627484,50.0,10.39,14.18,100.0,0.0,0.37,0.67,50,5.49,2.74,20.44,706,Low,Monitor,No immediate action required.,To Do,Commercial,-,Low
4857703.0,Saransuk Grand V.I.P,0.3100740947003634,0.3131665863548987,0.3092444856051988,0.5108595075747534,6.0,4.0,23.89,Phra Nakhon Si Ayutthaya,KA,Lower Isan - Central,Null,Mapped,196276.0,3.0,3.031323823,0.1010441226,50.0,11.55,15.58,0.0,100.0,3.03,0.1,50,6.32,3.16,20.44,707,Low,Monitor,No immediate action required.,To Do,Commercial,-,Low
152976.0,Praiyanan Place Hotel,0.3764637737075706,0.4966661948906875,0.44906019137079756,0.5020441896799815,34.0,88.0,34.35,Maha Sarakham,KA,Upper Isan - East,Mapped,Mapped,224071.0,159.0,3.460601408,5.355338498,100.0,23.34,11.67,100.0,100.0,3.46,5.36,100,10.21,0.0,20.43,708,Low,Monitor,No immediate action required.,To Do,Commercial,-,Low
4921127.0,Rungthip Resort,0.353168033339821,0.3574652870790566,0.32743771116906867,0.5056285174847218,3.0,4.0,24.94,Kanchanaburi,KA,Lower South - West,Not mapped,Mapped,93540.0,6.0,1.444654212,0.2020882452,50.0,10.78,17.355,0.0,100.0,1.44,0.2,50,5.77,2.88,20.42,709,Low,Monitor,No immediate action required.,To Do,Commercial,-,Low
2009639.0,Hotel Together,0.4453260191094684,0.4827987252654832,0.4176148838400684,0.5007710298396303,37.0,31.0,35.85,Khaoyai,KA,Lower Isan - Central,Mapped,Mapped,247362.0,23.0,3.820305754,0.7746716066,100.0,22.14,11.07,100.0,100.0,3.82,0.77,100,9.31,0.0,20.42,710,Low,Monitor,No immediate action required.,To Do,Commercial,-,Low
4312224.0,PM Residence,0.397026735611421,0.4257373633133076,0.4060173062936954,0.5026129041420048,42.0,15.0,34.41,Hatyai,KA,Lower South - West,Mapped,Mapped,214244.0,153.0,3.308828203,5.153250253,100.0,23.2,11.6,100.0,100.0,3.31,5.15,100,10.08,0.0,20.39,711,Low,Monitor,No immediate action required.,To Do,Commercial,-,Low
118.0,La Petite Salil Sukhumvit 11,0.3531538463549772,0.5009455231199587,0.4294004942065979,0.5053289660161973,3.0,56.0,26.57,Bangkok,KA,BKK - Metro - Chon,Mapped,Mapped,794311.0,325.0,12.26751115,10.94644662,100.0,29.42,14.71,100.0,100.0,12.27,10.95,100,14.73,0.0,20.39,712,Low,Monitor,No immediate action required.,To Do,Commercial,-,Low
4920613.0,The Vita Plus Hotel Hatyai,0.3785625731033905,0.3791246987256258,0.37716654576730463,0.5056778728044875,47.0,22.0,34.9,Hatyai,KA,Lower South - West,Mapped,Mapped,303452.0,34.0,4.686582105,1.145166723,100.0,22.69,11.345,100.0,100.0,4.69,1.15,100,9.67,0.0,20.36,713,Low,Monitor,No immediate action required.,To Do,Commercial,-,Low
63449.0,FIG Boutique Hotel,0.3569287631592965,0.4547200963571013,0.39445709165011716,0.5053419112362675,53.0,15.0,34.95,Kamphaeng Phet,KA,North,Mapped,Mapped,249178.0,73.0,3.848365416,2.458740317,100.0,22.66,11.33,100.0,100.0,3.85,2.46,100,9.65,0.0,20.36,714,Low,Monitor,No immediate action required.,To Do,Commercial,-,Low
5101845.0,Nara Pruksa Apartment,0.3617990377071057,0.3695243846035322,0.3653793872333207,0.506060427762241,0.0,23.0,25.32,Narathiwat,LT,Lower South - West,Mapped,Null,20248.0,18.0,0.3127086894,0.6062647356,50.0,10.34,14.47,100.0,0.0,0.31,0.61,50,5.4,2.7,20.36,715,Low,Monitor,No immediate action required.,To Do,Commercial,-,Low
4935440.0,Holiday Inn Express & Suites Bangkok Central Pier,0.3474839999504945,0.3671616567216642,0.3547992340902854,0.5038522896510877,1.0,33.0,25.21,Bangkok,LT,BKK - Metro - Chon,Mapped,Null,45553.0,4.0,0.7035343574,0.1347254968,50.0,10.39,15.855,100.0,0.0,0.7,0.13,50,5.43,2.72,20.32,716,Low,Monitor,No immediate action required.,To Do,Commercial,-,Low
177848.0,Good Morning Hotel at Takuapa,0.3289961675614044,0.4450393877432816,0.3683928765820653,0.5329091140582457,40.0,4.0,31.56,Phang Nga,KA,Upper South,Mapped,Mapped,453385.0,120.0,7.002171723,4.041764904,100.0,24.71,12.355,100.0,100.0,7.0,4.04,100,11.02,0.0,20.31,717,Low,Monitor,No immediate action required.,To Do,Commercial,-,Low
152936.0,The Terminal Khon Kaen Hotel,0.355772793621856,0.3813662440064944,0.3716067182695575,0.5034432601116576,50.0,18.0,34.39,Khon Kaen,KA,Upper Isan - East,Mapped,Mapped,225260.0,129.0,3.478960098,4.344897272,100.0,23.04,11.52,100.0,100.0,3.48,4.34,100,9.92,0.0,20.31,718,Low,Monitor,No immediate action required.,To Do,Commercial,-,Low
177896.0,Stay with Nimman Chiang Mai,0.3390829166916813,0.4427075335856742,0.3654740778689542,0.5041894838103674,48.0,27.0,33.64,Chiang Mai,LT,North,Mapped,Mapped,464480.0,3.0,7.173534213,0.1010441226,100.0,23.62,11.81,100.0,100.0,7.17,0.1,100,10.34,0.0,20.31,719,Low,Monitor,No immediate action required.,To Do,Commercial,-,Low
4921112.0,N24 Chonburi,0.3665113270136807,0.4157745646563635,0.36926966366406444,0.503334038591307,25.0,39.0,30.72,Chonburi,KA,BKK - Metro - Chon,Mapped,Mapped,593467.0,132.0,9.165624271,4.445941394,100.0,25.92,12.96,100.0,100.0,9.17,4.45,100,12.06,0.0,20.28,720,Low,Monitor,No immediate action required.,To Do,Commercial,-,Low
4883878.0,L&D Hotel & Residence,0.2744264940219748,0.3229148133848023,0.3086905372825444,0.506675611708559,18.0,2.0,24.6,Lampang,LT,North,Mapped,Not Mapped,81861.0,10.0,1.264274929,0.336813742,50.0,10.73,16.99,100.0,0.0,1.26,0.34,50,5.65,2.82,20.27,721,Low,Expand to Ctrip,Expand distribution to increase room nights.,To Do,Market Manager,72 Hours,Medium
5101864.0,Deetel Hotel,0.3708504472023031,0.3916560721716665,0.38289976972259365,0.5056412363580364,1.0,1.0,25.17,Nakhon Sawan,LT,North,Not mapped,Mapped,25971.0,9.0,0.4011025555,0.3031323678,50.0,10.29,15.745,0.0,100.0,0.4,0.3,50,5.32,2.66,20.27,722,Low,Monitor,No immediate action required.,To Do,Commercial,-,Low
5101189.0,Wanpen Apartment,0.3291667314257356,0.3404619671823866,0.3319860398348138,0.5045180714140781,2.0,39.0,24.87,Suphan Buri,LT,Lower Isan - Central,Not mapped,Mapped,52347.0,15.0,0.8084546114,0.505220613,50.0,10.56,16.575,0.0,100.0,0.81,0.51,50,5.53,2.76,20.27,723,Low,Monitor,No immediate action required.,To Do,Commercial,-,Low
64942.0,Pueanjai Resort And Resturant,0.3613252688460566,0.3854581308229166,0.3697840151137374,0.4917600125219563,62.0,15.0,36.57,Chumphon,KA,Upper South,Mapped,Mapped,174445.0,8.0,2.694161849,0.2694509936,100.0,21.43,10.715,100.0,100.0,2.69,0.27,100,8.74,0.0,20.26,724,Low,Monitor,No immediate action required.,To Do,Commercial,-,Low
137955.0,The Coconut Hotel Lampang,0.3218787292486224,0.4266835900053352,0.3707239370824397,0.5022582918815027,30.0,15.0,29.11,Lampang,KA,North,Mapped,Mapped,798893.0,95.0,12.33826572,3.199730549,100.0,27.13,13.565,100.0,100.0,12.34,3.2,100,12.95,0.0,20.23,725,Low,Monitor,No immediate action required.,To Do,Commercial,-,Low
387.0,Riverside Bangkok Hotel,0.3536619840761166,0.3565683644821701,0.3530186636106638,0.5065598833350574,0.0,13.0,24.69,Bangkok,LT,BKK - Metro - Chon,Mapped,Not Mapped,38121.0,26.0,0.5887562174,0.8757157292,50.0,10.56,17.45,100.0,0.0,0.59,0.88,50,5.5,2.75,20.22,726,Low,Expand to Ctrip,Expand distribution to increase room nights.,To Do,Market Manager,72 Hours,Medium
4988855.0,U Sabai Hotel and Residence Mahachai,0.2767437987895129,0.4046256322296708,0.2908738652337197,0.5002656742703494,6.0,4.0,22.34,Samut Sakhon,KA,BKK - Metro - Chon,No Room,Mapped,285795.0,31.0,4.413879639,1.0441226,85.0,19.52,20.625,70.0,100.0,4.41,1.04,50,6.98,3.49,20.2,727,Low,Request Inventory,Demand exists but inventory is unavailable.,To Do,Hotel Partner,48 Hours,Medium
4915665.0,The Seaport Mahachai,0.4363735228002434,0.4597867002867322,0.3919496162756909,0.4934292466187369,16.0,27.0,31.22,Samut Sakhon,KA,BKK - Metro - Chon,Mapped,Mapped,458915.0,195.0,7.087585011,6.567867969,100.0,25.51,12.755,100.0,100.0,7.09,6.57,100,11.76,0.0,20.18,728,Low,Monitor,No immediate action required.,To Do,Commercial,-,Low
21421.0,Siam Tara Palace Hotel,0.3380409727283077,0.3472356659069982,0.34099466911470405,0.5076679848300882,19.0,9.0,27.58,Maha Sarakham,KA,Upper Isan - East,Mapped,Mapped,639064.0,318.0,9.869840954,10.710677,100.0,28.15,14.075,100.0,100.0,9.87,10.71,100,13.66,0.0,20.18,729,Low,Monitor,No immediate action required.,To Do,Commercial,-,Low
152902.0,Rapeepan Ville Hotel,0.3787923584495059,0.3914092664132013,0.38536791514286367,0.4997340922451319,51.0,31.0,35.84,Ubon Ratchathani,KA,Lower Isan - Central,Mapped,Mapped,208280.0,9.0,3.216726799,0.3031323678,100.0,21.7,10.85,100.0,100.0,3.22,0.3,100,8.87,0.0,20.18,730,Low,Monitor,No immediate action required.,To Do,Commercial,-,Low
2007815.0,Ac Sport Center Hotel,0.3614129532747035,0.3939321397404218,0.3768710456745067,0.4614135378395396,4.0,349.0,35.46,Hatyai,KA,Lower South - West,Mapped,Mapped,221934.0,102.0,3.427589714,3.435500168,100.0,22.74,11.37,100.0,100.0,3.43,3.44,100,9.84,0.0,20.17,731,Low,Monitor,No immediate action required.,To Do,Commercial,-,Low
183622.0,East Inn 15 Hotel Rayong,0.3813271943259315,0.3998306779579738,0.39064604395355246,0.5051159029568436,42.0,9.0,33.64,Rayong,KA,Upper Isan - East,Mapped,Mapped,282302.0,113.0,4.359932852,3.805995285,100.0,23.32,11.66,100.0,100.0,4.36,3.81,100,10.05,0.0,20.17,732,Low,Monitor,No immediate action required.,To Do,Commercial,-,Low
4276337.0,Eco Inn Lite Chanthaburi,0.3838829607151779,0.4184114117375906,0.38656088926301035,0.5065880480982033,36.0,37.0,33.51,Chanthaburi,KA,Upper Isan - East,Mapped,Mapped,359938.0,61.0,5.558960773,2.054563826,100.0,23.4,11.7,100.0,100.0,5.56,2.05,100,10.1,0.0,20.17,733,Low,Monitor,No immediate action required.,To Do,Commercial,-,Low
4937179.0,One Budget Hotel Chiangrai Phahonyothin,0.3561162254605412,0.3901044224860691,0.37478711600592124,0.5194962077391709,30.0,1.0,30.38,Chiang Rai,KA,North,Mapped,Mapped,715180.0,6.0,11.04538997,0.2020882452,100.0,25.58,12.79,100.0,100.0,11.05,0.2,100,11.66,0.0,20.14,734,Low,Monitor,No immediate action required.,To Do,Commercial,-,Low
4921218.0,Valia Hotel Bangkok,0.3449092822194014,0.3549571363540708,0.34667285206450094,0.5055163636137244,0.0,35.0,25.01,Bangkok,LT,BKK - Metro - Chon,Mapped,Null,13607.0,5.0,0.2101568054,0.168406871,50.0,10.16,16.005,100.0,0.0,0.21,0.17,50,5.16,2.58,20.14,735,Low,Monitor,No immediate action required.,To Do,Commercial,-,Low
4896856.0,Na Gaysorn Resort,0.3242325944328181,0.3720906324683232,0.3361390037015599,0.499798032425213,2.0,3.0,23.44,Chaiyaphum,KA,Upper Isan - East,Not mapped,Mapped,195020.0,2.0,3.011924502,0.0673627484,50.0,11.53,16.765,0.0,100.0,3.01,0.07,50,6.21,3.1,20.14,736,Low,Monitor,No immediate action required.,To Do,Commercial,-,Low
5102144.0,Kru Paew Resort,0.3248234835014874,0.3333592627862967,0.32565800546629087,0.5056945920094376,3.0,20.0,24.31,Phetchabun,KA,North,Not mapped,Mapped,84527.0,6.0,1.305453831,0.2020882452,50.0,10.71,15.35,0.0,100.0,1.31,0.2,50,5.58,2.79,20.14,737,Low,Monitor,No immediate action required.,To Do,Commercial,-,Low
2006652.0,Banlanna Hotel Lampang,0.4365423484085552,0.4442109506366785,0.44091919186001016,0.5057789715924207,37.0,31.0,35.6,Lampang,KA,North,Mapped,Mapped,146101.0,52.0,2.256415275,1.751431458,100.0,21.65,10.825,100.0,100.0,2.26,1.75,100,8.78,0.0,20.13,738,Low,Monitor,No immediate action required.,To Do,Commercial,-,Low
2010138.0,Triple Z Hotel,0.4245235943025181,0.4320034799164762,0.4282193059225461,0.5064468375169446,41.0,42.0,36.24,Hua Hin,LT,Lower South - West,Mapped,Mapped,80859.0,50.0,1.248802145,1.68406871,100.0,21.13,10.565,100.0,100.0,1.25,1.68,100,8.38,0.0,20.12,739,Low,Monitor,No immediate action required.,To Do,Commercial,-,Low
4918097.0,One Budget Hotel Chiangrai Stadium,0.3309136292091956,0.3352899663183276,0.33157462707369484,0.5019143850701514,32.0,3.0,29.46,Chiang Rai,KA,North,Mapped,Mapped,624969.0,179.0,9.652146601,6.028965982,100.0,26.63,13.315,100.0,100.0,9.65,6.03,100,12.53,0.0,20.12,740,Low,Monitor,No immediate action required.,To Do,Commercial,-,Low
65616.0,Bed by Cruise@Samakkhi-Tivanont,0.3469263982590349,0.4306161332456533,0.39888610791247375,0.5008956581879384,55.0,13.0,34.78,Nonthaburi,KA,BKK - Metro - Chon,Mapped,Mapped,199765.0,82.0,3.085208369,2.761872684,100.0,22.37,11.185,100.0,100.0,3.09,2.76,100,9.33,0.0,20.11,741,Low,Monitor,No immediate action required.,To Do,Commercial,-,Low
399.0,Emporium Suites by Chatrium,0.4310429304423928,0.4393767005969458,0.4353928620134498,0.5023478812537742,0.0,166.0,32.53,Bangkok,LT,BKK - Metro - Chon,Mapped,Mapped,407576.0,100.0,6.294685347,3.36813742,100.0,24.16,12.08,100.0,100.0,6.29,3.37,100,10.66,0.0,20.11,742,Low,Monitor,No immediate action required.,To Do,Commercial,-,Low
2000374.0,Fun-D City View,0.3543815123827355,0.3684511152872585,0.35969673750875675,0.4996754190623236,57.0,10.0,35.34,Khon Kaen,KA,Upper Isan - East,Mapped,Mapped,165658.0,64.0,2.558456647,2.155607949,100.0,21.93,10.965,100.0,100.0,2.56,2.16,100,9.0,0.0,20.1,743,Low,Monitor,No immediate action required.,To Do,Commercial,-,Low
4914159.0,Baansuan Resort Donsak,0.2874371443199814,0.3136403333687505,0.302632963252592,0.5130855491467685,16.0,1.0,24.84,Surat Thani,LT,Upper South,Mapped,Not Mapped,3884.0,1.0,0.05998701812,0.0336813742,50.0,10.04,15.69,100.0,0.0,0.06,0.03,50,5.01,2.5,20.09,744,Low,Expand to Ctrip,Expand distribution to increase room nights.,To Do,Market Manager,72 Hours,Medium
183617.0,Woraya Place Phrae,0.2712522560933486,0.3827992735835929,0.3290732242028711,0.5003271358513065,7.0,6.0,22.38,Phrae,KA,North,Not mapped,Mapped,291013.0,2.0,4.494472015,0.0673627484,50.0,12.27,18.745,0.0,100.0,4.49,0.07,50,6.74,3.37,20.09,745,Low,Monitor,No immediate action required.,To Do,Commercial,-,Low
43831.0,Smile Resort Thungsong,0.3820009339093962,0.3959257962387494,0.39071387446815053,0.5067381433860482,36.0,10.0,32.59,Nakhon Si Thammarat,KA,Lower South - West,Mapped,Mapped,453914.0,47.0,7.010340476,1.583024587,100.0,23.98,11.99,100.0,100.0,7.01,1.58,100,10.5,0.0,20.09,746,Low,Monitor,No immediate action required.,To Do,Commercial,-,Low
4884628.0,Suk Hua Non Thoen,0.2991489636617805,0.3429985825532203,0.3273598320552858,0.5059077087127734,1.0,4.0,22.4,Lampang,KA,North,Not mapped,Mapped,234019.0,34.0,3.614231935,1.145166723,50.0,12.15,18.515,0.0,100.0,3.61,1.15,50,6.63,3.32,20.09,747,Low,Monitor,No immediate action required.,To Do,Commercial,-,Low
4727105.0,Memo Bangsaen,0.3814900801595379,0.4305148376926915,0.38638396887224163,0.4989029264615085,34.0,49.0,33.26,Bangsaen,KA,BKK - Metro - Chon,Mapped,Mapped,273738.0,145.0,4.227673254,4.883799259,100.0,23.58,11.79,100.0,100.0,4.23,4.88,100,10.23,0.0,20.08,748,Low,Monitor,No immediate action required.,To Do,Commercial,-,Low
5102411.0,The Princess Beachfront Resort,0.3535564674140354,0.364773580166206,0.3609248342081395,0.5063488500108951,0.0,19.0,24.87,Rayong,LT,Upper Isan - East,Mapped,Null,10739.0,6.0,0.1658592533,0.2020882452,50.0,10.14,14.35,100.0,0.0,0.17,0.2,50,5.12,2.56,20.08,749,Low,Monitor,No immediate action required.,To Do,Commercial,-,Low
4921151.0,Asawin Grand Convention Hotel,0.3374288682756972,0.363926590859826,0.35422634572078143,0.5057975956772818,62.0,24.0,36.18,Bangkok,LT,BKK - Metro - Chon,Mapped,Mapped,95956.0,34.0,1.48196573,1.145166723,100.0,21.08,10.54,100.0,100.0,1.48,1.15,100,8.32,0.0,20.07,750,Low,Monitor,No immediate action required.,To Do,Commercial,-,Low
25160.0,MT Place,0.4276987326181558,0.4319804053491655,0.42733167067114675,0.507532512680985,24.0,11.0,32.18,Sakon Nakhon,KA,Upper Isan - East,Mapped,Mapped,284774.0,202.0,4.398103685,6.803637588,100.0,24.24,12.12,100.0,100.0,4.4,6.8,100,10.68,0.0,20.07,751,Low,Monitor,No immediate action required.,To Do,Commercial,-,Low
4918103.0,The Minitel Hotel Bangsaphan,0.2744264940219748,0.3076357369448346,0.29506500288392257,0.506675611708559,8.0,2.0,22.7,Prachuapkhirikhan,KA,Lower South - West,Mapped,Not Mapped,229433.0,1.0,3.543413427,0.0336813742,50.0,11.78,17.16,100.0,0.0,3.54,0.03,50,6.32,3.16,20.04,752,Low,Expand to Ctrip,Expand distribution to increase room nights.,To Do,Market Manager,72 Hours,Medium
152937.0,Taris Art Hotel,0.3700603612010449,0.3700603612010449,0.36544372428989436,0.505780638079375,43.0,14.0,33.55,Phrae,KA,North,Mapped,Mapped,242927.0,121.0,3.751816851,4.075446278,100.0,23.1,11.55,100.0,100.0,3.75,4.08,100,9.81,0.0,20.03,753,Low,Monitor,No immediate action required.,To Do,Commercial,-,Low
22054.0,Major Grand Hotel,0.3642090075718279,0.3777247038818431,0.37176087047788786,0.5077868779986089,48.0,16.0,34.37,Khon Kaen,KA,Upper Isan - East,Mapped,Mapped,197760.0,86.0,3.054242415,2.896598181,100.0,22.4,11.2,100.0,100.0,3.05,2.9,100,9.27,0.0,20.02,754,Low,Monitor,No immediate action required.,To Do,Commercial,-,Low
65444.0,Viranya Resort Buriram,0.3045198690930081,0.3104749450720133,0.30757280153520367,0.507258799818473,4.0,5.0,23.25,Buriram,KA,Lower Isan - Central,Mapped,Not Mapped,129612.0,30.0,2.00175829,1.010441226,50.0,11.3,14.955,100.0,0.0,2.0,1.01,50,5.95,2.98,20.02,755,Low,Expand to Ctrip,Expand distribution to increase room nights.,To Do,Market Manager,72 Hours,Medium
4883674.0,Roz Villa Resorts Khemarat,0.2909227942170694,0.4152730642060009,0.3519996309929187,0.506675611708559,3.0,12.0,22.72,Ubon Ratchathani,KA,Lower Isan - Central,No Room,Mapped,201174.0,17.0,3.10697297,0.5725833614,85.0,18.73,20.16,70.0,100.0,3.11,0.57,50,6.27,3.14,20.02,756,Low,Request Inventory,Demand exists but inventory is unavailable.,To Do,Hotel Partner,48 Hours,Medium
4920411.0,Qlosest Hotel,0.4059650056598818,0.4073320195706305,0.40664851261525614,0.498915126645636,25.0,4.0,31.1,Nakhonratchasima,KA,Lower Isan - Central,Mapped,Mapped,351389.0,242.0,5.426920791,8.150892556,100.0,25.16,12.58,100.0,100.0,5.43,8.15,100,11.38,0.0,20.01,757,Low,Monitor,No immediate action required.,To Do,Commercial,-,Low
5015793.0,Sun Moon Hotel,0.3029196887036625,0.3954241055263811,0.35536907973359155,0.5040643787244287,2.0,42.0,23.9,Loei,KA,Upper Isan - East,Not mapped,Mapped,85891.0,10.0,1.326526223,0.336813742,50.0,10.76,18.86,0.0,100.0,1.33,0.34,50,5.55,2.78,19.98,758,Low,Monitor,No immediate action required.,To Do,Commercial,-,Low
183462.0,Eastpana 304 Executive Residence,0.3882659619974115,0.3971103543197509,0.3915501206164422,0.5065525598114183,32.0,10.0,32.07,Prachin Buri,KA,Upper Isan - East,Mapped,Mapped,401886.0,102.0,6.206818283,3.435500168,100.0,24.13,12.065,100.0,100.0,6.21,3.44,100,10.55,0.0,19.96,759,Low,Monitor,No immediate action required.,To Do,Commercial,-,Low
2000017.0,Luck Esan Loft,0.3634901464620486,0.384583355229266,0.37548486326703795,0.4998479138713164,49.0,23.0,34.6,Ubon Ratchathani,LT,Lower Isan - Central,Mapped,Mapped,179069.0,84.0,2.765580209,2.829235433,100.0,22.23,11.115,100.0,100.0,2.77,2.83,100,9.15,0.0,19.96,760,Low,Monitor,No immediate action required.,To Do,Commercial,-,Low
64973.0,The Mercy Hotel,0.3972699665199908,0.3995369525449184,0.3936207387730937,0.5094776312237798,27.0,4.0,31.35,Chumphon,KA,Upper South,Mapped,Mapped,325013.0,209.0,5.019562558,7.039407208,100.0,24.62,12.31,100.0,100.0,5.02,7.04,100,10.89,0.0,19.95,761,Low,Monitor,No immediate action required.,To Do,Commercial,-,Low
2000187.0,Keereewan Apartment Phitsanulok,0.2969923111048585,0.3085315186753065,0.3018595109090805,0.5055849210745594,9.0,2.0,23.77,Phitsanulok,KA,North,No Room,Mapped,72837.0,19.0,1.124916399,0.6399461098,85.0,17.75,19.26,70.0,100.0,1.12,0.64,50,5.51,2.76,19.94,762,Low,Request Inventory,Demand exists but inventory is unavailable.,To Do,Hotel Partner,48 Hours,Medium
5102110.0,Naiyarat Apartment,0.2978622495663314,0.3518752727715631,0.32914527601758736,0.5033342805218751,10.0,17.0,24.42,Khon Kaen,LT,Upper Isan - East,Not mapped,Mapped,24723.0,6.0,0.3818321945,0.2020882452,50.0,10.25,16.41,0.0,100.0,0.38,0.2,50,5.13,2.56,19.93,763,Low,Monitor,No immediate action required.,To Do,Commercial,-,Low
4920334.0,Yousabai Bungkan,0.2730346265582442,0.2906424736161826,0.27909334436346744,0.5038918767810977,5.0,1.0,21.98,Bungkan,KA,Upper Isan - East,Mapped,Not Mapped,279974.0,1.0,4.323972549,0.0336813742,50.0,12.17,18.235,100.0,0.0,4.32,0.03,50,6.56,3.28,19.92,764,Low,Expand to Ctrip,Expand distribution to increase room nights.,To Do,Market Manager,72 Hours,Medium
183036.0,Nan Treasure Hotel,0.3074141233335256,0.3308118207847453,0.31759431684375045,0.5061701676186904,6.0,11.0,23.91,Nan,LT,North,Mapped,Not Live,57735.0,12.0,0.8916643188,0.4041764904,70.0,14.57,18.475,100.0,40.0,0.89,0.4,50,5.35,2.68,19.91,765,Low,Monitor,No immediate action required.,To Do,Commercial,-,Low
43826.0,Srilamduan Hotel Srisaket,0.2905720713326217,0.413485457119829,0.3319133926306473,0.506675611708559,34.0,18.0,28.8,Si Sa Ket,KA,Lower Isan - Central,Mapped,Mapped,712930.0,109.0,11.01063833,3.671269788,100.0,26.61,13.305,100.0,100.0,11.01,3.67,100,12.37,0.0,19.89,766,Low,Monitor,No immediate action required.,To Do,Commercial,-,Low
4920586.0,Baan Phitcha Pranburi,0.4210170680350882,0.4424831486066172,0.43316703128013123,0.5032049229028777,17.0,47.0,31.63,Pranburi,KA,Lower South - West,Mapped,Mapped,460839.0,85.0,7.117289173,2.862916807,100.0,24.42,12.21,100.0,100.0,7.12,2.86,100,10.74,0.0,19.89,767,Low,Monitor,No immediate action required.,To Do,Commercial,-,Low
1286.0,The Tama Hotel,0.4448375939150946,0.4489844581596335,0.3975539745626299,0.4953724832377119,41.0,16.0,36.02,Krabi,LT,Upper South,Mapped,Mapped,80127.0,42.0,1.237499607,1.414617716,100.0,21.04,10.52,100.0,100.0,1.24,1.41,100,8.25,0.0,19.88,768,Low,Monitor,No immediate action required.,To Do,Commercial,-,Low
23139.0,The Palms Residence,0.3191791745057393,0.3474181453189825,0.33376910788503694,0.502615163245267,0.0,24.0,23.58,Phuket,KA,Upper South,Mapped,Not Live,101824.0,6.0,1.572596226,0.2020882452,70.0,14.85,16.695,100.0,40.0,1.57,0.2,50,5.56,2.78,19.88,769,Low,Monitor,No immediate action required.,To Do,Commercial,-,Low
4921015.0,Kio Hotel Korat,0.4198556453774732,0.4614099437915935,0.44076297620768706,0.5223468999883228,27.0,9.0,32.67,Nakhonratchasima,KA,Lower Isan - Central,Mapped,Mapped,347436.0,44.0,5.365877852,1.481980465,100.0,23.13,11.565,100.0,100.0,5.37,1.48,100,9.66,0.0,19.86,770,Low,Monitor,No immediate action required.,To Do,Commercial,-,Low
43634.0,Sawairiang Place Apartment,0.4114618908827536,0.4184152317400904,0.41400395963072256,0.5069518173564423,40.0,8.0,34.47,Nakhonratchasima,KA,Lower Isan - Central,Mapped,Mapped,125302.0,103.0,1.935188485,3.469181543,100.0,22.01,11.005,100.0,100.0,1.94,3.47,100,8.91,0.0,19.86,771,Low,Monitor,No immediate action required.,To Do,Commercial,-,Low
43952.0,Bluehouse Boutique Hotel,0.3697716727273107,0.4367658514999845,0.39094272051703344,0.5041615010070614,29.0,46.0,31.85,Chanthaburi,KA,Upper Isan - East,Mapped,Mapped,382266.0,119.0,5.903801454,4.00808353,100.0,24.15,12.075,100.0,100.0,5.9,4.01,100,10.52,0.0,19.86,772,Low,Monitor,No immediate action required.,To Do,Commercial,-,Low
183431.0,Easy Planet Pattaya,0.3832869758657847,0.3972748952286048,0.3918139074804167,0.5076727372360279,51.0,37.0,36.37,Pattaya,LT,BKK - Metro - Chon,Mapped,Mapped,43206.0,11.0,0.6672761354,0.3704951162,100.0,20.44,10.22,100.0,100.0,0.67,0.37,100,7.72,0.0,19.85,773,Low,Monitor,No immediate action required.,To Do,Commercial,-,Low
3333.0,Jintana Resort Buriram,0.3767643816044452,0.5157710974143732,0.4094341695494667,0.4883017006004008,37.0,10.0,32.2,Buriram,KA,Lower Isan - Central,Mapped,Mapped,381066.0,122.0,5.885256971,4.109127652,100.0,24.18,12.09,100.0,100.0,5.89,4.11,100,10.62,0.0,19.85,774,Low,Monitor,No immediate action required.,To Do,Commercial,-,Low
4932892.0,Hotel Wizpark Ratchada,0.2880792105868198,0.2922934972993326,0.28984316601437216,0.5073700831962856,6.0,1.0,22.84,Bangkok,LT,BKK - Metro - Chon,Mapped,Null,142997.0,18.0,2.208478758,0.6062647356,50.0,11.29,16.295,100.0,0.0,2.21,0.61,50,5.86,2.93,19.85,775,Low,Monitor,No immediate action required.,To Do,Commercial,-,Low
4883863.0,R2 Hotel Nakhon Phanom,0.3319130173632613,0.3756100722364475,0.34946259160974136,0.5043013053796609,22.0,14.0,27.99,Nakhon Phanom,KA,Upper Isan - East,Mapped,Mapped,605230.0,251.0,9.347299015,8.454024924,100.0,27.21,13.605,100.0,100.0,9.35,8.45,100,12.81,0.0,19.84,776,Low,Monitor,No immediate action required.,To Do,Commercial,-,Low
1763.0,Ayara Grand Palace Hotel,0.3563315112083036,0.4473380152333647,0.387599550949009,0.4958900040230187,49.0,55.0,35.24,Phitsanulok,LT,North,Mapped,Mapped,158161.0,34.0,2.442667684,1.145166723,100.0,21.56,10.78,100.0,100.0,2.44,1.15,100,8.61,0.0,19.84,777,Low,Monitor,No immediate action required.,To Do,Commercial,-,Low
4915656.0,Paradise Apartment Buayai,0.2992915754098867,0.4458118986008688,0.35005563598446815,0.5054914864400902,4.0,22.0,23.54,Nakhonratchasima,LT,Lower Isan - Central,Not mapped,Mapped,73117.0,16.0,1.129232593,0.5389019872,50.0,10.73,14.715,0.0,100.0,1.13,0.54,50,5.44,2.72,19.83,778,Low,Monitor,No immediate action required.,To Do,Commercial,-,Low
4792662.0,The Peak Songkhla,0.3451432107726391,0.3937481247053209,0.33730237119210504,0.5008490158080396,0.0,9.0,24.11,Songkhla,LT,Lower South - West,Mapped,Null,18194.0,18.0,0.2809980157,0.6062647356,50.0,10.32,15.345,100.0,0.0,0.28,0.61,50,5.14,2.57,19.81,779,Low,Monitor,No immediate action required.,To Do,Commercial,-,Low
43925.0,The Ascent Apartment,0.3283093491869467,0.4044953799606448,0.3463037583252547,0.4964114930275927,6.0,31.0,25.18,Chonburi,KA,BKK - Metro - Chon,Mapped,Mapped,1171488.0,50.0,18.09270512,1.68406871,100.0,29.55,14.775,100.0,100.0,18.09,1.68,100,14.58,0.0,19.81,780,Low,Monitor,No immediate action required.,To Do,Commercial,-,Low
183063.0,Baan Rimnam Resort Banpong,0.3084040151472936,0.330388968358465,0.32054320599501673,0.5034929827058136,5.0,13.0,23.77,Ratchaburi,LT,Lower South - West,Mapped,Not Mapped,46966.0,17.0,0.7253568745,0.5725833614,50.0,10.53,16.815,100.0,0.0,0.73,0.57,50,5.29,2.64,19.81,781,Low,Expand to Ctrip,Expand distribution to increase room nights.,To Do,Market Manager,72 Hours,Medium
4914143.0,Rider Resort Nakhonsawan,0.3121100594909184,0.3369363786132094,0.29445490089334747,0.5061902899461772,1.0,3.0,22.89,Nakhon Sawan,KA,North,No Room,Mapped,150751.0,1.0,2.328223602,0.0336813742,85.0,18.17,20.835,70.0,100.0,2.33,0.03,50,5.75,2.88,19.8,782,Low,Request Inventory,Demand exists but inventory is unavailable.,To Do,Hotel Partner,48 Hours,Medium
4606493.0,Boondara Boutique Hotel,0.2799487675086177,0.3310895079806141,0.3153468061019363,0.506675611708559,30.0,1.0,27.08,Nakhon Phanom,KA,Upper Isan - East,Mapped,Mapped,998119.0,10.0,15.41516248,0.336813742,100.0,27.81,13.905,100.0,100.0,15.42,0.34,100,13.23,0.0,19.8,783,Low,Monitor,No immediate action required.,To Do,Commercial,-,Low
2052.0,Kantary Hotel Ayutthaya,0.325499877304481,0.431782297097906,0.3700810586852934,0.5053935523988946,0.0,18.0,23.7,Phra Nakhon Si Ayutthaya,LT,Lower Isan - Central,Mapped,Null,65287.0,3.0,1.008304876,0.1010441226,50.0,10.53,18.24,100.0,0.0,1.01,0.1,50,5.28,2.64,19.8,784,Low,Monitor,No immediate action required.,To Do,Commercial,-,Low
183347.0,Phu Ngern Resort Nakhonphanom,0.3219714808598998,0.3246884153973816,0.3227840446033606,0.5079914450300366,0.0,2.0,23.1,Nakhon Phanom,KA,Upper Isan - East,Not mapped,Mapped,105221.0,10.0,1.625048631,0.336813742,50.0,10.91,18.4,0.0,100.0,1.63,0.34,50,5.54,2.77,19.78,785,Low,Monitor,No immediate action required.,To Do,Commercial,-,Low
183053.0,Kosit One Hotel Bueang Sam Phan,0.3530628568974043,0.3541549119739459,0.3218410691043117,0.5019332343068593,37.0,9.0,31.49,Phetchabun,KA,North,Mapped,Mapped,458541.0,70.0,7.081809957,2.357696194,100.0,24.25,12.125,100.0,100.0,7.08,2.36,100,10.55,0.0,19.74,786,Low,Monitor,No immediate action required.,To Do,Commercial,-,Low
4915548.0,D5 Hotel Map Pong,0.2946766659462846,0.3023311357207635,0.29794283260241067,0.506675611708559,2.0,6.0,22.49,Chonburi,LT,BKK - Metro - Chon,Not live,Mapped,117723.0,44.0,1.818131243,1.481980465,70.0,15.35,20.225,40.0,100.0,1.82,1.48,50,5.85,2.92,19.74,787,Low,Monitor,No immediate action required.,To Do,Commercial,-,Low
4887250.0,The Garden Resort Lopburi,0.4307081114709655,0.4605366433291789,0.38723208646615476,0.4987595168432449,15.0,33.0,31.1,Lop Buri,KA,Lower Isan - Central,Mapped,Mapped,543810.0,41.0,8.398709493,1.380936342,100.0,24.61,12.305,100.0,100.0,8.4,1.38,100,10.83,0.0,19.73,788,Low,Monitor,No immediate action required.,To Do,Commercial,-,Low
4068619.0,Erawan Place Tak,0.3185070131675533,0.3657914793549092,0.3293915574174329,0.5052972063316954,4.0,6.0,23.8,Tak,LT,North,Mapped,Not Mapped,36110.0,1.0,0.5576945094,0.0336813742,50.0,10.29,16.08,100.0,0.0,0.56,0.03,50,5.05,2.52,19.72,789,Low,Expand to Ctrip,Expand distribution to increase room nights.,To Do,Market Manager,72 Hours,Medium
63686.0,The ICon 304 - C Building,0.3544452472810204,0.3674737151616038,0.3616343109958558,0.5059146382096246,34.0,14.0,31.21,Prachin Buri,KA,Upper Isan - East,Mapped,Mapped,487659.0,59.0,7.53150649,1.987201078,100.0,24.36,12.18,100.0,100.0,7.53,1.99,100,10.6,0.0,19.72,790,Low,Monitor,No immediate action required.,To Do,Commercial,-,Low
181598.0,Journey Hostel Suratthani,0.3593828058918786,0.3722456420236096,0.36571000475395443,0.5070041836555587,51.0,10.0,34.55,Surat Thani,LT,Upper South,Mapped,Mapped,85432.0,98.0,1.3194276,3.300774672,100.0,21.65,10.825,100.0,100.0,1.32,3.3,100,8.56,0.0,19.72,791,Low,Monitor,No immediate action required.,To Do,Commercial,-,Low
2000320.0,Chunlee Grand Hotel,0.2721428817044514,0.3198402898448253,0.29607669163088074,0.5021083870735122,7.0,5.0,22.42,Nakhonratchasima,LT,Lower Isan - Central,Mapped,Not Live,146609.0,31.0,2.264265722,1.0441226,70.0,15.45,16.75,100.0,40.0,2.26,1.04,50,5.93,2.96,19.71,792,Low,Monitor,No immediate action required.,To Do,Commercial,-,Low
2002543.0,Pakchong Hotel,0.3643331679763653,0.4109951981541666,0.38911551942264694,0.5050161768783243,34.0,37.0,32.32,Khaoyai,KA,Lower Isan - Central,Mapped,Mapped,156904.0,221.0,2.423263421,7.443583698,100.0,23.44,11.72,100.0,100.0,2.42,7.44,100,9.91,0.0,19.7,793,Low,Monitor,No immediate action required.,To Do,Commercial,-,Low
5101673.0,Sai Yok Noi Hotel Bungalow,0.3050446313586434,0.3160999004729016,0.31058184001638617,0.5066372315723691,3.0,7.0,23.13,Kanchanaburi,LT,Lower South - West,Mapped,Null,36009.0,45.0,0.5561369606,1.515661839,50.0,10.73,14.425,100.0,0.0,0.56,1.52,50,5.36,2.68,19.69,794,Low,Monitor,No immediate action required.,To Do,Commercial,-,Low
2011319.0,Hiso Potato Resort,0.3671150569109442,0.4368685782311247,0.3973180559457701,0.5047255098098294,47.0,19.0,34.33,Phra Nakhon Si Ayutthaya,KA,Lower Isan - Central,Mapped,Mapped,117044.0,91.0,1.807653117,3.065005052,100.0,21.82,10.91,100.0,100.0,1.81,3.07,100,8.69,0.0,19.69,795,Low,Monitor,No immediate action required.,To Do,Commercial,-,Low
2001222.0,Rinradee Place Buriram,0.3903486485258425,0.3953608714687159,0.3901567137580646,0.5055454669992469,19.0,15.0,29.82,Buriram,KA,Lower Isan - Central,Mapped,Mapped,179759.0,399.0,2.776232546,13.43886831,100.0,25.42,12.71,100.0,100.0,2.78,13.44,100,11.39,0.0,19.69,796,Low,Monitor,No immediate action required.,To Do,Commercial,-,Low
2004232.0,Baansuan Greenview Resort,0.2995534577805894,0.3198116941253363,0.3119595203379931,0.5053846484038831,8.0,5.0,23.77,Khon Kaen,LT,Upper Isan - East,Mapped,Null,32026.0,1.0,0.4946200389,0.0336813742,50.0,10.26,,100.0,0.0,0.49,0.03,50,5.01,2.5,19.69,797,Low,Monitor,No immediate action required.,To Do,Commercial,-,Low
4871630.0,Vanida Halal Resort,0.4096874447710673,0.4187585160817412,0.41294591023588423,0.5055546840220951,40.0,21.0,34.78,Phra Nakhon Si Ayutthaya,LT,Lower Isan - Central,Mapped,Mapped,142879.0,34.0,2.206658657,1.145166723,100.0,21.45,10.725,100.0,100.0,2.21,1.15,100,8.41,0.0,19.69,798,Low,Monitor,No immediate action required.,To Do,Commercial,-,Low
4921149.0,Saney Apartment,0.3277211328192225,0.3650889401645881,0.3438584011600285,0.5045941672377644,19.0,18.0,27.39,Nakhonratchasima,KA,Lower Isan - Central,Mapped,Mapped,850554.0,75.0,13.13613935,2.526103065,100.0,27.33,13.665,100.0,100.0,13.14,2.53,100,12.81,0.0,19.67,799,Low,Monitor,No immediate action required.,To Do,Commercial,-,Low
4126732.0,The Northeast Hotel,0.3845683945684349,0.386391763381624,0.3770178133173352,0.5074281965783588,20.0,3.0,29.44,Si Sa Ket,KA,Lower Isan - Central,Mapped,Mapped,431791.0,227.0,6.668678986,7.645671943,100.0,25.63,12.815,100.0,100.0,6.67,7.65,100,11.52,0.0,19.67,800,Low,Monitor,No immediate action required.,To Do,Commercial,-,Low
4952929.0,Sakkanit Chai Lay Thung Noi Resort,0.3035202033105169,0.3586656016538717,0.33497241077184003,0.5052654079381375,2.0,24.0,23.38,Prachuapkhirikhan,LT,Lower South - West,Not mapped,Mapped,53633.0,11.0,0.8283268333,0.3704951162,50.0,10.53,14.33,0.0,100.0,0.83,0.37,50,5.2,2.6,19.67,801,Low,Monitor,No immediate action required.,To Do,Commercial,-,Low
5039120.0,Around Loei,0.3109989237386141,0.3278224029267459,0.31778803813158596,0.5053519402099028,2.0,3.0,23.02,Loei,LT,Upper Isan - East,Mapped,Null,58596.0,34.0,0.9049733685,1.145166723,50.0,10.8,16.045,100.0,0.0,0.9,1.15,50,5.4,2.7,19.66,802,Low,Monitor,No immediate action required.,To Do,Commercial,-,Low
2012620.0,Lopburi Residence 2 Hotel And Resort,0.297273476596276,0.3156390610021556,0.30918991797041945,0.5038105617982944,5.0,6.0,23.11,Lop Buri,LT,Lower Isan - Central,Mapped,Not Mapped,74354.0,15.0,1.148342488,0.505220613,50.0,10.73,16.225,100.0,0.0,1.15,0.51,50,5.35,2.68,19.65,803,Low,Expand to Ctrip,Expand distribution to increase room nights.,To Do,Market Manager,72 Hours,Medium
2010510.0,The Green Hotel 304,0.2806170780672981,0.3690879608657638,0.31654572522687796,0.5011350921451023,8.0,40.0,24.03,Prachin Buri,KA,Upper Isan - East,Mapped,Mapped,1060321.0,183.0,16.37581656,6.163691479,100.0,30.04,15.02,100.0,100.0,16.38,6.16,100,14.84,0.0,19.64,804,Low,Monitor,No immediate action required.,To Do,Commercial,-,Low
21358.0,The Paradiso JK Design Hotel,0.324502353792712,0.341252881566573,0.33121678933834314,0.5064350966709589,40.0,2.0,30.79,Nakhon Sawan,KA,North,Mapped,Mapped,411372.0,134.0,6.353314046,4.513304143,100.0,24.53,12.265,100.0,100.0,6.35,4.51,100,10.69,0.0,19.64,805,Low,Monitor,No immediate action required.,To Do,Commercial,-,Low
4918105.0,Rodsarin Garden Resort 2,0.2460377992142563,0.3330985607741799,0.3037231937615877,0.4920755984037628,18.0,3.0,23.21,Saraburi,LT,Lower Isan - Central,Mapped,Null,104874.0,4.0,1.619695204,0.1347254968,50.0,10.85,14.545,100.0,0.0,1.62,0.13,50,5.49,2.74,19.63,806,Low,Monitor,No immediate action required.,To Do,Commercial,-,Low
21414.0,The One Boutique Hotel,0.289049218318424,0.3009597897085652,0.29044491975571624,0.5052837328966938,4.0,3.0,22.52,Satun,LT,Upper South,Mapped,Not Live,140448.0,4.0,2.169102967,0.1347254968,70.0,15.12,16.975,100.0,40.0,2.17,0.13,50,5.63,2.82,19.62,807,Low,Monitor,No immediate action required.,To Do,Commercial,-,Low
3014305.0,Ritzy House Hotel,0.367574215532036,0.3765491277718721,0.35899631571786206,0.5030013469653026,53.0,13.0,35.27,Chumphon,LT,Upper South,Mapped,Mapped,102523.0,17.0,1.583380147,0.5725833614,100.0,20.96,10.48,100.0,100.0,1.58,0.57,100,8.02,0.0,19.62,808,Low,Monitor,No immediate action required.,To Do,Commercial,-,Low
21308.0,Suntara Wellness Resort and Hotel,0.4269688391476606,0.4917017258973234,0.4546805886221561,0.5021638522261578,32.0,22.0,33.91,Chachoengsao,LT,Upper Isan - East,Mapped,Mapped,163994.0,77.0,2.532751146,2.593465813,100.0,22.04,11.02,100.0,100.0,2.53,2.59,100,8.82,0.0,19.61,809,Low,Monitor,No immediate action required.,To Do,Commercial,-,Low
4932284.0,Alto Hotel M - Maesot,0.4257015888950431,0.4282041359537821,0.4239332839930838,0.5077747139678505,0.0,41.0,28.48,Tak,KA,North,Mapped,Mapped,534242.0,211.0,8.250944679,7.106769956,100.0,26.26,13.13,100.0,100.0,8.25,7.11,100,11.95,0.0,19.6,810,Low,Monitor,No immediate action required.,To Do,Commercial,-,Low
138050.0,The ICon 304 - B Building,0.2744264940219748,0.2800822210663292,0.2752344550283111,0.506675611708559,3.0,1.0,21.71,Prachin Buri,KA,Upper Isan - East,Not mapped,Mapped,208203.0,8.0,3.215524004,0.2694509936,50.0,11.69,17.085,0.0,100.0,3.22,0.27,50,6.03,3.02,19.6,811,Low,Monitor,No immediate action required.,To Do,Commercial,-,Low
2011654.0,Purada Mansion,0.3770233540247493,0.3923085648938467,0.3813433495528734,0.5022089438058851,30.0,48.0,32.35,Chonburi,KA,BKK - Metro - Chon,Mapped,Mapped,259290.0,125.0,4.004526476,4.210171775,100.0,23.27,11.635,100.0,100.0,4.0,4.21,100,9.73,0.0,19.59,812,Low,Monitor,No immediate action required.,To Do,Commercial,-,Low
2000276.0,Baan Bangwua Resort,0.446754727181165,0.4471177543188098,0.42494890934504403,0.5071663593009091,33.0,18.0,34.87,Chachoengsao,LT,Upper Isan - East,Mapped,Mapped,112571.0,25.0,1.738573628,0.842034355,100.0,21.12,10.56,100.0,100.0,1.74,0.84,100,8.1,0.0,19.58,813,Low,Monitor,No immediate action required.,To Do,Commercial,-,Low
2009155.0,Bangsaphan Resort,0.3651810271388578,0.3791080685862163,0.37352824756069586,0.5071986916542769,46.0,20.0,34.14,Prachuapkhirikhan,KA,Lower South - West,Mapped,Mapped,155170.0,49.0,2.396480223,1.650387336,100.0,21.69,10.845,100.0,100.0,2.4,1.65,100,8.52,0.0,19.58,814,Low,Monitor,No immediate action required.,To Do,Commercial,-,Low
183382.0,We World Boutique Hatyai,0.3777326258363903,0.3803667758433462,0.37876721198692653,0.5080389600066183,43.0,20.0,34.09,Hatyai,KA,Lower South - West,Mapped,Mapped,114419.0,84.0,1.767106501,2.829235433,100.0,21.73,10.865,100.0,100.0,1.77,2.83,100,8.55,0.0,19.58,815,Low,Monitor,No immediate action required.,To Do,Commercial,-,Low
1170.0,The ASHLEE Plaza Patong Hotel & Spa,0.3205013983856976,0.3897458087784569,0.3536289467588326,0.5000535631017407,0.0,36.0,23.96,,,,Mapped,Null,0.0,0.0,0.0,0.0,50.0,10.0,5.0,100.0,0.0,0.0,0.0,50,4.79,2.4,19.58,816,Low,Monitor,No immediate action required.,To Do,Commercial,-,Low
43913.0,U Place Korat,0.3997303990658406,0.402344274830895,0.3343250447164824,0.5052437321986634,48.0,10.0,35.55,Nakhonratchasima,LT,Lower Isan - Central,Mapped,Mapped,48348.0,23.0,0.7466908911,0.7746716066,100.0,20.61,10.305,100.0,100.0,0.75,0.77,100,7.72,0.0,19.58,817,Low,Monitor,No immediate action required.,To Do,Commercial,-,Low
65632.0,Warm Well Kanchanaburi,0.4280271868266336,0.4371170855799374,0.43291616484702616,0.5063955748204058,40.0,19.0,35.47,Kanchanaburi,LT,Lower South - West,Mapped,Mapped,52575.0,23.0,0.8119765095,0.7746716066,100.0,20.64,10.32,100.0,100.0,0.81,0.77,100,7.73,0.0,19.57,818,Low,Monitor,No immediate action required.,To Do,Commercial,-,Low
4817086.0,The Resort Kamphaengphet,0.3946757730973221,0.4465875152418745,0.41746703169152194,0.5043366996983502,18.0,30.0,30.25,Kamphaeng Phet,KA,North,Mapped,Mapped,352019.0,212.0,5.436663309,7.14045133,100.0,24.86,12.43,100.0,100.0,5.44,7.14,100,10.91,0.0,19.57,819,Low,Monitor,No immediate action required.,To Do,Commercial,-,Low
63722.0,Golden Place Guesthouse,0.2842321756008766,0.2885598196381481,0.28603696031036685,0.506675611708559,5.0,1.0,22.49,Kamphaeng Phet,LT,North,Mapped,Not Live,126626.0,1.0,1.955646043,0.0336813742,70.0,14.99,17.525,100.0,40.0,1.96,0.03,50,5.49,2.74,19.56,820,Low,Monitor,No immediate action required.,To Do,Commercial,-,Low
2011642.0,The Nine Hotel Roiet,0.2528963469968164,0.320852615197874,0.2971600708600352,0.5057926939688832,15.0,2.0,23.15,Roi Et,LT,Lower Isan - Central,Mapped,Not Mapped,49268.0,11.0,0.7609096048,0.3704951162,50.0,10.49,17.355,100.0,0.0,0.76,0.37,50,5.12,2.56,19.56,821,Low,Expand to Ctrip,Expand distribution to increase room nights.,To Do,Market Manager,72 Hours,Medium
4920449.0,S.R. Sunshine Hotel,0.2744264940219748,0.3093305640552357,0.29917542654044615,0.506675611708559,6.0,3.0,22.35,Phetchabun,LT,North,Mapped,Not Mapped,133871.0,6.0,2.067534107,0.2020882452,50.0,11.09,17.56,100.0,0.0,2.07,0.2,50,5.56,2.78,19.55,822,Low,Expand to Ctrip,Expand distribution to increase room nights.,To Do,Market Manager,72 Hours,Medium
183603.0,Ton Fang Hotel,0.3946112434435215,0.4204969102065112,0.4141502418026747,0.505703642327673,40.0,25.0,34.31,Chiang Mai,KA,North,Mapped,Mapped,176385.0,18.0,2.724127481,0.6062647356,100.0,21.54,10.77,100.0,100.0,2.72,0.61,100,8.41,0.0,19.55,823,Low,Monitor,No immediate action required.,To Do,Commercial,-,Low
5102403.0,One Budget Hotel Chiangrai Chiangsaen 2,0.2944791197564946,0.333275744147161,0.31090497670674877,0.5062805193289791,7.0,11.0,23.59,Chiang Rai,LT,North,Mapped,Null,12558.0,1.0,0.1939473327,0.0336813742,50.0,10.11,14.61,100.0,0.0,0.19,0.03,50,4.82,2.41,19.55,824,Low,Monitor,No immediate action required.,To Do,Commercial,-,Low
4883829.0,Good Times Hotel Ardsamat,0.3109297583924346,0.3161912005499966,0.31300131133008835,0.5068906419795653,0.0,5.0,22.73,Roi Et,LT,Lower Isan - Central,Not mapped,Mapped,92568.0,4.0,1.429645373,0.1347254968,50.0,10.76,15.45,0.0,100.0,1.43,0.13,50,5.3,2.65,19.54,825,Low,Monitor,No immediate action required.,To Do,Commercial,-,Low
183010.0,Bunprasop Garden Hotel,0.3108926455404923,0.3617235876051253,0.34045807052792915,0.5194962077391709,36.0,5.0,29.84,Nakhon Si Thammarat,KA,Lower South - West,Mapped,Mapped,601815.0,12.0,9.294555178,0.4041764904,100.0,24.77,12.385,100.0,100.0,9.29,0.4,100,10.73,0.0,19.51,826,Low,Monitor,No immediate action required.,To Do,Commercial,-,Low
63834.0,Baan Na Khon Hotel,0.3553495675803201,0.3612359065121766,0.35576372586884875,0.5011118043105482,33.0,13.0,30.93,Nakhon Si Thammarat,KA,Lower South - West,Mapped,Mapped,456282.0,69.0,7.046921636,2.32401482,100.0,24.22,12.11,100.0,100.0,7.05,2.32,100,10.41,0.0,19.49,827,Low,Monitor,No immediate action required.,To Do,Commercial,-,Low
2003587.0,Chonlapan Place,0.3062532710946045,0.416014083918909,0.35921825490889153,0.507400683827761,3.0,9.0,23.25,Ubon Ratchathani,LT,Lower Isan - Central,Mapped,Null,12827.0,13.0,0.1981046057,0.4378578646,50.0,10.23,15.03,100.0,0.0,0.2,0.44,50,4.88,2.44,19.49,828,Low,Monitor,No immediate action required.,To Do,Commercial,-,Low
63411.0,Banchan Muang Hotel,0.266643286687636,0.266643286687636,0.266643286687636,0.506675611708559,1.0,1.0,21.02,Mukdahan,KA,Lower Isan - Central,Not mapped,Mapped,262715.0,1.0,4.057423674,0.0336813742,50.0,12.04,19.065,0.0,100.0,4.06,0.03,50,6.24,3.12,19.49,829,Low,Monitor,No immediate action required.,To Do,Commercial,-,Low
25124.0,Phanthong Hotel,0.253070818623026,0.3132541012399161,0.2927164190910576,0.5061416372213023,8.0,2.0,21.83,Nakhon Pathom,KA,BKK - Metro - Chon,Mapped,Mapped,1106792.0,279.0,17.09352947,9.397103402,100.0,31.37,15.685,100.0,100.0,17.09,9.4,100,15.73,0.0,19.48,830,Low,Monitor,No immediate action required.,To Do,Commercial,-,Low
4921129.0,Wellington Hotel Prachuapkhirikhan,0.3820903786051302,0.3935585470317377,0.3868149383514611,0.502881029205252,20.0,75.0,31.52,Prachuapkhirikhan,KA,Lower South - West,Mapped,Mapped,366437.0,85.0,5.659337494,2.862916807,100.0,23.69,11.845,100.0,100.0,5.66,2.86,100,9.99,0.0,19.48,831,Low,Monitor,No immediate action required.,To Do,Commercial,-,Low
4896864.0,Muang Thong Resort Phu Khiao,0.2756041305146877,0.31482353401439,0.2925188095963438,0.506675611708559,11.0,3.0,23.35,Chaiyaphum,LT,Upper Isan - East,Not mapped,Mapped,16187.0,1.0,0.2499943779,0.0336813742,50.0,10.14,14.825,0.0,100.0,0.25,0.03,50,4.8,2.4,19.47,832,Low,Monitor,No immediate action required.,To Do,Commercial,-,Low
2008959.0,Chernchan Hostel,0.4136294956043196,0.4208951155689933,0.4181926135062316,0.5053848964737371,40.0,9.0,34.56,Chanthaburi,LT,Upper Isan - East,Mapped,Mapped,87132.0,48.0,1.345681833,1.616705962,100.0,21.16,10.58,100.0,100.0,1.35,1.62,100,8.07,0.0,19.46,833,Low,Monitor,No immediate action required.,To Do,Commercial,-,Low
4921150.0,JS Hotel,0.4399242313049694,0.4676929606743037,0.41915542420033974,0.5044506269880883,17.0,20.0,31.55,Hatyai,KA,Lower South - West,Mapped,Mapped,416841.0,36.0,6.437784928,1.212529471,100.0,23.58,11.79,100.0,100.0,6.44,1.21,100,9.89,0.0,19.46,834,Low,Monitor,No immediate action required.,To Do,Commercial,-,Low
63397.0,Baan Payai Resort,0.3731068816884869,0.3892609833927809,0.3837699946072499,0.5058102010057288,44.0,28.0,34.3,Khaoyai,KA,Lower Isan - Central,Mapped,Mapped,165307.0,7.0,2.55304237,0.2357696194,100.0,21.35,10.675,100.0,100.0,2.55,0.24,100,8.21,0.0,19.45,835,Low,Monitor,No immediate action required.,To Do,Commercial,-,Low
183170.0,Chanthaburi Center Hotel,0.3659912758881969,0.378365552013431,0.37370469932637645,0.5035754159226572,37.0,21.0,32.42,Chanthaburi,LT,Upper Isan - East,Mapped,Mapped,173540.0,148.0,2.680187463,4.984843382,100.0,22.84,11.42,100.0,100.0,2.68,4.98,100,9.32,0.0,19.42,836,Low,Monitor,No immediate action required.,To Do,Commercial,-,Low
4876761.0,Tree Tara Hotel,0.3508280490439289,0.3540547917013509,0.3524336819313232,0.5052841321353706,46.0,6.0,33.09,Lampang,LT,North,Mapped,Mapped,283107.0,6.0,4.372369767,0.2020882452,100.0,22.25,11.125,100.0,100.0,4.37,0.2,100,8.86,0.0,19.41,837,Low,Monitor,No immediate action required.,To Do,Commercial,-,Low
4697656.0,Kun Hostel,0.3524906214823964,0.3615163185970079,0.3573294445678029,0.5070093995886727,48.0,8.0,33.64,Nakhonratchasima,KA,Lower Isan - Central,Mapped,Mapped,88165.0,105.0,1.36164528,3.536544291,100.0,21.74,10.87,100.0,100.0,1.36,3.54,100,8.47,0.0,19.4,838,Low,Monitor,No immediate action required.,To Do,Commercial,-,Low
4795629.0,Suwatchai Garden,0.2533378058666544,0.3042713305612649,0.27480334263897166,0.506675611708559,5.0,3.0,21.31,Samut Prakan,KA,BKK - Metro - Chon,Mapped,Not Live,203493.0,1.0,3.142784546,0.0336813742,70.0,15.58,17.335,100.0,40.0,3.14,0.03,50,5.84,2.92,19.38,839,Low,Monitor,No immediate action required.,To Do,Commercial,-,Low
723.0,Mida De Sea Hua Hin,0.3789077349794945,0.3839541823643896,0.37909900377988254,0.5050917780839885,51.0,23.0,35.7,Cha-am,LT,Lower South - West,Mapped,Mapped,11522.0,1.0,0.1779550057,0.0336813742,100.0,20.1,19.87,100.0,100.0,0.18,0.03,100,7.24,0.0,19.38,840,Low,Monitor,No immediate action required.,To Do,Commercial,-,Low
2009561.0,Montara Hotel and Resort Korat,0.3439108688449512,0.3613208843324936,0.3524874046244132,0.5014638618158123,31.0,13.0,30.1,Nakhonratchasima,KA,Lower Isan - Central,Mapped,Mapped,500840.0,73.0,7.735085914,2.458740317,100.0,24.61,12.305,100.0,100.0,7.74,2.46,100,10.63,0.0,19.36,841,Low,Monitor,No immediate action required.,To Do,Commercial,-,Low
183688.0,DK Grand Chanthaburi Hotel,0.3644153338532752,0.4911773202301907,0.40539689539798845,0.4938909382442992,20.0,73.0,30.57,Chanthaburi,KA,Upper Isan - East,Mapped,Mapped,461645.0,82.0,7.129741995,2.761872684,100.0,24.39,12.195,100.0,100.0,7.13,2.76,100,10.51,0.0,19.36,842,Low,Monitor,No immediate action required.,To Do,Commercial,-,Low
2000016.0,Honghub Sakon Hotel,0.3712429388500173,0.4324162964484715,0.4224194862944535,0.5034961445113418,49.0,16.0,34.76,Sakon Nakhon,LT,Upper Isan - East,Mapped,Mapped,46286.0,48.0,0.7148514126,1.616705962,100.0,20.84,10.42,100.0,100.0,0.71,1.62,100,7.79,0.0,19.36,843,Low,Monitor,No immediate action required.,To Do,Commercial,-,Low
2002767.0,BT Grand Condotel,0.3805495648232639,0.3805495648232639,0.3805495648232639,0.5065804429925763,48.0,3.0,34.59,Udon Thani,LT,Upper Isan - East,Mapped,Mapped,107820.0,8.0,1.665189528,0.2694509936,100.0,20.91,10.455,100.0,100.0,1.67,0.27,100,7.83,0.0,19.36,844,Low,Monitor,No immediate action required.,To Do,Commercial,-,Low
2000197.0,Phudin Hotel Loeng Nok Tha,0.2821853048911654,0.308119862866012,0.29968796478521437,0.504271545792837,6.0,3.0,22.61,Yasothon,LT,Lower Isan - Central,Not mapped,Mapped,59445.0,7.0,0.9180821067,0.2357696194,50.0,10.53,14.775,0.0,100.0,0.92,0.24,50,5.05,2.52,19.35,845,Low,Monitor,No immediate action required.,To Do,Commercial,-,Low
43862.0,Royal Diamond Hotel,0.3616154450529558,0.3664609453663597,0.3645238654474925,0.5068124934373002,44.0,11.0,33.33,Phetchaburi,KA,Lower South - West,Mapped,Mapped,99666.0,109.0,1.539256034,3.671269788,100.0,21.87,10.935,100.0,100.0,1.54,3.67,100,8.54,0.0,19.34,846,Low,Monitor,No immediate action required.,To Do,Commercial,-,Low
63602.0,Phitsanulok United Hotel,0.3799021621014412,0.3821801526999013,0.3783237378135528,0.5038631301021376,40.0,26.0,33.71,Phitsanulok,KA,North,Mapped,Mapped,203169.0,5.0,3.137787262,0.168406871,100.0,21.62,10.81,100.0,100.0,3.14,0.17,100,8.36,0.0,19.33,847,Low,Monitor,No immediate action required.,To Do,Commercial,-,Low
183409.0,Thaimit Resort,0.399325179713293,0.4446488099464286,0.42277607235446724,0.505368510796493,17.0,14.0,29.76,Uttaradit,KA,North,Mapped,Mapped,465268.0,112.0,7.185698074,3.77231391,100.0,24.72,12.36,100.0,100.0,7.19,3.77,100,10.68,0.0,19.32,848,Low,Monitor,No immediate action required.,To Do,Commercial,-,Low
65004.0,The Room Residence Singburi,0.2842321756008766,0.2842321756008766,0.2842321756008766,0.506675611708559,4.0,1.0,22.3,Sing Buri,LT,Lower Isan - Central,Null,Mapped,77193.0,3.0,1.192192622,0.1010441226,50.0,10.63,14.66,0.0,100.0,1.19,0.1,50,5.08,2.54,19.3,849,Low,Monitor,No immediate action required.,To Do,Commercial,-,Low
5102031.0,Dokkhoun House,0.2744264940219748,0.3593597810789681,0.3312649174483359,0.506675611708559,8.0,3.0,22.73,Chiang Rai,LT,North,Mapped,Null,34953.0,1.0,0.5398260195,0.0336813742,50.0,10.28,16.13,100.0,0.0,0.54,0.03,50,4.82,2.41,19.3,850,Low,Monitor,No immediate action required.,To Do,Commercial,-,Low
5101906.0,Kokotel Rayong Beachfront,0.266643286687636,0.3046021442555142,0.27475381556246553,0.506675611708559,10.0,1.0,22.74,Rayong,LT,Upper Isan - East,Mapped,Null,22674.0,3.0,0.350179282,0.1010441226,50.0,10.21,14.25,100.0,0.0,0.35,0.1,50,4.75,2.38,19.27,851,Low,Monitor,No immediate action required.,To Do,Commercial,-,Low
1796.0,Rua Rasada Hotel - The Ideal Venue for Meetings & Events,0.3437884673811717,0.362207652747758,0.35282133071417077,0.5075267790403265,48.0,8.0,33.3,Trang,LT,Upper South,Mapped,Mapped,179092.0,34.0,2.765928013,1.145166723,100.0,21.73,10.865,100.0,100.0,2.77,1.15,100,8.39,0.0,19.26,852,Low,Monitor,No immediate action required.,To Do,Commercial,-,Low
2007548.0,Benri sriracha Residence,0.411896430568697,0.4600218709945507,0.3866689140496175,0.5026524426225406,38.0,15.0,34.24,Sriracha,LT,BKK - Metro - Chon,Mapped,Mapped,55423.0,64.0,0.8559698106,2.155607949,100.0,21.07,10.535,100.0,100.0,0.86,2.16,100,7.93,0.0,19.26,853,Low,Monitor,No immediate action required.,To Do,Commercial,-,Low
2004213.0,Sakun Place,0.3525400510520985,0.3556730533270754,0.35418946602547163,0.5071379667060423,47.0,6.0,33.39,Samut Prakan,KA,BKK - Metro - Chon,Mapped,Mapped,167708.0,34.0,2.590110641,1.145166723,100.0,21.64,10.82,100.0,100.0,2.59,1.15,100,8.32,0.0,19.25,854,Low,Monitor,No immediate action required.,To Do,Commercial,-,Low
43630.0,Tanisa Resort,0.3714538765329498,0.4475875646841089,0.4247368125043761,0.501132047235182,30.0,41.0,31.89,Chumphon,KA,Upper South,Mapped,Mapped,316740.0,52.0,4.89179321,1.751431458,100.0,22.97,11.485,100.0,100.0,4.89,1.75,100,9.35,0.0,19.25,855,Low,Monitor,No immediate action required.,To Do,Commercial,-,Low
2000263.0,Non C Park Hotel,0.323970438208781,0.5215341902475449,0.4041281457328725,0.4554425164499675,38.0,29.0,30.22,Khon Kaen,KA,Upper Isan - East,Mapped,Mapped,410617.0,200.0,6.341657064,6.73627484,100.0,25.19,12.595,100.0,100.0,6.34,6.74,100,11.24,0.0,19.24,856,Low,Monitor,No immediate action required.,To Do,Commercial,-,Low
63568.0,Srivara place Phetchabun,0.2744264940219748,0.2807766123038093,0.2789616403402151,0.506675611708559,3.0,1.0,21.71,Phetchabun,KA,North,Mapped,Null,87791.0,25.0,1.355859106,0.842034355,50.0,10.93,18.05,100.0,0.0,1.36,0.84,50,5.27,2.64,19.22,857,Low,Monitor,No immediate action required.,To Do,Commercial,-,Low
4881885.0,Mon-Dee Minihotel,0.4071279861219822,0.4173300078362164,0.3867647971888662,0.5070480408589355,21.0,16.0,30.93,Nan,KA,North,Mapped,Mapped,428210.0,23.0,6.613363996,0.7746716066,100.0,23.54,11.77,100.0,100.0,6.61,0.77,100,9.72,0.0,19.21,858,Low,Monitor,No immediate action required.,To Do,Commercial,-,Low
5101956.0,BaanPaa Resort,0.3135888450096372,0.3180078583691268,0.31250409359049125,0.47919300957829,5.0,11.0,23.43,Ratchaburi,LT,Lower South - West,Mapped,Null,4228.0,3.0,0.06529874594,0.1010441226,50.0,10.06,14.135,100.0,0.0,0.07,0.1,50,4.75,2.38,19.2,859,Low,Monitor,No immediate action required.,To Do,Commercial,-,Low
63419.0,Green Apartment,0.2734074364244471,0.3010968710198607,0.28045243525732344,0.5046374965135035,4.0,3.0,21.89,Samut Songkhram,KA,Lower South - West,Not mapped,Mapped,97188.0,2.0,1.500988674,0.0673627484,50.0,10.77,15.845,0.0,100.0,1.5,0.07,50,5.15,2.58,19.19,860,Low,Monitor,No immediate action required.,To Do,Commercial,-,Low
4922505.0,Mymemory Mueang Loei,0.3599850446327267,0.4245185847626971,0.3897941954030284,0.5001593218870003,35.0,14.0,31.51,Loei,KA,Upper Isan - East,Mapped,Mapped,375450.0,26.0,5.798524439,0.8757157292,100.0,23.16,11.58,100.0,100.0,5.8,0.88,100,9.47,0.0,19.19,861,Low,Monitor,No immediate action required.,To Do,Commercial,-,Low
4543050.0,New Wanchai Hotel Pakchong,0.3786254597729261,0.3916897801700842,0.3816685769667768,0.5035282945631393,43.0,38.0,34.6,Khaoyai,LT,Lower Isan - Central,Mapped,Mapped,42141.0,28.0,0.650836544,0.9430784776,100.0,20.61,10.305,100.0,100.0,0.65,0.94,100,7.53,0.0,19.18,862,Low,Monitor,No immediate action required.,To Do,Commercial,-,Low
43926.0,Crystal Hotel Krabi,0.3804094219740445,0.399423813063462,0.3910122804350136,0.5063001572941375,48.0,5.0,34.64,Krabi,LT,Upper South,Mapped,Mapped,53971.0,10.0,0.8335400271,0.336813742,100.0,20.52,10.26,100.0,100.0,0.83,0.34,100,7.45,0.0,19.18,863,Low,Monitor,No immediate action required.,To Do,Commercial,-,Low
2000245.0,KD Home Chaiyaphum,0.2728240096624224,0.2977301975839504,0.28220756619646065,0.5034706429894542,5.0,2.0,22.0,Chaiyaphum,LT,Upper Isan - East,Not mapped,Mapped,75639.0,8.0,1.168189691,0.2694509936,50.0,10.66,14.96,0.0,100.0,1.17,0.27,50,5.07,2.54,19.17,864,Low,Monitor,No immediate action required.,To Do,Commercial,-,Low
182982.0,Panorama Hotel Buriram,0.3736603741968485,0.4011394285679682,0.3862773936914411,0.4949726577335591,17.0,97.0,31.14,Buriram,KA,Lower Isan - Central,Mapped,Mapped,210272.0,186.0,3.247482712,6.264735601,100.0,23.5,11.75,100.0,100.0,3.25,6.26,100,9.73,0.0,19.16,865,Low,Monitor,No immediate action required.,To Do,Commercial,-,Low
4915626.0,The 24 Hotel Saraburi,0.2738568223425376,0.2738568223425376,0.2738568223425376,0.5055362683496846,2.0,1.0,21.48,Saraburi,LT,Lower Isan - Central,No Room,Mapped,113959.0,15.0,1.760005715,0.505220613,85.0,18.03,19.77,70.0,100.0,1.76,0.51,50,5.33,2.66,19.16,866,Low,Request Inventory,Demand exists but inventory is unavailable.,To Do,Hotel Partner,48 Hours,Medium
43659.0,Cbd Hotel Suratthani,0.3600476253184843,0.3668249854938006,0.3629016441116231,0.5093051815987847,37.0,12.0,32.01,Surat Thani,KA,Upper South,Mapped,Mapped,263774.0,48.0,4.073779095,1.616705962,100.0,22.52,11.26,100.0,100.0,4.07,1.62,100,8.92,0.0,19.16,867,Low,Monitor,No immediate action required.,To Do,Commercial,-,Low
43824.0,Phuthong Hotel,0.2740107887627138,0.3351288341265401,0.29150865956169775,0.5058442011900369,3.0,1.0,21.68,Phitsanulok,KA,North,Not mapped,Mapped,103742.0,2.0,1.602212511,0.0673627484,50.0,10.82,20.11,0.0,100.0,1.6,0.07,50,5.16,2.58,19.14,868,Low,Monitor,No immediate action required.,To Do,Commercial,-,Low
4921462.0,Chin Minitel 2 Hotel,0.2917839675225266,0.3160553314579579,0.29887099490424174,0.5043715925566732,1.0,17.0,22.49,Pranburi,LT,Lower South - West,Mapped,Null,14713.0,9.0,0.2272319261,0.3031323678,50.0,10.2,15.12,100.0,0.0,0.23,0.3,50,4.7,2.35,19.14,869,Low,Monitor,No immediate action required.,To Do,Commercial,-,Low
4886.0,Luckswan Resort,0.3590086554008712,0.3633472218604039,0.3588759071607992,0.4947217734523132,33.0,14.0,30.98,Chiang Rai,KA,North,Mapped,Mapped,190071.0,209.0,2.935496966,7.039407208,100.0,23.58,11.79,100.0,100.0,2.94,7.04,100,9.78,0.0,19.13,870,Low,Monitor,No immediate action required.,To Do,Commercial,-,Low
2012397.0,Southern Airport Hotel,0.3058185393979145,0.4418975719024607,0.34881716632349,0.5065312204343809,48.0,22.0,32.2,Hatyai,LT,Lower South - West,Mapped,Mapped,177445.0,98.0,2.740497419,3.300774672,100.0,22.36,11.18,100.0,100.0,2.74,3.3,100,8.8,0.0,19.13,871,Low,Monitor,No immediate action required.,To Do,Commercial,-,Low
141857.0,Family House Resort,0.27886375115395,0.2963682791922421,0.2899526769775095,0.5045055789992238,5.0,2.0,22.26,Chiang Rai,LT,North,Mapped,Not Mapped,39743.0,3.0,0.6137997793,0.1010441226,50.0,10.34,17.48,100.0,0.0,0.61,0.1,50,4.79,2.4,19.12,872,Low,Expand to Ctrip,Expand distribution to increase room nights.,To Do,Market Manager,72 Hours,Medium
2001407.0,Baan Budsarin,0.2823590614058082,0.2910610191428058,0.2856418559704758,0.5074698337401399,2.0,3.0,21.92,Sing Buri,KA,Lower Isan - Central,Mapped,Not Mapped,51907.0,1.0,0.8016698146,0.0336813742,50.0,10.41,17.94,100.0,0.0,0.8,0.03,50,4.79,2.4,19.05,873,Low,Expand to Ctrip,Expand distribution to increase room nights.,To Do,Market Manager,72 Hours,Medium
2003438.0,Chiangkhong Palace,0.27886375115395,0.2873088977302299,0.28316267662093664,0.5045055789992238,5.0,1.0,22.23,Chiang Rai,LT,North,Mapped,Not Live,21418.0,1.0,0.3307805796,0.0336813742,70.0,14.18,16.65,100.0,40.0,0.33,0.03,50,4.62,2.31,19.02,874,Low,Monitor,No immediate action required.,To Do,Commercial,-,Low
4918044.0,Attanon Place,0.2735840258333344,0.2877319748429565,0.2784091702000439,0.5049906753312782,5.0,1.0,22.03,Chiang Mai,LT,North,No Room,Mapped,34954.0,3.0,0.5398405371,0.1010441226,85.0,17.3,18.72,70.0,100.0,0.54,0.1,50,4.71,2.36,19.01,875,Low,Request Inventory,Demand exists but inventory is unavailable.,To Do,Hotel Partner,48 Hours,Medium
2000266.0,D-Sine Resort,0.2799487675086177,0.2847493632761379,0.28265352069951366,0.506675611708559,4.0,1.0,22.12,Buriram,LT,Lower Isan - Central,Not live,Mapped,14171.0,5.0,0.218860391,0.168406871,70.0,14.16,,40.0,100.0,0.22,0.17,50,4.58,2.29,19.0,876,Low,Monitor,No immediate action required.,To Do,Commercial,-,Low
177840.0,Must Come Boutique Hotel,0.3585536971660014,0.3725348467099271,0.35450399958604806,0.5044045378832334,19.0,36.0,29.18,Phrae,KA,North,Mapped,Mapped,435956.0,118.0,6.733001812,3.974402156,100.0,24.56,12.28,100.0,100.0,6.73,3.97,100,10.39,0.0,18.99,877,Low,Monitor,No immediate action required.,To Do,Commercial,-,Low
4921064.0,PT Grand Hotel,0.3531997433823365,0.3533698092873998,0.35291190512130216,0.5063744135691919,17.0,14.0,27.94,Kanchanaburi,KA,Lower South - West,Mapped,Mapped,469514.0,183.0,7.251271573,6.163691479,100.0,25.47,12.735,100.0,100.0,7.25,6.16,100,11.06,0.0,18.98,878,Low,Monitor,No immediate action required.,To Do,Commercial,-,Low
63436.0,Ban Suan Dokmai,0.3123527203721093,0.3123527203721093,0.3123527203721093,0.506675611708559,0.0,1.0,22.66,Prachin Buri,KA,Upper Isan - East,Mapped,Mapped,1205490.0,38.0,18.61783813,1.27989222,100.0,29.69,14.845,100.0,100.0,18.62,1.28,100,14.23,0.0,18.98,879,Low,Monitor,No immediate action required.,To Do,Commercial,-,Low
2000036.0,Sawatdee Resort Sisaket,0.2618362746884,0.2859681137611835,0.2740627877705769,0.5057508616979469,4.0,2.0,21.41,Si Sa Ket,LT,Lower Isan - Central,Mapped,Not Mapped,53519.0,25.0,0.8265539922,0.842034355,50.0,10.67,15.87,100.0,0.0,0.83,0.84,50,4.95,2.48,18.96,880,Low,Expand to Ctrip,Expand distribution to increase room nights.,To Do,Market Manager,72 Hours,Medium
65552.0,Le Parc Wangnang Hotel,0.3947540175938422,0.4677145368943335,0.4426111988240785,0.5193203400807284,32.0,5.0,32.43,Phitsanulok,KA,North,Mapped,Mapped,181269.0,15.0,2.799559175,0.505220613,100.0,21.55,10.775,100.0,100.0,2.8,0.51,100,8.04,0.0,18.94,881,Low,Monitor,No immediate action required.,To Do,Commercial,-,Low
181436.0,Cbd2 Hotel Suratthani,0.2906910129397803,0.3251676953820231,0.3133303433310872,0.506675611708559,26.0,1.0,26.75,Surat Thani,KA,Upper South,Mapped,Mapped,418054.0,304.0,6.456517522,10.23913776,100.0,26.3,13.15,100.0,100.0,6.46,10.24,100,11.65,0.0,18.92,882,Low,Monitor,No immediate action required.,To Do,Commercial,-,Low
4583.0,Prajaktra Design Hotel,0.3489068244184184,0.3774901308877409,0.36166984261920415,0.5023028155853669,34.0,22.0,31.17,Udon Thani,LT,Upper Isan - East,Mapped,Mapped,182577.0,140.0,2.819764992,4.715392388,100.0,22.82,11.41,100.0,100.0,2.82,4.72,100,9.06,0.0,18.9,883,Low,Monitor,No immediate action required.,To Do,Commercial,-,Low
4872890.0,The Great Winter,0.3519175206255615,0.3520622929738948,0.35198990679972814,0.5039318227284976,36.0,7.0,31.23,Chiang Rai,KA,North,Mapped,Mapped,343640.0,2.0,5.30725394,0.0673627484,100.0,22.67,11.335,100.0,100.0,5.31,0.07,100,8.92,0.0,18.87,884,Low,Monitor,No immediate action required.,To Do,Commercial,-,Low
64980.0,K.N. Grand Hotel,0.3839548948365222,0.4294934624434414,0.37690967189978836,0.5054735993712665,18.0,38.0,30.09,Saraburi,KA,Lower Isan - Central,Mapped,Mapped,440743.0,15.0,6.806928312,0.505220613,100.0,23.56,11.78,100.0,100.0,6.81,0.51,100,9.58,0.0,18.87,885,Low,Monitor,No immediate action required.,To Do,Commercial,-,Low
2006226.0,The Precious,0.4169475122019789,0.4944150369976154,0.481313232309656,0.5024326744874746,32.0,13.0,33.23,Hua Hin,LT,Lower South - West,Mapped,Mapped,95272.0,34.0,1.471399109,1.145166723,100.0,21.08,10.54,100.0,100.0,1.47,1.15,100,7.73,0.0,18.86,886,Low,Monitor,No immediate action required.,To Do,Commercial,-,Low
4934694.0,Wattanawan Hotel,0.4040022090611165,0.4075396033850957,0.40224975234451493,0.5016832219281017,36.0,16.0,33.56,Chiang Rai,LT,North,Mapped,Mapped,85643.0,18.0,1.322688645,0.6062647356,100.0,20.84,10.42,100.0,100.0,1.32,0.61,100,7.56,0.0,18.86,887,Low,Monitor,No immediate action required.,To Do,Commercial,-,Low
182900.0,Alinda Resort,0.2905720713326217,0.2905720713326217,0.2905720713326217,0.506675611708559,0.0,1.0,21.79,Phetchaburi,LT,Lower South - West,Mapped,Not Live,11766.0,5.0,0.1817220034,0.168406871,70.0,14.14,16.41,100.0,40.0,0.18,0.17,50,4.5,2.25,18.85,888,Low,Monitor,No immediate action required.,To Do,Commercial,-,Low
5102098.0,Plearn View Khong Resort,0.2744264940219748,0.2744264940219748,0.2744264940219748,0.506675611708559,2.0,1.0,21.52,Bungkan,LT,Upper Isan - East,Mapped,Not Mapped,41139.0,3.0,0.6353645325,0.1010441226,50.0,10.35,19.24,100.0,0.0,0.64,0.1,50,4.65,2.33,18.85,889,Low,Expand to Ctrip,Expand distribution to increase room nights.,To Do,Market Manager,72 Hours,Medium
2000071.0,The Grace Amphawa Resort,0.3463836302425941,0.3571115389278846,0.3526577975999493,0.5078687933653042,42.0,7.0,32.23,Samut Songkhram,LT,Lower South - West,Mapped,Mapped,172038.0,40.0,2.656996588,1.347254968,100.0,21.73,10.865,100.0,100.0,2.66,1.35,100,8.18,0.0,18.84,890,Low,Monitor,No immediate action required.,To Do,Commercial,-,Low
63638.0,Trat Center Hotel,0.3472081921004716,0.3908236930430007,0.36982774407471286,0.5044404165086548,18.0,18.0,27.97,Trat,KA,Upper Isan - East,Mapped,Mapped,365757.0,236.0,5.648833422,7.948804311,100.0,25.21,12.605,100.0,100.0,5.65,7.95,100,10.8,0.0,18.84,891,Low,Monitor,No immediate action required.,To Do,Commercial,-,Low
152889.0,The Myhome Resort,0.3680125917726774,0.4057797826477765,0.377443562479622,0.4929121334698816,45.0,5.0,33.31,Prachuapkhirikhan,LT,Lower South - West,Mapped,Mapped,107493.0,34.0,1.660151008,1.145166723,100.0,21.17,10.585,100.0,100.0,1.66,1.15,100,7.84,0.0,18.84,892,Low,Monitor,No immediate action required.,To Do,Commercial,-,Low
4885084.0,Pingpong Place,0.3978298035919725,0.4598095517049142,0.43491299006488177,0.4998282567573958,38.0,27.0,34.0,Nakhonratchasima,LT,Lower Isan - Central,Mapped,Mapped,56471.0,3.0,0.872147777,0.1010441226,100.0,20.47,10.235,100.0,100.0,0.87,0.1,100,7.26,0.0,18.83,893,Low,Monitor,No immediate action required.,To Do,Commercial,-,Low
4884916.0,NK Residence Sakon Nakhon,0.3398670086128827,0.3548666006986453,0.3485653952744946,0.5060917811023354,29.0,8.0,29.49,Sakon Nakhon,KA,Upper Isan - East,Mapped,Mapped,323859.0,141.0,5.001741945,4.749073762,100.0,23.93,11.965,100.0,100.0,5.0,4.75,100,9.82,0.0,18.82,894,Low,Monitor,No immediate action required.,To Do,Commercial,-,Low
4936652.0,Munruk Hostel,0.3702440577296605,0.3778657500326757,0.372927131604426,0.5140605775346819,36.0,16.0,32.45,Prachuapkhirikhan,KA,Lower South - West,Mapped,Mapped,161991.0,10.0,2.50181778,0.336813742,100.0,21.35,10.675,100.0,100.0,2.5,0.34,100,7.84,0.0,18.8,895,Low,Monitor,No immediate action required.,To Do,Commercial,-,Low
4948369.0,Nara Pattra Hotel,0.4340467932209021,0.4379687825238139,0.415890663974174,0.5055492547832195,16.0,9.0,30.8,Narathiwat,KA,Lower South - West,Mapped,Mapped,158523.0,159.0,2.448268682,5.355338498,100.0,22.83,11.415,100.0,100.0,2.45,5.36,100,8.99,0.0,18.79,896,Low,Monitor,No immediate action required.,To Do,Commercial,-,Low
5102008.0,Phutawan place and resort,0.2758176851653602,0.2822265769481897,0.2795234326776547,0.5071027210099042,1.0,3.0,21.46,Phetchabun,LT,North,Not mapped,Mapped,18156.0,8.0,0.2804065023,0.2694509936,50.0,10.22,17.1,0.0,100.0,0.28,0.27,50,4.51,2.26,18.77,897,Low,Monitor,No immediate action required.,To Do,Commercial,-,Low
43574.0,The River Hotel Nakhonphanom,0.3843303558867358,0.4291181028984401,0.3907085533041459,0.504133999166928,32.0,19.0,32.15,Nakhon Phanom,KA,Upper Isan - East,Mapped,Mapped,193876.0,23.0,2.994259722,0.7746716066,100.0,21.73,10.865,100.0,100.0,2.99,0.77,100,8.16,0.0,18.76,898,Low,Monitor,No immediate action required.,To Do,Commercial,-,Low
4730681.0,Baan Phuthadol,0.3238553398597341,0.3535788385380826,0.33810597722386104,0.5210176751591521,41.0,3.0,31.28,Mae Hong Son,KA,North,Mapped,Mapped,243445.0,19.0,3.759813401,0.6399461098,100.0,22.07,11.035,100.0,100.0,3.76,0.64,100,8.33,0.0,18.76,899,Low,Monitor,No immediate action required.,To Do,Commercial,-,Low
4883783.0,Baan Suan Wassana Buriram,0.2731200073627037,0.2870695070877317,0.2752992128106923,0.5057396708520382,1.0,6.0,21.42,Buriram,LT,Lower Isan - Central,Mapped,Null,23058.0,6.0,0.3561123305,0.2020882452,50.0,10.24,16.425,100.0,0.0,0.36,0.2,50,4.52,2.26,18.75,900,Low,Monitor,No immediate action required.,To Do,Commercial,-,Low
177807.0,Pranee Home Phangnga,0.3011038333724076,0.3523278566886362,0.3342171971404179,0.4891662306019778,36.0,6.0,28.87,Phang Nga,KA,Upper South,Mapped,Mapped,386124.0,160.0,5.963373949,5.389019872,100.0,24.6,12.3,100.0,100.0,5.96,5.39,100,10.37,0.0,18.74,901,Low,Monitor,No immediate action required.,To Do,Commercial,-,Low
65006.0,Phromsuk Hotel Ayutthaya,0.3817243809526098,0.3992486372478868,0.3898567638147995,0.5060102885833333,19.0,6.0,29.2,Phra Nakhon Si Ayutthaya,KA,Lower Isan - Central,Mapped,Mapped,465084.0,38.0,7.182853405,1.27989222,100.0,23.98,11.99,100.0,100.0,7.18,1.28,100,9.81,0.0,18.73,902,Low,Monitor,No immediate action required.,To Do,Commercial,-,Low
63836.0,Neca Complex Apartment,0.3826807801501312,0.3914102366273543,0.38720250324413175,0.5067139219721072,18.0,14.0,29.31,Hatyai,KA,Lower South - West,Mapped,Mapped,452791.0,38.0,6.993007591,1.27989222,100.0,23.88,11.94,100.0,100.0,6.99,1.28,100,9.74,0.0,18.73,903,Low,Monitor,No immediate action required.,To Do,Commercial,-,Low
4932332.0,S Club & Hotel,0.3653893387784776,0.3917539711800601,0.38008121454833593,0.4960839715092633,43.0,34.0,33.8,Pattaya,LT,BKK - Metro - Chon,Mapped,Mapped,59827.0,1.0,0.9239817957,0.0336813742,100.0,20.47,10.235,100.0,100.0,0.92,0.03,100,7.23,0.0,18.72,904,Low,Monitor,No immediate action required.,To Do,Commercial,-,Low
4857747.0,Grand Forest,0.3511600904173096,0.4859477726024167,0.3832802796919989,0.4964308338106726,31.0,26.0,30.7,Chanthaburi,KA,Upper Isan - East,Mapped,Mapped,312749.0,54.0,4.830158603,1.818794207,100.0,22.96,11.48,100.0,100.0,4.83,1.82,100,9.1,0.0,18.72,905,Low,Monitor,No immediate action required.,To Do,Commercial,-,Low
43948.0,VILLA'S DAY Phitsanulok,0.3704694583312188,0.3801648098736507,0.3389928873874342,0.5053812995863185,5.0,10.0,26.19,Phitsanulok,KA,North,Mapped,Mapped,693471.0,99.0,10.71010863,3.334456046,100.0,26.36,13.18,100.0,100.0,10.71,3.33,100,11.59,0.0,18.71,906,Low,Monitor,No immediate action required.,To Do,Commercial,-,Low
43649.0,Karnmanee Place Hotel,0.3642743963147039,0.4068677628480363,0.3897947421853434,0.5026142035608588,18.0,10.0,28.37,Udon Thani,KA,Upper Isan - East,Mapped,Mapped,481097.0,89.0,7.430167594,2.997642304,100.0,24.61,12.305,100.0,100.0,7.43,3.0,100,10.29,0.0,18.68,907,Low,Monitor,No immediate action required.,To Do,Commercial,-,Low
1875.0,First Residence Samui,0.354385048078122,0.403756384971332,0.3726256709418815,0.5047304152321309,0.0,14.0,24.71,Koh Samui,KA,Upper South,Mapped,Mapped,619269.0,268.0,9.564125867,9.026608286,100.0,27.49,13.745,100.0,100.0,9.56,9.03,100,12.43,0.0,18.68,908,Low,Monitor,No immediate action required.,To Do,Commercial,-,Low
4543160.0,Sitthinard Grandview Hotel,0.3739149871282381,0.4664025123721118,0.38907834315091083,0.4973818794732594,16.0,27.0,28.8,Phatthalung,KA,Lower South - West,Mapped,Mapped,351482.0,161.0,5.4283622,5.422701246,100.0,24.34,12.17,100.0,100.0,5.43,5.42,100,10.1,0.0,18.66,909,Low,Monitor,No immediate action required.,To Do,Commercial,-,Low
63682.0,Chiangkham Grand Villa,0.3951536073141769,0.4045408542773226,0.40017499924093386,0.5062577796645041,33.0,5.0,32.37,Phayao,KA,North,Mapped,Mapped,166644.0,1.0,2.573680316,0.0336813742,100.0,21.3,10.65,100.0,100.0,2.57,0.03,100,7.77,0.0,18.66,910,Low,Monitor,No immediate action required.,To Do,Commercial,-,Low
65663.0,Stone Head Hua Hin Hotel,0.3460020016331532,0.3802221662965311,0.36995024922941333,0.5071055361464224,43.0,20.0,32.8,Hua Hin,LT,Lower South - West,Mapped,Mapped,116069.0,3.0,1.792596709,0.1010441226,100.0,20.93,10.465,100.0,100.0,1.79,0.1,100,7.48,0.0,18.65,911,Low,Monitor,No immediate action required.,To Do,Commercial,-,Low
43932.0,Baan Dara Resort,0.3271631632184443,0.3587895977318425,0.33801398197729965,0.4986057779675618,33.0,10.0,29.66,Saraburi,KA,Lower Isan - Central,Mapped,Mapped,312411.0,116.0,4.824934908,3.907039407,100.0,23.58,11.79,100.0,100.0,4.82,3.91,100,9.52,0.0,18.64,912,Low,Monitor,No immediate action required.,To Do,Commercial,-,Low
63775.0,Iyara Hua Hin Lodge,0.4251702347213299,0.434917227968257,0.3930991097996909,0.5058976211026327,20.0,33.0,31.98,Hua Hin,KA,Lower South - West,Mapped,Mapped,123266.0,59.0,1.903751328,1.987201078,100.0,21.55,10.775,100.0,100.0,1.9,1.99,100,7.94,0.0,18.62,913,Low,Monitor,No immediate action required.,To Do,Commercial,-,Low
4945.0,Napatra Hotel Chiangmai,0.2905720713326217,0.3787543908135491,0.35075411409430446,0.506675611708559,20.0,1.0,25.6,Chiang Mai,KA,North,Mapped,Mapped,515019.0,262.0,7.954061673,8.82452004,100.0,26.62,13.31,100.0,100.0,7.95,8.82,100,11.74,0.0,18.62,914,Low,Monitor,No immediate action required.,To Do,Commercial,-,Low
4733.0,Sri U-Thong Grande Hotel,0.3419309501542548,0.3526990226593589,0.34624658565944005,0.5017585147671317,19.0,16.0,27.84,Suphan Buri,KA,Lower Isan - Central,Mapped,Mapped,421169.0,164.0,6.504630257,5.523745369,100.0,24.91,12.455,100.0,100.0,6.5,5.52,100,10.47,0.0,18.61,915,Low,Monitor,No immediate action required.,To Do,Commercial,-,Low
43629.0,The Rubber Phuket Hotel,0.3374593392715423,0.3452723771716945,0.34034286599286945,0.505858537668972,0.0,22.0,24.31,Phuket,KA,Upper South,Mapped,Mapped,749445.0,185.0,11.57458404,6.231054227,100.0,27.66,13.83,100.0,100.0,11.57,6.23,100,12.52,0.0,18.61,916,Low,Monitor,No immediate action required.,To Do,Commercial,-,Low
4920938.0,Yuliang Resort,0.266227581428375,0.2744264940219748,0.27204441849789757,0.5058442011900369,2.0,1.0,21.18,Kamphaeng Phet,LT,North,Not mapped,Mapped,15759.0,3.0,0.2433841008,0.1010441226,50.0,10.15,14.51,0.0,100.0,0.24,0.1,50,4.39,2.19,18.61,917,Low,Monitor,No immediate action required.,To Do,Commercial,-,Low
4935444.0,888 Resort,0.4214937354109544,0.4231182201639775,0.4107050936591264,0.513205545642793,3.0,4.0,27.82,Rayong,KA,Upper Isan - East,Mapped,Mapped,437589.0,126.0,6.758212171,4.243853149,100.0,24.65,12.325,100.0,100.0,6.76,4.24,100,10.22,0.0,18.59,918,Low,Monitor,No immediate action required.,To Do,Commercial,-,Low
23982.0,The Grass Serviced Suites Pattaya by At Mind,0.3430138192631982,0.348890529694998,0.34704151858280613,0.5069261222582598,1.0,74.0,26.38,Pattaya,KA,BKK - Metro - Chon,Mapped,Mapped,459922.0,236.0,7.103125286,7.948804311,100.0,25.94,12.97,100.0,100.0,7.1,7.95,100,11.21,0.0,18.59,919,Low,Monitor,No immediate action required.,To Do,Commercial,-,Low
65036.0,Nonsi Hotel Phitsanulok,0.3537267466597903,0.3563430051852271,0.35187254131511747,0.5026840863864478,45.0,8.0,33.03,Phitsanulok,LT,North,Mapped,Mapped,84608.0,2.0,1.306696318,0.0673627484,100.0,20.67,10.335,100.0,100.0,1.31,0.07,100,7.28,0.0,18.58,920,Low,Monitor,No immediate action required.,To Do,Commercial,-,Low
63828.0,The D257 Hotel,0.3173074452705231,0.3440999309759723,0.33467779785536866,0.5079218859807301,19.0,7.0,26.69,Phetchabun,KA,North,Mapped,Mapped,662385.0,51.0,10.23001774,1.717750084,100.0,25.63,12.815,100.0,100.0,10.23,1.72,100,10.97,0.0,18.57,921,Low,Monitor,No immediate action required.,To Do,Commercial,-,Low
23807.0,Siri Hotel Phuket,0.3652478019544883,0.3709702375929297,0.33949453306098704,0.5059045642281029,25.0,22.0,30.18,Phuket,KA,Upper South,Mapped,Mapped,350324.0,17.0,5.410482744,0.5725833614,100.0,22.88,11.44,100.0,100.0,5.41,0.57,100,8.91,0.0,18.57,922,Low,Monitor,No immediate action required.,To Do,Commercial,-,Low
4896932.0,Suansin Garden Resort Hotel,0.2533378058666544,0.2533378058666544,0.2533378058666544,0.506675611708559,0.0,1.0,20.3,Tak,LT,North,Mapped,Not Mapped,94744.0,1.0,1.463246727,0.0336813742,50.0,10.74,18.375,100.0,0.0,1.46,0.03,50,4.8,2.4,18.56,923,Low,Expand to Ctrip,Expand distribution to increase room nights.,To Do,Market Manager,72 Hours,Medium
177820.0,Baan Chan Suan Khaoyai,0.3577072553908464,0.3919929539883753,0.35404580562337734,0.502793071828605,37.0,27.0,32.26,Khaoyai,KA,Lower Isan - Central,Mapped,Mapped,145749.0,1.0,2.250976441,0.0336813742,100.0,21.14,10.57,100.0,100.0,2.25,0.03,100,7.59,0.0,18.5,924,Low,Monitor,No immediate action required.,To Do,Commercial,-,Low
4980623.0,Kimcan Cottage,0.3379899313418164,0.3644771581278122,0.35315139052812494,0.5075659020571056,25.0,16.0,28.94,Khon Kaen,KA,Upper Isan - East,Mapped,Mapped,464824.0,9.0,7.178843778,0.3031323678,100.0,23.68,11.84,100.0,100.0,7.18,0.3,100,9.47,0.0,18.49,925,Low,Monitor,No immediate action required.,To Do,Commercial,-,Low
181556.0,Sunee Boutique Hotel,0.3732233638616972,0.3790900819895816,0.3735612514046757,0.5071046909447534,32.0,4.0,31.29,Uttaradit,KA,North,Mapped,Mapped,152383.0,60.0,2.353438131,2.020882452,100.0,21.78,10.89,100.0,100.0,2.35,2.02,100,8.04,0.0,18.48,926,Low,Monitor,No immediate action required.,To Do,Commercial,-,Low
43911.0,Sritrakul Place,0.3685315017098741,0.3837618379889399,0.3758233677090361,0.5032558322002886,17.0,10.0,28.36,Pattaya,KA,BKK - Metro - Chon,Mapped,Mapped,485768.0,46.0,7.502300095,1.549343213,100.0,24.22,12.11,100.0,100.0,7.5,1.55,100,9.89,0.0,18.48,927,Low,Monitor,No immediate action required.,To Do,Commercial,-,Low
4543068.0,Arista Hotel Ubon,0.311421152279404,0.3276514190801926,0.3158090729791374,0.5118765902708131,20.0,2.0,26.57,Ubon Ratchathani,KA,Lower Isan - Central,Mapped,Mapped,592604.0,88.0,9.152297615,2.96396093,100.0,25.47,12.735,100.0,100.0,9.15,2.96,100,10.78,0.0,18.48,928,Low,Monitor,No immediate action required.,To Do,Commercial,-,Low
5101656.0,Green white Resort & Cafe,0.3398574821834303,0.3755238532463361,0.33922929424816906,0.504436846284474,6.0,11.0,25.17,Khon Kaen,KA,Upper Isan - East,Mapped,Mapped,699385.0,131.0,10.801444,4.41226002,100.0,26.72,13.36,100.0,100.0,10.8,4.41,100,11.76,0.0,18.47,929,Low,Monitor,No immediate action required.,To Do,Commercial,-,Low
2000021.0,Samrong Garden Resort,0.3629928162774863,0.3780354291936812,0.36953907885943393,0.5089979361925582,30.0,23.0,31.14,Udon Thani,KA,Upper Isan - East,Mapped,Mapped,132172.0,82.0,2.041291457,2.761872684,100.0,21.85,10.925,100.0,100.0,2.04,2.76,100,8.08,0.0,18.47,930,Low,Monitor,No immediate action required.,To Do,Commercial,-,Low
183319.0,PS Sriphu Hotel Hatyai,0.3392482641276113,0.4366521889717241,0.38450337812594454,0.4991800007215689,20.0,31.0,28.34,Hatyai,KA,Lower South - West,Mapped,Mapped,331499.0,169.0,5.11973974,5.69215224,100.0,24.27,12.135,100.0,100.0,5.12,5.69,100,9.94,0.0,18.46,931,Low,Monitor,No immediate action required.,To Do,Commercial,-,Low
21582.0,Alexander Hotel,0.3872327667357345,0.4024664145094233,0.397080676917561,0.5015978372042941,0.0,227.0,32.68,Bangkok,LT,BKK - Metro - Chon,Mapped,Mapped,49533.0,36.0,0.7649938267,1.212529471,100.0,20.75,10.375,100.0,100.0,0.76,1.21,100,7.28,0.0,18.46,932,Low,Monitor,No immediate action required.,To Do,Commercial,-,Low
181629.0,Sakura Budget Hotel,0.3530153273884171,0.3564452624798147,0.35389903333236594,0.5083608545667787,27.0,10.0,29.75,Hatyai,KA,Lower South - West,Mapped,Mapped,207283.0,129.0,3.201326449,4.344897272,100.0,22.9,11.45,100.0,100.0,3.2,4.34,100,8.85,0.0,18.43,933,Low,Monitor,No immediate action required.,To Do,Commercial,-,Low
4857676.0,Chadaporn Hotel Mae Chaem,0.3763483830687323,0.4164401478237419,0.3942423977164437,0.5078450479447193,19.0,16.0,29.33,Chiang Mai,KA,North,Mapped,Mapped,342843.0,57.0,5.29493888,1.919838329,100.0,23.22,11.61,100.0,100.0,5.29,1.92,100,9.09,0.0,18.42,934,Low,Monitor,No immediate action required.,To Do,Commercial,-,Low
4883806.0,Muaklek Pruksa Resort,0.3206443560310758,0.3459524695364174,0.33809724490086795,0.5177112331005128,32.0,3.0,29.37,Saraburi,KA,Lower Isan - Central,Mapped,Mapped,374257.0,10.0,5.780106598,0.336813742,100.0,22.99,11.495,100.0,100.0,5.78,0.34,100,8.87,0.0,18.42,935,Low,Monitor,No immediate action required.,To Do,Commercial,-,Low
152893.0,168 Studio @Ubon Ratchathani,0.3747201234243661,0.4504301240227918,0.4087465149661795,0.5017621109080289,29.0,45.0,31.97,Ubon Ratchathani,LT,Lower Isan - Central,Mapped,Mapped,128167.0,22.0,1.979444801,0.7409902324,100.0,21.21,10.605,100.0,100.0,1.98,0.74,100,7.61,0.0,18.41,936,Low,Monitor,No immediate action required.,To Do,Commercial,-,Low
1767.0,Ruean Phae Royal Park Hotel,0.3404471710466012,0.3601170740104998,0.34921061843649015,0.5061578198026403,32.0,11.0,30.18,Phitsanulok,KA,North,Mapped,Mapped,250150.0,56.0,3.863375028,1.886156955,100.0,22.5,11.25,100.0,100.0,3.86,1.89,100,8.53,0.0,18.38,937,Low,Monitor,No immediate action required.,To Do,Commercial,-,Low
4543120.0,Daydream House,0.3280194061775486,0.4156984744615923,0.34163294372802017,0.4958316070087967,17.0,7.0,26.5,Khon Kaen,KA,Upper Isan - East,Mapped,Mapped,558032.0,128.0,8.618364952,4.311215898,100.0,25.6,12.8,100.0,100.0,8.62,4.31,100,10.9,0.0,18.36,938,Low,Monitor,No immediate action required.,To Do,Commercial,-,Low
64976.0,Tharapark View Hotel,0.3430532179313381,0.3622243872778717,0.35234622384137043,0.501207968742792,46.0,9.0,32.79,Krabi,LT,Upper South,Mapped,Mapped,19467.0,23.0,0.3006574164,0.7746716066,100.0,20.38,10.19,100.0,100.0,0.3,0.77,100,6.94,0.0,18.32,939,Low,Monitor,No immediate action required.,To Do,Commercial,-,Low
4863481.0,Ocean Gold Card Ayutthaya,0.3622385031109393,0.5241730485077907,0.46766451856617525,0.4896018651451985,18.0,40.0,28.97,Phra Nakhon Si Ayutthaya,KA,Lower Isan - Central,Mapped,Mapped,320279.0,110.0,4.946463713,3.704951162,100.0,23.58,11.79,100.0,100.0,4.95,3.7,100,9.38,0.0,18.28,940,Low,Monitor,No immediate action required.,To Do,Commercial,-,Low
4933118.0,Marble Arch De Loei Hotel,0.3353636874592104,0.3464535568651543,0.3401887578732856,0.5065835335285181,17.0,8.0,27.04,Loei,KA,Upper Isan - East,Mapped,Mapped,512879.0,81.0,7.921016465,2.72819131,100.0,24.78,12.39,100.0,100.0,7.92,2.73,100,10.19,0.0,18.27,941,Low,Monitor,No immediate action required.,To Do,Commercial,-,Low
4920737.0,The Bedrooms Maeklong Hotel and Serviced Apartment,0.3368880525887721,0.4310765777718564,0.29294447884514935,0.5026986838831262,37.0,17.0,31.11,Samut Songkhram,KA,Lower South - West,Mapped,Mapped,163824.0,33.0,2.530136132,1.111485349,100.0,21.6,10.8,100.0,100.0,2.53,1.11,100,7.82,0.0,18.27,942,Low,Monitor,No immediate action required.,To Do,Commercial,-,Low
21230.0,Faikid Amnat Charoen Hotel,0.3389636820140727,0.3776191395687879,0.35767474471822075,0.506675611708559,14.0,2.0,26.42,Amnart Charoen,KA,Lower Isan - Central,Mapped,Mapped,494014.0,142.0,7.629656464,4.782755136,100.0,25.25,12.625,100.0,100.0,7.63,4.78,100,10.53,0.0,18.26,943,Low,Monitor,No immediate action required.,To Do,Commercial,-,Low
4847954.0,Sook Hotel,0.3499534738515766,0.3635181384655598,0.35976259820703466,0.5078531805206807,42.0,10.0,32.47,Ranong,LT,Upper South,Mapped,Mapped,36291.0,9.0,0.5604809541,0.3031323678,100.0,20.37,10.185,100.0,100.0,0.56,0.3,100,6.86,0.0,18.25,944,Low,Monitor,No immediate action required.,To Do,Commercial,-,Low
181641.0,Rueanchorfa Hotel,0.3214397649509476,0.3214397649509476,0.3214397649509476,0.5069280132121322,0.0,2.0,23.06,Nong Bua Lamphu,KA,Upper Isan - East,Mapped,Mapped,926571.0,68.0,14.31016618,2.290333446,100.0,27.84,13.92,100.0,100.0,14.31,2.29,100,12.45,0.0,18.21,945,Low,Monitor,No immediate action required.,To Do,Commercial,-,Low
4915670.0,Viva Central Korat,0.3220732755852045,0.3358215967698647,0.32591726875219573,0.5025435094776505,22.0,4.0,27.25,Nakhonratchasima,KA,Lower Isan - Central,Mapped,Mapped,482179.0,84.0,7.446873598,2.829235433,100.0,24.57,12.285,100.0,100.0,7.45,2.83,100,10.02,0.0,18.21,946,Low,Monitor,No immediate action required.,To Do,Commercial,-,Low
4920618.0,Sinsiri Hostel,0.424955809198329,0.4282046262815812,0.4254027787340419,0.5061933877381224,17.0,13.0,30.77,Roi Et,KA,Lower Isan - Central,Mapped,Mapped,169650.0,32.0,2.620104845,1.077803974,100.0,21.63,10.815,100.0,100.0,2.62,1.08,100,7.79,0.0,18.19,947,Low,Monitor,No immediate action required.,To Do,Commercial,-,Low
79.0,Ratchada Point Hotel,0.3427707442790518,0.3481116577340464,0.3459900599930794,0.5092979589432726,0.0,24.0,24.65,Bangkok,KA,BKK - Metro - Chon,Mapped,Mapped,546706.0,222.0,8.443450294,7.477265072,100.0,26.46,13.23,100.0,100.0,8.44,7.48,100,11.39,0.0,18.18,948,Low,Monitor,No immediate action required.,To Do,Commercial,-,Low
183638.0,The Resto Udonthani,0.3602819452099127,0.3887425472892832,0.3776220345629356,0.5227011764582757,26.0,1.0,29.85,Udon Thani,KA,Upper Isan - East,Mapped,Mapped,156951.0,80.0,2.423991153,2.694509936,100.0,22.02,11.01,100.0,100.0,2.42,2.69,100,7.99,0.0,18.18,949,Low,Monitor,No immediate action required.,To Do,Commercial,-,Low
63797.0,Rhienchai Place,0.3691061165992589,0.4575768743263863,0.4019636178451742,0.4964365273678002,29.0,58.0,32.05,Surat Thani,LT,Upper South,Mapped,Mapped,82174.0,14.0,1.269110203,0.4715392388,100.0,20.78,10.39,100.0,100.0,1.27,0.47,100,7.19,0.0,18.17,950,Low,Monitor,No immediate action required.,To Do,Commercial,-,Low
4732.0,At Sakon Hotel,0.3285029148366235,0.3470518840890578,0.32615739717542963,0.5020029680217772,18.0,9.0,26.89,Sakon Nakhon,KA,Upper Isan - East,Mapped,Mapped,579944.0,27.0,8.956777598,0.9093971034,100.0,24.75,12.375,100.0,100.0,8.96,0.91,100,10.13,0.0,18.15,951,Low,Monitor,No immediate action required.,To Do,Commercial,-,Low
181646.0,ibooking Trams Square Chiang Mai,0.3195728660209956,0.3445724191981216,0.3228555921149265,0.509870186098515,44.0,2.0,31.42,Chiang Mai,LT,North,Mapped,Mapped,102345.0,16.0,1.580636329,0.5389019872,100.0,20.95,10.475,100.0,100.0,1.58,0.54,100,7.24,0.0,18.14,952,Low,Monitor,No immediate action required.,To Do,Commercial,-,Low
63683.0,Juntima Boutique Hotel,0.3444979286460667,0.3691424790238553,0.3530487706556797,0.5041437235209676,28.0,17.0,29.73,Cha-am,KA,Lower South - West,Mapped,Mapped,152436.0,120.0,2.35424679,4.041764904,100.0,22.39,11.195,100.0,100.0,2.35,4.04,100,8.33,0.0,18.13,953,Low,Monitor,No immediate action required.,To Do,Commercial,-,Low
4920728.0,HOTEL MUQ,0.3166017845317377,0.4202058045192589,0.35045157116796977,0.5026264916176769,34.0,6.0,29.38,Mukdahan,KA,Lower Isan - Central,Mapped,Mapped,290971.0,40.0,4.493819497,1.347254968,100.0,22.65,11.325,100.0,100.0,4.49,1.35,100,8.53,0.0,18.1,954,Low,Monitor,No immediate action required.,To Do,Commercial,-,Low
2009156.0,Wara Boutique Hotel,0.3529119703965965,0.3651033659223546,0.3585260205471641,0.50510705963828,34.0,12.0,31.07,Udon Thani,LT,Upper Isan - East,Mapped,Mapped,145194.0,7.0,2.242412317,0.2357696194,100.0,21.19,10.595,100.0,100.0,2.24,0.24,100,7.41,0.0,18.08,955,Low,Monitor,No immediate action required.,To Do,Commercial,-,Low
5101144.0,U-sabai Place Manchakhiri,0.3139490428223782,0.4412279238013948,0.38061980094152736,0.504870539629205,39.0,27.0,30.94,Khon Kaen,LT,Upper Isan - East,Mapped,Mapped,132431.0,25.0,2.045291353,0.842034355,100.0,21.28,10.64,100.0,100.0,2.05,0.84,100,7.47,0.0,18.06,956,Low,Monitor,No immediate action required.,To Do,Commercial,-,Low
181632.0,The Museum Hotel Nakhon Pathom,0.3155805486150326,0.3254559438773834,0.320518246246208,0.5034706429894542,5.0,1.0,23.68,Nakhon Pathom,KA,BKK - Metro - Chon,Mapped,Mapped,682296.0,176.0,10.53752621,5.927921859,100.0,27.05,13.525,100.0,100.0,10.54,5.93,100,11.78,0.0,18.03,957,Low,Monitor,No immediate action required.,To Do,Commercial,-,Low
4886320.0,Ampai Resort,0.3059424223568033,0.3497059274452352,0.3244576763956278,0.4938550156779469,6.0,1.0,23.29,Rayong,KA,Upper Isan - East,Mapped,Mapped,961485.0,11.0,14.84937906,0.3704951162,100.0,27.54,13.77,100.0,100.0,14.85,0.37,100,12.19,0.0,18.02,958,Low,Monitor,No immediate action required.,To Do,Commercial,-,Low
152869.0,Kilintra Residence,0.3437275741138634,0.4213990338522063,0.37358889167774667,0.5013068141972229,20.0,23.0,28.31,Chonburi,KA,BKK - Metro - Chon,Mapped,Mapped,218429.0,165.0,3.373462693,5.557426743,100.0,23.35,11.675,100.0,100.0,3.37,5.56,100,9.02,0.0,18.01,959,Low,Monitor,No immediate action required.,To Do,Commercial,-,Low
182961.0,Irabbit Hotel Prachinburi,0.2740107887627138,0.2799487675086177,0.27543085676950485,0.5058442011900369,3.0,1.0,21.68,Prachin Buri,KA,Upper Isan - East,Mapped,Mapped,963601.0,108.0,14.88206458,3.637588414,100.0,28.53,14.265,100.0,100.0,14.88,3.64,100,12.87,0.0,18.0,960,Low,Monitor,No immediate action required.,To Do,Commercial,-,Low
43951.0,Tairada Boutique Hotel,0.3775890200646276,0.3881437210561529,0.37944654574627573,0.5059729869067583,32.0,6.0,31.51,Krabi,LT,Upper South,Mapped,Mapped,59061.0,21.0,0.9121472049,0.7073088582,100.0,20.67,10.335,100.0,100.0,0.91,0.71,100,6.97,0.0,18.0,961,Low,Monitor,No immediate action required.,To Do,Commercial,-,Low
4884613.0,Mayfair Suite,0.2958503390124126,0.3451449257013644,0.29783308200510145,0.4996418758935232,14.0,2.0,24.56,Bangkok,KA,BKK - Metro - Chon,Mapped,Mapped,791055.0,24.0,12.21722681,0.8083529808,100.0,26.35,13.175,100.0,100.0,12.22,0.81,100,11.26,0.0,18.0,962,Low,Monitor,No immediate action required.,To Do,Commercial,-,Low
65455.0,Orchid Surin Hotel,0.3399869098632887,0.345627274809905,0.3338892637882802,0.5063315836031475,27.0,6.0,29.06,Surin,KA,Lower Isan - Central,Mapped,Mapped,209459.0,99.0,3.234928112,3.334456046,100.0,22.62,11.31,100.0,100.0,3.23,3.33,100,8.43,0.0,17.99,963,Low,Monitor,No immediate action required.,To Do,Commercial,-,Low
4884792.0,Fortune Courtyard Hotel Khaoyai,0.3124888083792053,0.3459903805213525,0.3327792002312915,0.5227011764582757,36.0,2.0,29.87,Khaoyai,LT,Lower Isan - Central,Mapped,Mapped,208446.0,2.0,3.219281427,0.0673627484,100.0,21.63,10.815,100.0,100.0,3.22,0.07,100,7.6,0.0,17.99,964,Low,Monitor,No immediate action required.,To Do,Commercial,-,Low
5102185.0,Diamond Hotel Buriram,0.3296999111938641,0.3506815932914984,0.3366601235272304,0.5039014588036668,38.0,3.0,30.6,Buriram,KA,Lower Isan - Central,Mapped,Mapped,159645.0,19.0,2.46558952,0.6399461098,100.0,21.42,10.71,100.0,100.0,2.47,0.64,100,7.55,0.0,17.99,965,Low,Monitor,No immediate action required.,To Do,Commercial,-,Low
4935523.0,Lithai Guest House Phitsanulok Hotel,0.3500763975224066,0.3728868952010458,0.360712939913852,0.4938410603016585,39.0,17.0,31.84,Phitsanulok,LT,North,Mapped,Mapped,23693.0,43.0,0.3659266639,1.448299091,100.0,20.62,10.31,100.0,100.0,0.37,1.45,100,6.99,0.0,17.98,966,Low,Monitor,No immediate action required.,To Do,Commercial,-,Low
4935981.0,BB House & Resort Khon Kaen,0.3252421909804371,0.484417334051633,0.3724504875522314,0.5048781797508067,40.0,14.0,31.17,Khon Kaen,KA,Upper Isan - East,Mapped,Mapped,97012.0,17.0,1.49827698,0.5725833614,100.0,20.92,10.46,100.0,100.0,1.5,0.57,100,7.16,0.0,17.98,967,Low,Monitor,No immediate action required.,To Do,Commercial,-,Low
2012123.0,Tassana Place,0.3570264173341615,0.3598191139937021,0.349840633509165,0.5033902414318788,29.0,12.0,30.25,Chonburi,KA,BKK - Metro - Chon,Mapped,Mapped,199879.0,13.0,3.08697982,0.4378578646,100.0,21.67,10.835,100.0,100.0,3.09,0.44,100,7.73,0.0,17.97,968,Low,Monitor,No immediate action required.,To Do,Commercial,-,Low
21436.0,Chour Palace Hotel,0.4321540714842294,0.4574300215158948,0.44587971850953523,0.5059768853634607,18.0,10.0,31.15,Chiang Rai,LT,North,Mapped,Mapped,101143.0,8.0,1.562072232,0.2694509936,100.0,20.86,10.43,100.0,100.0,1.56,0.27,100,7.09,0.0,17.95,969,Low,Monitor,No immediate action required.,To Do,Commercial,-,Low
3014343.0,Napa Garden,0.3672031796440718,0.4534815018206027,0.4171081038270132,0.4930790788134864,17.0,20.0,28.42,Kalasin,KA,Upper Isan - East,Mapped,Mapped,360503.0,49.0,5.567686289,1.650387336,100.0,23.28,11.64,100.0,100.0,5.57,1.65,100,8.96,0.0,17.94,970,Low,Monitor,No immediate action required.,To Do,Commercial,-,Low
3014259.0,Doth Hotel Ayutthaya,0.3747168719985025,0.3938964213296081,0.38696840637008484,0.5036485574388481,1.0,37.0,26.42,Phra Nakhon Si Ayutthaya,KA,Lower Isan - Central,Mapped,Mapped,519184.0,66.0,8.0183845,2.222970697,100.0,24.68,12.34,100.0,100.0,8.02,2.22,100,9.96,0.0,17.94,971,Low,Monitor,No immediate action required.,To Do,Commercial,-,Low
182914.0,Farisa Garden Hotel Kalasin,0.325658201193091,0.3336130431840728,0.32698400819158796,0.506675611708559,2.0,1.0,23.57,Kalasin,KA,Upper Isan - East,Mapped,Mapped,855557.0,25.0,13.21340937,0.842034355,100.0,26.86,13.43,100.0,100.0,13.21,0.84,100,11.57,0.0,17.92,972,Low,Monitor,No immediate action required.,To Do,Commercial,-,Low
4737.0,Sakaeo Garden Hotel,0.3460812715098732,0.3605344305204028,0.3533973895806398,0.5087980498251339,21.0,15.0,28.49,Sa Kaeo,KA,Upper Isan - East,Mapped,Mapped,210630.0,120.0,3.25301174,4.041764904,100.0,22.84,11.42,100.0,100.0,3.25,4.04,100,8.54,0.0,17.9,973,Low,Monitor,No immediate action required.,To Do,Commercial,-,Low
2010085.0,Chic Living Hotel,0.3373276658246237,0.3803151211668953,0.34495877497635313,0.5006789820762522,6.0,33.0,25.69,Ubon Ratchathani,KA,Lower Isan - Central,Mapped,Mapped,627835.0,39.0,9.696416199,1.313573594,100.0,25.24,12.62,100.0,100.0,9.7,1.31,100,10.38,0.0,17.9,974,Low,Monitor,No immediate action required.,To Do,Commercial,-,Low
4911848.0,Khampare Chiang Mai Hotel,0.448539714350178,0.4684693444591779,0.4500501916897246,0.5057470035788705,17.0,2.0,31.36,Chiang Mai,LT,North,Mapped,Mapped,37077.0,27.0,0.5726193325,0.9093971034,100.0,20.56,10.28,100.0,100.0,0.57,0.91,100,6.83,0.0,17.88,975,Low,Monitor,No immediate action required.,To Do,Commercial,-,Low
4712096.0,Innara Hotel Pattaya,0.3631076318585776,0.3706651321349216,0.35936669673068744,0.5018640459169844,15.0,3.0,27.51,Pattaya,KA,BKK - Metro - Chon,Mapped,Mapped,338110.0,94.0,5.221843433,3.166049175,100.0,23.56,11.78,100.0,100.0,5.22,3.17,100,9.06,0.0,17.8,976,Low,Monitor,No immediate action required.,To Do,Commercial,-,Low
2000369.0,Bosswin Home Resort,0.3766871936780195,0.3881308089177429,0.3803088236993785,0.5017386580395725,22.0,59.0,31.15,Nakhonratchasima,LT,Lower Isan - Central,Mapped,Mapped,63399.0,15.0,0.9791477486,0.505220613,100.0,20.64,10.32,100.0,100.0,0.98,0.51,100,6.87,0.0,17.8,977,Low,Monitor,No immediate action required.,To Do,Commercial,-,Low
2012265.0,The Monkey Resort Donheang,0.3705206968732709,0.382449567754819,0.37805754089585747,0.5118774525894679,20.0,49.0,30.41,Prachuapkhirikhan,LT,Lower South - West,Mapped,Mapped,82390.0,27.0,1.272454647,0.9093971034,100.0,20.91,10.455,100.0,100.0,1.27,0.91,100,6.99,0.0,17.74,978,Low,Monitor,No immediate action required.,To Do,Commercial,-,Low
182890.0,The Lephant Hotel,0.3751393683110195,0.3775073926861357,0.3746299385419481,0.5070994283721498,26.0,29.0,31.01,Surat Thani,LT,Upper South,Mapped,Mapped,56094.0,9.0,0.8663199036,0.3031323678,100.0,20.52,10.26,100.0,100.0,0.87,0.3,100,6.73,0.0,17.74,979,Low,Monitor,No immediate action required.,To Do,Commercial,-,Low
2012461.0,Boonbundal hotel,0.3212717386013338,0.3212717386013338,0.3212717386013338,0.5115803534057268,18.0,2.0,26.57,Roi Et,KA,Lower Isan - Central,Mapped,Mapped,402294.0,86.0,6.213117977,2.896598181,100.0,23.98,11.99,100.0,100.0,6.21,2.9,100,9.29,0.0,17.73,980,Low,Monitor,No immediate action required.,To Do,Commercial,-,Low
5101721.0,Chaba Inn Srinakarin,0.3194941525645296,0.3412338255099892,0.32718959643434686,0.4983386693958185,43.0,1.0,30.97,Bangkok,LT,BKK - Metro - Chon,Mapped,Mapped,69466.0,19.0,1.072853342,0.6399461098,100.0,20.73,10.365,100.0,100.0,1.07,0.64,100,6.92,0.0,17.73,981,Low,Monitor,No immediate action required.,To Do,Commercial,-,Low
5101598.0,NARA Premium resort,0.3962696723915344,0.4098232418229275,0.4032091677409388,0.5076954277159745,17.0,28.0,30.13,Chainat,LT,Lower Isan - Central,Mapped,Mapped,136686.0,6.0,2.111005239,0.2020882452,100.0,21.12,10.56,100.0,100.0,2.11,0.2,100,7.14,0.0,17.69,982,Low,Monitor,No immediate action required.,To Do,Commercial,-,Low
4857587.0,O2 Hotel Sakonnakhon,0.3471585407807294,0.4362748481824955,0.3555485913391966,0.4942793653242988,18.0,67.0,29.31,Sakon Nakhon,KA,Upper Isan - East,Mapped,Mapped,175988.0,66.0,2.717998909,2.222970697,100.0,22.03,11.015,100.0,100.0,2.72,2.22,100,7.89,0.0,17.68,983,Low,Monitor,No immediate action required.,To Do,Commercial,-,Low
4921121.0,Sleep hotel Chachoengsao,0.3900126064954328,0.4138640945560978,0.3092674928098365,0.5031830992677115,2.0,28.0,26.93,Chachoengsao,KA,Upper Isan - East,Mapped,Mapped,460209.0,20.0,7.107572292,0.673627484,100.0,23.76,24.715,100.0,100.0,7.11,0.67,100,9.14,0.0,17.68,984,Low,Monitor,No immediate action required.,To Do,Commercial,-,Low
183377.0,The Ikon Apartment,0.266643286687636,0.3003423106623848,0.28859954175962566,0.506675611708559,4.0,4.0,21.69,Lop Buri,KA,Lower Isan - Central,Mapped,Mapped,995434.0,14.0,15.37369894,0.4715392388,100.0,27.83,13.915,100.0,100.0,15.37,0.47,100,12.16,0.0,17.66,985,Low,Monitor,No immediate action required.,To Do,Commercial,-,Low
4952935.0,SB Residence Hotel Lom Sak,0.2675280427096921,0.317123057337185,0.28729363265794255,0.4928787090839936,15.0,4.0,23.54,Phetchabun,KA,North,Mapped,Mapped,830200.0,18.0,12.82178585,0.6062647356,100.0,26.59,13.295,100.0,100.0,12.82,0.61,100,11.3,0.0,17.64,986,Low,Monitor,No immediate action required.,To Do,Commercial,-,Low
4884071.0,Grand Maihom Hotel,0.314526791271735,0.3147975380504889,0.3096750243596968,0.5060260365279187,0.0,5.0,22.86,Chiang Mai,KA,North,Mapped,Mapped,628615.0,198.0,9.708461758,6.668912092,100.0,26.85,13.425,100.0,100.0,9.71,6.67,100,11.43,0.0,17.63,987,Low,Monitor,No immediate action required.,To Do,Commercial,-,Low
43830.0,Hobby Hotel Uttaradit,0.2732244610641138,0.3652708213749228,0.32138870411047765,0.504271545792837,6.0,3.0,22.25,Uttaradit,KA,North,Mapped,Mapped,895865.0,44.0,13.83592323,1.481980465,100.0,27.36,13.68,100.0,100.0,13.84,1.48,100,11.81,0.0,17.62,988,Low,Monitor,No immediate action required.,To Do,Commercial,-,Low
4606472.0,Three Bays Resort,0.3196627457201841,0.3964591356241375,0.3622449613751471,0.5063990806937909,20.0,38.0,27.92,Prachuapkhirikhan,KA,Lower South - West,Mapped,Mapped,247312.0,78.0,3.819541111,2.627147188,100.0,22.7,11.35,100.0,100.0,3.82,2.63,100,8.28,0.0,17.58,989,Low,Monitor,No immediate action required.,To Do,Commercial,-,Low
5004716.0,Urbana House Samut Songkhram,0.2484618924891555,0.4036164176908849,0.32607295831997635,0.4969237849535613,5.0,9.0,21.11,Samut Songkhram,KA,Lower South - West,Mapped,Mapped,1035014.0,32.0,15.98496911,1.077803974,100.0,28.32,14.16,100.0,100.0,15.98,1.08,100,12.54,0.0,17.57,990,Low,Monitor,No immediate action required.,To Do,Commercial,-,Low
43909.0,Privacy Residence Lopburi,0.3183601592132864,0.3418872358044251,0.31919770895790467,0.5026309598768914,4.0,29.0,24.46,Lop Buri,KA,Lower Isan - Central,Mapped,Mapped,607341.0,82.0,9.37990916,2.761872684,100.0,25.52,12.76,100.0,100.0,9.38,2.76,100,10.41,0.0,17.57,991,Low,Monitor,No immediate action required.,To Do,Commercial,-,Low
4918020.0,Rare Loei Hotel,0.3229518203037582,0.3728103849422642,0.3516396114978754,0.5026454996475865,5.0,30.0,24.87,Loei,KA,Upper Isan - East,Mapped,Mapped,637093.0,26.0,9.839395779,0.8757157292,100.0,25.18,12.59,100.0,100.0,9.84,0.88,100,10.16,0.0,17.57,992,Low,Monitor,No immediate action required.,To Do,Commercial,-,Low
4819802.0,Tobedzz hotel,0.3675924859272882,0.3751808822237779,0.3703709488274205,0.5056197537583557,27.0,25.0,30.75,Ranong,LT,Upper South,Mapped,Mapped,48774.0,3.0,0.7532735231,0.1010441226,100.0,20.41,10.205,100.0,100.0,0.75,0.1,100,6.56,0.0,17.56,993,Low,Monitor,No immediate action required.,To Do,Commercial,-,Low
4920988.0,Ratchapruek DC Resort Angthong,0.2726549063667529,0.3353389841143509,0.30701708717174125,0.5031324363981152,6.0,4.0,22.24,Ang Thong,KA,Lower Isan - Central,Mapped,Mapped,784271.0,119.0,12.11244586,4.00808353,100.0,27.26,13.63,100.0,100.0,12.11,4.01,100,11.71,0.0,17.56,994,Low,Monitor,No immediate action required.,To Do,Commercial,-,Low
2011750.0,Tanban Mansion,0.3722479070563742,0.4313129379274025,0.382505634805332,0.5058834417909112,16.0,32.0,29.06,Surin,KA,Lower Isan - Central,Mapped,Mapped,162972.0,50.0,2.516973803,1.68406871,100.0,21.76,10.88,100.0,100.0,2.52,1.68,100,7.58,0.0,17.56,995,Low,Monitor,No immediate action required.,To Do,Commercial,-,Low
2004062.0,Starwell Bali Resort,0.3709941800760241,0.3953414231059617,0.3843298201999595,0.499592996894432,21.0,4.0,28.96,Nakhonratchasima,KA,Lower Isan - Central,Mapped,Mapped,144144.0,81.0,2.226188481,2.72819131,100.0,21.93,10.965,100.0,100.0,2.23,2.73,100,7.73,0.0,17.55,996,Low,Monitor,No immediate action required.,To Do,Commercial,-,Low
63791.0,Sakorn Residence & Hotel,0.31058531859099,0.3372247067617768,0.3256116524755365,0.5291118350506782,35.0,1.0,29.7,Chiang Mai,LT,North,Mapped,Mapped,82406.0,7.0,1.27268909,0.2357696194,100.0,20.71,10.355,100.0,100.0,1.27,0.24,100,6.65,0.0,17.52,997,Low,Monitor,No immediate action required.,To Do,Commercial,-,Low
4934076.0,Navasiriplace,0.3739004497098614,0.3980810569210638,0.385466050714122,0.5032863967720481,20.0,18.0,29.4,Buriram,KA,Lower Isan - Central,Mapped,Mapped,120419.0,49.0,1.859772545,1.650387336,100.0,21.43,10.715,100.0,100.0,1.86,1.65,100,7.3,0.0,17.51,998,Low,Monitor,No immediate action required.,To Do,Commercial,-,Low
4922577.0,Sherlyn Hotel&Cafe,0.2829064483103222,0.2889096113356693,0.2869085569938869,0.5057138326311504,3.0,2.0,22.07,Ubon Ratchathani,KA,Lower Isan - Central,Mapped,Mapped,710817.0,168.0,10.97801351,5.658470866,100.0,27.19,13.595,100.0,100.0,10.98,5.66,100,11.6,0.0,17.48,999,Low,Monitor,No immediate action required.,To Do,Commercial,-,Low
43637.0,Kanok Udom Place 3,0.3389636820140727,0.3389636820140727,0.3389636820140727,0.506675611708559,3.0,1.0,24.3,Phra Nakhon Si Ayutthaya,KA,Lower Isan - Central,Mapped,Mapped,675376.0,16.0,10.43065133,0.5389019872,100.0,25.38,12.69,100.0,100.0,10.43,0.54,100,10.24,0.0,17.48,1000,Low,Monitor,No immediate action required.,To Do,Commercial,-,Low
25111.0,Bann Chompu Resort,0.3679157487812174,0.3743694456197297,0.32168241568714545,0.5051690969621901,17.0,37.0,29.23,Nakhon Nayok,LT,Lower Isan - Central,Mapped,Mapped,137856.0,41.0,2.129077593,1.380936342,100.0,21.48,10.74,100.0,100.0,2.13,1.38,100,7.32,0.0,17.48,1001,Low,Monitor,No immediate action required.,To Do,Commercial,-,Low
137921.0,The Triple V Hotel,0.3631900071054216,0.5789949107233547,0.432655983379008,0.4759378591122734,8.0,54.0,27.27,Roi Et,KA,Lower Isan - Central,Mapped,Mapped,321896.0,110.0,4.971435304,3.704951162,100.0,23.6,11.8,100.0,100.0,4.97,3.7,100,9.05,0.0,17.46,1002,Low,Monitor,No immediate action required.,To Do,Commercial,-,Low
2000243.0,AC Habitat Bangkok,0.3801910477551565,0.3878630922951775,0.38069479299130526,0.5069635611330499,27.0,8.0,30.74,Bangkok,LT,BKK - Metro - Chon,Mapped,Mapped,9386.0,7.0,0.1449587557,0.2357696194,100.0,20.14,10.07,100.0,100.0,0.14,0.24,100,6.29,0.0,17.44,1003,Low,Monitor,No immediate action required.,To Do,Commercial,-,Low
4884109.0,Maitria Hotel Rama 9 Bangkok - A Chatrium Collection,0.3803451584154292,0.4374549880283858,0.3904655830556288,0.5003851452884326,6.0,95.0,29.36,Bangkok,LT,BKK - Metro - Chon,Mapped,Mapped,94550.0,53.0,1.460243445,1.785112833,100.0,21.27,10.635,100.0,100.0,1.46,1.79,100,7.14,0.0,17.38,1004,Low,Monitor,No immediate action required.,To Do,Commercial,-,Low
4884915.0,Avarin Resort,0.3191258812033808,0.3329407552161421,0.318664186409403,0.5053194119755375,21.0,4.0,27.0,Khaoyai,KA,Lower Isan - Central,Mapped,Mapped,283346.0,85.0,4.376049041,2.862916807,100.0,23.05,11.525,100.0,100.0,4.38,2.86,100,8.45,0.0,17.38,1005,Low,Monitor,No immediate action required.,To Do,Commercial,-,Low
4921142.0,R5 Resortel Krabi,0.2744264940219748,0.3334414085274298,0.28918022264833854,0.506675611708559,2.0,1.0,21.52,Krabi,KA,Upper South,Mapped,Mapped,541880.0,313.0,8.368912203,10.54227012,100.0,27.35,13.675,100.0,100.0,8.37,10.54,100,11.65,0.0,17.35,1006,Low,Monitor,No immediate action required.,To Do,Commercial,-,Low
2000044.0,Maihom Resort Hotel Daowadung,0.3457421255971741,0.3457421255971741,0.31154693149085344,0.5065455079070103,7.0,3.0,25.39,Nakhon Sawan,KA,North,Mapped,Mapped,326028.0,170.0,5.035243684,5.725833614,100.0,24.24,12.12,100.0,100.0,5.04,5.73,100,9.32,0.0,17.34,1007,Low,Monitor,No immediate action required.,To Do,Commercial,-,Low
182886.0,Je T'aime Trang,0.3737001622575837,0.4189037268334248,0.39962098552063,0.5144016206989536,8.0,4.0,26.89,Trang,KA,Upper South,Mapped,Mapped,283835.0,64.0,4.383602497,2.155607949,100.0,22.84,11.42,100.0,100.0,4.38,2.16,100,8.22,0.0,17.32,1008,Low,Monitor,No immediate action required.,To Do,Commercial,-,Low
4933170.0,C Hotel Bangna,0.3680886304527681,0.3680886304527681,0.3669451666151493,0.4959376608062235,19.0,35.0,29.37,Bangkok,KA,BKK - Metro - Chon,Mapped,Mapped,94432.0,50.0,1.458422882,1.68406871,100.0,21.23,10.615,100.0,100.0,1.46,1.68,100,7.11,0.0,17.32,1009,Low,Monitor,No immediate action required.,To Do,Commercial,-,Low
2008032.0,Srisuksant Square,0.3613878759735958,0.3779512969167844,0.3695565311293008,0.5058027762617974,22.0,39.0,29.99,Krabi,LT,Upper South,Mapped,Mapped,32491.0,25.0,0.501792022,0.842034355,100.0,20.5,10.25,100.0,100.0,0.5,0.84,100,6.5,0.0,17.31,1010,Low,Monitor,No immediate action required.,To Do,Commercial,-,Low
4884023.0,The Cottage Hotel Udon Thani,0.3427596936183397,0.4313681737330226,0.377987007040596,0.4972330950480911,19.0,26.0,28.09,Udon Thani,KA,Upper Isan - East,Mapped,Mapped,202780.0,59.0,3.131771278,1.987201078,100.0,22.16,11.08,100.0,100.0,3.13,1.99,100,7.78,0.0,17.29,1011,Low,Monitor,No immediate action required.,To Do,Commercial,-,Low
65672.0,Infinity Seesun Resort,0.342483508678378,0.3581838091042588,0.3458746819086958,0.4948049606051307,18.0,17.0,27.56,Buriram,KA,Lower Isan - Central,Mapped,Mapped,156642.0,137.0,2.419211169,4.614348265,100.0,22.59,11.295,100.0,100.0,2.42,4.61,100,8.1,0.0,17.27,1012,Low,Monitor,No immediate action required.,To Do,Commercial,-,Low
4937187.0,Pillow Inn Phayao,0.3429217104086376,0.354020129592123,0.34143175512507135,0.5059344326576795,19.0,12.0,27.83,Phayao,KA,North,Mapped,Mapped,212198.0,47.0,3.277236141,1.583024587,100.0,22.11,11.055,100.0,100.0,3.28,1.58,100,7.68,0.0,17.25,1013,Low,Monitor,No immediate action required.,To Do,Commercial,-,Low
2007657.0,The Circle Hotel,0.3499518580675163,0.3940205106715589,0.3813707546560284,0.5130855491467685,20.0,3.0,28.16,Buriram,KA,Lower Isan - Central,Mapped,Mapped,192317.0,16.0,2.97017957,0.5389019872,100.0,21.65,10.825,100.0,100.0,2.97,0.54,100,7.28,0.0,17.22,1014,Low,Monitor,No immediate action required.,To Do,Commercial,-,Low
5102011.0,BB Hotel,0.3632503556826759,0.4653967830283001,0.4509717448481331,0.4984195574506773,18.0,28.0,28.81,Surat Thani,KA,Upper South,Mapped,Mapped,144076.0,28.0,2.225134568,0.9430784776,100.0,21.4,10.7,100.0,100.0,2.23,0.94,100,7.16,0.0,17.21,1015,Low,Monitor,No immediate action required.,To Do,Commercial,-,Low
4319962.0,Pimchanok Resort,0.361783295384726,0.361783295384726,0.361783295384726,0.5322142693558748,20.0,1.0,28.96,Phetchaburi,LT,Lower South - West,Mapped,Mapped,70010.0,5.0,1.081252986,0.168406871,100.0,20.59,10.295,100.0,100.0,1.08,0.17,100,6.38,0.0,17.2,1016,Low,Monitor,No immediate action required.,To Do,Commercial,-,Low
43642.0,Grand Charoonrat Hotel,0.2851995621517078,0.3744914974634638,0.31009931164913085,0.5016107863260616,11.0,5.0,23.69,Saraburi,KA,Lower Isan - Central,Mapped,Mapped,414206.0,217.0,6.397083561,7.308858201,100.0,25.39,12.695,100.0,100.0,6.4,7.31,100,10.13,0.0,17.19,1017,Low,Monitor,No immediate action required.,To Do,Commercial,-,Low
4921233.0,Mali House Sakon Nakhon,0.2905487119097917,0.3562884757728846,0.3271210887677383,0.4926977226844259,19.0,6.0,25.28,Sakon Nakhon,KA,Upper Isan - East,Mapped,Mapped,537951.0,11.0,8.308230041,0.3704951162,100.0,24.27,12.135,100.0,100.0,8.31,0.37,100,9.32,0.0,17.17,1018,Low,Monitor,No immediate action required.,To Do,Commercial,-,Low
181022.0,Fang Modern Hotel,0.3778030531158022,0.427434333719639,0.40872367026919965,0.5132107429739882,15.0,25.0,29.02,Chiang Mai,LT,North,Mapped,Mapped,98820.0,9.0,1.526191929,0.3031323678,100.0,20.85,10.425,100.0,100.0,1.53,0.3,100,6.66,0.0,17.17,1019,Low,Monitor,No immediate action required.,To Do,Commercial,-,Low
4884980.0,Baron Resort Sakaeo,0.3346190450201427,0.3346190450201427,0.3047386764926025,0.506675611708559,7.0,2.0,24.91,Sa Kaeo,KA,Upper Isan - East,Mapped,Mapped,543753.0,6.0,8.397843382,0.2020882452,100.0,24.26,12.13,100.0,100.0,8.4,0.2,100,9.24,0.0,17.16,1020,Low,Monitor,No immediate action required.,To Do,Commercial,-,Low
4920978.0,Sky & Star Loft,0.3156865466414869,0.3412699586155046,0.32642240570957254,0.4954169141927814,4.0,24.0,24.05,Samut Prakan,KA,BKK - Metro - Chon,Mapped,Mapped,586819.0,64.0,9.062959799,2.155607949,100.0,25.18,12.59,100.0,100.0,9.06,2.16,100,9.99,0.0,17.16,1021,Low,Monitor,No immediate action required.,To Do,Commercial,-,Low
4885097.0,Big Elephant Hotel,0.2986772995390901,0.344812655770829,0.3243920769486348,0.4988823396555805,21.0,7.0,26.15,Yasothon,KA,Lower Isan - Central,Mapped,Mapped,382708.0,46.0,5.910619301,1.549343213,100.0,23.42,11.71,100.0,100.0,5.91,1.55,100,8.65,0.0,17.16,1022,Low,Monitor,No immediate action required.,To Do,Commercial,-,Low
138054.0,Nithra Ratree Hotel,0.3593576136696438,0.3800387337085456,0.3301557403471834,0.4997802367548982,24.0,5.0,29.1,Prachin Buri,LT,Upper Isan - East,Mapped,Mapped,87740.0,32.0,1.355081181,1.077803974,100.0,21.0,10.5,100.0,100.0,1.36,1.08,100,6.82,0.0,17.14,1023,Low,Monitor,No immediate action required.,To Do,Commercial,-,Low
4922578.0,Red Heritage Hotel,0.3602021916185165,0.4799395321845782,0.44388243736702526,0.5158569136504071,11.0,12.0,27.2,Uttaradit,KA,North,Mapped,Mapped,224434.0,30.0,3.466203333,1.010441226,100.0,22.04,11.02,100.0,100.0,3.47,1.01,100,7.48,0.0,17.06,1024,Low,Monitor,No immediate action required.,To Do,Commercial,-,Low
183184.0,Baan Bangrak Residence,0.3298814972051962,0.3534460743138994,0.3415031609733644,0.5062212144189354,21.0,10.0,27.64,Trang,KA,Upper South,Mapped,Mapped,225197.0,5.0,3.477995606,0.168406871,100.0,21.79,10.895,100.0,100.0,3.48,0.17,100,7.32,0.0,17.01,1025,Low,Monitor,No immediate action required.,To Do,Commercial,-,Low
4606456.0,S.P. Garden Mansion,0.2896535151081314,0.3129573375878136,0.30541760789355477,0.4995966030689653,13.0,2.0,24.12,Bangkok,KA,BKK - Metro - Chon,Mapped,Mapped,518806.0,70.0,8.012544425,2.357696194,100.0,24.71,12.355,100.0,100.0,8.01,2.36,100,9.54,0.0,17.0,1026,Low,Monitor,No immediate action required.,To Do,Commercial,-,Low
65041.0,The Sleep Phang-nga,0.2806185937506333,0.3543127178100982,0.33385582226435534,0.4443533970196243,55.0,5.0,30.75,Phang Nga,LT,Upper South,Mapped,Mapped,50817.0,8.0,0.7848286737,0.2694509936,100.0,20.47,10.235,100.0,100.0,0.78,0.27,100,6.62,0.0,16.98,1027,Low,Monitor,No immediate action required.,To Do,Commercial,-,Low
4531885.0,Sweet Hug Hotel,0.3282274619665977,0.3476685958141184,0.33969017642303495,0.5194962077391709,24.0,5.0,28.25,Suphan Buri,LT,Lower Isan - Central,Mapped,Mapped,82008.0,31.0,1.266541367,1.0441226,100.0,20.95,10.475,100.0,100.0,1.27,1.04,100,6.6,0.0,16.97,1028,Low,Monitor,No immediate action required.,To Do,Commercial,-,Low
181467.0,Tipnalin Apartment Phetchaburi,0.3542059127694999,0.358898102433253,0.3557028666549611,0.5073913108734257,20.0,15.0,28.6,Phetchaburi,LT,Lower South - West,Mapped,Mapped,55456.0,47.0,0.8564762263,1.583024587,100.0,20.9,10.45,100.0,100.0,0.86,1.58,100,6.62,0.0,16.97,1029,Low,Monitor,No immediate action required.,To Do,Commercial,-,Low
4920352.0,S3 Hua Hin Hotel,0.3019254801926012,0.3315651339594837,0.3194915268395314,0.5194962077391709,31.0,1.0,28.4,Hua Hin,LT,Lower South - West,Mapped,Mapped,98707.0,7.0,1.524444417,0.2357696194,100.0,20.83,10.415,100.0,100.0,1.52,0.24,100,6.51,0.0,16.97,1030,Low,Monitor,No immediate action required.,To Do,Commercial,-,Low
4921038.0,314 Art Hotel Nakhonsawan,0.2733597907464068,0.2735951636316578,0.2734475017527383,0.504542205157423,2.0,1.0,21.44,Nakhon Sawan,KA,North,Mapped,Mapped,517081.0,265.0,7.985903777,8.925564163,100.0,26.67,13.335,100.0,100.0,7.99,8.93,100,10.96,0.0,16.96,1031,Low,Monitor,No immediate action required.,To Do,Commercial,-,Low
2011442.0,Uthaithani Resort,0.3373278678547911,0.3373278678547911,0.3373278678547911,0.506241775083055,18.0,6.0,27.24,Uthai Thani,KA,North,Mapped,Mapped,190295.0,52.0,2.938957551,1.751431458,100.0,21.99,10.995,100.0,100.0,2.94,1.75,100,7.44,0.0,16.96,1032,Low,Monitor,No immediate action required.,To Do,Commercial,-,Low
152894.0,Pocket Park Chaiyaphum,0.3124765982119455,0.3124765982119455,0.3124765982119455,0.5185093498312882,15.0,1.0,25.76,Chaiyaphum,KA,Upper Isan - East,Mapped,Mapped,375107.0,1.0,5.793228773,0.0336813742,100.0,22.91,11.455,100.0,100.0,5.79,0.03,100,8.06,0.0,16.94,1033,Low,Monitor,No immediate action required.,To Do,Commercial,-,Low
63572.0,King Hotel Loei,0.3341906786190494,0.3734557929863041,0.34863309058200254,0.504811679402111,23.0,14.0,28.29,Loei,KA,Upper Isan - East,Mapped,Mapped,117472.0,22.0,1.814262931,0.7409902324,100.0,21.13,10.565,100.0,100.0,1.81,0.74,100,6.78,0.0,16.93,1034,Low,Monitor,No immediate action required.,To Do,Commercial,-,Low
180927.0,The Tempo Lopburi,0.3488131583664327,0.3562901989916954,0.34021868028160207,0.5044265109963754,2.0,5.0,24.58,Lop Buri,KA,Lower Isan - Central,Mapped,Mapped,524135.0,4.0,8.094845241,0.1347254968,100.0,24.09,12.045,100.0,100.0,8.09,0.13,100,9.0,0.0,16.92,1035,Low,Monitor,No immediate action required.,To Do,Commercial,-,Low
43906.0,Kwanruen Park Hotel,0.3341724359882475,0.3454390520647406,0.337256430774945,0.5011160931443629,22.0,9.0,27.86,Nakhonratchasima,LT,Lower Isan - Central,Mapped,Mapped,182810.0,11.0,2.823359323,0.3704951162,100.0,21.52,10.76,100.0,100.0,2.82,0.37,100,7.09,0.0,16.92,1036,Low,Monitor,No immediate action required.,To Do,Commercial,-,Low
4920346.0,Babaline Hotel Sisaket,0.321313564199161,0.3742934248445391,0.33453834110677194,0.506675611708559,0.0,7.0,23.21,Si Sa Ket,KA,Lower Isan - Central,Mapped,Mapped,646307.0,12.0,9.981697512,0.4041764904,100.0,25.11,12.555,100.0,100.0,9.98,0.4,100,9.75,0.0,16.91,1037,Low,Monitor,No immediate action required.,To Do,Commercial,-,Low
4606512.0,Prangtip Resort,0.3248325527313681,0.4005003725703882,0.3634498970661784,0.4941161459410659,12.0,83.0,27.78,Bangkok,KA,BKK - Metro - Chon,Mapped,Mapped,163177.0,38.0,2.520135542,1.27989222,100.0,21.64,10.82,100.0,100.0,2.52,1.28,100,7.2,0.0,16.88,1038,Low,Monitor,No immediate action required.,To Do,Commercial,-,Low
63445.0,Rittiboon Vintage,0.2803165205734743,0.386126186405388,0.33733238488371314,0.4993583863126718,20.0,19.0,25.61,Phrae,KA,North,Mapped,Mapped,304821.0,91.0,4.707716736,3.065005052,100.0,23.27,11.635,100.0,100.0,4.71,3.07,100,8.4,0.0,16.88,1039,Low,Monitor,No immediate action required.,To Do,Commercial,-,Low
181447.0,Porynoon Hotel,0.325658201193091,0.325658201193091,0.325658201193091,0.506675611708559,1.0,1.0,23.38,Uthai Thani,KA,North,Mapped,Mapped,563741.0,34.0,8.706531325,1.145166723,100.0,24.7,12.35,100.0,100.0,8.71,1.15,100,9.38,0.0,16.77,1040,Low,Monitor,No immediate action required.,To Do,Commercial,-,Low
152363.0,Jasmine Lodge Kamphaeng Phet,0.2870440351078542,0.2870440351078542,0.2870440351078542,0.5052997322383544,5.0,1.0,22.57,Kamphaeng Phet,KA,North,Mapped,Mapped,669420.0,16.0,10.33865912,0.5389019872,100.0,25.33,12.665,100.0,100.0,10.34,0.54,100,9.85,0.0,16.75,1041,Low,Monitor,No immediate action required.,To Do,Commercial,-,Low
4920669.0,Nine River Hotel,0.3669539394526421,0.4368426612983327,0.41278907035734563,0.5021090160082698,17.0,7.0,28.18,Ratchaburi,LT,Lower South - West,Mapped,Mapped,93053.0,18.0,1.437134889,0.6062647356,100.0,20.9,10.45,100.0,100.0,1.44,0.61,100,6.54,0.0,16.74,1042,Low,Monitor,No immediate action required.,To Do,Commercial,-,Low
183472.0,DD Residence,0.347694492814983,0.3812558584616836,0.309075207882082,0.5045444528789018,5.0,6.0,25.14,Trang,KA,Upper South,Mapped,Mapped,397359.0,20.0,6.136904034,0.673627484,100.0,23.27,11.635,100.0,100.0,6.14,0.67,100,8.3,0.0,16.74,1043,Low,Monitor,No immediate action required.,To Do,Commercial,-,Low
5101177.0,Indigo Hotel Hatyai,0.3451349667036749,0.3962578232728448,0.36298512467187405,0.50575940165872,16.0,18.0,27.54,Hatyai,LT,Lower South - West,Mapped,Mapped,99545.0,55.0,1.537391454,1.852475581,100.0,21.32,10.66,100.0,100.0,1.54,1.85,100,6.83,0.0,16.74,1044,Low,Monitor,No immediate action required.,To Do,Commercial,-,Low
137925.0,Nicasio Hotel,0.2744264940219748,0.355339892147137,0.3145602429628613,0.506675611708559,12.0,3.0,23.49,Chumphon,KA,Upper South,Mapped,Mapped,553356.0,22.0,8.546140559,0.7409902324,100.0,24.5,12.25,100.0,100.0,8.55,0.74,100,9.2,0.0,16.71,1045,Low,Monitor,No immediate action required.,To Do,Commercial,-,Low
4920945.0,Beelive Hotel Surin,0.2874371443199814,0.3136928173729264,0.3013182650458513,0.5130855491467685,16.0,1.0,24.84,Surin,KA,Lower Isan - Central,Mapped,Mapped,420117.0,4.0,6.488377695,0.1347254968,100.0,23.28,11.64,100.0,100.0,6.49,0.13,100,8.25,0.0,16.71,1046,Low,Monitor,No immediate action required.,To Do,Commercial,-,Low
181618.0,Chalermpan Resort Omkoi,0.3315867204246766,0.3467468893484114,0.3359562759864531,0.5029662355030526,5.0,1.0,24.31,Chiang Mai,KA,North,Mapped,Mapped,461099.0,35.0,7.121310073,1.178848097,100.0,23.91,11.955,100.0,100.0,7.12,1.18,100,8.78,0.0,16.71,1047,Low,Monitor,No immediate action required.,To Do,Commercial,-,Low
181569.0,Prakai Resort Photharam,0.3417714134174593,0.3553188758996413,0.35071007287753025,0.5035984082521263,24.0,11.0,28.66,Ratchaburi,LT,Lower South - West,Mapped,Mapped,38411.0,12.0,0.59323195,0.4041764904,100.0,20.42,10.21,100.0,100.0,0.59,0.4,100,6.15,0.0,16.71,1048,Low,Monitor,No immediate action required.,To Do,Commercial,-,Low
2011526.0,Darley Hotel Chiangmai,0.3073799892947888,0.3311195378589701,0.3205058618112546,0.5227011764582757,29.0,1.0,28.3,Chiang Mai,LT,North,Mapped,Mapped,36184.0,2.0,0.5588352189,0.0673627484,100.0,20.3,10.15,100.0,100.0,0.56,0.07,100,5.96,0.0,16.7,1049,Low,Monitor,No immediate action required.,To Do,Commercial,-,Low
2002203.0,Weerawan Place,0.2941453009586687,0.3310566955060972,0.31266823343349925,0.513584187746336,30.0,1.0,27.78,Khon Kaen,LT,Upper Isan - East,Mapped,Mapped,100105.0,10.0,1.546037896,0.336813742,100.0,20.87,10.435,100.0,100.0,1.55,0.34,100,6.43,0.0,16.69,1050,Low,Monitor,No immediate action required.,To Do,Commercial,-,Low
5101068.0,D Hut Resort Chiangmai,0.2990464343437463,0.3240147406080672,0.31413157342535036,0.5050012043078095,3.0,13.0,23.04,Chiang Mai,KA,North,Mapped,Mapped,505660.0,93.0,7.809527788,3.132367801,100.0,24.84,12.42,100.0,100.0,7.81,3.13,100,9.45,0.0,16.69,1051,Low,Monitor,No immediate action required.,To Do,Commercial,-,Low
63455.0,Wangnamyen Garden Hotel,0.2533378058666544,0.325658201193091,0.2955247031404091,0.506675611708559,1.0,1.0,20.49,Sa Kaeo,KA,Upper Isan - East,Mapped,Mapped,732827.0,114.0,11.31793567,3.839676659,100.0,26.81,13.405,100.0,100.0,11.32,3.84,100,10.91,0.0,16.67,1052,Low,Monitor,No immediate action required.,To Do,Commercial,-,Low
2009988.0,Patoey House,0.3432470901063316,0.373471356741417,0.34937786634962803,0.506675611708559,22.0,1.0,28.09,Chonburi,LT,BKK - Metro - Chon,Mapped,Mapped,87100.0,2.0,1.345191325,0.0673627484,100.0,20.69,10.345,100.0,100.0,1.35,0.07,100,6.31,0.0,16.65,1053,Low,Monitor,No immediate action required.,To Do,Commercial,-,Low
4937186.0,Kinbox Estate,0.266643286687636,0.2807427181007768,0.274696159628445,0.506675611708559,3.0,1.0,21.4,Samut Sakhon,KA,BKK - Metro - Chon,Mapped,Mapped,715826.0,46.0,11.05536446,1.549343213,100.0,25.99,12.995,100.0,100.0,11.06,1.55,100,10.28,0.0,16.62,1054,Low,Monitor,No immediate action required.,To Do,Commercial,-,Low
137950.0,Doungta Anda Hotel,0.3448223387889689,0.3546448665011408,0.3340921925367655,0.5064048297397903,16.0,4.0,27.09,Krabi,LT,Upper South,Mapped,Mapped,85480.0,71.0,1.320177262,2.391377568,100.0,21.38,10.69,100.0,100.0,1.32,2.39,100,6.8,0.0,16.59,1055,Low,Monitor,No immediate action required.,To Do,Commercial,-,Low
2006823.0,Sombat Resort,0.3745949549241563,0.3890553987323896,0.37877068639502004,0.5062484487204958,3.0,16.0,26.18,Pranburi,KA,Lower South - West,Mapped,Mapped,253736.0,3.0,3.918747933,0.1010441226,100.0,21.99,10.995,100.0,100.0,3.92,0.1,100,7.23,0.0,16.53,1056,Low,Monitor,No immediate action required.,To Do,Commercial,-,Low
2007725.0,Rider bedroom hostel and cafe,0.3729851643029127,0.3909075319133461,0.35501065179827285,0.4984027530239762,1.0,90.0,27.92,Pranburi,LT,Lower South - West,Mapped,Mapped,76959.0,13.0,1.188570799,0.4378578646,100.0,20.73,10.365,100.0,100.0,1.19,0.44,100,6.31,0.0,16.52,1057,Low,Monitor,No immediate action required.,To Do,Commercial,-,Low
181005.0,Tonpalm inn,0.3508647363530056,0.3781770738539091,0.36572823769248797,0.5085296669695214,3.0,8.0,25.03,Lop Buri,KA,Lower Isan - Central,Mapped,Mapped,346721.0,17.0,5.354837249,0.5725833614,100.0,22.85,11.425,100.0,100.0,5.35,0.57,100,7.85,0.0,16.52,1058,Low,Monitor,No immediate action required.,To Do,Commercial,-,Low
5102262.0,Snooze Hotel Amata,0.4032647318116859,0.4225632253071043,0.4161603046281377,0.5046858862322979,3.0,15.0,27.27,Chonburi,LT,BKK - Metro - Chon,Mapped,Mapped,75938.0,53.0,1.172807973,1.785112833,100.0,21.12,10.56,100.0,100.0,1.17,1.79,100,6.58,0.0,16.52,1059,Low,Monitor,No immediate action required.,To Do,Commercial,-,Low
4883896.0,Khun Pui Pool and Villa,0.3238838627641964,0.399421444311736,0.34204357907083827,0.5031269348507698,4.0,5.0,23.94,Sakon Nakhon,KA,Upper Isan - East,Mapped,Mapped,469449.0,17.0,7.250268471,0.5725833614,100.0,23.8,11.9,100.0,100.0,7.25,0.57,100,8.58,0.0,16.51,1060,Low,Monitor,No immediate action required.,To Do,Commercial,-,Low
138013.0,Green Park Hotel Mahasarakham,0.2902280777060917,0.3650406022645564,0.31633435231145707,0.5007457282648858,4.0,29.0,23.3,Maha Sarakham,KA,Upper Isan - East,Mapped,Mapped,268102.0,210.0,4.140624733,7.073088582,100.0,24.19,12.095,100.0,100.0,4.14,7.07,100,8.85,0.0,16.42,1061,Low,Monitor,No immediate action required.,To Do,Commercial,-,Low
2004729.0,Chodkamon Place 57,0.3187634950902393,0.3507191150982391,0.3334638662175529,0.5029235469718799,22.0,8.0,27.25,Nakhon Si Thammarat,KA,Lower South - West,Mapped,Mapped,100993.0,16.0,1.559751121,0.5389019872,100.0,20.94,10.47,100.0,100.0,1.56,0.54,100,6.39,0.0,16.4,1062,Low,Monitor,No immediate action required.,To Do,Commercial,-,Low
4896886.0,Baan Thamthong Lamnarai Resort,0.2848370678137575,0.4061607100676575,0.3223605952580571,0.4952056046708306,7.0,4.0,22.76,Lop Buri,KA,Lower Isan - Central,Mapped,Mapped,538619.0,50.0,8.318541678,1.68406871,100.0,24.66,12.33,100.0,100.0,8.32,1.68,100,9.22,0.0,16.39,1063,Low,Monitor,No immediate action required.,To Do,Commercial,-,Low
63481.0,Keeree Boutique Hotel,0.3470189324374603,0.3605506416298095,0.35349965559987934,0.5048610326258851,12.0,24.0,27.02,Phetchaburi,LT,Lower South - West,Mapped,Mapped,113548.0,16.0,1.753663395,0.5389019872,100.0,21.04,10.52,100.0,100.0,1.75,0.54,100,6.44,0.0,16.38,1064,Low,Monitor,No immediate action required.,To Do,Commercial,-,Low
2003455.0,AVA Hotel Phitsanulok,0.2890399892566302,0.3257415737667464,0.30964980706571,0.5162912390200661,26.0,1.0,26.87,Phitsanulok,KA,North,Mapped,Mapped,118453.0,3.0,1.829418027,0.1010441226,100.0,20.95,10.475,100.0,100.0,1.83,0.1,100,6.32,0.0,16.38,1065,Low,Monitor,No immediate action required.,To Do,Commercial,-,Low
182853.0,Basaya Laemchabang,0.2906860546336179,0.3068996475930919,0.30246099466959436,0.5069035783105514,0.0,3.0,21.86,Sriracha,KA,BKK - Metro - Chon,Mapped,Mapped,322396.0,261.0,4.979157565,8.790838666,100.0,25.13,12.565,100.0,100.0,4.98,8.79,100,9.5,0.0,16.38,1066,Low,Monitor,No immediate action required.,To Do,Commercial,-,Low
4920441.0,The Bliss Boutique Trang,0.3384546642651485,0.3908813249926224,0.3609775655656006,0.4852795336214782,14.0,6.0,26.1,Trang,KA,Upper South,Mapped,Mapped,247374.0,20.0,3.820498652,0.673627484,100.0,22.11,11.055,100.0,100.0,3.82,0.67,100,7.33,0.0,16.35,1067,Low,Monitor,No immediate action required.,To Do,Commercial,-,Low
2010870.0,Thipburee Riverside Hotel,0.3326373361122864,0.3368449407181941,0.33524903620882424,0.5078905378943109,22.0,5.0,27.81,Nakhon Si Thammarat,LT,Lower South - West,Mapped,Mapped,34686.0,2.0,0.535696855,0.0673627484,100.0,20.29,10.145,100.0,100.0,0.54,0.07,100,5.85,0.0,16.35,1068,Low,Monitor,No immediate action required.,To Do,Commercial,-,Low
4948529.0,The Like hotel,0.340566166373625,0.3707285717142761,0.3580360811357846,0.5098805804276637,15.0,1.0,26.71,Udon Thani,KA,Upper Isan - East,Mapped,Mapped,97850.0,21.0,1.511222781,0.7073088582,100.0,20.97,10.485,100.0,100.0,1.51,0.71,100,6.31,0.0,16.27,1069,Low,Monitor,No immediate action required.,To Do,Commercial,-,Low
137926.0,Feel@Home Place,0.3605292182607923,0.4095197391359514,0.369865923215001,0.5017807170538578,2.0,40.0,26.1,Nakhonratchasima,KA,Lower Isan - Central,Mapped,Mapped,116844.0,67.0,1.804563348,2.256652071,100.0,21.58,10.79,100.0,100.0,1.8,2.26,100,6.8,0.0,16.25,1070,Low,Monitor,No immediate action required.,To Do,Commercial,-,Low
4920383.0,M Place Phan,0.3574873144355592,0.3836852020879058,0.373854416109154,0.5130855491467685,13.0,3.0,27.13,Chiang Rai,LT,North,Mapped,Mapped,39043.0,22.0,0.6029879043,0.7409902324,100.0,20.52,10.26,100.0,100.0,0.6,0.74,100,5.95,0.0,16.24,1071,Low,Monitor,No immediate action required.,To Do,Commercial,-,Low
4921337.0,Oakwood Studios Sukhumvit,0.3515633105669728,0.3641910144470277,0.35791506238131116,0.5034291528550694,0.0,51.0,25.74,Bangkok,LT,BKK - Metro - Chon,Mapped,Mapped,162932.0,49.0,2.516352637,1.650387336,100.0,21.75,10.875,100.0,100.0,2.52,1.65,100,6.9,0.0,16.21,1072,Low,Monitor,No immediate action required.,To Do,Commercial,-,Low
43609.0,Bright Hotel,0.262298649693706,0.3497756633538271,0.32489203859474114,0.506675611708559,24.0,6.0,25.39,Khon Kaen,KA,Upper Isan - East,Mapped,Mapped,248037.0,4.0,3.830742025,0.1347254968,100.0,21.96,10.98,100.0,100.0,3.83,0.13,100,7.03,0.0,16.2,1073,Low,Monitor,No immediate action required.,To Do,Commercial,-,Low
4920410.0,Intra place Hotel Sakon Nakhon,0.2893344592025088,0.3236741296524609,0.3079366643561769,0.5098805804276637,17.0,2.0,25.07,Sakon Nakhon,KA,Upper Isan - East,Mapped,Mapped,230092.0,35.0,3.553590391,1.178848097,100.0,22.13,11.065,100.0,100.0,3.55,1.18,100,7.14,0.0,16.19,1074,Low,Monitor,No immediate action required.,To Do,Commercial,-,Low
4883813.0,Tawee Resort,0.3367165924784803,0.3965495795259005,0.32815371758836437,0.5021814326373742,7.0,3.0,24.94,Udon Thani,KA,Upper Isan - East,Mapped,Mapped,273637.0,18.0,4.226112925,0.6062647356,100.0,22.29,11.145,100.0,100.0,4.23,0.61,100,7.29,0.0,16.15,1075,Low,Monitor,No immediate action required.,To Do,Commercial,-,Low
63771.0,T.P. Place Hotel,0.2895794990952625,0.4251157397031099,0.3511090476064826,0.5063442944503708,4.0,21.0,23.13,Phang Nga,KA,Upper South,Mapped,Mapped,267413.0,144.0,4.129984289,4.850117885,100.0,23.52,11.76,100.0,100.0,4.13,4.85,100,8.15,0.0,16.08,1076,Low,Monitor,No immediate action required.,To Do,Commercial,-,Low
2000292.0,Irin Beach Cha-am,0.3374884169671847,0.3374884169671847,0.3316613275962027,0.508118084391647,0.0,2.0,23.72,Cha-am,KA,Lower South - West,Mapped,Mapped,284047.0,64.0,4.386880222,2.155607949,100.0,22.84,11.42,100.0,100.0,4.39,2.16,100,7.59,0.0,15.99,1077,Low,Monitor,No immediate action required.,To Do,Commercial,-,Low
183390.0,Auychai Grand Hotel,0.3347403525561527,0.3410141134822215,0.33808466989548197,0.510656149483698,3.0,27.0,25.03,Chumphon,KA,Upper South,Mapped,Mapped,186864.0,30.0,2.885965834,1.010441226,100.0,21.75,10.875,100.0,100.0,2.89,1.01,100,6.75,0.0,15.99,1078,Low,Monitor,No immediate action required.,To Do,Commercial,-,Low
183463.0,168 Pattana Lopburi,0.3240446283976907,0.3240446283976907,0.32086863137160143,0.5064862151026231,17.0,3.0,26.42,Lop Buri,LT,Lower Isan - Central,Mapped,Mapped,83959.0,4.0,1.296679511,0.1347254968,100.0,20.69,10.345,100.0,100.0,1.3,0.13,100,5.97,0.0,15.98,1079,Low,Monitor,No immediate action required.,To Do,Commercial,-,Low
2012150.0,The C hotel Amnatcharoen,0.3209510298601272,0.3245619981166439,0.32228174243569774,0.5073385767748536,1.0,26.0,24.0,Amnart Charoen,KA,Lower Isan - Central,Mapped,Mapped,289946.0,30.0,4.477984701,1.010441226,100.0,22.54,11.27,100.0,100.0,4.48,1.01,100,7.34,0.0,15.94,1080,Low,Monitor,No immediate action required.,To Do,Commercial,-,Low
183075.0,ATM Service Apartment Yala,0.2964748829487292,0.3881737778371308,0.34045676921101664,0.5005595472866707,1.0,7.0,22.28,Yala,KA,Lower South - West,Mapped,Mapped,270932.0,191.0,4.184323513,6.433142472,100.0,24.02,12.01,100.0,100.0,4.18,6.43,100,8.48,0.0,15.93,1081,Low,Monitor,No immediate action required.,To Do,Commercial,-,Low
183214.0,The Royal Ville Kabinburi,0.3853668375205524,0.4759524256320757,0.406166512175823,0.4918353617259252,3.0,39.0,27.05,Prachin Buri,LT,Upper Isan - East,Mapped,Mapped,36731.0,5.0,0.5672781063,0.168406871,100.0,20.33,10.165,100.0,100.0,0.57,0.17,100,5.75,0.0,15.91,1082,Low,Monitor,No immediate action required.,To Do,Commercial,-,Low
183311.0,Prasobsuk Ville Hotel Kantharalak,0.3532643222100796,0.3741881805262436,0.35774754378040075,0.505821095225239,5.0,5.0,25.36,Si Sa Ket,KA,Lower Isan - Central,Mapped,Mapped,156614.0,10.0,2.418781665,0.336813742,100.0,21.31,22.97,100.0,100.0,2.42,0.34,100,6.38,0.0,15.86,1083,Low,Monitor,No immediate action required.,To Do,Commercial,-,Low
4922632.0,Phetkham Resort,0.3536576249539063,0.3575572610218085,0.35618007558777304,0.5094525359462629,8.0,1.0,25.89,Surat Thani,KA,Upper South,Mapped,Mapped,98101.0,4.0,1.515093719,0.1347254968,100.0,20.8,10.4,100.0,100.0,1.52,0.13,100,5.98,0.0,15.85,1084,Low,Monitor,No immediate action required.,To Do,Commercial,-,Low
4920980.0,Nam Pueng Resort Phatthalung,0.3684980610993796,0.3856010663138989,0.37916674587830146,0.50419980962145,6.0,3.0,26.06,Phatthalung,LT,Lower South - West,Mapped,Mapped,60807.0,22.0,0.9391104824,0.7409902324,100.0,20.69,10.345,100.0,100.0,0.94,0.74,100,5.9,0.0,15.81,1085,Low,Monitor,No immediate action required.,To Do,Commercial,-,Low
137913.0,Nampetch Condominium,0.3111529203221639,0.3432470901063316,0.3349823637938774,0.5042760116086681,4.0,1.0,23.33,Samut Sakhon,KA,BKK - Metro - Chon,Mapped,Mapped,339483.0,19.0,5.243043239,0.6399461098,100.0,22.81,11.405,100.0,100.0,5.24,0.64,100,7.48,0.0,15.78,1086,Low,Monitor,No immediate action required.,To Do,Commercial,-,Low
23924.0,Fishermen’s Harbour Urban Resort,0.3703920664295865,0.3889875584218572,0.38414257401928587,0.5030576175112633,0.0,54.0,26.58,Phuket,LT,Upper South,Mapped,Mapped,16123.0,11.0,0.2490127438,0.3704951162,100.0,20.24,10.12,100.0,100.0,0.25,0.37,100,5.55,0.0,15.78,1087,Low,Monitor,No immediate action required.,To Do,Commercial,-,Low
4921024.0,Lerdsup Hotel,0.287979638717492,0.3397310772374055,0.31941272778191804,0.4962488502876864,18.0,6.0,25.06,Saraburi,KA,Lower Isan - Central,Mapped,Mapped,154938.0,21.0,2.392891297,0.7073088582,100.0,21.41,10.705,100.0,100.0,2.39,0.71,100,6.42,0.0,15.69,1088,Low,Monitor,No immediate action required.,To Do,Commercial,-,Low
2009936.0,The Royal P Phuket,0.330326947837665,0.3634062581363729,0.35202055723868625,0.5069890222550152,3.0,15.0,24.4,Phuket,LT,Upper South,Mapped,Mapped,151594.0,48.0,2.341256509,1.616705962,100.0,21.66,10.83,100.0,100.0,2.34,1.62,100,6.54,0.0,15.66,1089,Low,Monitor,No immediate action required.,To Do,Commercial,-,Low
4914.0,Baan Nilawan Huahin Hotel,0.2756041305146877,0.3339239711970042,0.31652655899582555,0.506675611708559,24.0,2.0,25.79,Hua Hin,LT,Lower South - West,Mapped,Mapped,48708.0,15.0,0.7522633172,0.505220613,100.0,20.53,10.265,100.0,100.0,0.75,0.51,100,5.69,0.0,15.65,1090,Low,Monitor,No immediate action required.,To Do,Commercial,-,Low
4921043.0,The Hub Hotel & Fitness Surin,0.2885459816960304,0.347710156672934,0.31874974641406706,0.5042772596519066,4.0,7.0,22.61,Surin,KA,Lower Isan - Central,Mapped,Mapped,364832.0,27.0,5.63454907,0.9093971034,100.0,23.09,11.545,100.0,100.0,5.63,0.91,100,7.61,0.0,15.63,1091,Low,Monitor,No immediate action required.,To Do,Commercial,-,Low
5102296.0,The House 101,0.3767239469326827,0.4394588880040982,0.42176438996056786,0.4994665481646925,0.0,39.0,26.29,Roi Et,LT,Lower Isan - Central,Mapped,Mapped,15369.0,10.0,0.237365028,0.336813742,100.0,20.22,10.11,100.0,100.0,0.24,0.34,100,5.48,0.0,15.62,1092,Low,Monitor,No immediate action required.,To Do,Commercial,-,Low
63427.0,Amphawaree,0.3737320483539312,0.3916851554582942,0.32825120419648823,0.5061368162332054,2.0,6.0,25.64,Samut Songkhram,LT,Lower South - West,Mapped,Mapped,56936.0,17.0,0.8793384477,0.5725833614,100.0,20.61,10.305,100.0,100.0,0.88,0.57,100,5.74,0.0,15.62,1093,Low,Monitor,No immediate action required.,To Do,Commercial,-,Low
2000232.0,Yuu Hotel Ubonratchathani,0.308361058760057,0.3241510958660564,0.31636535848180874,0.5063743629680529,4.0,10.0,23.54,Ubon Ratchathani,LT,Lower Isan - Central,Mapped,Mapped,242667.0,32.0,3.747805372,1.077803974,100.0,22.2,11.1,100.0,100.0,3.75,1.08,100,6.91,0.0,15.58,1094,Low,Monitor,No immediate action required.,To Do,Commercial,-,Low
2008179.0,Come-Pang Hotel Ubonratchathani,0.3150943285061999,0.3479159364006139,0.3316810545589446,0.5020014287885558,11.0,17.0,25.28,Ubon Ratchathani,LT,Lower Isan - Central,Mapped,Mapped,102554.0,8.0,1.583871273,0.2694509936,100.0,20.87,10.435,100.0,100.0,1.58,0.27,100,5.93,0.0,15.57,1095,Low,Monitor,No immediate action required.,To Do,Commercial,-,Low
43872.0,Modern Love Resort Hotel,0.2735986492267831,0.3188843855545648,0.28913626201638337,0.5050199221181756,8.0,4.0,22.69,Chonburi,KA,BKK - Metro - Chon,Mapped,Mapped,361939.0,10.0,5.589868193,0.336813742,100.0,22.9,11.45,100.0,100.0,5.59,0.34,100,7.44,0.0,15.57,1096,Low,Monitor,No immediate action required.,To Do,Commercial,-,Low
4921438.0,V Square Serviced Apartment,0.332333983238759,0.3413113436532711,0.33732029166323174,0.5074651797393175,0.0,18.0,24.01,Chachoengsao,LT,Upper Isan - East,Mapped,Mapped,165970.0,48.0,2.563277867,1.616705962,100.0,21.77,10.885,100.0,100.0,2.56,1.62,100,6.57,0.0,15.56,1097,Low,Monitor,No immediate action required.,To Do,Commercial,-,Low
4952925.0,Lamae Hotel,0.338778319869902,0.3884169952467212,0.3250950218868034,0.4994277467394,10.0,6.0,25.63,Chumphon,LT,Upper South,Mapped,Mapped,65627.0,11.0,1.013558843,0.3704951162,100.0,20.62,10.31,100.0,100.0,1.01,0.37,100,5.74,0.0,15.55,1098,Low,Monitor,No immediate action required.,To Do,Commercial,-,Low
22893.0,The Cavalli Casa Resort,0.3480136359349888,0.3552725385282695,0.35214470229069306,0.5065898661327389,0.0,5.0,24.21,Phra Nakhon Si Ayutthaya,LT,Lower Isan - Central,Mapped,Mapped,130893.0,44.0,2.021532286,1.481980465,100.0,21.46,10.73,100.0,100.0,2.02,1.48,100,6.3,0.0,15.48,1099,Low,Monitor,No immediate action required.,To Do,Commercial,-,Low
182858.0,Rajthani Hotel Suratthani,0.321313564199161,0.3277120415658927,0.3245128028825268,0.506675611708559,0.0,3.0,23.08,Surat Thani,KA,Upper South,Mapped,Mapped,109135.0,144.0,1.685510096,4.850117885,100.0,22.3,11.15,100.0,100.0,1.69,4.85,100,6.92,0.0,15.45,1100,Low,Monitor,No immediate action required.,To Do,Commercial,-,Low
43846.0,Pramsuk Hotel Kabinburi,0.2744264940219748,0.2744264940219748,0.2744264940219748,0.506675611708559,2.0,1.0,21.52,Prachin Buri,KA,Upper Isan - East,Mapped,Mapped,428396.0,20.0,6.616234303,0.673627484,100.0,23.51,11.755,100.0,100.0,6.62,0.67,100,7.82,0.0,15.43,1101,Low,Monitor,No immediate action required.,To Do,Commercial,-,Low
2000366.0,View Mai Resort Thap Khlo,0.3099258605371274,0.3720033217862385,0.31041593566934456,0.5018218920385951,4.0,4.0,23.32,Phichit,KA,North,Mapped,Mapped,171935.0,83.0,2.655405526,2.795554059,100.0,22.17,11.085,100.0,100.0,2.66,2.8,100,6.83,0.0,15.43,1102,Low,Monitor,No immediate action required.,To Do,Commercial,-,Low
4077779.0,Chai Siri Park View Khon Kaen,0.3188807632659467,0.3212050784530251,0.31544931949152943,0.5052023805519721,12.0,4.0,25.27,Khon Kaen,LT,Upper Isan - East,Mapped,Mapped,40536.0,20.0,0.6260396262,0.673627484,100.0,20.52,10.26,100.0,100.0,0.63,0.67,100,5.57,0.0,15.42,1103,Low,Monitor,No immediate action required.,To Do,Commercial,-,Low
2011492.0,Save Zone,0.266643286687636,0.3508954549606133,0.3252044504593025,0.506675611708559,20.0,10.0,24.92,Phetchaburi,LT,Lower South - West,Mapped,Mapped,78873.0,14.0,1.218131793,0.4715392388,100.0,20.75,10.375,100.0,100.0,1.22,0.47,100,5.74,0.0,15.41,1104,Low,Monitor,No immediate action required.,To Do,Commercial,-,Low
177842.0,Mee Bed and Breakfast,0.3346190450201427,0.34302617082463,0.340590452402881,0.506675611708559,2.0,2.0,23.96,Phrae,KA,North,Mapped,Mapped,123436.0,50.0,1.906377308,1.68406871,100.0,21.46,10.73,100.0,100.0,1.91,1.68,100,6.25,0.0,15.38,1105,Low,Monitor,No immediate action required.,To Do,Commercial,-,Low
138068.0,Alisa Hotel Krabi,0.2994332064611252,0.305900801596721,0.2999534378791329,0.5064761943114627,0.0,3.0,22.2,Krabi,KA,Upper South,Mapped,Mapped,194129.0,130.0,2.998168034,4.378578646,100.0,22.81,11.405,100.0,100.0,3.0,4.38,100,7.25,0.0,15.35,1106,Low,Monitor,No immediate action required.,To Do,Commercial,-,Low
5102299.0,Deraya Hotel,0.3073216206557972,0.3618933377281816,0.33574380733661163,0.5041730289561913,16.0,8.0,25.68,Nakhonratchasima,LT,Lower Isan - Central,Mapped,Mapped,3346.0,4.0,0.05167324438,0.1347254968,100.0,20.07,10.035,100.0,100.0,0.05,0.13,100,5.2,0.0,15.35,1107,Low,Monitor,No immediate action required.,To Do,Commercial,-,Low
25140.0,Amorn Sukhothai Hotel,0.2900882812371907,0.3115810205515277,0.3036259829066284,0.5050065857488016,2.0,9.0,22.37,Sukhothai,KA,North,Mapped,Mapped,188028.0,116.0,2.903944441,3.907039407,100.0,22.62,11.31,100.0,100.0,2.9,3.91,100,7.1,0.0,15.31,1108,Low,Monitor,No immediate action required.,To Do,Commercial,-,Low
4258229.0,Prompiman Sisaket Hotel,0.2979563032684305,0.3156719582656522,0.30954753019119396,0.5092025809054038,7.0,4.0,23.56,Si Sa Ket,KA,Lower Isan - Central,Mapped,Mapped,134701.0,48.0,2.080352494,1.616705962,100.0,21.53,10.765,100.0,100.0,2.08,1.62,100,6.24,0.0,15.28,1109,Low,Monitor,No immediate action required.,To Do,Commercial,-,Low
2005618.0,Kanvela Resort,0.3479312779644624,0.3479312779644624,0.3479312779644624,0.506695055639882,0.0,9.0,24.34,Kanchanaburi,LT,Lower South - West,Mapped,Mapped,109908.0,11.0,1.697445846,0.3704951162,100.0,20.96,10.48,100.0,100.0,1.7,0.37,100,5.83,0.0,15.28,1110,Low,Monitor,No immediate action required.,To Do,Commercial,-,Low
183609.0,The Square Rayong,0.3338452393392446,0.3527599169367635,0.34345053404077125,0.5051280003467629,3.0,3.0,24.12,Rayong,LT,Upper Isan - East,Mapped,Mapped,60817.0,66.0,0.9392683222,2.222970697,100.0,21.14,10.57,100.0,100.0,0.94,2.22,100,5.96,0.0,15.27,1111,Low,Monitor,No immediate action required.,To Do,Commercial,-,Low
4594537.0,RoomQuest Sukhumvit 36 BTS Thonglor,0.3485540699343797,0.3539054580373612,0.3507734300598103,0.5069692883626254,1.0,17.0,24.81,Bangkok,LT,BKK - Metro - Chon,Mapped,Mapped,48663.0,18.0,0.7515552001,0.6062647356,100.0,20.56,10.28,100.0,100.0,0.75,0.61,100,5.52,0.0,15.27,1112,Low,Monitor,No immediate action required.,To Do,Commercial,-,Low
4606503.0,Phuttinan Resort,0.2951117410446938,0.2954988265955338,0.2944899897066749,0.510390597138748,7.0,1.0,23.38,Chonburi,KA,BKK - Metro - Chon,Mapped,Mapped,193039.0,7.0,2.981338631,0.2357696194,100.0,21.56,10.78,100.0,100.0,2.98,0.24,100,6.24,0.0,15.24,1113,Low,Monitor,No immediate action required.,To Do,Commercial,-,Low
5101790.0,Prae Resort,0.2874371443199814,0.3132406136619695,0.3011505478779434,0.5130855491467685,16.0,1.0,24.84,Krabi,LT,Upper South,Mapped,Mapped,17717.0,18.0,0.2736223234,0.6062647356,100.0,20.32,10.16,100.0,100.0,0.27,0.61,100,5.29,0.0,15.23,1114,Low,Monitor,No immediate action required.,To Do,Commercial,-,Low
4543018.0,Dee Jai Hotel,0.3211949701528197,0.3506294000698842,0.33959003376804353,0.5056209540528206,6.0,27.0,24.95,Chonburi,LT,BKK - Metro - Chon,Mapped,Mapped,26865.0,16.0,0.4149150865,0.5389019872,100.0,20.37,10.185,100.0,100.0,0.41,0.54,100,5.36,0.0,15.22,1115,Low,Monitor,No immediate action required.,To Do,Commercial,-,Low
152895.0,The Loft Residence at Chaiyaphum,0.2744264940219748,0.3335748620851414,0.3170829976271323,0.506675611708559,2.0,1.0,21.52,Chaiyaphum,KA,Upper Isan - East,Mapped,Mapped,357662.0,23.0,5.523803723,0.7746716066,100.0,22.99,11.495,100.0,100.0,5.52,0.77,100,7.3,0.0,15.17,1116,Low,Monitor,No immediate action required.,To Do,Commercial,-,Low
4606459.0,Sor Boonyong Hotel,0.3334414085274298,0.3334414085274298,0.3334414085274298,0.506675611708559,2.0,1.0,23.88,Kanchanaburi,KA,Lower South - West,Mapped,Mapped,127008.0,9.0,1.961545423,0.3031323678,100.0,21.07,10.535,100.0,100.0,1.96,0.3,100,5.85,0.0,15.15,1117,Low,Monitor,No immediate action required.,To Do,Commercial,-,Low
43602.0,Yala Rama Hotel,0.3485321475420823,0.4041713800702789,0.3464943367012395,0.5038644893476746,2.0,7.0,24.62,Yala,LT,Lower South - West,Mapped,Mapped,25354.0,31.0,0.3915761022,1.0441226,100.0,20.51,10.255,100.0,100.0,0.39,1.04,100,5.43,0.0,15.14,1118,Low,Monitor,No immediate action required.,To Do,Commercial,-,Low
2007059.0,Loei Panmiles Resort,0.2726340654773993,0.3007067389301842,0.2838406059702936,0.503090754619408,6.0,2.0,22.17,Loei,KA,Upper Isan - East,Mapped,Mapped,300415.0,11.0,4.639669693,0.3704951162,100.0,22.43,11.215,100.0,100.0,4.64,0.37,100,6.86,0.0,15.11,1119,Low,Monitor,No immediate action required.,To Do,Commercial,-,Low
152380.0,Krit Place,0.2821106448262622,0.3469194886963009,0.32201139761949843,0.5041222256630306,11.0,12.0,23.84,Nakhonratchasima,LT,Lower Isan - Central,Mapped,Mapped,97595.0,31.0,1.507271225,1.0441226,100.0,21.07,10.535,100.0,100.0,1.51,1.04,100,5.84,0.0,15.11,1120,Low,Monitor,No immediate action required.,To Do,Commercial,-,Low
65475.0,Janthara Villa,0.2909227942170694,0.3339585962026911,0.30382630724279397,0.506675611708559,2.0,5.0,22.31,Suphan Buri,KA,Lower Isan - Central,Mapped,Mapped,262220.0,9.0,4.049776782,0.3031323678,100.0,22.12,11.06,100.0,100.0,4.05,0.3,100,6.58,0.0,15.05,1121,Low,Monitor,No immediate action required.,To Do,Commercial,-,Low
4598762.0,B-tel Chom Thong Resort Chiang Mai,0.3060024267662786,0.3160850710947422,0.31083007615799285,0.5068989951711093,0.0,5.0,22.54,Chiang Mai,LT,North,Mapped,Mapped,108283.0,100.0,1.672349002,3.36813742,100.0,21.85,10.925,100.0,100.0,1.67,3.37,100,6.35,0.0,15.01,1122,Low,Monitor,No immediate action required.,To Do,Commercial,-,Low
4884622.0,Baan Plearn Chit,0.2744264940219748,0.2844991628445049,0.2758654467109077,0.506675611708559,4.0,1.0,21.9,Samut Prakan,KA,BKK - Metro - Chon,Mapped,Mapped,290854.0,6.0,4.492014996,0.2020882452,100.0,22.31,11.155,100.0,100.0,4.49,0.2,100,6.68,0.0,14.98,1123,Low,Monitor,No immediate action required.,To Do,Commercial,-,Low
183360.0,The Wisdom Residence Buengkan,0.2815210163602263,0.3580235449863053,0.322188874226451,0.5029429687309588,5.0,6.0,22.46,Bungkan,KA,Upper Isan - East,Mapped,Mapped,239884.0,1.0,3.704823358,0.0336813742,100.0,21.86,10.93,100.0,100.0,3.7,0.03,100,6.35,0.0,14.94,1124,Low,Monitor,No immediate action required.,To Do,Commercial,-,Low
2012834.0,KTK Apartment,0.2959761912979652,0.3326280717682625,0.317949830551826,0.5059425306827273,5.0,17.0,23.45,Chonburi,LT,BKK - Metro - Chon,Mapped,Mapped,97321.0,24.0,1.503039202,0.8083529808,100.0,20.99,10.495,100.0,100.0,1.5,0.81,100,5.68,0.0,14.94,1125,Low,Monitor,No immediate action required.,To Do,Commercial,-,Low
64952.0,Grand Vista Hotel Chiangrai,0.3176328691383812,0.335914208888016,0.3232240460823675,0.5054246828363883,0.0,14.0,23.26,Chiang Rai,LT,North,Mapped,Mapped,147431.0,2.0,2.276953143,0.0673627484,100.0,21.16,10.58,100.0,100.0,2.28,0.07,100,5.81,0.0,14.94,1126,Low,Monitor,No immediate action required.,To Do,Commercial,-,Low
183624.0,Thatphanom View Hotel,0.3276713840744911,0.3276713840744911,0.3276713840744911,0.506675611708559,0.0,3.0,23.34,Nakhon Phanom,KA,Upper Isan - East,Mapped,Mapped,104424.0,23.0,1.612739285,0.7746716066,100.0,21.04,10.52,100.0,100.0,1.61,0.77,100,5.7,0.0,14.92,1127,Low,Monitor,No immediate action required.,To Do,Commercial,-,Low
4896861.0,Pornpana Resort Chainat,0.2725972065266165,0.325658201193091,0.2858111959413286,0.5030170367178425,6.0,2.0,22.17,Chainat,KA,Lower Isan - Central,Mapped,Mapped,234330.0,12.0,3.619045432,0.4041764904,100.0,21.93,10.965,100.0,100.0,3.62,0.4,100,6.36,0.0,14.86,1128,Low,Monitor,No immediate action required.,To Do,Commercial,-,Low
2007259.0,The One House Resort PakChong,0.2523034305161318,0.3392840346551445,0.29850722636364146,0.504606861007514,3.0,1.0,20.79,Khaoyai,KA,Lower Isan - Central,Mapped,Mapped,388157.0,1.0,5.994785469,0.0336813742,100.0,23.01,11.505,100.0,100.0,5.99,0.03,100,7.16,0.0,14.86,1129,Low,Monitor,No immediate action required.,To Do,Commercial,-,Low
4884348.0,Amp In Resort Khao Suan Kwang,0.2783462831490653,0.2976603351082351,0.28734662520946025,0.5034706429894542,8.0,2.0,22.79,Khon Kaen,LT,Upper Isan - East,Mapped,Mapped,116404.0,47.0,1.797766814,1.583024587,100.0,21.37,10.685,100.0,100.0,1.8,1.58,100,5.93,0.0,14.84,1130,Low,Monitor,No immediate action required.,To Do,Commercial,-,Low
4940141.0,Aivarata Resort,0.2946766659462846,0.308088404188098,0.2997907483304362,0.506675611708559,2.0,8.0,22.55,Chanthaburi,KA,Upper Isan - East,Mapped,Mapped,185911.0,7.0,2.871251515,0.2357696194,100.0,21.51,10.755,100.0,100.0,2.87,0.24,100,6.02,0.0,14.84,1131,Low,Monitor,No immediate action required.,To Do,Commercial,-,Low
63745.0,Patchara Place,0.325658201193091,0.325658201193091,0.325658201193091,0.506675611708559,1.0,1.0,23.38,Phetchabun,KA,North,Mapped,Mapped,72022.0,13.0,1.112329057,0.4378578646,100.0,20.69,10.345,100.0,100.0,1.11,0.44,100,5.36,0.0,14.76,1132,Low,Monitor,No immediate action required.,To Do,Commercial,-,Low
65548.0,Baan Pha Chan Resort,0.2718634541534678,0.3219565485322543,0.2967560404701573,0.5015495319715451,11.0,5.0,23.16,Saraburi,LT,Lower Isan - Central,Mapped,Mapped,98320.0,15.0,1.518472758,0.505220613,100.0,20.91,10.455,100.0,100.0,1.52,0.51,100,5.55,0.0,14.74,1133,Low,Monitor,No immediate action required.,To Do,Commercial,-,Low
182876.0,Ploencheewa Resort,0.3003391313338613,0.4402093943396857,0.3753941320712845,0.4903305081156615,10.0,16.0,24.23,Phra Nakhon Si Ayutthaya,LT,Lower Isan - Central,Mapped,Mapped,18066.0,13.0,0.2790211565,0.4378578646,100.0,20.27,10.135,100.0,100.0,0.28,0.44,100,5.12,0.0,14.73,1134,Low,Monitor,No immediate action required.,To Do,Commercial,-,Low
4914153.0,The Pano Thepsatit,0.2731703555145769,0.2980671161722537,0.28165068659353404,0.5041633346937632,5.0,4.0,22.09,Chaiyaphum,KA,Upper Isan - East,Mapped,Mapped,203961.0,10.0,3.150011047,0.336813742,100.0,21.68,10.84,100.0,100.0,3.15,0.34,100,6.1,0.0,14.72,1135,Low,Monitor,No immediate action required.,To Do,Commercial,-,Low
2005711.0,Thepsatit View Resort,0.3123527203721093,0.3123527203721093,0.3123527203721093,0.506675611708559,0.0,1.0,22.66,Chaiyaphum,LT,Upper Isan - East,Mapped,Mapped,116696.0,28.0,1.802282238,0.9430784776,100.0,21.18,10.59,100.0,100.0,1.8,0.94,100,5.71,0.0,14.72,1136,Low,Monitor,No immediate action required.,To Do,Commercial,-,Low
4918122.0,Wiangkham Resort Photharam,0.3072548517609355,0.3345144734993034,0.32238827019830596,0.5051644860736418,5.0,14.0,23.79,Ratchaburi,LT,Lower South - West,Mapped,Mapped,16851.0,17.0,0.2602567479,0.5725833614,100.0,20.3,10.15,100.0,100.0,0.26,0.57,100,5.06,0.0,14.72,1137,Low,Monitor,No immediate action required.,To Do,Commercial,-,Low
4419637.0,SJK Boutique Hotel,0.2821167902670601,0.310661837302339,0.2955424742782799,0.5041345165446264,4.0,5.0,22.29,Loei,KA,Upper Isan - East,Mapped,Mapped,166053.0,12.0,2.564563443,0.4041764904,100.0,21.4,10.7,100.0,100.0,2.56,0.4,100,5.86,0.0,14.66,1138,Low,Monitor,No immediate action required.,To Do,Commercial,-,Low
152355.0,Park View Yala,0.2794183244589156,0.3764425705299822,0.32129261108305013,0.5056147256091549,3.0,7.0,22.08,Yala,KA,Lower South - West,Mapped,Mapped,82145.0,83.0,1.268664019,2.795554059,100.0,21.47,10.735,100.0,100.0,1.27,2.8,100,5.89,0.0,14.63,1139,Low,Monitor,No immediate action required.,To Do,Commercial,-,Low
183691.0,Boontawee Boutique Home,0.2842321756008766,0.3058307593976034,0.2969226666224867,0.506675611708559,4.0,5.0,22.42,Udon Thani,LT,Upper Isan - East,Mapped,Mapped,72009.0,49.0,1.112128437,1.650387336,100.0,21.05,10.525,100.0,100.0,1.11,1.65,100,5.53,0.0,14.56,1140,Low,Monitor,No immediate action required.,To Do,Commercial,-,Low
183632.0,Chatrudee Park View Hotel Kalasin,0.266643286687636,0.2745981286786177,0.2679690936861329,0.506675611708559,2.0,1.0,21.21,Kalasin,KA,Upper Isan - East,Mapped,Mapped,181079.0,48.0,2.79662045,1.616705962,100.0,21.88,10.94,100.0,100.0,2.8,1.62,100,6.13,0.0,14.49,1141,Low,Monitor,No immediate action required.,To Do,Commercial,-,Low
2000045.0,R2 Apartment Service,0.2817402739738832,0.3216563106926121,0.31090204732980387,0.5033814839582725,7.0,5.0,22.83,Nakhonratchasima,LT,Lower Isan - Central,Mapped,Mapped,53911.0,21.0,0.8326164632,0.7073088582,100.0,20.63,10.315,100.0,100.0,0.83,0.71,100,5.19,0.0,14.48,1142,Low,Monitor,No immediate action required.,To Do,Commercial,-,Low
4922568.0,RUS Hotel & Convention Ayutthaya,0.2998140040295387,0.3004432892007653,0.2976479883763278,0.5072377894482897,0.0,2.0,22.2,Phra Nakhon Si Ayutthaya,LT,Lower Isan - Central,Mapped,Mapped,113078.0,5.0,1.746394268,0.168406871,100.0,20.92,10.46,100.0,100.0,1.75,0.17,100,5.37,0.0,14.42,1143,Low,Monitor,No immediate action required.,To Do,Commercial,-,Low
4885017.0,JP Grand Hotel,0.266643286687636,0.266643286687636,0.266643286687636,0.506675611708559,1.0,1.0,21.02,Trat,LT,Upper Isan - East,Mapped,Mapped,189747.0,36.0,2.930491034,1.212529471,100.0,21.83,10.915,100.0,100.0,2.93,1.21,100,6.03,0.0,14.39,1144,Low,Monitor,No immediate action required.,To Do,Commercial,-,Low
4858458.0,RedBike Resort,0.2904386177749101,0.304705396948795,0.2958742141928492,0.5064087045931358,1.0,2.0,22.0,Chachoengsao,LT,Upper Isan - East,Mapped,Mapped,111686.0,17.0,1.724903029,0.5725833614,100.0,21.03,10.515,100.0,100.0,1.72,0.57,100,5.43,0.0,14.38,1145,Low,Monitor,No immediate action required.,To Do,Commercial,-,Low
4857687.0,Hao Hug Maekhachan Hotel,0.2804336522989873,0.306612680431705,0.2958238939477137,0.481034419647335,13.0,1.0,23.35,Chiang Rai,LT,North,Mapped,Mapped,50684.0,3.0,0.7827739757,0.1010441226,100.0,20.42,10.21,100.0,100.0,0.78,0.1,100,5.09,0.0,14.36,1146,Low,Monitor,No immediate action required.,To Do,Commercial,-,Low
43652.0,Sirichai Living,0.2789713233072993,0.300306279674191,0.2826269742042192,0.5047207233059222,6.0,2.0,22.46,Samut Sakhon,LT,BKK - Metro - Chon,Mapped,Mapped,63312.0,15.0,0.977807191,0.505220613,100.0,20.64,10.32,100.0,100.0,0.98,0.51,100,5.14,0.0,14.35,1147,Low,Monitor,No immediate action required.,To Do,Commercial,-,Low
2005749.0,Herry Residence,0.3188684458252111,0.3452942458704647,0.3385050235929427,0.5019937058842107,0.0,7.0,23.02,Chiang Mai,LT,North,Mapped,Mapped,17499.0,11.0,0.2702590373,0.3704951162,100.0,20.25,10.125,100.0,100.0,0.27,0.37,100,4.85,0.0,14.35,1148,Low,Monitor,No immediate action required.,To Do,Commercial,-,Low
63801.0,Anchalee Garden Hotel,0.2756041305146877,0.2820026078814194,0.27651819870993505,0.506675611708559,1.0,3.0,21.44,Surat Thani,LT,Upper South,Mapped,Mapped,136455.0,25.0,2.10744226,0.842034355,100.0,21.31,10.655,100.0,100.0,2.11,0.84,100,5.6,0.0,14.3,1149,Low,Monitor,No immediate action required.,To Do,Commercial,-,Low
4918024.0,Li CALLA Resort,0.2812229894089202,0.3236713027658072,0.300550292820491,0.5051976897463639,1.0,7.0,21.76,Trat,LT,Upper Isan - East,Mapped,Mapped,63438.0,44.0,0.9797548605,1.481980465,100.0,20.93,10.465,100.0,100.0,0.98,1.48,100,5.29,0.0,14.22,1150,Low,Monitor,No immediate action required.,To Do,Commercial,-,Low
43880.0,Whale Hotel Nakhon Pathom,0.2511489587625282,0.317787828346168,0.28846093420564684,0.5022979175003067,9.0,4.0,21.93,Nakhon Pathom,LT,BKK - Metro - Chon,Mapped,Mapped,82666.0,16.0,1.276714778,0.5389019872,100.0,20.8,10.4,100.0,100.0,1.28,0.54,100,5.19,0.0,14.2,1151,Low,Monitor,No immediate action required.,To Do,Commercial,-,Low
4918047.0,Baan Kiita,0.2905720713326217,0.2905720713326217,0.2905720713326217,0.506675611708559,0.0,1.0,21.79,Ratchaburi,LT,Lower South - West,Mapped,Mapped,74072.0,27.0,1.143983051,0.9093971034,100.0,20.84,10.42,100.0,100.0,1.14,0.91,100,5.2,0.0,14.2,1152,Low,Monitor,No immediate action required.,To Do,Commercial,-,Low
4884420.0,Prem's Place Nakhon Thai,0.2734412445934581,0.3144161610845537,0.2874732729743168,0.5023498398660999,8.0,3.0,22.6,Phitsanulok,LT,North,Mapped,Mapped,5655.0,1.0,0.08733933527,0.0336813742,100.0,20.05,10.025,100.0,100.0,0.09,0.03,100,4.57,0.0,14.09,1153,Low,Monitor,No immediate action required.,To Do,Commercial,-,Low
4883665.0,Daowngern Hotel Chumphae,0.251735321507102,0.2528571165650794,0.25248524148261225,0.5034706429894542,1.0,1.0,20.36,Khon Kaen,KA,Upper Isan - East,Mapped,Mapped,204037.0,18.0,3.151187124,0.6062647356,100.0,21.76,10.88,100.0,100.0,3.15,0.61,100,5.83,0.0,14.06,1154,Low,Monitor,No immediate action required.,To Do,Commercial,-,Low
4606518.0,Onn Ruean Resort,0.27122152530287,0.3027014597062756,0.28179395919080286,0.5002656742703494,5.0,3.0,21.9,Ratchaburi,LT,Lower South - West,Mapped,Mapped,62108.0,5.0,0.9592015488,0.168406871,100.0,20.53,10.265,100.0,100.0,0.96,0.17,100,4.91,0.0,14.03,1155,Low,Monitor,No immediate action required.,To Do,Commercial,-,Low
65653.0,Park Intown Hotel Pattani,0.2829716325897654,0.2889096113356693,0.2853967519939956,0.5058442011900369,3.0,2.0,22.07,Pattani,LT,Lower South - West,Mapped,Mapped,19245.0,5.0,0.2972212337,0.168406871,100.0,20.2,10.1,100.0,100.0,0.3,0.17,100,4.62,0.0,13.99,1156,Low,Monitor,No immediate action required.,To Do,Commercial,-,Low
183195.0,Baan Yai Hotel Mueng Phon Khonkaen,0.2738647550799175,0.2738647550799175,0.2738647550799175,0.5055521338244443,2.0,1.0,21.48,Khon Kaen,LT,Upper Isan - East,Mapped,Mapped,69254.0,9.0,1.069578552,0.3031323678,100.0,20.63,10.315,100.0,100.0,1.07,0.3,100,4.92,0.0,13.96,1157,Low,Monitor,No immediate action required.,To Do,Commercial,-,Low
4921427.0,Pohnphansa Boutique Hotel,0.2533378058666544,0.2533378058666544,0.2533378058666544,0.506675611708559,0.0,1.0,20.3,Narathiwat,KA,Lower South - West,Mapped,Mapped,168944.0,21.0,2.609208336,0.7073088582,100.0,21.52,10.76,100.0,100.0,2.61,0.71,100,5.58,0.0,13.95,1158,Low,Monitor,No immediate action required.,To Do,Commercial,-,Low
65452.0,Baan Issara Korat,0.253070818623026,0.2744264940219748,0.270155358942185,0.5061416372213023,2.0,1.0,20.66,Nakhonratchasima,LT,Lower Isan - Central,Mapped,Mapped,95667.0,49.0,1.477507758,1.650387336,100.0,21.23,10.615,100.0,100.0,1.48,1.65,100,5.37,0.0,13.94,1159,Low,Monitor,No immediate action required.,To Do,Commercial,-,Low
4884394.0,Phu-Nga Hotel,0.2819106589069662,0.2876371712369738,0.2855640168373148,0.5065730287424558,1.0,4.0,21.72,Phang Nga,LT,Upper South,Mapped,Mapped,23207.0,11.0,0.3584074949,0.3704951162,100.0,20.29,10.145,100.0,100.0,0.36,0.37,100,4.64,0.0,13.9,1160,Low,Monitor,No immediate action required.,To Do,Commercial,-,Low
4918010.0,The Cozy Hostel Loei Wang Saphung,0.2665098331299244,0.2744264940219748,0.2732955424659676,0.5064087045931358,2.0,1.0,21.2,Loei,LT,Upper Isan - East,Mapped,Mapped,83951.0,4.0,1.296551015,0.1347254968,100.0,20.69,10.345,100.0,100.0,1.3,0.13,100,4.93,0.0,13.89,1161,Low,Monitor,No immediate action required.,To Do,Commercial,-,Low
4918053.0,Resort Baan Nopparat Kamphaeng Phet,0.2663762994440077,0.2799487675086177,0.2780098434993877,0.5061416372213023,3.0,1.0,21.38,Kamphaeng Phet,LT,North,Mapped,Mapped,50235.0,2.0,0.7758469378,0.0673627484,100.0,20.41,10.205,100.0,100.0,0.78,0.07,100,4.69,0.0,13.82,1162,Low,Monitor,No immediate action required.,To Do,Commercial,-,Low
137923.0,4D Residence Ratchaburi,0.2723464854406633,0.273303529449627,0.27282500744514515,0.5041926270079574,0.0,4.0,21.1,Ratchaburi,LT,Lower South - West,Mapped,Mapped,51954.0,25.0,0.8023922948,0.842034355,100.0,20.65,10.325,100.0,100.0,0.8,0.84,100,4.87,0.0,13.81,1163,Low,Monitor,No immediate action required.,To Do,Commercial,-,Low
4915542.0,Nicha Resort Charoensin,0.2501328371475496,0.2739458047203998,0.2595147317040719,0.5002656742703494,3.0,1.0,20.61,Sakon Nakhon,KA,Upper Isan - East,Mapped,Mapped,103238.0,20.0,1.594434497,0.673627484,100.0,21.0,10.5,100.0,100.0,1.59,0.67,100,5.12,0.0,13.74,1164,Low,Monitor,No immediate action required.,To Do,Commercial,-,Low
150.0,Cinnamon Residence,0.2909369435620612,0.3449933214855776,0.33045898752564595,0.5130855491467685,40.0,2.0,29.58,Bangkok,LT,BKK - Metro - Chon,Null,Not Live,26155.0,,0.4039458349,0.0,20.0,4.2,2.1,0.0,40.0,0.4,,0,,,,1165,Low,Monitor,No immediate action required.,To Do,Commercial,-,Low
182.0,Furama Silom Bangkok,0.4962326412048873,0.5184132714808822,0.4992233692860175,0.4911486694028166,51.0,105.0,42.7,Bangkok,KA,BKK - Metro - Chon,Mapped,Not Live,5244.0,,0.08098836643,0.0,70.0,14.04,7.02,100.0,40.0,0.08,,50,,,,1166,Low,Monitor,No immediate action required.,To Do,Commercial,-,Low
269.0,Holiday Inn Bangkok Silom by IHG,0.4049910336603498,0.5299755730989673,0.45727720934962973,0.4865928894552009,55.0,47.0,37.89,Bangkok,LT,BKK - Metro - Chon,,,,,,,,,,,,,,0,,,,1167,Low,Monitor,No immediate action required.,To Do,Commercial,-,Low
496.0,TUI BLUE Maduzi Hotel Bangkok,0.4556164687653812,0.4668449016207555,0.4466174760298576,0.4989394332924678,51.0,77.0,40.35,Bangkok,LT,BKK - Metro - Chon,,,,,,,,,,,,,,0,,,,1168,Low,Monitor,No immediate action required.,To Do,Commercial,-,Low
516.0,S31 Sukhumvit Hotel,0.2832781305255472,0.291315775015413,0.2896296974297258,0.5064571970616004,2.0,3.0,21.94,Bangkok,LT,BKK - Metro - Chon,Null,Mapped,28635.0,,0.4422383685,0.0,50.0,10.22,5.11,0.0,100.0,0.44,,50,,,,1169,Low,Monitor,No immediate action required.,To Do,Commercial,-,Low
517.0,P2 Boutique Hotel,0.4201424117264062,0.4361267930333459,0.42452538381768723,0.4982052373345456,64.0,34.0,40.03,Bangkok,LT,BKK - Metro - Chon,Mapped,Not Live,23196.0,,0.3582479561,0.0,70.0,14.18,7.09,100.0,40.0,0.36,,50,,,,1170,Low,Monitor,No immediate action required.,To Do,Commercial,-,Low
525.0,Column Bangkok Hotel,0.4824308819823005,0.5025205776183626,0.40323240068664234,0.4988657347629994,56.0,42.0,41.27,Bangkok,LT,BKK - Metro - Chon,Mapped,Not Live,11240.0,,0.1735958768,0.0,70.0,14.09,7.045,100.0,40.0,0.17,,50,,,,1171,Low,Monitor,No immediate action required.,To Do,Commercial,-,Low
592.0,Royal Peninsula Hotel Chiangmai,0.3416446057467792,0.398023147633626,0.37705416561179333,0.5034706429894542,40.0,1.0,31.39,Chiang Mai,LT,North,,,,,,,,,,,,,,0,,,,1172,Low,Monitor,No immediate action required.,To Do,Commercial,-,Low
638.0,Holiday Garden Hotel & Resort Chiang Mai,0.3106527223983489,0.3378661731136513,0.32588253951839635,0.5259061451773805,35.0,1.0,29.64,Chiang Mai,LT,North,Mapped,Mapped,55380.0,,0.8553063272,0.0,100.0,20.43,10.215,100.0,100.0,0.86,,100,,,,1173,Low,Monitor,No immediate action required.,To Do,Commercial,-,Low
714.0,G Hua Hin Resort & Mall,0.3762548575261679,0.3762548575261679,0.3762548575261679,0.5111824345776786,0.0,2.0,25.34,Hua Hin,LT,Lower South - West,Mapped,Not Live,3531.0,,0.05453104136,0.0,70.0,14.03,7.015,100.0,40.0,0.05,,50,,,,1174,Low,Monitor,No immediate action required.,To Do,Commercial,-,Low
764.0,Huahin Grand Hotel & Plaza,0.4050727831048576,0.4610023004093848,0.41336982338012285,0.5035299511790111,52.0,39.0,37.41,Hua Hin,LT,Lower South - West,Mapped,Mapped,4239.0,,0.06547203,0.0,100.0,20.03,10.015,100.0,100.0,0.07,,100,,,,1175,Low,Monitor,No immediate action required.,To Do,Commercial,-,Low
931.0,Kantary Bay Hotel Phuket,0.3212624868132696,0.440369096642039,0.38074434508648464,0.5015757399568846,0.0,42.0,24.21,Phuket,LT,Upper South,Mapped,Not Live,4364.0,,0.0673915911,0.0,70.0,14.03,7.015,100.0,40.0,0.07,,50,,,,1176,Low,Monitor,No immediate action required.,To Do,Commercial,-,Low
1370.0,AVANI Khon Kaen Hotel & Convention Centre,,,,,9.0,1.0,,Khon Kaen,KA,Upper Isan - East,Mapped,Mapped,753258.0,40.0,11.63347343,1.347254968,100.0,26.22,13.11,100.0,100.0,11.63,1.35,100,,,,1177,Low,Monitor,No immediate action required.,To Do,Commercial,-,Low
1397.0,The Imperial Phukaew Hill Resort,0.3710499253324785,0.3743286080842922,0.37006205237491135,0.5069401233540929,56.0,12.0,36.03,Phetchabun,LT,North,Mapped,Mapped,5414.0,,0.08361527244,0.0,100.0,20.04,10.02,100.0,100.0,0.08,,100,,,,1178,Low,Monitor,No immediate action required.,To Do,Commercial,-,Low
1514.0,Windmill Resort Hotel,0.3425789193665617,0.4502036853877234,0.34980603580597075,0.5027367864977511,7.0,49.0,26.64,Pattaya,LT,BKK - Metro - Chon,,,,,,,,,,,,,,0,,,,1179,Low,Monitor,No immediate action required.,To Do,Commercial,-,Low
1530.0,Centara Pattaya Hotel,0.3741871010282095,0.3874445475485992,0.38080839478604944,0.5105822878050629,2.0,48.0,27.07,Pattaya,LT,BKK - Metro - Chon,Mapped,Not Live,3128.0,,0.04831011278,0.0,70.0,14.02,7.01,100.0,40.0,0.05,,50,,,,1180,Low,Monitor,No immediate action required.,To Do,Commercial,-,Low
1658.0,Pung Waan Resort and Spa,0.3500662339170931,0.3622429280536507,0.3537884593768927,0.5013850121717173,50.0,8.0,33.81,Kanchanaburi,LT,Lower South - West,,,,,,,,,,,,,,0,,,,1181,Low,Monitor,No immediate action required.,To Do,Commercial,-,Low
1675.0,The Imperial Mae Hong Son Resort,0.3752973840755226,0.3802629235050845,0.37558180631701144,0.5065903299163637,49.0,20.0,35.11,Mae Hong Son,LT,North,Mapped,Mapped,52068.0,,0.8041527806,0.0,100.0,20.4,10.2,100.0,100.0,0.8,,100,,,,1182,Low,Monitor,No immediate action required.,To Do,Commercial,-,Low
4663.0,Laithong Hotel,0.2840176724026826,0.293982413666735,0.2899528774863565,0.5062466053121709,7.0,1.0,22.85,Ubon Ratchathani,LT,Lower Isan - Central,Null,Not Mapped,11727.0,,0.181116127,0.0,0.0,0.09,0.045,0.0,0.0,0.18,,0,,,,1183,Low,Expand to Ctrip,Expand distribution to increase room nights.,To Do,Market Manager,72 Hours,Medium
4671.0,Ban Suan Resort Surin Prasat (Room on Request),0.2741457647753917,0.2799487675086177,0.2761164638831137,0.5061141532153929,3.0,1.0,21.69,Surin,LT,Lower Isan - Central,Null,Mapped,5847.0,,0.09029844628,0.0,50.0,10.05,5.025,0.0,100.0,0.09,,50,,,,1184,Low,Monitor,No immediate action required.,To Do,Commercial,-,Low
4686.0,B.U. Place Hotel,0.3394561246751983,0.4889096586838418,0.4171768553729098,0.5041361722384606,6.0,55.0,26.54,Bangkok,LT,BKK - Metro - Chon,,,,,,,,,,,,,,0,,,,1185,Low,Monitor,No immediate action required.,To Do,Commercial,-,Low
22349.0,Welcome World Beachfront Resort & Spa,0.4208553569393325,0.5046011955343798,0.44836229791527255,0.4981326683172271,49.0,61.0,38.05,Pattaya,LT,BKK - Metro - Chon,,,,,,,,,,,,,,0,,,,1186,Low,Monitor,No immediate action required.,To Do,Commercial,-,Low
22359.0,Le Cassia Hotel,0.3801308327196342,0.4587901962655591,0.34079279842008386,0.4746804094153985,92.0,18.0,42.79,Khon Kaen,KA,Upper Isan - East,,,,,,,,,,,,,,0,,,,1187,Low,Monitor,No immediate action required.,To Do,Commercial,-,Low
23196.0,Mall Suites Hotel,0.4916609970242225,0.4993427784164198,0.4965427698521886,0.5071314460532302,49.0,47.0,40.63,Bangkok,LT,BKK - Metro - Chon,,,,,,,,,,,,,,0,,,,1188,Low,Monitor,No immediate action required.,To Do,Commercial,-,Low
25149.0,Fortune View Kong Nakhon Phanom,0.3954704571306873,0.4028032269773306,0.3988864386037802,0.5016782763902178,58.0,49.0,38.45,Nakhon Phanom,LT,Upper Isan - East,Mapped,Mapped,206231.0,,3.18507018,0.0,100.0,21.59,10.795,100.0,100.0,3.19,,100,,,,1189,Low,Monitor,No immediate action required.,To Do,Commercial,-,Low
43623.0,Pruksa Thara Park & Resort Hotel,0.2906910129397803,0.293709657114328,0.2916158224705579,0.506675611708559,7.0,1.0,23.13,Phichit,KA,North,Not mapped,Mapped,207112.0,,3.198685334,0.0,50.0,11.6,5.8,0.0,100.0,3.2,,50,,,,1190,Low,Monitor,No immediate action required.,To Do,Commercial,-,Low
43660.0,STAR 3 Serviced Apartment,0.3217204289327481,0.4169263523850406,0.3828651725585126,0.4975908327564648,35.0,6.0,29.68,Rayong,LT,Upper Isan - East,Not mapped,Not Live,31183.0,,0.4815996415,0.0,20.0,4.24,2.12,0.0,40.0,0.48,,0,,,,1191,Low,Monitor,No immediate action required.,To Do,Commercial,-,Low
43851.0,Prime Time Hotel Bang Saen,,,,,,,,Bangsaen,KA,BKK - Metro - Chon,Mapped,Mapped,1364844.0,730.0,21.07893849,24.58740317,100.0,37.92,18.96,100.0,100.0,21.08,24.59,100,,,,1192,Low,Monitor,No immediate action required.,To Do,Commercial,-,Low
43946.0,Taksila Hotel Mahasarakham,0.2776314627410796,0.3147795965994198,0.30113335618402715,0.5130855491467685,16.0,1.0,24.45,Maha Sarakham,LT,Upper Isan - East,Null,Not Mapped,52570.0,,0.8119033039,0.0,0.0,0.41,0.205,0.0,0.0,0.81,,0,,,,1193,Low,Expand to Ctrip,Expand distribution to increase room nights.,To Do,Market Manager,72 Hours,Medium
63375.0,Loei Village Hotel,0.3524997354882809,0.4342084783224701,0.38152989676485866,0.5009420923336335,48.0,17.0,33.8,Loei,KA,Upper Isan - East,,,,,,,,,,,,,,0,,,,1194,Low,Monitor,No immediate action required.,To Do,Commercial,-,Low
63609.0,Orchid Place Hotel,0.2744264940219748,0.325658201193091,0.2930562057205625,0.506675611708559,2.0,1.0,21.52,Phichit,LT,North,Mapped,Mapped,106439.0,,1.643868176,0.0,100.0,20.82,10.41,100.0,100.0,1.64,,100,,,,1195,Low,Monitor,No immediate action required.,To Do,Commercial,-,Low
63622.0,KYP Hotel,0.3069233481157494,0.3989672640329095,0.3541974925588619,0.5098805804276637,43.0,1.0,30.7,Chiang Mai,LT,North,,,,,,,,,,,,,,0,,,,1196,Low,Monitor,No immediate action required.,To Do,Commercial,-,Low
63832.0,Fondness Hotel,0.266643286687636,0.4128724567538623,0.35917833958200285,0.506675611708559,49.0,2.0,30.2,Phang Nga,LT,Upper South,Mapped,Not Mapped,49740.0,,0.7681986551,0.0,50.0,10.38,5.19,100.0,0.0,0.77,,50,,,,1197,Low,Expand to Ctrip,Expand distribution to increase room nights.,To Do,Market Manager,72 Hours,Medium
65037.0,Baan Lomrudee Hotel (New Home Lom Sak),0.345202757335962,0.4443914288976514,0.32773948052420415,0.4926652585137165,13.0,10.0,26.45,Phetchabun,KA,North,Not mapped,Not Mapped,206031.0,,3.181986126,0.0,0.0,1.59,0.795,0.0,0.0,3.18,,0,,,,1198,Low,Expand to Ctrip,Expand distribution to increase room nights.,To Do,Market Manager,72 Hours,Medium
65470.0,La Belle Hotel Chiangrai,0.4573785092713598,0.4613975750178589,0.45931496447370734,0.5052866224509723,41.0,10.0,36.53,Chiang Rai,LT,North,Mapped,Mapped,7536.0,,0.1163945312,0.0,100.0,20.06,10.03,100.0,100.0,0.12,,100,,,,1199,Low,Monitor,No immediate action required.,To Do,Commercial,-,Low
65579.0,Centara Life Maris Resort Jomtien Pattaya,0.3877500211042757,0.4350689905716282,0.41443947963593364,0.4967959914692003,57.0,51.0,37.91,Pattaya,LT,BKK - Metro - Chon,,,,,,,,,,,,,,0,,,,1200,Low,Monitor,No immediate action required.,To Do,Commercial,-,Low
107201.0,Baan Ing Daan Amnat Charoen,0.4147538494679914,0.4188948373937063,0.41619747297042275,0.5086001734227873,19.0,16.0,30.89,Amnart Charoen,KA,Lower Isan - Central,Mapped,Not Mapped,122587.0,,1.893261002,0.0,50.0,10.95,5.475,100.0,0.0,1.89,,50,,,,1201,Low,Expand to Ctrip,Expand distribution to increase room nights.,To Do,Market Manager,72 Hours,Medium
137618.0,Muan Thong Grand Hotel,0.2704806858727566,0.402241319996295,0.33358270193876904,0.4987839954101226,8.0,5.0,22.48,Loei,LT,Upper Isan - East,Not mapped,Null,36505.0,,0.5637855522,0.0,0.0,0.28,0.14,0.0,0.0,0.56,,0,,,,1202,Low,Monitor,No immediate action required.,To Do,Commercial,-,Low
137919.0,Sang Villa Hotel Kantharalak,0.265744681805971,0.3653789135926588,0.3335309301307037,0.5048784019452289,1.0,4.0,21.04,Si Sa Ket,KA,Lower Isan - Central,Not mapped,Mapped,393751.0,,6.081166182,0.0,50.0,13.04,6.52,0.0,100.0,6.08,,50,,,,1203,Low,Monitor,No immediate action required.,To Do,Commercial,-,Low
137945.0,Sweet Dreams Guest House,0.3913699374592458,0.4040586283696343,0.39333700924745085,0.5337469221106408,33.0,2.0,32.68,Phetchaburi,LT,Lower South - West,Mapped,Mapped,41306.0,,0.6379308972,0.0,100.0,20.32,10.16,100.0,100.0,0.64,,100,,,,1204,Low,Monitor,No immediate action required.,To Do,Commercial,-,Low
137978.0,Plern Pitch Residence Khao Yai,0.3212729067077594,0.3353973930648858,0.32982469021300453,0.5065942967257557,0.0,3.0,23.08,Khaoyai,KA,Lower Isan - Central,Not mapped,Not Mapped,828806.0,,12.80025291,0.0,0.0,6.4,3.2,0.0,0.0,12.8,,0,,,,1205,Low,Expand to Ctrip,Expand distribution to increase room nights.,To Do,Market Manager,72 Hours,Medium
139423.0,Maiyai Resort Kamphangphet,0.3130591017255997,0.396050398321841,0.370228997161265,0.4930633952166331,43.0,2.0,30.64,Kamphaeng Phet,LT,North,Not mapped,Not Mapped,135082.0,,2.086228399,0.0,0.0,1.04,0.52,0.0,0.0,2.09,,0,,,,1206,Low,Expand to Ctrip,Expand distribution to increase room nights.,To Do,Market Manager,72 Hours,Medium
152375.0,Panorama Hotel Mae Hong Son,0.2890399892566302,0.3246914348305364,0.30801336321304196,0.5162912390200661,16.0,2.0,25.0,Mae Hong Son,LT,North,Not mapped,Not Mapped,29153.0,,0.4502494357,0.0,0.0,0.23,0.115,0.0,0.0,0.45,,0,,,,1207,Low,Expand to Ctrip,Expand distribution to increase room nights.,To Do,Market Manager,72 Hours,Medium
152896.0,Nisa Resort,0.2731798189494933,0.2893344592025088,0.28217203043292877,0.5041822615635959,5.0,1.0,21.99,Songkhla,LT,Lower South - West,Not mapped,Not Mapped,43785.0,,0.6762259018,0.0,0.0,0.34,0.17,0.0,0.0,0.68,,0,,,,1208,Low,Expand to Ctrip,Expand distribution to increase room nights.,To Do,Market Manager,72 Hours,Medium
152909.0,Ruenrabeng Mountainview Khao Soidao,0.2533378058666544,0.2833873378490265,0.26909957633266796,0.506675611708559,2.0,2.0,20.71,Chanthaburi,LT,Upper Isan - East,Not mapped,Mapped,46030.0,,0.7108959955,0.0,50.0,10.36,5.18,0.0,100.0,0.71,,50,,,,1209,Low,Monitor,No immediate action required.,To Do,Commercial,-,Low
177830.0,The Zeit Riverkwai,0.3333417899328781,0.3416716544167544,0.3383664105258131,0.5103032304551337,4.0,23.0,25.03,Kanchanaburi,LT,Lower South - West,Mapped,Not Live,33754.0,,0.5213068649,0.0,70.0,14.26,7.13,100.0,40.0,0.52,,50,,,,1210,Low,Monitor,No immediate action required.,To Do,Commercial,-,Low
177910.0,imm hotel Ladprao Bangkapi Bangkok,0.3229886749330372,0.4197153276557602,0.35460921663023887,0.5180490124111462,50.0,4.0,32.93,Bangkok,LT,BKK - Metro - Chon,Null,Not Mapped,11688.0,,0.1805094783,0.0,0.0,0.09,0.045,0.0,0.0,0.18,,0,,,,1211,Low,Expand to Ctrip,Expand distribution to increase room nights.,To Do,Market Manager,72 Hours,Medium
181605.0,Ban Sabai Dee Resort 2 Dan Sai,0.2905936264246931,0.330571278501607,0.29033022207535913,0.5014768257020886,12.0,5.0,24.1,Loei,LT,Upper Isan - East,Not mapped,Not Mapped,4832.0,,0.07462257114,0.0,0.0,0.04,0.02,0.0,0.0,0.07,,0,,,,1212,Low,Expand to Ctrip,Expand distribution to increase room nights.,To Do,Market Manager,72 Hours,Medium
181639.0,Phurinda Residence Saraburi,0.2842321756008766,0.3905686702084976,0.2933123583925266,0.506675611708559,32.0,1.0,27.63,Saraburi,KA,Lower Isan - Central,Mapped,Mapped,1031830.0,,15.93580741,0.0,100.0,27.97,13.985,100.0,100.0,15.94,,100,,,,1213,Low,Monitor,No immediate action required.,To Do,Commercial,-,Low
182814.0,Tho Mai Resort,0.3565516562262308,0.3731987175629576,0.3626243113770548,0.5152405984909121,16.0,1.0,27.65,Rayong,LT,Upper Isan - East,,,,,,,,,,,,,,0,,,,1214,Low,Monitor,No immediate action required.,To Do,Commercial,-,Low
182866.0,Ban P'Tor Resort,0.2877319748429565,0.3119919826356002,0.3034095467135178,0.506675611708559,15.0,1.0,24.53,Nakhonratchasima,LT,Lower Isan - Central,Mapped,Not Live,3984.0,,0.06153159376,0.0,70.0,14.03,7.015,100.0,40.0,0.06,,50,,,,1215,Low,Monitor,No immediate action required.,To Do,Commercial,-,Low
182867.0,Umphangburi Resort,0.2744264940219748,0.2744264940219748,0.2744264940219748,0.506675611708559,2.0,1.0,21.52,Tak,LT,North,Mapped,Mapped,30517.0,,0.471308082,0.0,100.0,20.24,10.12,100.0,100.0,0.47,,100,,,,1216,Low,Monitor,No immediate action required.,To Do,Commercial,-,Low
182883.0,Khaveerush Place Chachoengsao,0.2620179204471229,0.2756041305146877,0.2717379411510892,0.5061141532153929,1.0,2.0,20.86,Chachoengsao,KA,Upper Isan - East,Not mapped,Not Mapped,535594.0,,8.271819693,0.0,0.0,4.14,2.07,0.0,0.0,8.27,,0,,,,1217,Low,Expand to Ctrip,Expand distribution to increase room nights.,To Do,Market Manager,72 Hours,Medium
182932.0,LandMark Hotel Mahasarakham,0.2660138604013243,0.3345923343334959,0.3168999560126894,0.5054167591359356,3.0,3.0,21.41,Maha Sarakham,LT,Upper Isan - East,Null,Not Mapped,12598.0,,0.1945678812,0.0,0.0,0.1,0.05,0.0,0.0,0.19,,0,,,,1218,Low,Expand to Ctrip,Expand distribution to increase room nights.,To Do,Market Manager,72 Hours,Medium
182985.0,The Rama Hotel,0.3741048436259838,0.4154516264486886,0.3968020733109268,0.5238584694517968,47.0,2.0,34.46,Chiang Rai,LT,North,,,,,,,,,,,,,,0,,,,1219,Low,Monitor,No immediate action required.,To Do,Commercial,-,Low
182993.0,Star Convention Hotel Rayong,0.379987523399091,0.3951082346840739,0.3809209916503625,0.5039978848153119,57.0,34.0,37.21,Rayong,LT,Upper Isan - East,Mapped,Not Live,78949.0,,1.219299067,0.0,70.0,14.61,7.305,100.0,40.0,1.22,,50,,,,1220,Low,Monitor,No immediate action required.,To Do,Commercial,-,Low
183029.0,Pun Rak Resort Tha Bo,0.251735321507102,0.3109172999574469,0.29352523595492713,0.5034706429894542,14.0,1.0,22.84,Nong Khai,LT,Upper Isan - East,Null,Not Mapped,32548.0,,0.5026734232,0.0,0.0,0.25,0.125,0.0,0.0,0.5,,0,,,,1221,Low,Expand to Ctrip,Expand distribution to increase room nights.,To Do,Market Manager,72 Hours,Medium
183047.0,R-Photo Hotel,0.3139692827665838,0.4353979377944589,0.3796539605071407,0.4880066166177839,38.0,17.0,30.09,Nakhon Phanom,LT,Upper Isan - East,Mapped,Mapped,109357.0,,1.688933305,0.0,100.0,20.84,10.42,100.0,100.0,1.69,,100,,,,1222,Low,Monitor,No immediate action required.,To Do,Commercial,-,Low
183139.0,Thanachon Resort Suphanburi,0.2738647550799175,0.2842321756008766,0.28130125395211203,0.5055521338244443,4.0,1.0,21.86,Suphan Buri,LT,Lower Isan - Central,Not mapped,Not Mapped,102206.0,,1.578484178,0.0,0.0,0.79,0.395,0.0,0.0,1.58,,0,,,,1223,Low,Expand to Ctrip,Expand distribution to increase room nights.,To Do,Market Manager,72 Hours,Medium
183168.0,Sby House Ayutthaya,0.2833897074122362,0.3334414085274298,0.31334564994577835,0.5049906753312782,10.0,1.0,23.37,Phra Nakhon Si Ayutthaya,LT,Lower Isan - Central,Not mapped,Not Mapped,90252.0,,1.393876887,0.0,0.0,0.7,0.35,0.0,0.0,1.39,,0,,,,1224,Low,Expand to Ctrip,Expand distribution to increase room nights.,To Do,Market Manager,72 Hours,Medium
183191.0,Little Home Resort Saraburi,0.2842321756008766,0.3001895403518967,0.2935880330931642,0.506675611708559,9.0,1.0,23.25,Saraburi,LT,Lower Isan - Central,Not mapped,Mapped,54589.0,,0.8430814612,0.0,50.0,10.42,5.21,0.0,100.0,0.84,,50,,,,1225,Low,Monitor,No immediate action required.,To Do,Commercial,-,Low
183196.0,H2M Residence,0.3043381991157946,0.4301927246926826,0.3746233829834116,0.4906465691959294,12.0,3.0,24.37,Chiang Rai,KA,North,Null,Not Mapped,610297.0,,9.425555146,0.0,0.0,4.71,2.355,0.0,0.0,9.43,,0,,,,1226,Low,Expand to Ctrip,Expand distribution to increase room nights.,To Do,Market Manager,72 Hours,Medium
183370.0,SC Resort Chachoengsao,0.2901658722494346,0.3878248483828227,0.3364003924140746,0.5058632135421847,1.0,4.0,22.04,Chachoengsao,KA,Upper Isan - East,Not mapped,Mapped,156722.0,,2.420445779,0.0,50.0,11.21,5.605,0.0,100.0,2.42,,50,,,,1227,Low,Monitor,No immediate action required.,To Do,Commercial,-,Low
183378.0,Boonrapee Residence Yala,0.2911009564456335,0.3004052330364436,0.2955187692492032,0.5077333819345825,0.0,2.0,21.86,Yala,LT,Lower South - West,Not mapped,Not Live,211093.0,,3.260171985,0.0,20.0,5.63,2.815,0.0,40.0,3.26,,0,,,,1228,Low,Monitor,No immediate action required.,To Do,Commercial,-,Low
183428.0,Pobruk Resort Nong Khai  Tha Bo,0.2941422728582624,0.3284481385518691,0.3133881303035532,0.5194962077391709,28.0,1.0,27.52,,,,,,,,,,,,,,,,,0,,,,1229,Low,Monitor,No immediate action required.,To Do,Commercial,-,Low
183441.0,Ruen Narisara Resort,0.3603663495741717,0.4002786854818619,0.34631956988710366,0.4836658415975122,24.0,4.0,28.79,Sukhothai,LT,North,Mapped,Not Mapped,34120.0,,0.5269503344,0.0,50.0,10.26,5.13,100.0,0.0,0.53,,50,,,,1230,Low,Expand to Ctrip,Expand distribution to increase room nights.,To Do,Market Manager,72 Hours,Medium
183532.0,Sripech Home,0.290661320686322,0.3121026484263048,0.3039666374008585,0.5068541104159595,0.0,4.0,21.89,Sangkhlaburi,LT,Lower South - West,Mapped,Not Mapped,17307.0,,0.267286181,0.0,50.0,10.13,5.065,100.0,0.0,0.27,,50,,,,1231,Low,Expand to Ctrip,Expand distribution to increase room nights.,To Do,Market Manager,72 Hours,Medium
183563.0,The Right Place Residence,0.4274380465024895,0.498562549416263,0.46878990278303384,0.5026610350039444,0.0,13.0,27.56,Bangkok,KA,BKK - Metro - Chon,Not mapped,Not Mapped,623200.0,,9.624832894,0.0,0.0,4.81,2.405,0.0,0.0,9.62,,0,,,,1232,Low,Expand to Ctrip,Expand distribution to increase room nights.,To Do,Market Manager,72 Hours,Medium
183591.0,Chiangkhong Green Inn Resident,0.3203700083639244,0.331051471908606,0.32696765764122243,0.5238562262462064,31.0,1.0,29.23,Chiang Rai,LT,North,Null,Mapped,23301.0,,0.3598646563,0.0,50.0,10.18,5.09,0.0,100.0,0.36,,50,,,,1233,Low,Monitor,No immediate action required.,To Do,Commercial,-,Low
183639.0,Dusita Residence Phetchabun,0.2529232624852633,0.2744264940219748,0.2702181978037329,0.5058465249457769,2.0,1.0,20.65,Phetchabun,LT,North,Not mapped,Not Mapped,105434.0,,1.628340874,0.0,0.0,0.81,0.405,0.0,0.0,1.63,,0,,,,1234,Low,Expand to Ctrip,Expand distribution to increase room nights.,To Do,Market Manager,72 Hours,Medium
183651.0,Xanadu Hotel U Tapao,0.3105867179404378,0.3303834429293161,0.3225757223806832,0.5227011764582757,31.0,1.0,28.81,Rayong,LT,Upper Isan - East,Not mapped,Mapped,56567.0,,0.8736370624,0.0,50.0,10.44,5.22,0.0,100.0,0.87,,50,,,,1235,Low,Monitor,No immediate action required.,To Do,Commercial,-,Low
2000106.0,Holiday Inn & Suites Rayong City Centre,0.3701528234902407,0.3722812530600671,0.3710021972503408,0.5066226979821117,50.0,13.0,34.87,Rayong,LT,Upper Isan - East,Mapped,Mapped,203591.0,,3.144296843,0.0,100.0,21.57,10.785,100.0,100.0,3.14,,100,,,,1236,Low,Monitor,No immediate action required.,To Do,Commercial,-,Low
2000121.0,Cheyenne Resort,0.2517021883269945,0.2799487675086177,0.269276858282145,0.5034043766292392,3.0,1.0,20.74,Si Sa Ket,LT,Lower Isan - Central,Not mapped,Not Mapped,43084.0,,0.6653993548,0.0,0.0,0.33,0.165,0.0,0.0,0.67,,0,,,,1237,Low,Expand to Ctrip,Expand distribution to increase room nights.,To Do,Market Manager,72 Hours,Medium
2000248.0,Sukkhamas Pirom Hotel Nakhonratchasima,,,,,2.0,1.0,,Nakhonratchasima,KA,Lower Isan - Central,Mapped,Mapped,495286.0,40.0,7.649307216,1.347254968,100.0,24.23,12.115,100.0,100.0,7.65,1.35,100,,,,1238,Low,Monitor,No immediate action required.,To Do,Commercial,-,Low
2000291.0,Lanna Hotel by Kasalong Resort and Spa Pattaya,0.4052644663317336,0.4157325007172568,0.41074996121032825,0.5074809389286141,40.0,20.0,34.61,Pattaya,LT,BKK - Metro - Chon,,,,,,,,,,,,,,0,,,,1239,Low,Monitor,No immediate action required.,To Do,Commercial,-,Low
2000300.0,A day in Phetchabun,0.3479837710970545,0.3479837710970545,0.3378927518266471,0.4989919760176609,18.0,13.0,27.74,Phetchabun,LT,North,Mapped,Not Live,90941.0,,1.404513161,0.0,70.0,14.7,7.35,100.0,40.0,1.4,,50,,,,1240,Low,Monitor,No immediate action required.,To Do,Commercial,-,Low
2000337.0,Banphunara Resort,0.2790886575265439,0.2811642954691436,0.2644193417769875,0.5049553917444115,3.0,1.0,21.87,Lop Buri,LT,Lower Isan - Central,Not mapped,Mapped,66103.0,,1.020906427,0.0,50.0,10.51,5.255,0.0,100.0,1.02,,50,,,,1241,Low,Monitor,No immediate action required.,To Do,Commercial,-,Low
2000383.0,ROYAL PINEAPPLE HOTEL,0.3848517854014573,0.3876239778122357,0.3857154697970202,0.5081757182279943,51.0,25.0,36.06,Krabi,LT,Upper South,,,,,,,,,,,,,,0,,,,1242,Low,Monitor,No immediate action required.,To Do,Commercial,-,Low
2000391.0,PK Resort Nakhonphanom,0.3334414085274298,0.3334414085274298,0.3334414085274298,0.506675611708559,2.0,1.0,23.88,Nakhon Phanom,LT,Upper Isan - East,Null,Not Live,3241.0,,0.05005654427,0.0,20.0,4.03,2.015,0.0,40.0,0.05,,0,,,,1243,Low,Monitor,No immediate action required.,To Do,Commercial,-,Low
2001097.0,Rattana Pura Beach Resort,0.3899344260805149,0.4005347431617947,0.37319230530313835,0.5045086911850402,16.0,5.0,28.89,Chanthaburi,LT,Upper Isan - East,Mapped,Not Live,1660.0,,0.02563445746,0.0,70.0,14.01,7.005,100.0,40.0,0.03,,50,,,,1244,Low,Monitor,No immediate action required.,To Do,Commercial,-,Low
2001181.0,Homeland Resort,0.305130448911706,0.3490780159885351,0.33507528087479266,0.5259061451773805,42.0,2.0,30.79,Phetchabun,LT,North,Null,Null,12326.0,,0.1903681366,0.0,0.0,0.1,0.05,0.0,0.0,0.19,,0,,,,1245,Low,Monitor,No immediate action required.,To Do,Commercial,-,Low
2002058.0,Cool Residence,0.3620331426662369,0.4038185900160069,0.33733494142899895,0.5050016252094542,33.0,16.0,31.37,Phuket,LT,Upper South,Mapped,Mapped,48589.0,,0.7504154173,0.0,100.0,20.38,10.19,100.0,100.0,0.75,,100,,,,1246,Low,Monitor,No immediate action required.,To Do,Commercial,-,Low
2003698.0,The State Resort,0.3497059274452352,0.3794391667904335,0.3663419897240069,0.506675611708559,22.0,1.0,28.34,Phitsanulok,LT,North,Null,Not Mapped,18929.0,,0.2923431793,0.0,0.0,0.15,0.075,0.0,0.0,0.29,,0,,,,1247,Low,Expand to Ctrip,Expand distribution to increase room nights.,To Do,Market Manager,72 Hours,Medium
2004802.0,Le Bar Tarry Hotel,0.2906910129397803,0.2933877018873109,0.29107625421799893,0.506675611708559,7.0,1.0,23.13,Loei,LT,Upper Isan - East,Null,Not Live,9042.0,,0.1396474912,0.0,20.0,4.07,2.035,0.0,40.0,0.14,,0,,,,1248,Low,Monitor,No immediate action required.,To Do,Commercial,-,Low
2004820.0,Kor Wanburi Resort,0.3054998272445554,0.3290617961957123,0.3206881195498306,0.5096822786761459,20.0,2.0,26.29,Prachuapkhirikhan,LT,Lower South - West,No Room,Null,27112.0,,0.4187262546,0.0,35.0,7.21,3.605,70.0,0.0,0.42,,0,,,,1249,Low,Request Inventory,Demand exists but inventory is unavailable.,To Do,Hotel Partner,48 Hours,Medium
2005082.0,Kanavera House,0.3493342583951683,0.3883025642734781,0.3797219534168378,0.5061701568227421,1.0,3.0,24.38,Sriracha,LT,BKK - Metro - Chon,Not mapped,Null,1682.0,,0.02598087113,0.0,0.0,0.01,0.005,0.0,0.0,0.03,,0,,,,1250,Low,Monitor,No immediate action required.,To Do,Commercial,-,Low
2005153.0,Park & Pool Hotel Nongkhai,0.253070818623026,0.2744264940219748,0.2713756832506964,0.5061416372213023,2.0,1.0,20.66,Nong Khai,LT,Upper Isan - East,Null,Null,50668.0,,0.7825305749,0.0,0.0,0.39,0.195,0.0,0.0,0.78,,0,,,,1251,Low,Monitor,No immediate action required.,To Do,Commercial,-,Low
2005336.0,Delight Resort Korat,0.3276307265830895,0.3408171159038393,0.3314417971998322,0.5065942967257557,0.0,4.0,23.36,Nakhonratchasima,KA,Lower Isan - Central,Null,Null,269669.0,,4.164825504,0.0,0.0,2.08,1.04,0.0,0.0,4.16,,0,,,,1252,Low,Monitor,No immediate action required.,To Do,Commercial,-,Low
2005349.0,The Aree Grand Apartment,0.2924852869359988,0.3102420737178511,0.29939693007041074,0.5052601467247001,10.0,2.0,23.77,Nakhonratchasima,LT,Lower Isan - Central,Mapped,Null,3598.0,,0.05557059127,0.0,50.0,10.03,5.015,100.0,0.0,0.06,,50,,,,1253,Low,Monitor,No immediate action required.,To Do,Commercial,-,Low
2006014.0,Jasaen Hotel,0.3339355601381494,0.3436274070180362,0.3387814835780928,0.5021508412405479,5.0,23.0,25.08,Bangkok,LT,BKK - Metro - Chon,,,,,,,,,,,,,,0,,,,1254,Low,Monitor,No immediate action required.,To Do,Commercial,-,Low
2006147.0,26 Bed And Coffee,0.2957447572178148,0.3369181361841217,0.32074541671131623,0.5227011764582757,35.0,1.0,28.98,Bangsaen,LT,BKK - Metro - Chon,Null,Not Mapped,4766.0,,0.07361236524,0.0,0.0,0.04,0.02,0.0,0.0,0.07,,0,,,,1255,Low,Expand to Ctrip,Expand distribution to increase room nights.,To Do,Market Manager,72 Hours,Medium
2006265.0,Phukebphun Resort,0.2807570808648709,0.3135744880102012,0.3046800338229687,0.5061416372213023,4.0,6.0,22.3,Sukhothai,LT,North,Not mapped,Not Mapped,20488.0,,0.3164177714,0.0,0.0,0.16,0.08,0.0,0.0,0.32,,0,,,,1256,Low,Expand to Ctrip,Expand distribution to increase room nights.,To Do,Market Manager,72 Hours,Medium
2006319.0,Rain Tree Khao Yai Hotel,0.3510548547062432,0.4254604524062644,0.37854320057979,0.4980700284883733,60.0,23.0,36.16,Khaoyai,LT,Lower Isan - Central,,,,,,,,,,,,,,0,,,,1257,Low,Monitor,No immediate action required.,To Do,Commercial,-,Low
2006962.0,Tetris Hotel,0.3268204579775219,0.4124038533381382,0.3645473327273362,0.5080347137449764,48.0,14.0,32.82,Krabi,LT,Upper South,Mapped,Null,7054.0,,0.10894656,0.0,50.0,10.05,5.025,100.0,0.0,0.11,,50,,,,1258,Low,Monitor,No immediate action required.,To Do,Commercial,-,Low
2007012.0,Sleeping Well Hostel Chiang Khong,0.3117599829858918,0.3215700470207719,0.3182682529486361,0.5135394761863784,16.0,2.0,25.85,Chiang Rai,LT,North,Null,Mapped,33645.0,,0.5196185037,0.0,50.0,10.26,5.13,0.0,100.0,0.52,,50,,,,1259,Low,Monitor,No immediate action required.,To Do,Commercial,-,Low
2007503.0,Samranchaykhong Hotel,0.2890399892566302,0.3232180597884184,0.3078482493704563,0.5162912390200661,23.0,1.0,26.3,Mukdahan,LT,Lower Isan - Central,No Room,Not Live,20767.0,,0.3207344286,0.0,55.0,11.16,5.58,70.0,40.0,0.32,,0,,,,1260,Low,Request Inventory,Demand exists but inventory is unavailable.,To Do,Hotel Partner,48 Hours,Medium
2007611.0,Grandsiri Resort Khaoyai,0.3008805857777263,0.3239604028311004,0.3066859986141702,0.5032889121328529,17.0,3.0,25.43,Khaoyai,LT,Lower Isan - Central,Mapped,Not Live,7652.0,,0.1181842065,0.0,70.0,14.06,7.03,100.0,40.0,0.12,,50,,,,1261,Low,Monitor,No immediate action required.,To Do,Commercial,-,Low
2007711.0,Eve Ka Amp Resort (Room on Request),0.2801484471147182,0.3974101312860212,0.3335673701107804,0.5070749709207601,10.0,4.0,23.38,Phitsanulok,LT,North,Null,Not Mapped,24408.0,,0.3769546034,0.0,0.0,0.19,0.095,0.0,0.0,0.38,,0,,,,1262,Low,Expand to Ctrip,Expand distribution to increase room nights.,To Do,Market Manager,72 Hours,Medium
2008050.0,41Studio  Nakhon Phanom,0.3427901134096136,0.3928940013200145,0.3587876079397623,0.5060580879634196,19.0,16.0,27.96,,,,,,,,,,,,,,,,,0,,,,1263,Low,Monitor,No immediate action required.,To Do,Commercial,-,Low
2008958.0,The Habita Hatyai,0.4003700764354904,0.4173102611230062,0.4093900173485018,0.4995541615890098,24.0,38.0,31.78,Hatyai,LT,Lower South - West,Mapped,Not Live,72732.0,,1.123285181,0.0,70.0,14.56,7.28,100.0,40.0,1.12,,50,,,,1264,Low,Monitor,No immediate action required.,To Do,Commercial,-,Low
2009838.0,Tawanchay Hotel Phatthalung,0.3313258038070749,0.339330320649384,0.3332931572167695,0.5052674732838879,23.0,5.0,27.9,Phatthalung,LT,Lower South - West,Mapped,Not Live,16447.0,,0.2540064753,0.0,70.0,14.13,7.065,100.0,40.0,0.25,,50,,,,1265,Low,Monitor,No immediate action required.,To Do,Commercial,-,Low
2009950.0,Suntria Hotel Pattaya,0.3793611783125822,0.3892512080458101,0.38413941326338147,0.5067890664795056,54.0,26.0,36.42,Pattaya,LT,BKK - Metro - Chon,,,,,,,,,,,,,,0,,,,1266,Low,Monitor,No immediate action required.,To Do,Commercial,-,Low
2010997.0,The Nest Hotel Korat,0.2619026309023506,0.29091370861419,0.28464450872347447,0.5058835741258483,2.0,3.0,21.07,Nakhonratchasima,LT,Lower Isan - Central,Mapped,Not Mapped,37789.0,,0.5836179281,0.0,50.0,10.29,5.145,100.0,0.0,0.58,,50,,,,1267,Low,Expand to Ctrip,Expand distribution to increase room nights.,To Do,Market Manager,72 Hours,Medium
2012253.0,Your Place Apartment Prachaup,0.2634383179685312,0.342804284255207,0.3059712801048046,0.5002656742703494,30.0,3.0,26.35,Prachuapkhirikhan,KA,Lower South - West,Mapped,Mapped,268153.0,,4.141405592,0.0,100.0,22.07,11.035,100.0,100.0,4.14,,100,,,,1268,Low,Monitor,No immediate action required.,To Do,Commercial,-,Low
2012323.0,Happy Room-Stadium Chiangrai,0.345114170415438,0.3613381413405938,0.3335564677947643,0.5050872063046336,3.0,6.0,24.67,Chiang Rai,KA,North,,,,,,,,,,,,,,0,,,,1269,Low,Monitor,No immediate action required.,To Do,Commercial,-,Low
2012379.0,Tipviman Resort,0.2743858365305732,0.2850109882071414,0.28264198513875416,0.5065942967257557,2.0,2.0,21.55,Amphawa,LT,Lower South - West,Mapped,Null,13495.0,,0.2084252003,0.0,50.0,10.1,5.05,100.0,0.0,0.21,,50,,,,1270,Low,Monitor,No immediate action required.,To Do,Commercial,-,Low
2012485.0,The Bed By Boonjira,0.2819619503900178,0.3307666178034595,0.3176735255317425,0.506675611708559,11.0,5.0,23.66,Chonburi,KA,BKK - Metro - Chon,Mapped,Not Mapped,119722.0,,1.849004222,0.0,50.0,10.92,5.46,100.0,0.0,1.85,,50,,,,1271,Low,Expand to Ctrip,Expand distribution to increase room nights.,To Do,Market Manager,72 Hours,Medium
4267030.0,Lullaby Boutique Resort,0.3362185772830223,0.3414908638706452,0.33892714955254255,0.5064175486131048,33.0,4.0,29.99,Prachuapkhirikhan,LT,Lower South - West,Mapped,Null,9899.0,,0.1528836442,0.0,50.0,10.08,5.04,100.0,0.0,0.15,,50,,,,1272,Low,Monitor,No immediate action required.,To Do,Commercial,-,Low
4528906.0,Blue Lagoon Hotel,0.3436644198799026,0.4106343230090753,0.3566296021506848,0.4982072730079419,53.0,13.0,34.22,Chiang Rai,LT,North,,,,,,,,,,,,,,0,,,,1273,Low,Monitor,No immediate action required.,To Do,Commercial,-,Low
4536452.0,New Home Nakhon Chai Si,0.2874371443199814,0.3275655366028434,0.3151657511918046,0.5130855491467685,19.0,2.0,25.44,Nakhon Pathom,KA,BKK - Metro - Chon,Not live,Not Mapped,126228.0,,1.949492142,0.0,20.0,4.97,2.485,40.0,0.0,1.95,,0,,,,1274,Low,Expand to Ctrip,Expand distribution to increase room nights.,To Do,Market Manager,72 Hours,Medium
4543016.0,Baan Suan Tarn Resort Chumsang,0.2658145605019503,0.2877319748429565,0.28343997896912276,0.5050181593371876,5.0,1.0,21.72,Nakhon Sawan,LT,North,Null,Mapped,35794.0,,0.5528176906,0.0,50.0,10.28,5.14,0.0,100.0,0.55,,50,,,,1275,Low,Monitor,No immediate action required.,To Do,Commercial,-,Low
4543095.0,On Ing Resort Thungsaliam,0.2734859563081785,0.2946021193841764,0.28450446269438007,0.5047945362809665,4.0,2.0,21.86,Sukhothai,KA,North,Null,Not Mapped,107901.0,,1.666444062,0.0,0.0,0.83,0.415,0.0,0.0,1.67,,0,,,,1276,Low,Expand to Ctrip,Expand distribution to increase room nights.,To Do,Market Manager,72 Hours,Medium
4543108.0,iSanook Hua Hin Resort and Suites,0.3240564914895339,0.3295625072051236,0.3244544583801004,0.5071279010222431,4.0,13.0,24.28,Hua Hin,LT,Lower South - West,Mapped,Mapped,127585.0,,1.970450401,0.0,100.0,20.99,10.495,100.0,100.0,1.97,,100,,,,1277,Low,Monitor,No immediate action required.,To Do,Commercial,-,Low
4543144.0,Jong Kham View Hotel,0.2668570688737878,0.28155125186817,0.2797859078269722,0.5071031760808625,3.0,1.0,21.42,Mae Hong Son,LT,North,Not mapped,Not Mapped,50112.0,,0.7739405042,0.0,0.0,0.39,0.195,0.0,0.0,0.77,,0,,,,1278,Low,Expand to Ctrip,Expand distribution to increase room nights.,To Do,Market Manager,72 Hours,Medium
4606571.0,Sukai Riverview,0.2735840258333344,0.2877319748429565,0.2837364871388511,0.5049906753312782,5.0,1.0,22.03,Phra Nakhon Si Ayutthaya,LT,Lower Isan - Central,Null,Mapped,79305.0,,1.224798751,0.0,50.0,10.61,5.305,0.0,100.0,1.22,,50,,,,1279,Low,Monitor,No immediate action required.,To Do,Commercial,-,Low
4618188.0,P Paradise Hotel,0.305130448911706,0.3389353053873379,0.32498088708845646,0.5259061451773805,38.0,1.0,29.99,Kamphaeng Phet,LT,North,Null,Null,41105.0,,0.6348290816,0.0,0.0,0.32,0.16,0.0,0.0,0.63,,0,,,,1280,Low,Monitor,No immediate action required.,To Do,Commercial,-,Low
4717274.0,Garden House Resort Suratthani,0.337548569692278,0.4421849661129968,0.30573102296580573,0.4847546476039423,25.0,31.0,28.94,Surat Thani,KA,Upper South,Mapped,Not Mapped,137816.0,,2.128457353,0.0,50.0,11.06,5.53,100.0,0.0,2.13,,50,,,,1281,Low,Expand to Ctrip,Expand distribution to increase room nights.,To Do,Market Manager,72 Hours,Medium
4757218.0,Shanya Guesthouse,0.2898713584761432,0.2914210801514246,0.28899370091703935,0.5069280132121322,2.0,3.0,22.21,Nakhon Sawan,LT,North,Mapped,Not Mapped,43132.0,,0.6661349626,0.0,50.0,10.33,5.165,100.0,0.0,0.67,,50,,,,1282,Low,Expand to Ctrip,Expand distribution to increase room nights.,To Do,Market Manager,72 Hours,Medium
4795618.0,Centerplace Angthong,0.266643286687636,0.266643286687636,0.266643286687636,0.506675611708559,1.0,1.0,21.02,Ang Thong,KA,Lower Isan - Central,Not mapped,Mapped,116783.0,,1.803623877,0.0,50.0,10.9,5.45,0.0,100.0,1.8,,50,,,,1283,Low,Monitor,No immediate action required.,To Do,Commercial,-,Low
4846863.0,TN Place Somdet,0.2799487675086177,0.2848560940710251,0.2821318525447348,0.506675611708559,4.0,1.0,22.12,Kalasin,LT,Upper Isan - East,Null,Not Live,48051.0,,0.7421021068,0.0,20.0,4.37,2.185,0.0,40.0,0.74,,0,,,,1284,Low,Monitor,No immediate action required.,To Do,Commercial,-,Low
4857588.0,Finale Resident Na Mon,0.266643286687636,0.2745981286786177,0.2679690936861329,0.506675611708559,2.0,1.0,21.21,Kalasin,LT,Upper Isan - East,Null,Not Live,5234.0,,0.08082944549,0.0,20.0,4.04,2.02,0.0,40.0,0.08,,0,,,,1285,Low,Monitor,No immediate action required.,To Do,Commercial,-,Low
4857589.0,Phupha Resort 304,0.2744264940219748,0.2800822210663292,0.2752344550283111,0.506675611708559,3.0,1.0,21.71,Prachin Buri,LT,Upper Isan - East,Null,Not Mapped,44815.0,,0.6921325135,0.0,0.0,0.35,0.175,0.0,0.0,0.69,,0,,,,1286,Low,Expand to Ctrip,Expand distribution to increase room nights.,To Do,Market Manager,72 Hours,Medium
4857651.0,Plainam Resort,0.2660815477455787,0.2799487675086177,0.27601790321925884,0.5055521338244443,3.0,1.0,21.36,Pranburi,LT,Lower South - West,Null,Not Mapped,4505.0,,0.06957123274,0.0,0.0,0.03,0.015,0.0,0.0,0.07,,0,,,,1287,Low,Expand to Ctrip,Expand distribution to increase room nights.,To Do,Market Manager,72 Hours,Medium
4857763.0,Sapvilai Hotel Phayakkhaphum Phisai,0.2874371443199814,0.3324093683958998,0.3195568261505608,0.5130855491467685,18.0,3.0,25.28,Maha Sarakham,LT,Upper Isan - East,Not mapped,Mapped,50484.0,,0.7796896121,0.0,50.0,10.39,5.195,0.0,100.0,0.78,,50,,,,1288,Low,Monitor,No immediate action required.,To Do,Commercial,-,Low
4861280.0,AK Terrace Hotel,0.3041940755850614,0.3558905225963042,0.3065922417484017,0.5060990678283092,36.0,8.0,29.4,Saraburi,LT,Lower Isan - Central,,,,,,,,,,,,,,0,,,,1289,Low,Monitor,No immediate action required.,To Do,Commercial,-,Low
4880658.0,Maingam Resort Uthaitani,,,,,2.0,3.0,,Uthai Thani,LT,North,Null,Null,59205.0,,0.9143700903,0.0,0.0,0.46,0.23,0.0,0.0,0.91,,0,,,,1290,Low,Monitor,No immediate action required.,To Do,Commercial,-,Low
4883673.0,Bansuankhwan Resort Banmuang,0.2738647550799175,0.2842321756008766,0.28187329232689623,0.5055521338244443,4.0,1.0,21.86,Sakon Nakhon,KA,Upper Isan - East,Not mapped,Not Live,339889.0,,5.249312045,0.0,20.0,6.62,3.31,0.0,40.0,5.25,,0,,,,1291,Low,Monitor,No immediate action required.,To Do,Commercial,-,Low
4883785.0,The Square 101,0.3530214514685501,0.4287688960620066,0.39970121174245327,0.4950106324662587,105.0,22.0,44.72,Bangkok,LT,BKK - Metro - Chon,Mapped,Not Live,13850.0,,0.2138949224,0.0,70.0,14.11,7.055,100.0,40.0,0.21,,50,,,,1292,Low,Monitor,No immediate action required.,To Do,Commercial,-,Low
4883889.0,Baan Suklutai Apartment Pakchong,0.2744740101089833,0.3197980933055426,0.3045272929097225,0.506770643882576,20.0,1.0,24.96,Khaoyai,LT,Lower Isan - Central,Not mapped,Not Mapped,24124.0,,0.3725815748,0.0,0.0,0.19,0.095,0.0,0.0,0.37,,0,,,,1293,Low,Expand to Ctrip,Expand distribution to increase room nights.,To Do,Market Manager,72 Hours,Medium
4883906.0,7 Si Resort Takhli,0.2810272068817718,0.2868809328056581,0.2825078175435452,0.5002656742703494,6.0,1.0,22.42,Nakhon Sawan,LT,North,Null,Not Mapped,6869.0,,0.106088763,0.0,0.0,0.05,0.025,0.0,0.0,0.11,,0,,,,1294,Low,Expand to Ctrip,Expand distribution to increase room nights.,To Do,Market Manager,72 Hours,Medium
4884213.0,Benjaphorn Grandview Hotel,0.3495161693314777,0.4327618584015577,0.3986327887402715,0.5012016628492563,18.0,34.0,28.51,Songkhla,LT,Lower South - West,Mapped,Mapped,67894.0,,1.048576277,0.0,100.0,20.52,10.26,100.0,100.0,1.05,,100,,,,1295,Low,Monitor,No immediate action required.,To Do,Commercial,-,Low
4884391.0,Baankoonmae Boulevard Hotel  Kuchinarai,0.3070743815767972,0.322989923024686,0.3162042268507576,0.5061962418501568,1.0,24.0,23.35,,,,,,,,,,,,,,,,,0,,,,1296,Low,Monitor,No immediate action required.,To Do,Commercial,-,Low
4884536.0,La Reina Maroc Hotel,0.2618978483152697,0.2889096113356693,0.28215667058056937,0.5058740089516863,3.0,2.0,21.23,Khaoyai,LT,Lower Isan - Central,Mapped,Mapped,16486.0,,0.2546126606,0.0,100.0,20.13,10.065,100.0,100.0,0.25,,100,,,,1297,Low,Monitor,No immediate action required.,To Do,Commercial,-,Low
4884641.0,Suksamraan Village Sakeo,0.2738647550799175,0.2842321756008766,0.28130125395211203,0.5055521338244443,4.0,1.0,21.86,Sa Kaeo,LT,Upper Isan - East,Null,Mapped,35215.0,,0.5438679242,0.0,50.0,10.27,5.135,0.0,100.0,0.54,,50,,,,1298,Low,Monitor,No immediate action required.,To Do,Commercial,-,Low
4884785.0,Relax Resort Banphotpisai,0.3593225445902347,0.4043510848961718,0.3886009850522125,0.5047679139375584,21.0,8.0,28.72,Nakhon Sawan,LT,North,Mapped,Mapped,83410.0,,1.288195542,0.0,100.0,20.64,10.32,100.0,100.0,1.29,,100,,,,1299,Low,Monitor,No immediate action required.,To Do,Commercial,-,Low
4885024.0,Leelawadee Resort Chae Hom,0.2592994134609512,0.3887923830971994,0.3082087070035396,0.5006771392430495,4.0,10.0,21.46,Lampang,LT,North,Not mapped,Mapped,4991.0,,0.07707665642,0.0,50.0,10.04,5.02,0.0,100.0,0.08,,50,,,,1300,Low,Monitor,No immediate action required.,To Do,Commercial,-,Low
4885269.0,Thacharoen Resort Phu Phan,0.2834870465475745,0.2838754911460032,0.2836042024622025,0.5068750291056552,2.0,2.0,21.92,Sakon Nakhon,LT,Upper Isan - East,Not mapped,Mapped,11000.0,,0.1698863316,0.0,50.0,10.08,5.04,0.0,100.0,0.17,,50,,,,1301,Low,Monitor,No immediate action required.,To Do,Commercial,-,Low
4887264.0,Kantima Resort Nongkhai,0.2696186803662212,0.3339585962026911,0.31746970693137416,0.4970599843970517,5.0,1.0,21.71,Nong Khai,KA,Upper Isan - East,No Room,Mapped,130374.0,,2.013524308,0.0,85.0,18.01,9.005,70.0,100.0,2.01,,50,,,,1302,Low,Request Inventory,Demand exists but inventory is unavailable.,To Do,Hotel Partner,48 Hours,Medium
4896859.0,Hua Dum Resort Laplae,0.2744264940219748,0.2744264940219748,0.2744264940219748,0.506675611708559,2.0,1.0,21.52,Uttaradit,LT,North,Null,Not Live,54346.0,,0.8393311432,0.0,20.0,4.42,2.21,0.0,40.0,0.84,,0,,,,1303,Low,Monitor,No immediate action required.,To Do,Commercial,-,Low
4896866.0,The Beaf Bueng Sam Phan,0.2734502116985264,0.2906910129397803,0.28246310867798025,0.5047230470616622,6.0,1.0,22.21,Phetchabun,KA,North,Not mapped,Not Mapped,160380.0,,2.476935456,0.0,0.0,1.24,0.62,0.0,0.0,2.48,,0,,,,1304,Low,Expand to Ctrip,Expand distribution to increase room nights.,To Do,Market Manager,72 Hours,Medium
4896894.0,Sumeri Mansion,0.2533378058666544,0.2671604743628973,0.2611980291882491,0.506675611708559,1.0,1.0,20.49,Nakhon Sawan,LT,North,Null,Mapped,27860.0,,0.4302715753,0.0,50.0,10.22,5.11,0.0,100.0,0.43,,50,,,,1305,Low,Monitor,No immediate action required.,To Do,Commercial,-,Low
4896923.0,Terra Villa Resort,0.2842321756008766,0.3182662418359024,0.3046023378664458,0.506675611708559,20.0,1.0,25.34,Nakhonratchasima,KA,Lower Isan - Central,Mapped,Not Mapped,147185.0,,2.273154639,0.0,50.0,11.14,5.57,100.0,0.0,2.27,,50,,,,1306,Low,Expand to Ctrip,Expand distribution to increase room nights.,To Do,Market Manager,72 Hours,Medium
4914116.0,Ing Loei Place,0.3334414085274298,0.3492307843110829,0.31629125983206086,0.506675611708559,5.0,1.0,24.46,Loei,LT,Upper Isan - East,Null,Not Mapped,40519.0,,0.625778619,0.0,0.0,0.31,0.155,0.0,0.0,0.63,,0,,,,1307,Low,Expand to Ctrip,Expand distribution to increase room nights.,To Do,Market Manager,72 Hours,Medium
4915536.0,Toffyhome Petchaboon,0.4546830925536363,0.4737887705157412,0.4295245728409391,0.5052159479395085,35.0,35.0,36.06,Phetchabun,KA,North,Mapped,Mapped,168543.0,,2.603010264,0.0,100.0,21.3,10.65,100.0,100.0,2.6,,100,,,,1308,Low,Monitor,No immediate action required.,To Do,Commercial,-,Low
4915555.0,C-House,0.2738647550799175,0.2842321756008766,0.28130125395211203,0.5055521338244443,4.0,1.0,21.86,Rayong,LT,Upper Isan - East,Null,Mapped,24972.0,,0.3856725522,0.0,50.0,10.19,5.095,0.0,100.0,0.39,,50,,,,1309,Low,Monitor,No immediate action required.,To Do,Commercial,-,Low
4915558.0,Tonmaiyai Resort Khon Buri,0.3408634876079551,0.4000035233754556,0.3484367801692247,0.5035980822155063,5.0,4.0,24.79,Nakhonratchasima,KA,Lower Isan - Central,Not mapped,Mapped,168869.0,,2.608052954,0.0,50.0,11.3,5.65,0.0,100.0,2.61,,50,,,,1310,Low,Monitor,No immediate action required.,To Do,Commercial,-,Low
4915572.0,Phuwarin Hotel Fak Tha,0.2753371432710593,0.2889096113356693,0.28560143146365796,0.5061416372213023,4.0,2.0,21.96,Uttaradit,LT,North,Null,Mapped,48000.0,,0.7413226375,0.0,50.0,10.37,5.185,0.0,100.0,0.74,,50,,,,1311,Low,Monitor,No immediate action required.,To Do,Commercial,-,Low
4915578.0,Thatsana Resort Non Sung,0.2653708580045776,0.3001400100638086,0.2922309702096974,0.5041307543424421,8.0,2.0,22.28,Nakhonratchasima,LT,Lower Isan - Central,Null,Mapped,7850.0,,0.1212446316,0.0,50.0,10.06,5.03,0.0,100.0,0.12,,50,,,,1312,Low,Monitor,No immediate action required.,To Do,Commercial,-,Low
4915639.0,Baansuan Resort Khaek&Kwan Chatturat,0.3123527203721093,0.3262821196632395,0.3173106645944223,0.506675611708559,1.0,1.0,22.85,Chaiyaphum,LT,Upper Isan - East,Not mapped,Null,48290.0,,0.7457969801,0.0,0.0,0.37,0.185,0.0,0.0,0.75,,0,,,,1313,Low,Monitor,No immediate action required.,To Do,Commercial,-,Low
4918038.0,M Resort Songkhla,0.3396917015004648,0.3491506833114684,0.34654271011884014,0.5061764646817009,40.0,5.0,31.49,Songkhla,LT,Lower South - West,Mapped,Not Mapped,10532.0,,0.1626548882,0.0,50.0,10.08,5.04,100.0,0.0,0.16,,50,,,,1314,Low,Expand to Ctrip,Expand distribution to increase room nights.,To Do,Market Manager,72 Hours,Medium
4918048.0,Loei Buri Hotel,0.3650416814363562,0.3922858134240988,0.3819726028534392,0.5056096872691994,18.0,3.0,28.24,Loei,LT,Upper Isan - East,,,,,,,,,,,,,,0,,,,1315,Low,Monitor,No immediate action required.,To Do,Commercial,-,Low
4918088.0,Rommai Resort Lopburi,0.273376784174714,0.3009599392595065,0.2872480948979665,0.5045761920140375,4.0,3.0,21.88,Lop Buri,LT,Lower Isan - Central,Not mapped,Not Mapped,100626.0,,1.554093752,0.0,0.0,0.78,0.39,0.0,0.0,1.55,,0,,,,1316,Low,Expand to Ctrip,Expand distribution to increase room nights.,To Do,Market Manager,72 Hours,Medium
4918141.0,Rinchalee Resort,0.3455797815943702,0.3921450056755911,0.3608560646845932,0.5043413962004765,18.0,4.0,27.46,Suphan Buri,KA,Lower Isan - Central,Not mapped,Not Mapped,415514.0,,6.41728876,0.0,0.0,3.21,1.605,0.0,0.0,6.42,,0,,,,1317,Low,Expand to Ctrip,Expand distribution to increase room nights.,To Do,Market Manager,72 Hours,Medium
4920314.0,Saranya Resort Nongkhai,0.2804294568101926,0.28155125186817,0.2808013318926597,0.5076369903117088,3.0,1.0,21.97,Nong Khai,KA,Upper Isan - East,Not mapped,Not Mapped,295826.0,,4.568792343,0.0,0.0,2.28,1.14,0.0,0.0,4.57,,0,,,,1318,Low,Expand to Ctrip,Expand distribution to increase room nights.,To Do,Market Manager,72 Hours,Medium
4920335.0,Green House Resort Bungkan,0.2637046480038517,0.3123527203721093,0.28408435122955183,0.5007983343409904,3.0,1.0,21.17,Bungkan,LT,Upper Isan - East,Not mapped,Not Mapped,38411.0,,0.5932297878,0.0,0.0,0.3,0.15,0.0,0.0,0.59,,0,,,,1319,Low,Expand to Ctrip,Expand distribution to increase room nights.,To Do,Market Manager,72 Hours,Medium
4920377.0,Nan Country Home Wiang Sa,0.3283293007352299,0.3296968981588711,0.32882446934635384,0.5079914450300366,0.0,3.0,23.39,Nan,KA,North,Not mapped,Null,173908.0,,2.685864446,0.0,0.0,1.34,0.67,0.0,0.0,2.69,,0,,,,1320,Low,Monitor,No immediate action required.,To Do,Commercial,-,Low
4920382.0,DD House Rattanaburi,0.2744264940219748,0.2744264940219748,0.2744264940219748,0.506675611708559,2.0,1.0,21.52,Surin,LT,Lower Isan - Central,Null,Null,13215.0,,0.2040944889,0.0,0.0,0.1,0.05,0.0,0.0,0.2,,0,,,,1321,Low,Monitor,No immediate action required.,To Do,Commercial,-,Low
4920399.0,Maeprik Valley Resort Mae Suai,0.3334414085274298,0.3334414085274298,0.3334414085274298,0.506675611708559,2.0,1.0,23.88,Chiang Rai,KA,North,Not mapped,Not Mapped,109710.0,,1.69438712,0.0,0.0,0.85,0.425,0.0,0.0,1.69,,0,,,,1322,Low,Expand to Ctrip,Expand distribution to increase room nights.,To Do,Market Manager,72 Hours,Medium
4920401.0,Hill Hug Home Resort,0.266643286687636,0.2877319748429565,0.27554576129544434,0.506675611708559,5.0,1.0,21.78,Nakhon Sawan,LT,North,Not mapped,Null,31972.0,,0.4937828081,0.0,0.0,0.25,0.125,0.0,0.0,0.49,,0,,,,1323,Low,Monitor,No immediate action required.,To Do,Commercial,-,Low
4920442.0,Plaifah Greenview Resort Dankhunthod,0.2728240096624224,0.3733879707943034,0.2951938487493959,0.5034706429894542,6.0,4.0,22.25,Nakhonratchasima,KA,Lower Isan - Central,Not mapped,Not Mapped,303366.0,,4.685246026,0.0,0.0,2.34,1.17,0.0,0.0,4.69,,0,,,,1324,Low,Expand to Ctrip,Expand distribution to increase room nights.,To Do,Market Manager,72 Hours,Medium
4920510.0,Prasat Resort,0.3334414085274298,0.3448291121894634,0.32298308203592213,0.506675611708559,3.0,2.0,24.11,Surin,KA,Lower Isan - Central,Not mapped,Not Mapped,297809.0,,4.599430725,0.0,0.0,2.3,1.15,0.0,0.0,4.6,,0,,,,1325,Low,Expand to Ctrip,Expand distribution to increase room nights.,To Do,Market Manager,72 Hours,Medium
4920640.0,Sudarat House and Resort,0.251488526461606,0.3334414085274298,0.29159051258979607,0.5029770528984623,7.0,1.0,21.48,Saraburi,KA,Lower Isan - Central,Not mapped,Not Mapped,297009.0,,4.587065935,0.0,0.0,2.29,1.145,0.0,0.0,4.59,,0,,,,1326,Low,Expand to Ctrip,Expand distribution to increase room nights.,To Do,Market Manager,72 Hours,Medium
4920674.0,MJ Hotel Chonburi,0.2742930404642632,0.2799487675086177,0.27914080650228135,0.5064087045931358,3.0,1.0,21.7,Chonburi,KA,BKK - Metro - Chon,Not mapped,Not Mapped,175010.0,,2.702891844,0.0,0.0,1.35,0.675,0.0,0.0,2.7,,0,,,,1327,Low,Expand to Ctrip,Expand distribution to increase room nights.,To Do,Market Manager,72 Hours,Medium
4920710.0,Haksabai Hotel Chiangrai,,,,,,,,Chiang Rai,LT,North,Mapped,Mapped,189153.0,7.0,2.921324122,0.2357696194,100.0,21.53,10.765,100.0,100.0,2.92,0.24,100,,,,1328,Low,Monitor,No immediate action required.,To Do,Commercial,-,Low
4920748.0,Bed Bar Resort Tak,0.2789722447270516,0.2834675118872809,0.2697465729890698,0.5047225661454269,4.0,1.0,22.05,Tak,KA,North,Not mapped,Null,241458.0,,3.729128377,0.0,0.0,1.86,0.93,0.0,0.0,3.73,,0,,,,1329,Low,Monitor,No immediate action required.,To Do,Commercial,-,Low
4920756.0,B-Live Hotel & Apartment,0.2760289783815272,0.3668049647647412,0.31252193753683905,0.5098805804276637,8.0,2.0,22.83,Bangkok,KA,BKK - Metro - Chon,Not mapped,Not Mapped,97514.0,,1.506029356,0.0,0.0,0.75,0.375,0.0,0.0,1.51,,0,,,,1330,Low,Expand to Ctrip,Expand distribution to increase room nights.,To Do,Market Manager,72 Hours,Medium
4920769.0,Green Village Resort Hotel,0.3114273669880291,0.3569651672989919,0.33293170175810505,0.5048249049403986,4.0,2.0,23.38,Chaiyaphum,LT,Upper Isan - East,Not mapped,Not Mapped,43695.0,,0.6748411738,0.0,0.0,0.34,0.17,0.0,0.0,0.67,,0,,,,1331,Low,Expand to Ctrip,Expand distribution to increase room nights.,To Do,Market Manager,72 Hours,Medium
4920782.0,Ta Pluk Kao Yai Tum Suan,0.266643286687636,0.266643286687636,0.266643286687636,0.506675611708559,1.0,1.0,21.02,Chiang Mai,LT,North,Null,Null,23178.0,,0.3579582227,0.0,0.0,0.18,0.09,0.0,0.0,0.36,,0,,,,1332,Low,Monitor,No immediate action required.,To Do,Commercial,-,Low
4920785.0,The Rock In Love Resort Pang Mapha,0.2739686012836896,0.2842321756008766,0.27765689682008493,0.5057598262319887,4.0,1.0,21.87,Mae Hong Son,LT,North,Null,Null,88485.0,,1.366579397,0.0,0.0,0.68,0.34,0.0,0.0,1.37,,0,,,,1333,Low,Monitor,No immediate action required.,To Do,Commercial,-,Low
4920791.0,Suan Palm Resort Thap Kung (Room on Request),0.2744264940219748,0.2744264940219748,0.2744264940219748,0.506675611708559,2.0,1.0,21.52,,,,,,,,,,,,,,,,,0,,,,1334,Low,Monitor,No immediate action required.,To Do,Commercial,-,Low
4920802.0,Yuu sabai Resort Tha Khan To,0.266643286687636,0.266643286687636,0.266643286687636,0.506675611708559,1.0,1.0,21.02,Kalasin,LT,Upper Isan - East,Null,Not Mapped,12108.0,,0.1870051594,0.0,0.0,0.09,0.045,0.0,0.0,0.19,,0,,,,1335,Low,Expand to Ctrip,Expand distribution to increase room nights.,To Do,Market Manager,72 Hours,Medium
4920803.0,Kanthong Resort,0.2734650755216626,0.2842321756008766,0.2790089770274457,0.5047527747079347,4.0,1.0,21.83,Khon Kaen,LT,Upper Isan - East,Not mapped,Null,99346.0,,1.534317747,0.0,0.0,0.77,0.385,0.0,0.0,1.53,,0,,,,1336,Low,Monitor,No immediate action required.,To Do,Commercial,-,Low
4920826.0,"Double J Hotel Chiang Mai (Free Baked Rice with Chinese Sausage, snacks and coffee)",0.37147656201987,0.4280140017242464,0.3734779758744679,0.4982302904685138,23.0,20.0,29.84,Chiang Mai,KA,North,,,,,,,,,,,,,,0,,,,1337,Low,Monitor,No immediate action required.,To Do,Commercial,-,Low
4920899.0,Kranuan Poshtel,0.2744264940219748,0.2946021193841764,0.2878128810403608,0.506675611708559,4.0,2.0,21.94,Khon Kaen,LT,Upper Isan - East,Not mapped,Not Mapped,77874.0,,1.202702099,0.0,0.0,0.6,0.3,0.0,0.0,1.2,,0,,,,1338,Low,Expand to Ctrip,Expand distribution to increase room nights.,To Do,Market Manager,72 Hours,Medium
4920911.0,Moose Hotel Nimman,0.2914596402978961,0.3460694977487447,0.3161159661003762,0.4719535663077974,52.0,1.0,31.03,Chiang Mai,LT,North,Mapped,Null,131954.0,,2.037928634,0.0,50.0,11.02,5.51,100.0,0.0,2.04,,50,,,,1339,Low,Monitor,No immediate action required.,To Do,Commercial,-,Low
4920942.0,Nada Residence,0.2663762994440077,0.2799487675086177,0.2762047824633609,0.5061416372213023,3.0,1.0,21.38,Roi Et,KA,Lower Isan - Central,Not mapped,Not Mapped,194392.0,,3.002235113,0.0,0.0,1.5,0.75,0.0,0.0,3.0,,0,,,,1340,Low,Expand to Ctrip,Expand distribution to increase room nights.,To Do,Market Manager,72 Hours,Medium
4920981.0,Waewwaw Garden Resort,0.2783321986177445,0.3508863826608894,0.2968528991491046,0.5034424739268126,6.0,4.0,22.47,Si Sa Ket,LT,Lower Isan - Central,Not mapped,Not Mapped,51589.0,,0.7967495976,0.0,0.0,0.4,0.2,0.0,0.0,0.8,,0,,,,1341,Low,Expand to Ctrip,Expand distribution to increase room nights.,To Do,Market Manager,72 Hours,Medium
4921072.0,The Bedrooms Boutique Hotel Bangkok,0.4130268394254494,0.4326598370636724,0.408065064933828,0.5003973209435643,53.0,57.0,38.42,Bangkok,LT,BKK - Metro - Chon,Mapped,Null,3748.0,,0.0578796554,0.0,50.0,10.03,5.015,100.0,0.0,0.06,,50,,,,1342,Low,Monitor,No immediate action required.,To Do,Commercial,-,Low
4921083.0,Kanrawee Place Lampang,0.2847128649024515,0.285834659960429,0.2850847399849187,0.5076369903117088,4.0,1.0,22.33,Lampang,LT,North,Not mapped,Not Mapped,17178.0,,0.2652940321,0.0,0.0,0.13,0.065,0.0,0.0,0.27,,0,,,,1343,Low,Expand to Ctrip,Expand distribution to increase room nights.,To Do,Market Manager,72 Hours,Medium
4921090.0,AT Apartment,0.4000102195778692,0.4189840403349679,0.398099501407419,0.5026740826111749,17.0,36.0,30.43,Hatyai,KA,Lower South - West,,,,,,,,,,,,,,0,,,,1344,Low,Monitor,No immediate action required.,To Do,Commercial,-,Low
4921091.0,Google House Hotel Loeng Nok Tha Resort,,,,,,,,Yasothon,LT,Lower Isan - Central,Not mapped,Not Mapped,69203.0,30.0,1.06878441,1.010441226,0.0,0.84,11.185,0.0,0.0,1.07,1.01,0,,,,1345,Low,Expand to Ctrip,Expand distribution to increase room nights.,To Do,Market Manager,72 Hours,Medium
4921135.0,Chanapat Hotel,0.3834505603777862,0.4052356135299644,0.3884081941999503,0.4968482018524109,62.0,44.0,38.47,Chiang Mai,LT,North,Mapped,Mapped,77695.0,,1.199943763,0.0,100.0,20.6,10.3,100.0,100.0,1.2,,100,,,,1346,Low,Monitor,No immediate action required.,To Do,Commercial,-,Low
4921140.0,Mark and Minnie Bangsaphan Resort,0.2988006559288602,0.3183772751816252,0.29170649956725564,0.5000514110386399,10.0,6.0,24.05,Prachuapkhirikhan,KA,Lower South - West,Mapped,Not Mapped,239221.0,,3.694580447,0.0,50.0,11.85,5.925,100.0,0.0,3.69,,50,,,,1347,Low,Expand to Ctrip,Expand distribution to increase room nights.,To Do,Market Manager,72 Hours,Medium
4921246.0,Best Western Chatuchak,0.3031022815315153,0.3380814989971712,0.3223166894581185,0.5178048619278731,38.0,1.0,29.75,Bangkok,LT,BKK - Metro - Chon,Mapped,Null,71887.0,,1.110237293,0.0,50.0,10.56,5.28,100.0,0.0,1.11,,50,,,,1348,Low,Monitor,No immediate action required.,To Do,Commercial,-,Low
4921366.0,Pohsang Maeom Resort,0.266643286687636,0.266643286687636,0.266643286687636,0.506675611708559,1.0,1.0,21.02,Uttaradit,LT,North,Null,Null,8902.0,,0.137482676,0.0,0.0,0.07,0.035,0.0,0.0,0.14,,0,,,,1349,Low,Monitor,No immediate action required.,To Do,Commercial,-,Low
4921373.0,Good For You Resort Pak Khat,0.3135836979734205,0.4428209101066926,0.36905885535470534,0.491215879257078,8.0,19.0,24.49,Bungkan,KA,Upper Isan - East,Not mapped,Not Mapped,169701.0,,2.620892809,0.0,0.0,1.31,0.655,0.0,0.0,2.62,,0,,,,1350,Low,Expand to Ctrip,Expand distribution to increase room nights.,To Do,Market Manager,72 Hours,Medium
4921405.0,Chokchai Mansion Bang Bua Thong,0.2847766469752295,0.288346197830448,0.285603787546061,0.5077645544572648,5.0,1.0,22.53,Nonthaburi,LT,BKK - Metro - Chon,Null,Null,1933.0,,0.0298491829,0.0,0.0,0.01,0.005,0.0,0.0,0.03,,0,,,,1351,Low,Monitor,No immediate action required.,To Do,Commercial,-,Low
4921410.0,Ban Sansabai Nakhonchaisri,0.293895981658885,0.2964592170487041,0.2951775993537945,0.5130855491467685,7.0,1.0,23.38,Nakhon Pathom,KA,BKK - Metro - Chon,Null,Null,163966.0,,2.532331373,0.0,0.0,1.27,0.635,0.0,0.0,2.53,,0,,,,1352,Low,Monitor,No immediate action required.,To Do,Commercial,-,Low
4922299.0,Shinjo Grand Boutique,0.3908562317667514,0.3908562317667514,0.37565323514612053,0.5042680762491519,38.0,8.0,33.21,Khon Kaen,KA,Upper Isan - East,Mapped,Null,327356.0,,5.055756377,0.0,50.0,12.53,6.265,100.0,0.0,5.06,,50,,,,1353,Low,Monitor,No immediate action required.,To Do,Commercial,-,Low
4922553.0,One Budget Hotel Chiang Saen,0.406554953148515,0.4244824083176027,0.4181382226868929,0.5120101225230355,45.0,6.0,35.26,Chiang Rai,LT,North,Mapped,Not Mapped,154345.0,,2.383733806,0.0,50.0,11.19,5.595,100.0,0.0,2.38,,50,,,,1354,Low,Expand to Ctrip,Expand distribution to increase room nights.,To Do,Market Manager,72 Hours,Medium
4922557.0,Ramada by Wyndham Bangkok Sukhumvit 11,0.3774660876916866,0.3993250905303223,0.3909533650647139,0.5032748461687482,60.0,39.0,37.82,Bangkok,LT,BKK - Metro - Chon,,,,,,,,,,,,,,0,,,,1355,Low,Monitor,No immediate action required.,To Do,Commercial,-,Low
4922581.0,Montara Resort Korat,0.2728053797311284,0.2958681470217773,0.29150249533250927,0.5034333831268663,8.0,1.0,22.54,Nakhonratchasima,KA,Lower Isan - Central,Null,Null,117273.0,,1.811189687,0.0,0.0,0.91,0.455,0.0,0.0,1.81,,0,,,,1356,Low,Monitor,No immediate action required.,To Do,Commercial,-,Low
4922700.0,GO Hotel Ban Chang,0.3368375829092016,0.3640104372696183,0.3500717082289344,0.5194962077391709,12.0,3.0,26.24,,,,,,,,,,,,,,,,,0,,,,1357,Low,Monitor,No immediate action required.,To Do,Commercial,-,Low
4922703.0,GO Hotel Si Racha at Central Si Racha,0.4125077433623929,0.4127872434481205,0.39066892571081663,0.5049204597935957,40.0,110.0,37.69,,,,,,,,,,,,,,,,,0,,,,1358,Low,Monitor,No immediate action required.,To Do,Commercial,-,Low
4922724.0,GO Hotel Chonburi at Central Chonburi,0.4130081828100674,0.5102300074510628,0.350557332417091,0.487470600830633,45.0,101.0,38.03,,,,,,,,,,,,,,,,,0,,,,1359,Low,Monitor,No immediate action required.,To Do,Commercial,-,Low
4922756.0,Fin Rim Nan Homestay,0.3543887614362457,0.3543887614362457,0.348542613050289,0.5094538954459057,8.0,4.0,26.01,Phitsanulok,LT,North,Not mapped,Not Mapped,48135.0,,0.743402355,0.0,0.0,0.37,0.185,0.0,0.0,0.74,,0,,,,1360,Low,Expand to Ctrip,Expand distribution to increase room nights.,To Do,Market Manager,72 Hours,Medium
4924338.0,Get Sleep @Tha Sala,0.2905720713326217,0.3694451280423002,0.3218909010950832,0.506675611708559,30.0,1.0,27.5,Nakhon Si Thammarat,LT,Lower South - West,Mapped,Mapped,60031.0,,0.9271294805,0.0,100.0,20.46,10.23,100.0,100.0,0.93,,100,,,,1361,Low,Monitor,No immediate action required.,To Do,Commercial,-,Low
4932118.0,Bhumisiri Hill Resort Khaoyai,0.3012670307044577,0.3385880696434746,0.32317810592164214,0.5227011764582757,38.0,1.0,29.77,Khaoyai,LT,Lower Isan - Central,Mapped,Null,958.0,,0.01479462841,0.0,50.0,10.01,5.005,100.0,0.0,0.01,,50,,,,1362,Low,Monitor,No immediate action required.,To Do,Commercial,-,Low
4932360.0,IKKYU2 Angthong,0.3207082755621879,0.3683286023215476,0.30985210144429615,0.5054650344346128,14.0,3.0,25.7,Ang Thong,KA,Lower Isan - Central,Not live,Null,178702.0,,2.759914964,0.0,20.0,5.38,2.69,40.0,0.0,2.76,,0,,,,1363,Low,Monitor,No immediate action required.,To Do,Commercial,-,Low
4932854.0,HOMA Si Racha,0.3364608484044518,0.3379785272642041,0.3370495905138237,0.5057892157646939,34.0,3.0,30.15,Sriracha,LT,BKK - Metro - Chon,Mapped,Null,4850.0,,0.07489716923,0.0,50.0,10.04,5.02,100.0,0.0,0.07,,50,,,,1364,Low,Monitor,No immediate action required.,To Do,Commercial,-,Low
4933126.0,THE NINE PLACE Chaeng Sanit,0.3564735812291347,0.4858175066291167,0.4460041487857591,0.4959519591794157,31.0,26.0,30.9,Ubon Ratchathani,LT,Lower Isan - Central,Mapped,Null,213957.0,,3.304397722,0.0,50.0,11.65,5.825,100.0,0.0,3.3,,50,,,,1365,Low,Monitor,No immediate action required.,To Do,Commercial,-,Low
4933366.0,Ruen Khunlek Kansinee,0.3171200042344996,0.3321647826708323,0.32358152855624533,0.5032768846720584,20.0,4.0,26.69,Chonburi,LT,BKK - Metro - Chon,Not mapped,Null,84814.0,,1.309885239,0.0,0.0,0.65,0.325,0.0,0.0,1.31,,0,,,,1366,Low,Monitor,No immediate action required.,To Do,Commercial,-,Low
4934085.0,La Pino Hotel,0.3693671593361375,0.3766297809051583,0.3692638178851393,0.4978852745693651,0.0,16.0,25.24,Songkhla,LT,Lower South - West,Mapped,Null,68153.0,,1.052573857,0.0,50.0,10.53,5.265,100.0,0.0,1.05,,50,,,,1367,Low,Monitor,No immediate action required.,To Do,Commercial,-,Low
4935230.0,Banponginn Hotel,0.2744264940219748,0.2744264940219748,0.2744264940219748,0.506675611708559,2.0,1.0,21.52,Ratchaburi,KA,Lower South - West,Not mapped,Not Mapped,318149.0,,4.913553332,0.0,0.0,2.46,1.23,0.0,0.0,4.91,,0,,,,1368,Low,Expand to Ctrip,Expand distribution to increase room nights.,To Do,Market Manager,72 Hours,Medium
4935810.0,Na Sukhothai Hotel,0.2831537362277224,0.3124765982119455,0.3004390324542016,0.5130855491467685,15.0,1.0,24.48,Sukhothai,LT,North,Null,Null,49914.0,,0.7708823958,0.0,0.0,0.39,0.195,0.0,0.0,0.77,,0,,,,1369,Low,Monitor,No immediate action required.,To Do,Commercial,-,Low
4948523.0,Watthanasup Park,0.3240557168335386,0.4212004206985435,0.356690443876342,0.5034706429894542,16.0,22.0,26.77,Suphan Buri,KA,Lower Isan - Central,Not mapped,Not Mapped,205374.0,,3.171835881,0.0,0.0,1.59,0.795,0.0,0.0,3.17,,0,,,,1370,Low,Expand to Ctrip,Expand distribution to increase room nights.,To Do,Market Manager,72 Hours,Medium
4948530.0,Happy House Resort Chumphon,0.2600996150181562,0.3054018310692136,0.2795939218736184,0.4935882683695995,8.0,3.0,21.89,Chumphon,LT,Upper South,Not mapped,Not Mapped,88411.0,,1.365443011,0.0,0.0,0.68,0.34,0.0,0.0,1.37,,0,,,,1371,Low,Expand to Ctrip,Expand distribution to increase room nights.,To Do,Market Manager,72 Hours,Medium
4948534.0,Prang Place Resort,0.362577303723165,0.3870895009340908,0.3386161788863513,0.5036727472905023,8.0,8.0,26.35,Lop Buri,KA,Lower Isan - Central,Not mapped,Not Mapped,838868.0,,12.95566199,0.0,0.0,6.48,3.24,0.0,0.0,12.96,,0,,,,1372,Low,Expand to Ctrip,Expand distribution to increase room nights.,To Do,Market Manager,72 Hours,Medium
4948547.0,Setthakitdee Resort,0.2947297247559068,0.3302617937179337,0.3194837302567131,0.5027494238803564,15.0,3.0,24.8,Nakhonratchasima,KA,Lower Isan - Central,Not mapped,Null,100474.0,,1.551738509,0.0,0.0,0.78,0.39,0.0,0.0,1.55,,0,,,,1373,Low,Monitor,No immediate action required.,To Do,Commercial,-,Low
4950119.0,Phetkham Resort Bangsawan,0.2744264940219748,0.2898685539720441,0.2869626542213524,0.506675611708559,5.0,1.0,22.09,Surat Thani,KA,Upper South,Not mapped,Not Mapped,526403.0,,8.129879972,0.0,0.0,4.06,2.03,0.0,0.0,8.13,,0,,,,1374,Low,Expand to Ctrip,Expand distribution to increase room nights.,To Do,Market Manager,72 Hours,Medium
4952916.0,Siri Nakhon Mansion,0.2733601475709992,0.2922934972993326,0.2864643413943884,0.5045429188066078,6.0,1.0,22.2,Nakhon Si Thammarat,LT,Lower South - West,Not mapped,Not Mapped,66122.0,,1.021196006,0.0,0.0,0.51,0.255,0.0,0.0,1.02,,0,,,,1375,Low,Expand to Ctrip,Expand distribution to increase room nights.,To Do,Market Manager,72 Hours,Medium
4952921.0,Baan Ar-kong Pakchong,0.3509137879634003,0.3815584805432727,0.30798519741507824,0.4970877212844333,19.0,2.0,27.66,Khaoyai,KA,Lower Isan - Central,Not mapped,Not Mapped,496392.0,,7.666389442,0.0,0.0,3.83,1.915,0.0,0.0,7.67,,0,,,,1376,Low,Expand to Ctrip,Expand distribution to increase room nights.,To Do,Market Manager,72 Hours,Medium
4962747.0,Yes No Hotel,0.2821644947743685,0.3549480404771699,0.2922133197433438,0.5025402500555427,4.0,4.0,22.23,Ranong,LT,Upper South,Not mapped,Not Mapped,145663.0,,2.249655343,0.0,0.0,1.12,0.56,0.0,0.0,2.25,,0,,,,1377,Low,Expand to Ctrip,Expand distribution to increase room nights.,To Do,Market Manager,72 Hours,Medium
4973306.0,SP Resort,0.2525628964152692,0.2836314144975148,0.2748313669478034,0.5051257928057886,2.0,2.0,20.65,Nong Bua Lamphu,LT,Upper Isan - East,Not mapped,Not Mapped,63215.0,,0.9763058591,0.0,0.0,0.49,0.245,0.0,0.0,0.98,,0,,,,1378,Low,Expand to Ctrip,Expand distribution to increase room nights.,To Do,Market Manager,72 Hours,Medium
4973312.0,Paradise Hotel,0.2831851636761897,0.2842559203858663,0.2818291463602014,0.5062712633628854,3.0,2.0,22.09,Kanchanaburi,LT,Lower South - West,Not mapped,Null,30722.0,,0.4744693578,0.0,0.0,0.24,0.12,0.0,0.0,0.47,,0,,,,1379,Low,Monitor,No immediate action required.,To Do,Commercial,-,Low
4973315.0,Jansawang Boutique Hotel Sukhothai,0.2747138076201234,0.2987995477921895,0.29016214054282485,0.5072502389048562,5.0,2.0,22.15,Sukhothai,KA,North,Null,Null,163271.0,,2.521595329,0.0,0.0,1.26,0.63,0.0,0.0,2.52,,0,,,,1380,Low,Monitor,No immediate action required.,To Do,Commercial,-,Low
4981647.0,Dcondo Campus Resort Kuku Phuket,0.3308382029298987,0.3540415296737225,0.3376187452587368,0.5014692005134969,8.0,1.0,24.82,Phuket,LT,Upper South,Null,Null,122617.0,,1.893719231,0.0,0.0,0.95,0.475,0.0,0.0,1.89,,0,,,,1381,Low,Monitor,No immediate action required.,To Do,Commercial,-,Low
5012131.0,NoahInn Ekachai,0.2727447627056376,0.2906910129397803,0.27898075408196416,0.5033121490758846,6.0,1.0,22.15,Samut Songkhram,LT,Lower South - West,Not mapped,Not Mapped,35065.0,,0.541557779,0.0,0.0,0.27,0.135,0.0,0.0,0.54,,0,,,,1382,Low,Expand to Ctrip,Expand distribution to increase room nights.,To Do,Market Manager,72 Hours,Medium
5012140.0,First Inn Resort,0.2833873378490265,0.2833873378490265,0.2833873378490265,0.506675611708559,2.0,2.0,21.91,Chaiyaphum,KA,Upper Isan - East,Not mapped,Not Mapped,114088.0,,1.761995702,0.0,0.0,0.88,0.44,0.0,0.0,1.76,,0,,,,1383,Low,Expand to Ctrip,Expand distribution to increase room nights.,To Do,Market Manager,72 Hours,Medium
5031957.0,Muanfan Dong Khui Phetchabun (Dreamy Resort),0.2799487675086177,0.2799487675086177,0.2799487675086177,0.506675611708559,3.0,1.0,21.93,Phetchabun,LT,North,Not mapped,Not Mapped,24280.0,,0.3749921074,0.0,0.0,0.19,0.095,0.0,0.0,0.37,,0,,,,1384,Low,Expand to Ctrip,Expand distribution to increase room nights.,To Do,Market Manager,72 Hours,Medium
5059984.0,Erawan Siripan Hotel Loei,0.2520945812657167,0.2799487675086177,0.264978771818699,0.5041891625066837,3.0,2.0,20.8,Loei,LT,Upper Isan - East,Not mapped,Null,5897.0,,0.09107745234,0.0,0.0,0.05,0.025,0.0,0.0,0.09,,0,,,,1385,Low,Monitor,No immediate action required.,To Do,Commercial,-,Low
5101088.0,Tharnthip Inn Nongkhai Resort,0.266643286687636,0.2749436816972361,0.2713479251597205,0.506675611708559,2.0,1.0,21.21,Nong Khai,LT,Upper Isan - East,,,,,,,,,,,,,,0,,,,1386,Low,Monitor,No immediate action required.,To Do,Commercial,-,Low
5101090.0,U Guesthouse,0.3541052488159107,0.3551632618011102,0.3543361212302787,0.5034706429894542,6.0,2.0,25.44,Samut Sakhon,KA,BKK - Metro - Chon,Null,Null,166467.0,,2.570957965,0.0,0.0,1.29,0.645,0.0,0.0,2.57,,0,,,,1387,Low,Monitor,No immediate action required.,To Do,Commercial,-,Low
5101133.0,Nana Resort,0.2740107887627138,0.2799487675086177,0.2750291116704928,0.5058442011900369,3.0,1.0,21.68,Nakhon Si Thammarat,LT,Lower South - West,Not mapped,Null,42951.0,,0.6633508345,0.0,0.0,0.33,0.165,0.0,0.0,0.66,,0,,,,1388,Low,Monitor,No immediate action required.,To Do,Commercial,-,Low
5101143.0,KP Apartment @Ratchapruek,0.366346979643704,0.3956003101048974,0.38650097950327694,0.5067593702188591,18.0,5.0,28.38,Chaiyaphum,LT,Upper Isan - East,Not mapped,Not Mapped,74341.0,,1.148141559,0.0,0.0,0.57,0.285,0.0,0.0,1.15,,0,,,,1389,Low,Expand to Ctrip,Expand distribution to increase room nights.,To Do,Market Manager,72 Hours,Medium
5101146.0,Kastel Bangkok Hotel,0.4242882869049476,0.545760727643571,0.47731987905753803,0.478143464016126,55.0,80.0,39.53,Bangkok,LT,BKK - Metro - Chon,,,,,,,,,,,,,,0,,,,1390,Low,Monitor,No immediate action required.,To Do,Commercial,-,Low
5101190.0,Mr. Next Green One,0.3634821657488091,0.3945084004460537,0.37983980545418505,0.507153564119165,3.0,5.0,25.41,Phra Nakhon Si Ayutthaya,KA,Lower Isan - Central,Not mapped,Null,117002.0,,1.807002916,0.0,0.0,0.9,0.45,0.0,0.0,1.81,,0,,,,1391,Low,Monitor,No immediate action required.,To Do,Commercial,-,Low
5101502.0,Lee Resort Farm Stay Nong Bua Daeng,0.3276713840744911,0.3276713840744911,0.3276713840744911,0.506675611708559,0.0,3.0,23.34,Chaiyaphum,LT,Upper Isan - East,Not mapped,Null,87153.0,,1.346015274,0.0,0.0,0.67,0.335,0.0,0.0,1.35,,0,,,,1392,Low,Monitor,No immediate action required.,To Do,Commercial,-,Low
5101537.0,Kokotel Pattaya North Beach,0.3841917013293567,0.3943753644692639,0.38921097324785714,0.5097310940572054,49.0,30.0,35.84,Pattaya,LT,BKK - Metro - Chon,Mapped,Null,55876.0,,0.8629564632,0.0,50.0,10.43,5.215,100.0,0.0,0.86,,50,,,,1393,Low,Monitor,No immediate action required.,To Do,Commercial,-,Low
5101583.0,S3 Ayutthaya Hotel,0.3129775614458174,0.3391141692075502,0.3266357715701832,0.5149894086036401,20.0,4.0,26.75,Phra Nakhon Si Ayutthaya,KA,Lower Isan - Central,Not live,Null,693719.0,,10.71393849,0.0,20.0,9.36,4.68,40.0,0.0,10.71,,0,,,,1394,Low,Monitor,No immediate action required.,To Do,Commercial,-,Low
5101641.0,Thanya Bukraeng Resort,0.2803439600063064,0.285834659960429,0.28431829075595877,0.5074659967039364,4.0,1.0,22.16,Surin,LT,Lower Isan - Central,Not mapped,Null,51295.0,,0.7922161036,0.0,0.0,0.4,0.2,0.0,0.0,0.79,,0,,,,1395,Low,Monitor,No immediate action required.,To Do,Commercial,-,Low
5101678.0,Ta Phai Country House Resort & Restaurants,0.4108136267311856,0.4504459095795364,0.379044596465835,0.5031104770964561,3.0,41.0,28.36,Phra Nakhon Si Ayutthaya,LT,Lower Isan - Central,,,,,,,,,,,,,,0,,,,1396,Low,Monitor,No immediate action required.,To Do,Commercial,-,Low
5101683.0,Nakai Resort,0.3014018403775726,0.3123294026512792,0.30677564532361296,0.5144039796199876,15.0,1.0,25.23,Sakon Nakhon,LT,Upper Isan - East,Mapped,Null,34810.0,,0.5376168794,0.0,50.0,10.27,5.135,100.0,0.0,0.54,,50,,,,1397,Low,Monitor,No immediate action required.,To Do,Commercial,-,Low
5101741.0,The Legacy Nana Sukhumvit,0.400132552209281,0.4071554443910848,0.3962871652297512,0.5010333334395557,52.0,35.0,37.03,Bangkok,LT,BKK - Metro - Chon,Mapped,Not Mapped,5287.0,,0.08165215866,0.0,50.0,10.04,5.02,100.0,0.0,0.08,,50,,,,1398,Low,Expand to Ctrip,Expand distribution to increase room nights.,To Do,Market Manager,72 Hours,Medium
5101778.0,Khunprom Resort,0.2737206444612159,0.2842321756008766,0.28055274277164577,0.5052639125870413,4.0,1.0,21.85,Phra Nakhon Si Ayutthaya,KA,Lower Isan - Central,Not mapped,Null,229533.0,,3.544952134,0.0,0.0,1.77,0.885,0.0,0.0,3.54,,0,,,,1399,Low,Monitor,No immediate action required.,To Do,Commercial,-,Low
5101803.0,One Budget Hotel Chiangrai Baanmai,0.262298649693706,0.3382092631252883,0.3185975703812853,0.506675611708559,31.0,2.0,26.59,Chiang Rai,KA,North,Null,Null,243990.0,,3.768227408,0.0,0.0,1.88,0.94,0.0,0.0,3.77,,0,,,,1400,Low,Monitor,No immediate action required.,To Do,Commercial,-,Low
5101914.0,The Regizt Hotel Pattaya,0.3115508196309786,0.3573198645416184,0.3295490858244271,0.4855249633319991,52.0,5.0,32.24,Pattaya,LT,BKK - Metro - Chon,Not mapped,Not Live,157708.0,,2.435683039,0.0,20.0,5.22,2.61,0.0,40.0,2.44,,0,,,,1401,Low,Monitor,No immediate action required.,To Do,Commercial,-,Low
5101938.0,Nibong Resort,0.2532043523089428,0.2950761069635687,0.2778995210226542,0.5064087045931358,4.0,2.0,21.08,Yala,LT,Lower South - West,Not mapped,Not Mapped,22664.0,,0.3500212878,0.0,0.0,0.18,0.09,0.0,0.0,0.35,,0,,,,1402,Low,Expand to Ctrip,Expand distribution to increase room nights.,To Do,Market Manager,72 Hours,Medium
5101972.0,GO Hotel Bangkok Suvarnabhumi Airport,0.4515558648754582,0.4545265307963699,0.453041197835914,0.5141738369277373,0.0,25.0,29.13,,,,,,,,,,,,,,,,,0,,,,1403,Low,Monitor,No immediate action required.,To Do,Commercial,-,Low
5102007.0,Sangchan Resort,0.2744264940219748,0.2803644727678787,0.2769356792660274,0.506675611708559,3.0,1.0,21.71,Surat Thani,LT,Upper South,Not mapped,Not Mapped,2430.0,,0.03752789064,0.0,0.0,0.02,0.01,0.0,0.0,0.04,,0,,,,1404,Low,Expand to Ctrip,Expand distribution to increase room nights.,To Do,Market Manager,72 Hours,Medium
5102037.0,Warm Beach Resort,0.2750423915726303,0.2889096113356693,0.2849787470463105,0.5055521338244443,3.0,2.0,21.75,Prachuapkhirikhan,LT,Lower South - West,Mapped,Not Live,11150.0,,0.1722102221,0.0,70.0,14.09,7.045,100.0,40.0,0.17,,50,,,,1405,Low,Monitor,No immediate action required.,To Do,Commercial,-,Low
5102045.0,One Budget Hotel Chiangrai Maesai Payang,0.3595263299845939,0.3732236002103083,0.3337775271530354,0.5126231298231202,18.0,1.0,28.09,Chiang Rai,KA,North,Not live,Null,134470.0,,2.076785962,0.0,20.0,5.04,2.52,40.0,0.0,2.08,,0,,,,1406,Low,Monitor,No immediate action required.,To Do,Commercial,-,Low
5102087.0,U-SABAI VILLA,0.3365217198798625,0.33794284052834,0.3302098775066351,0.5070238338067854,34.0,3.0,30.17,Yasothon,KA,Lower Isan - Central,Mapped,Not Live,143121.0,,2.210384574,0.0,70.0,15.11,7.555,100.0,40.0,2.21,,50,,,,1407,Low,Monitor,No immediate action required.,To Do,Commercial,-,Low
5102103.0,Prajan Residence,0.266643286687636,0.3143358491329586,0.30337476442893035,0.506675611708559,17.0,1.0,24.07,Buriram,KA,Lower Isan - Central,Null,Not Live,91239.0,,1.409120015,0.0,20.0,4.7,2.35,0.0,40.0,1.41,,0,,,,1408,Low,Monitor,No immediate action required.,To Do,Commercial,-,Low
5102121.0,The Greenish Resort,0.3354799403500168,0.3354799403500168,0.3354799403500168,0.5080916486329413,9.0,1.0,25.33,Surin,LT,Lower Isan - Central,Not mapped,Not Mapped,34101.0,,0.5266618366,0.0,0.0,0.26,0.13,0.0,0.0,0.53,,0,,,,1409,Low,Expand to Ctrip,Expand distribution to increase room nights.,To Do,Market Manager,72 Hours,Medium
5102138.0,8SleepUtt,0.2756041305146877,0.2756041305146877,0.2756041305146877,0.506675611708559,1.0,2.0,21.41,Uttaradit,LT,North,Not mapped,Null,31458.0,,0.4858418577,0.0,0.0,0.24,0.12,0.0,0.0,0.49,,0,,,,1410,Low,Monitor,No immediate action required.,To Do,Commercial,-,Low
5102148.0,Wanphut Hotel,0.3345599938129961,0.3353555843458871,0.32775991168832647,0.506557509294266,1.0,2.0,23.77,Surin,LT,Lower Isan - Central,Not mapped,Not Mapped,48521.0,,0.7493749407,0.0,0.0,0.37,0.185,0.0,0.0,0.75,,0,,,,1411,Low,Expand to Ctrip,Expand distribution to increase room nights.,To Do,Market Manager,72 Hours,Medium
5102282.0,Khao Yai Lake Hill Resort,0.3513632355410097,0.3559682214373451,0.346249956551631,0.5038751403425341,40.0,8.0,32.0,Khaoyai,LT,Lower Isan - Central,Not mapped,Not Mapped,2467.0,,0.03810534973,0.0,0.0,0.02,0.01,0.0,0.0,0.04,,0,,,,1412,Low,Expand to Ctrip,Expand distribution to increase room nights.,To Do,Market Manager,72 Hours,Medium
5102350.0,Samet Estate Resort,0.3226999134831362,0.3307000721144537,0.32161865533655243,0.5017210634186714,19.0,4.0,26.69,,,,,,,,,,,,,,,,,0,,,,1413,Low,Monitor,No immediate action required.,To Do,Commercial,-,Low
5102402.0,Pranakorn Heritage Hotel,0.3307382954267649,0.3448938008103454,0.3402413327076525,0.507811717433215,0.0,21.0,24.05,Bangkok,LT,BKK - Metro - Chon,Mapped,Null,5669.0,,0.08755570868,0.0,50.0,10.04,5.02,100.0,0.0,0.09,,50,,,,1414,Low,Monitor,No immediate action required.,To Do,Commercial,-,Low
5102459.0,The One Hotel Mueang Phon,0.2873162695836954,0.2906910129397803,0.28928035714850725,0.5058442011900369,6.0,1.0,22.78,Khon Kaen,LT,Upper Isan - East,Not mapped,Null,8505.0,,0.1313485439,0.0,0.0,0.07,0.035,0.0,0.0,0.13,,0,,,,1415,Low,Monitor,No immediate action required.,To Do,Commercial,-,Low
5102478.0,Sook Hansa @ Phangkhon Hotel,0.2874371443199814,0.3152547197349027,0.3036656591909917,0.5130855491467685,17.0,1.0,25.03,Sakon Nakhon,LT,Upper Isan - East,Not mapped,Null,1682.0,,0.02598102557,0.0,0.0,0.01,0.005,0.0,0.0,0.03,,0,,,,1416,Low,Monitor,No immediate action required.,To Do,Commercial,-,Low
5102479.0,Nawang Resort,0.266643286687636,0.266643286687636,0.2599905462771452,0.506675611708559,1.0,1.0,21.02,Nong Bua Lamphu,LT,Upper Isan - East,Not mapped,Null,1215.0,,0.01876409976,0.0,0.0,0.01,0.005,0.0,0.0,0.02,,0,,,,1417,Low,Monitor,No immediate action required.,To Do,Commercial,-,Low
5102511.0,7 Stays Pattaya Hotel,0.4509749738658424,0.4697139134532698,0.4145308532054494,0.4913566654272264,54.0,69.0,40.33,Pattaya,LT,BKK - Metro - Chon,,,,,,,,,,,,,,0,,,,1418,Low,Monitor,No immediate action required.,To Do,Commercial,-,Low
5102520.0,RoomQuest The Beach Kalim Patong,0.3470791478070631,0.3785201478473103,0.3615081204644722,0.5011328209028048,30.0,26.0,30.44,Phuket,LT,Upper South,Mapped,Null,561.0,,0.008660341857,0.0,50.0,10.0,5.0,100.0,0.0,0.01,,50,,,,1419,Low,Monitor,No immediate action required.,To Do,Commercial,-,Low
5102563.0,Apinop Resort & Spa,0.3011906620656435,0.3222420118181312,0.31658065321863277,0.5029556587491696,14.0,3.0,24.87,Saraburi,LT,Lower Isan - Central,,,,,,,,,,,,,,0,,,,1420,Low,Monitor,No immediate action required.,To Do,Commercial,-,Low
5102588.0,J Park Pakchong,0.3262879657717451,0.3335777026250961,0.32712812256519036,0.5219988540976918,40.0,1.0,31.14,,,,,,,,,,,,,,,,,0,,,,1421,Low,Monitor,No immediate action required.,To Do,Commercial,-,Low
