ProductID,ProductName,CheckInDate,booking_count
2001222,Rinradee Place Buriram,"Jul 28, 2026, 12:00:00 AM",1
1231,Chanalai Hillside Resort,"Dec 22, 2026, 12:00:00 AM",3
182837,The Riche Boutique Hotel,"Aug 5, 2026, 12:00:00 AM",3
5101716,Coco Beach Hotel Jomtien,"Nov 29, 2026, 12:00:00 AM",3
182837,The Riche Boutique Hotel,"Aug 15, 2026, 12:00:00 AM",2
4921213,Chatrium Grand Bangkok,"Sep 6, 2026, 12:00:00 AM",2
43850,Ratchaphruek Pavilion,"Sep 7, 2026, 12:00:00 AM",3
1231,Chanalai Hillside Resort,"Dec 23, 2026, 12:00:00 AM",2
23923,HTel Resort,"Sep 5, 2026, 12:00:00 AM",20
65581,Anna Nava Pakkret Hotel,"Aug 29, 2026, 12:00:00 AM",19
4935227,Nysa Hotel Bangkok,"Aug 29, 2026, 12:00:00 AM",2
25158,The Proud Exclusive Hotel,"Jul 26, 2026, 12:00:00 AM",5
525,Column Bangkok Hotel,"Jul 20, 2026, 12:00:00 AM",1
496,TUI BLUE Maduzi Hotel Bangkok,"Aug 14, 2026, 12:00:00 AM",5
4884544,Rangsit Residence,"Jul 22, 2026, 12:00:00 AM",2
3332,Ray Hotel Buriram,"Jul 24, 2026, 12:00:00 AM",3
43897,Roma Hotel Khonkaen,"Aug 14, 2026, 12:00:00 AM",7
63685,14 Residence,"Aug 1, 2026, 12:00:00 AM",1
317,Avana Hotel and Convention Center,"Sep 4, 2026, 12:00:00 AM",7
2000105,Aspira One Sutthisan Hotel,"Oct 4, 2026, 12:00:00 AM",1
455,The Heritage Silom Hotel,"Jan 26, 2027, 12:00:00 AM",1
23753,The Grand Wipanan Residence,"Jan 8, 2027, 12:00:00 AM",1
4921194,The Neuf Ratchada,"Dec 12, 2026, 12:00:00 AM",2
4640,Aramis Hotel Nakhon Sawan,"Jul 21, 2026, 12:00:00 AM",1
2000356,Sakura Boutique Hotel Pluakdaeng,"Sep 15, 2026, 12:00:00 AM",1
4861280,AK Terrace Hotel,"Jul 22, 2026, 12:00:00 AM",1
65581,Anna Nava Pakkret Hotel,"Aug 16, 2026, 12:00:00 AM",12
5101479,Bangkok Mystay Hotel Rangsit,"Jul 20, 2026, 12:00:00 AM",2
4921194,The Neuf Ratchada,"Dec 11, 2026, 12:00:00 AM",2
1370,AVANI Khon Kaen Hotel & Convention Centre,"Aug 2, 2026, 12:00:00 AM",2
4932895,Kritsada mansion Hatyai,"Jul 4, 2026, 12:00:00 AM",14
65672,Infinity Seesun Resort,"Jul 31, 2026, 12:00:00 AM",1
317,Avana Hotel and Convention Center,"Aug 24, 2026, 12:00:00 AM",2
317,Avana Hotel and Convention Center,"Aug 14, 2026, 12:00:00 AM",4
5102355,The Akyra Bangkok 11,"Jul 15, 2026, 12:00:00 AM",3
181639,Phurinda Residence Saraburi,"Jul 26, 2026, 12:00:00 AM",1
1530,Centara Pattaya Hotel,"Nov 27, 2026, 12:00:00 AM",6
4885023,Conbrio Resort & Sport Club,"Jul 17, 2026, 12:00:00 AM",1
2000090,S Ram Leisure Hotel,"Jul 10, 2026, 12:00:00 AM",1
1514,Windmill Resort Hotel,"Jul 7, 2026, 12:00:00 AM",2
4885023,Conbrio Resort & Sport Club,"Jul 12, 2026, 12:00:00 AM",3
5101966,Aspira Central Patong Hotel,"Aug 3, 2026, 12:00:00 AM",1
2000356,Sakura Boutique Hotel Pluakdaeng,"Jul 18, 2026, 12:00:00 AM",1
4920686,Mayuu Ayutthaya Hotel,"Aug 21, 2026, 12:00:00 AM",6
5102560,Sugar Marina Hotel -POP- Kata Beach,"Jul 18, 2026, 12:00:00 AM",1
43726,The Narathiwas Hotel & Residence Sathorn Bangkok,"Dec 30, 2026, 12:00:00 AM",3
396,The Tarntawan Hotel Surawong Bangkok,"Oct 8, 2026, 12:00:00 AM",1
25158,The Proud Exclusive Hotel,"Jul 19, 2026, 12:00:00 AM",1
43850,Ratchaphruek Pavilion,"Aug 1, 2026, 12:00:00 AM",5
317,Avana Hotel and Convention Center,"Aug 15, 2026, 12:00:00 AM",7
21582,Alexander Hotel,"Sep 22, 2026, 12:00:00 AM",2
65581,Anna Nava Pakkret Hotel,"Sep 19, 2026, 12:00:00 AM",10
181563,L Nimman Boutique Hotel,"Nov 26, 2026, 12:00:00 AM",5
63740,Gallery Lake View Hotel,"Aug 19, 2026, 12:00:00 AM",3
455,The Heritage Silom Hotel,"Feb 4, 2027, 12:00:00 AM",3
4921213,Chatrium Grand Bangkok,"Dec 31, 2026, 12:00:00 AM",4
4922724,GO Hotel Chonburi at Central Chonburi,"Aug 27, 2026, 12:00:00 AM",4
879,Sawaddi Patong Resort & Spa (formely Centara Sawaddi),"Aug 21, 2026, 12:00:00 AM",1
23753,The Grand Wipanan Residence,"Aug 13, 2026, 12:00:00 AM",1
2009936,The Royal P Phuket,"Dec 5, 2026, 12:00:00 AM",1
317,Avana Hotel and Convention Center,"Sep 5, 2026, 12:00:00 AM",8
496,TUI BLUE Maduzi Hotel Bangkok,"Aug 23, 2026, 12:00:00 AM",1
1514,Windmill Resort Hotel,"Jul 25, 2026, 12:00:00 AM",2
4857758,The Cape Boutique Hotel,"Aug 14, 2026, 12:00:00 AM",4
4920890,The Finn Hotel,"Jul 24, 2026, 12:00:00 AM",3
23937,Brique Hotel Chiangmai,"Jul 3, 2026, 12:00:00 AM",1
2005742,The Bliss Loei Living Hotel,"Oct 2, 2026, 12:00:00 AM",2
1999,Samui Verticolor,"Jul 10, 2026, 12:00:00 AM",3
5101058,The Navy House Hotel,"Aug 17, 2026, 12:00:00 AM",10
712,Kiang Haad Beach Hua Hin,"Sep 3, 2026, 12:00:00 AM",1
183560,Kantary Hotel Amata Bangpakong,"Jul 27, 2026, 12:00:00 AM",1
5101906,Kokotel Rayong Beachfront,"Jul 25, 2026, 12:00:00 AM",5
74,Easy Planet Bangkok Surawong,"Sep 24, 2026, 12:00:00 AM",1
5102473,Milton Hotel,"Jul 24, 2026, 12:00:00 AM",5
43577,Nim See Seng Hotel,"Nov 23, 2026, 12:00:00 AM",4
2005490,Kavinburi Green Hotel,"Dec 6, 2026, 12:00:00 AM",1
181597,P.A. Place Hotel Nakhonsawan,"Jul 4, 2026, 12:00:00 AM",1
5102355,The Akyra Bangkok 11,"Jul 21, 2026, 12:00:00 AM",1
183462,Eastpana 304 Executive Residence,"Jul 17, 2026, 12:00:00 AM",1
43577,Nim See Seng Hotel,"Nov 18, 2026, 12:00:00 AM",1
23923,HTel Resort,"Sep 4, 2026, 12:00:00 AM",5
177901,Arden Hotel and Residence,"Oct 27, 2026, 12:00:00 AM",2
25158,The Proud Exclusive Hotel,"Aug 7, 2026, 12:00:00 AM",2
177901,Arden Hotel and Residence,"Aug 22, 2026, 12:00:00 AM",3
675,Cross Vibe Chiang Mai Decem Hotel,"Oct 26, 2026, 12:00:00 AM",3
4920686,Mayuu Ayutthaya Hotel,"Jul 25, 2026, 12:00:00 AM",8
177901,Arden Hotel and Residence,"Oct 3, 2026, 12:00:00 AM",2
63676,Loft Mania Boutique Hotel,"Aug 1, 2026, 12:00:00 AM",5
183122,Pawa Place Ban Phai By Inpawa,"Jul 4, 2026, 12:00:00 AM",3
747,Baan Grood Arcadia Resort and Spa,"Dec 4, 2026, 12:00:00 AM",1
43726,The Narathiwas Hotel & Residence Sathorn Bangkok,"Dec 29, 2026, 12:00:00 AM",2
4921194,The Neuf Ratchada,"Dec 23, 2026, 12:00:00 AM",2
43850,Ratchaphruek Pavilion,"Jul 17, 2026, 12:00:00 AM",4
43603,V-Verve Service Apartment,"Jul 23, 2026, 12:00:00 AM",3
1530,Centara Pattaya Hotel,"Nov 28, 2026, 12:00:00 AM",8
4977974,Holiday Inn Express Rayong Map Ta Phut,"Aug 22, 2026, 12:00:00 AM",3
4921378,Tonfern Hotel Khonkaen,"Jul 18, 2026, 12:00:00 AM",2
4851257,Hotel Kuretakeso Thailand Sriracha,"Aug 6, 2026, 12:00:00 AM",1
183414,Clover Hotel Hatyai,"Sep 18, 2026, 12:00:00 AM",2
4885023,Conbrio Resort & Sport Club,"Jul 9, 2026, 12:00:00 AM",2
1068,iCheck inn Central Patong,"Sep 3, 2026, 12:00:00 AM",1
5101714,G9 Hotel Kanchanaburi,"Jul 28, 2026, 12:00:00 AM",8
4922703,GO Hotel Si Racha at Central Si Racha,"Jul 18, 2026, 12:00:00 AM",8
2007470,The Smart Hotel Hatyai,"Dec 23, 2026, 12:00:00 AM",2
4918063,Thongchen Residence,"Jul 15, 2026, 12:00:00 AM",1
177901,Arden Hotel and Residence,"Aug 14, 2026, 12:00:00 AM",1
4918063,Thongchen Residence,"Sep 1, 2026, 12:00:00 AM",2
43668,Elite Residence Phitsanulok,"Jul 6, 2026, 12:00:00 AM",2
63739,Tonwa Resort,"Jul 4, 2026, 12:00:00 AM",8
4918110,101 Hotel Roi Et,"Aug 11, 2026, 12:00:00 AM",3
21582,Alexander Hotel,"Dec 2, 2026, 12:00:00 AM",5
183165,Lotte Hotel Yangon,"Jul 27, 2026, 12:00:00 AM",4
746,ibis Huahin,"Oct 11, 2026, 12:00:00 AM",1
138013,Green Park Hotel Mahasarakham,"Oct 23, 2026, 12:00:00 AM",2
137967,The Original Orange Hotel,"Sep 9, 2026, 12:00:00 AM",5
232,FX Hotel Metrolink Makkasan,"Aug 21, 2026, 12:00:00 AM",4
21378,Hug Nimman Hotel Chiang Mai,"Dec 4, 2026, 12:00:00 AM",2
4921194,The Neuf Ratchada,"Sep 11, 2026, 12:00:00 AM",4
2001054,Jasmine Resort Sriracha,"Aug 7, 2026, 12:00:00 AM",2
25158,The Proud Exclusive Hotel,"Jul 10, 2026, 12:00:00 AM",8
43827,Buri Sriphu Hotel,"Sep 16, 2026, 12:00:00 AM",2
4884349,Livist Resort Phetchabun,"Jul 25, 2026, 12:00:00 AM",5
4883872,The Chess hotel,"Aug 21, 2026, 12:00:00 AM",4
1844,Sunee Grand Hotel,"Nov 23, 2026, 12:00:00 AM",2
43668,Elite Residence Phitsanulok,"Jul 13, 2026, 12:00:00 AM",2
63458,P.A. Ville Hotel Nakhon Sawan,"Jul 24, 2026, 12:00:00 AM",4
25158,The Proud Exclusive Hotel,"Jul 14, 2026, 12:00:00 AM",4
4921090,AT Apartment,"Aug 29, 2026, 12:00:00 AM",5
4921194,The Neuf Ratchada,"Dec 25, 2026, 12:00:00 AM",2
4901456,PLAAI Plus Hotel Rayong,"Jul 27, 2026, 12:00:00 AM",3
183606,Top View Hotel Sriracha,"Jul 4, 2026, 12:00:00 AM",6
183609,The Square Rayong,"Jul 11, 2026, 12:00:00 AM",1
5101720,L2 Premium,"Aug 14, 2026, 12:00:00 AM",3
177901,Arden Hotel and Residence,"Aug 27, 2026, 12:00:00 AM",1
23937,Brique Hotel Chiangmai,"Aug 8, 2026, 12:00:00 AM",2
4921194,The Neuf Ratchada,"Aug 7, 2026, 12:00:00 AM",3
43660,STAR 3 Serviced Apartment,"Dec 7, 2026, 12:00:00 AM",1
747,Baan Grood Arcadia Resort and Spa,"Jul 29, 2026, 12:00:00 AM",2
22359,Le Cassia Hotel,"Jul 25, 2026, 12:00:00 AM",6
65581,Anna Nava Pakkret Hotel,"Aug 9, 2026, 12:00:00 AM",4
4258229,Prompiman Sisaket Hotel,"Jul 25, 2026, 12:00:00 AM",1
1999,Samui Verticolor,"Aug 8, 2026, 12:00:00 AM",1
43826,Srilamduan Hotel Srisaket,"Jul 14, 2026, 12:00:00 AM",2
4920701,Glory Wabi Sabi Hotel,"Aug 13, 2026, 12:00:00 AM",3
484,The Heritage Hotel Sathorn,"Jul 25, 2026, 12:00:00 AM",1
4921072,The Bedrooms Boutique Hotel Bangkok,"Aug 23, 2026, 12:00:00 AM",2
177901,Arden Hotel and Residence,"Aug 5, 2026, 12:00:00 AM",2
2004729,Chodkamon Place 57,"Sep 8, 2026, 12:00:00 AM",6
183161,W Sotel Songkhla,"Sep 4, 2026, 12:00:00 AM",4
4884391,Baankoonmae Boulevard Hotel  Kuchinarai,"Jul 10, 2026, 12:00:00 AM",1
5101640,Bear & Bird Hotel,"Jul 24, 2026, 12:00:00 AM",3
63574,The Nest Hotel Phichit,"Aug 1, 2026, 12:00:00 AM",7
4890153,JB Place Hotel Ban Phaeng,"Oct 12, 2026, 12:00:00 AM",1
4885023,Conbrio Resort & Sport Club,"Jul 16, 2026, 12:00:00 AM",7
4921121,Sleep hotel Chachoengsao,"Jul 23, 2026, 12:00:00 AM",3
1999,Samui Verticolor,"Jul 17, 2026, 12:00:00 AM",1
63740,Gallery Lake View Hotel,"Jul 15, 2026, 12:00:00 AM",3
4865,City Hotel Krabi,"Dec 6, 2026, 12:00:00 AM",1
181648,Sp & K Apartment,"Jul 25, 2026, 12:00:00 AM",6
4920619,VST Punnawithi,"Aug 10, 2026, 12:00:00 AM",1
43668,Elite Residence Phitsanulok,"Jul 17, 2026, 12:00:00 AM",1
63672,Madina Hotel Rayong,"Jul 26, 2026, 12:00:00 AM",2
25158,The Proud Exclusive Hotel,"Jul 17, 2026, 12:00:00 AM",4
5101906,Kokotel Rayong Beachfront,"Aug 14, 2026, 12:00:00 AM",3
317,Avana Hotel and Convention Center,"Aug 7, 2026, 12:00:00 AM",3
182,Furama Silom Bangkok,"Oct 24, 2026, 12:00:00 AM",1
4920686,Mayuu Ayutthaya Hotel,"Sep 4, 2026, 12:00:00 AM",4
22189,The Heritage Pattaya Beachfront Resort,"Oct 13, 2026, 12:00:00 AM",1
263,NH Bangkok Sukhumvit Boulevard,"Dec 16, 2026, 12:00:00 AM",2
181635,Blue Rabbit Hotel Chanthaburi,"Aug 8, 2026, 12:00:00 AM",1
137926,Feel@Home Place,"Jul 7, 2026, 12:00:00 AM",3
455,The Heritage Silom Hotel,"Dec 31, 2026, 12:00:00 AM",3
4884346,Thammachart Resort,"Jul 4, 2026, 12:00:00 AM",6
4918110,101 Hotel Roi Et,"Aug 21, 2026, 12:00:00 AM",1
2007815,Ac Sport Center Hotel,"Aug 23, 2026, 12:00:00 AM",1
4921194,The Neuf Ratchada,"Aug 26, 2026, 12:00:00 AM",2
43897,Roma Hotel Khonkaen,"Dec 18, 2026, 12:00:00 AM",1
4884213,Benjaphorn Grandview Hotel,"Jul 24, 2026, 12:00:00 AM",1
4922703,GO Hotel Si Racha at Central Si Racha,"Jul 28, 2026, 12:00:00 AM",5
263,NH Bangkok Sukhumvit Boulevard,"Oct 18, 2026, 12:00:00 AM",2
21230,Faikid Amnat Charoen Hotel,"Sep 9, 2026, 12:00:00 AM",1
63740,Gallery Lake View Hotel,"Jul 18, 2026, 12:00:00 AM",7
43886,Prachuap Beach Hotel,"Jul 10, 2026, 12:00:00 AM",1
43897,Roma Hotel Khonkaen,"Oct 14, 2026, 12:00:00 AM",1
675,Cross Vibe Chiang Mai Decem Hotel,"Oct 11, 2026, 12:00:00 AM",2
2000041,Rattanachol Hotel,"Jul 25, 2026, 12:00:00 AM",7
5102560,Sugar Marina Hotel -POP- Kata Beach,"Aug 14, 2026, 12:00:00 AM",1
43668,Elite Residence Phitsanulok,"Jul 20, 2026, 12:00:00 AM",2
679,S17 @ Nimman Hotel,"Jul 6, 2026, 12:00:00 AM",1
43726,The Narathiwas Hotel & Residence Sathorn Bangkok,"Dec 28, 2026, 12:00:00 AM",1
4988854,PLAAI Plus Hotel Bowin,"Jul 29, 2026, 12:00:00 AM",1
1999,Samui Verticolor,"Jul 16, 2026, 12:00:00 AM",1
317,Avana Hotel and Convention Center,"Aug 29, 2026, 12:00:00 AM",1
5101640,Bear & Bird Hotel,"Nov 28, 2026, 12:00:00 AM",5
21230,Faikid Amnat Charoen Hotel,"Jul 4, 2026, 12:00:00 AM",2
4920363,Hotel MOCO Udon Thani,"Jul 22, 2026, 12:00:00 AM",2
65581,Anna Nava Pakkret Hotel,"Aug 4, 2026, 12:00:00 AM",2
2004219,Hisoplace Hotel,"Oct 30, 2026, 12:00:00 AM",2
4920441,The Bliss Boutique Trang,"Jul 10, 2026, 12:00:00 AM",3
5101714,G9 Hotel Kanchanaburi,"Jul 27, 2026, 12:00:00 AM",6
1635,The Aiyapura Koh Chang,"Dec 17, 2026, 12:00:00 AM",1
63574,The Nest Hotel Phichit,"Jul 25, 2026, 12:00:00 AM",4
4920973,VELA Dhi Nakhon Phanom,"Jul 28, 2026, 12:00:00 AM",3
746,ibis Huahin,"Aug 28, 2026, 12:00:00 AM",1
5102452,Marquis Hotel,"Jul 10, 2026, 12:00:00 AM",2
484,The Heritage Hotel Sathorn,"Jul 18, 2026, 12:00:00 AM",1
65581,Anna Nava Pakkret Hotel,"Oct 16, 2026, 12:00:00 AM",3
2006816,185 Residence Khon Kaen,"Aug 14, 2026, 12:00:00 AM",2
63666,Mandy Nok Hotel,"Aug 21, 2026, 12:00:00 AM",3
4885023,Conbrio Resort & Sport Club,"Jul 5, 2026, 12:00:00 AM",1
43636,A Plus Hotel Ubonratchathani,"Jul 7, 2026, 12:00:00 AM",1
4847954,Sook Hotel,"Jul 19, 2026, 12:00:00 AM",1
4920686,Mayuu Ayutthaya Hotel,"Aug 7, 2026, 12:00:00 AM",5
43826,Srilamduan Hotel Srisaket,"Jul 26, 2026, 12:00:00 AM",2
4884544,Rangsit Residence,"Jul 8, 2026, 12:00:00 AM",1
2091,Crystal Hotel Hat Yai,"Sep 20, 2026, 12:00:00 AM",3
43886,Prachuap Beach Hotel,"Aug 6, 2026, 12:00:00 AM",2
2011259,S Bangkok Navamin,"Nov 20, 2026, 12:00:00 AM",1
1621,Awa Resort Koh Chang,"Sep 20, 2026, 12:00:00 AM",1
4915580,Top inn Hotel Mahasarakham,"Oct 21, 2026, 12:00:00 AM",1
4920669,Nine River Hotel,"Jul 16, 2026, 12:00:00 AM",2
4606562,Holiday Inn and Suites Siracha Laemchabang,"Jul 21, 2026, 12:00:00 AM",1
4921194,The Neuf Ratchada,"Aug 13, 2026, 12:00:00 AM",2
4884544,Rangsit Residence,"Jul 11, 2026, 12:00:00 AM",1
5102560,Sugar Marina Hotel -POP- Kata Beach,"Jul 31, 2026, 12:00:00 AM",2
2000356,Sakura Boutique Hotel Pluakdaeng,"Jul 6, 2026, 12:00:00 AM",2
2012247,Somerset Harbourview Sri Racha,"Sep 28, 2026, 12:00:00 AM",1
2009950,Suntria Hotel Pattaya,"Dec 29, 2026, 12:00:00 AM",1
152893,168 Studio @Ubon Ratchathani,"Jul 21, 2026, 12:00:00 AM",2
5101959,Tassana Place Boutique Hotel,"Jul 12, 2026, 12:00:00 AM",1
5101177,Indigo Hotel Hatyai,"Sep 21, 2026, 12:00:00 AM",3
21937,Khonkaen Hotel,"Jul 18, 2026, 12:00:00 AM",6
232,FX Hotel Metrolink Makkasan,"Nov 1, 2026, 12:00:00 AM",1
2001054,Jasmine Resort Sriracha,"Aug 3, 2026, 12:00:00 AM",2
824,Sugar Marina Resort - ART - Karon Beach,"Oct 28, 2026, 12:00:00 AM",1
2006010,The Xtreme Suites Hotel,"Jul 11, 2026, 12:00:00 AM",3
977,Diamond Cottage Resort & Spa,"Sep 25, 2026, 12:00:00 AM",1
21421,Siam Tara Palace Hotel,"Aug 31, 2026, 12:00:00 AM",1
4640925,The Residence Hotel,"Jul 23, 2026, 12:00:00 AM",1
43850,Ratchaphruek Pavilion,"Oct 24, 2026, 12:00:00 AM",5
4933490,Grand BS Airport Hotel Suvarnabhumi,"Jul 16, 2026, 12:00:00 AM",1
25149,Fortune View Kong Nakhon Phanom,"Jul 28, 2026, 12:00:00 AM",4
65009,White Inn Nongkhai,"Oct 19, 2026, 12:00:00 AM",1
23753,The Grand Wipanan Residence,"Aug 8, 2026, 12:00:00 AM",2
5101096,RoomQuest SPS Hotel and Residence,"Aug 14, 2026, 12:00:00 AM",5
137926,Feel@Home Place,"Jul 20, 2026, 12:00:00 AM",1
182,Furama Silom Bangkok,"Oct 17, 2026, 12:00:00 AM",1
4883872,The Chess hotel,"Jul 31, 2026, 12:00:00 AM",3
4968456,BK Resort,"Jul 28, 2026, 12:00:00 AM",5
21697,Dhevaraj Hotel,"Jul 28, 2026, 12:00:00 AM",3
4868069,T Park Pakchong,"Aug 10, 2026, 12:00:00 AM",1
4918110,101 Hotel Roi Et,"Jul 20, 2026, 12:00:00 AM",3
317,Avana Hotel and Convention Center,"Jul 30, 2026, 12:00:00 AM",2
137991,Praso At Ratchada 12,"Dec 4, 2026, 12:00:00 AM",1
183201,Phimai Paradise Hotel,"Nov 8, 2026, 12:00:00 AM",3
2000356,Sakura Boutique Hotel Pluakdaeng,"Jul 11, 2026, 12:00:00 AM",3
2010138,Triple Z Hotel,"Jul 19, 2026, 12:00:00 AM",1
63574,The Nest Hotel Phichit,"Jul 23, 2026, 12:00:00 AM",6
1875,First Residence Samui,"Sep 4, 2026, 12:00:00 AM",1
63739,Tonwa Resort,"Aug 4, 2026, 12:00:00 AM",1
63740,Gallery Lake View Hotel,"Jul 25, 2026, 12:00:00 AM",6
182835,Nadee 10 Resort & Hotel,"Jul 20, 2026, 12:00:00 AM",3
2000356,Sakura Boutique Hotel Pluakdaeng,"Jul 4, 2026, 12:00:00 AM",5
2012396,Aliz Hotel,"Dec 2, 2026, 12:00:00 AM",1
4918110,101 Hotel Roi Et,"Aug 7, 2026, 12:00:00 AM",1
137995,Blu Monkey Hub & Hotel Phuket,"Aug 30, 2026, 12:00:00 AM",1
5102473,Milton Hotel,"Jul 27, 2026, 12:00:00 AM",2
4867257,Grand PL Hotel,"Sep 15, 2026, 12:00:00 AM",2
182835,Nadee 10 Resort & Hotel,"Aug 28, 2026, 12:00:00 AM",3
4606472,Three Bays Resort,"Jul 28, 2026, 12:00:00 AM",5
182835,Nadee 10 Resort & Hotel,"Oct 26, 2026, 12:00:00 AM",1
4930824,ONE Hotel Navanakorn,"Oct 30, 2026, 12:00:00 AM",2
4854509,Heaven Hotel Chachoengsao,"Nov 21, 2026, 12:00:00 AM",3
1621,Awa Resort Koh Chang,"Nov 17, 2026, 12:00:00 AM",1
4988854,PLAAI Plus Hotel Bowin,"Jul 25, 2026, 12:00:00 AM",1
4921072,The Bedrooms Boutique Hotel Bangkok,"Dec 4, 2026, 12:00:00 AM",1
4930824,ONE Hotel Navanakorn,"Aug 16, 2026, 12:00:00 AM",1
4920363,Hotel MOCO Udon Thani,"Sep 24, 2026, 12:00:00 AM",2
5102574,Chaolao Sea Breeze,"Dec 16, 2026, 12:00:00 AM",1
4988854,PLAAI Plus Hotel Bowin,"Jul 13, 2026, 12:00:00 AM",2
4920669,Nine River Hotel,"Aug 16, 2026, 12:00:00 AM",1
824,Sugar Marina Resort - ART - Karon Beach,"Aug 20, 2026, 12:00:00 AM",1
4922478,Wassana Mansion,"Sep 8, 2026, 12:00:00 AM",3
43888,Kaewsamui Resort,"Dec 4, 2026, 12:00:00 AM",2
43577,Nim See Seng Hotel,"Dec 4, 2026, 12:00:00 AM",1
496,TUI BLUE Maduzi Hotel Bangkok,"Aug 6, 2026, 12:00:00 AM",2
4935227,Nysa Hotel Bangkok,"Jul 29, 2026, 12:00:00 AM",1
25158,The Proud Exclusive Hotel,"Jul 12, 2026, 12:00:00 AM",1
4921072,The Bedrooms Boutique Hotel Bangkok,"Nov 15, 2026, 12:00:00 AM",1
23937,Brique Hotel Chiangmai,"Jul 23, 2026, 12:00:00 AM",1
4920686,Mayuu Ayutthaya Hotel,"Jul 31, 2026, 12:00:00 AM",5
2000369,Bosswin Home Resort,"Aug 22, 2026, 12:00:00 AM",4
4920701,Glory Wabi Sabi Hotel,"Aug 10, 2026, 12:00:00 AM",1
2091,Crystal Hotel Hat Yai,"Aug 28, 2026, 12:00:00 AM",3
65581,Anna Nava Pakkret Hotel,"Nov 14, 2026, 12:00:00 AM",5
183459,Puranakhon Hotel,"Jul 11, 2026, 12:00:00 AM",4
4252831,48 Ville Donmuang Airport,"Aug 7, 2026, 12:00:00 AM",2
63740,Gallery Lake View Hotel,"Jul 16, 2026, 12:00:00 AM",5
1875,First Residence Samui,"Aug 25, 2026, 12:00:00 AM",1
1368,Kosa Hotel Khon Kaen,"Jul 18, 2026, 12:00:00 AM",1
5101761,Journeyhub Sukhumvit 26 Bangkok,"Sep 11, 2026, 12:00:00 AM",2
65628,B2 Korat Boutique & Budget Hotel,"Aug 3, 2026, 12:00:00 AM",1
5101906,Kokotel Rayong Beachfront,"Oct 7, 2026, 12:00:00 AM",1
43629,The Rubber Phuket Hotel,"Jul 24, 2026, 12:00:00 AM",1
4918110,101 Hotel Roi Et,"Jul 11, 2026, 12:00:00 AM",3
4920708,Manhattan Pattaya Hotel,"Jul 11, 2026, 12:00:00 AM",1
63676,Loft Mania Boutique Hotel,"Jul 27, 2026, 12:00:00 AM",5
2052,Kantary Hotel Ayutthaya,"Jul 6, 2026, 12:00:00 AM",1
5101906,Kokotel Rayong Beachfront,"Jul 27, 2026, 12:00:00 AM",3
263,NH Bangkok Sukhumvit Boulevard,"Nov 5, 2026, 12:00:00 AM",1
4596,Fortune River View Hotel Nakhon Phanom,"Jul 28, 2026, 12:00:00 AM",4
4884023,The Cottage Hotel Udon Thani,"Jul 15, 2026, 12:00:00 AM",1
2006010,The Xtreme Suites Hotel,"Nov 17, 2026, 12:00:00 AM",1
4918063,Thongchen Residence,"Jul 23, 2026, 12:00:00 AM",3
4883835,Blu Monkey Hub & Hotel Ranong,"Jul 28, 2026, 12:00:00 AM",3
1514,Windmill Resort Hotel,"Jul 3, 2026, 12:00:00 AM",1
5102402,Pranakorn Heritage Hotel,"Nov 11, 2026, 12:00:00 AM",1
1370,AVANI Khon Kaen Hotel & Convention Centre,"Jul 18, 2026, 12:00:00 AM",5
177901,Arden Hotel and Residence,"Nov 21, 2026, 12:00:00 AM",1
65581,Anna Nava Pakkret Hotel,"Sep 18, 2026, 12:00:00 AM",2
182835,Nadee 10 Resort & Hotel,"Aug 8, 2026, 12:00:00 AM",3
63889,Krabi Seabass Hotel,"Dec 22, 2026, 12:00:00 AM",1
317,Avana Hotel and Convention Center,"Jul 20, 2026, 12:00:00 AM",1
65457,Centric Place Hotel,"Dec 3, 2026, 12:00:00 AM",1
137995,Blu Monkey Hub & Hotel Phuket,"Sep 20, 2026, 12:00:00 AM",1
65458,Charoenchit House Khon Kaen,"Jul 23, 2026, 12:00:00 AM",1
43659,Cbd Hotel Suratthani,"Jul 19, 2026, 12:00:00 AM",1
23196,Mall Suites Hotel,"Jul 10, 2026, 12:00:00 AM",1
317,Avana Hotel and Convention Center,"Jul 23, 2026, 12:00:00 AM",2
1514,Windmill Resort Hotel,"Jul 23, 2026, 12:00:00 AM",3
4921194,The Neuf Ratchada,"Nov 20, 2026, 12:00:00 AM",1
500,La Petite Salil Sukhumvit Thonglor 1,"Jul 27, 2026, 12:00:00 AM",1
5102011,BB Hotel,"Jul 17, 2026, 12:00:00 AM",2
2005024,Veerasuda Condotel,"Jul 4, 2026, 12:00:00 AM",5
5101058,The Navy House Hotel,"Aug 8, 2026, 12:00:00 AM",5
4920796,Yothikran Place,"Jul 25, 2026, 12:00:00 AM",5
137991,Praso At Ratchada 12,"Jul 12, 2026, 12:00:00 AM",1
1844,Sunee Grand Hotel,"Aug 30, 2026, 12:00:00 AM",1
138021,PSG hotel,"Jul 6, 2026, 12:00:00 AM",1
25158,The Proud Exclusive Hotel,"Oct 24, 2026, 12:00:00 AM",5
4920890,The Finn Hotel,"Jul 19, 2026, 12:00:00 AM",1
2008959,Chernchan Hostel,"Aug 21, 2026, 12:00:00 AM",2
4920686,Mayuu Ayutthaya Hotel,"Jul 21, 2026, 12:00:00 AM",3
4920660,"Seekers Finders Rama IV Hotel, SureStay Collection by Best Western","Oct 14, 2026, 12:00:00 AM",1
4857732,Big House Hotel Wiang Pa Pao,"Jul 18, 2026, 12:00:00 AM",1
4920973,VELA Dhi Nakhon Phanom,"Jul 27, 2026, 12:00:00 AM",5
4868069,T Park Pakchong,"Aug 29, 2026, 12:00:00 AM",1
4921336,Ascott Embassy Sathorn Bangkok,"Jul 19, 2026, 12:00:00 AM",1
4640925,The Residence Hotel,"Jul 4, 2026, 12:00:00 AM",5
4933763,FX Hotel Nana,"Jul 5, 2026, 12:00:00 AM",1
4921194,The Neuf Ratchada,"Oct 21, 2026, 12:00:00 AM",1
63458,P.A. Ville Hotel Nakhon Sawan,"Jul 23, 2026, 12:00:00 AM",3
182835,Nadee 10 Resort & Hotel,"Dec 4, 2026, 12:00:00 AM",3
675,Cross Vibe Chiang Mai Decem Hotel,"Aug 9, 2026, 12:00:00 AM",2
25131,R1 Nimman Hotel Chiangmai,"Jul 26, 2026, 12:00:00 AM",4
65581,Anna Nava Pakkret Hotel,"Aug 28, 2026, 12:00:00 AM",2
4921438,V Square Serviced Apartment,"Jul 20, 2026, 12:00:00 AM",2
4920686,Mayuu Ayutthaya Hotel,"Oct 30, 2026, 12:00:00 AM",1
2000194,Eireann Boutique Hotel,"Jul 27, 2026, 12:00:00 AM",1
43948,VILLA'S DAY Phitsanulok,"Jul 6, 2026, 12:00:00 AM",1
21939,Arawana Regency Ratchada,"Jul 22, 2026, 12:00:00 AM",2
4883849,My Gardens Hotel,"Sep 18, 2026, 12:00:00 AM",2
65581,Anna Nava Pakkret Hotel,"Nov 7, 2026, 12:00:00 AM",4
455,The Heritage Silom Hotel,"Jan 5, 2027, 12:00:00 AM",1
4921213,Chatrium Grand Bangkok,"Aug 30, 2026, 12:00:00 AM",1
2012009,I Residence Hotel Pathumthani,"Oct 31, 2026, 12:00:00 AM",3
4920991,Golden Nest Hotel Suvarnabhumi,"Aug 31, 2026, 12:00:00 AM",1
1370,AVANI Khon Kaen Hotel & Convention Centre,"Sep 4, 2026, 12:00:00 AM",3
317,Avana Hotel and Convention Center,"Jul 19, 2026, 12:00:00 AM",1
4920686,Mayuu Ayutthaya Hotel,"Aug 8, 2026, 12:00:00 AM",4
496,TUI BLUE Maduzi Hotel Bangkok,"Sep 9, 2026, 12:00:00 AM",1
4920962,Baan Suwanna Khon Kaen,"Jul 25, 2026, 12:00:00 AM",5
4921194,The Neuf Ratchada,"Aug 3, 2026, 12:00:00 AM",3
4915580,Top inn Hotel Mahasarakham,"Oct 24, 2026, 12:00:00 AM",2
4887269,Home At 9,"Jul 26, 2026, 12:00:00 AM",1
64984,Mont Talay Hotel,"Jul 12, 2026, 12:00:00 AM",1
2005490,Kavinburi Green Hotel,"Jul 15, 2026, 12:00:00 AM",1
2000022,Le Siam Hotel Silom Bangkok,"Aug 2, 2026, 12:00:00 AM",1
4920686,Mayuu Ayutthaya Hotel,"Sep 17, 2026, 12:00:00 AM",2
43577,Nim See Seng Hotel,"Nov 21, 2026, 12:00:00 AM",1
4921162,Field Town Apartment,"Aug 23, 2026, 12:00:00 AM",1
2000059,Tak Andaman Resort & Hotel,"Sep 19, 2026, 12:00:00 AM",4
5101906,Kokotel Rayong Beachfront,"Jul 24, 2026, 12:00:00 AM",1
2000146,The Zleep Hotel Chonburi,"Aug 16, 2026, 12:00:00 AM",1
4884349,Livist Resort Phetchabun,"Jul 24, 2026, 12:00:00 AM",2
4920292,O.K. Resort Banpong Ratchaburi,"Jul 10, 2026, 12:00:00 AM",3
2007026,The Vista Hotel By Satit Group,"Aug 19, 2026, 12:00:00 AM",1
4921194,The Neuf Ratchada,"Aug 2, 2026, 12:00:00 AM",3
372,Centre Point Hotel Sukhumvit 10,"Sep 16, 2026, 12:00:00 AM",1
5101146,Kastel Bangkok Hotel,"Jul 20, 2026, 12:00:00 AM",2
4921145,Travelodge Nimman,"Aug 10, 2026, 12:00:00 AM",1
21378,Hug Nimman Hotel Chiang Mai,"Jul 24, 2026, 12:00:00 AM",4
63676,Loft Mania Boutique Hotel,"Aug 2, 2026, 12:00:00 AM",1
42984,Hampton Inn & Suites LAX El Segundo,"Jul 14, 2026, 12:00:00 AM",1
177896,Stay with Nimman Chiang Mai,"Aug 26, 2026, 12:00:00 AM",1
5102188,Phetara Hotel Mahachai by PCL,"Jul 6, 2026, 12:00:00 AM",3
317,Avana Hotel and Convention Center,"Jul 10, 2026, 12:00:00 AM",5
43897,Roma Hotel Khonkaen,"Jul 18, 2026, 12:00:00 AM",5
22104,Phuketa Hotel,"Sep 5, 2026, 12:00:00 AM",2
5102110,Naiyarat Apartment,"Jul 21, 2026, 12:00:00 AM",1
63676,Loft Mania Boutique Hotel,"Jul 31, 2026, 12:00:00 AM",4
25150,J.P. Emerald Hotel Yasothon,"Jul 28, 2026, 12:00:00 AM",1
4988854,PLAAI Plus Hotel Bowin,"Jul 12, 2026, 12:00:00 AM",1
4884620,The Charlotte Smart Hotel Lopburi,"Jul 12, 2026, 12:00:00 AM",1
2000216,The Room Hotel Kamphaengphet,"Aug 1, 2026, 12:00:00 AM",2
4543019,Moose Hotel Chiangmai,"Dec 19, 2026, 12:00:00 AM",1
1875,First Residence Samui,"Aug 9, 2026, 12:00:00 AM",1
4920366,Travelodge Phuket Town,"Jul 19, 2026, 12:00:00 AM",1
43851,Prime Time Hotel Bang Saen,"Jul 25, 2026, 12:00:00 AM",2
4890153,JB Place Hotel Ban Phaeng,"Jul 28, 2026, 12:00:00 AM",3
4920728,HOTEL MUQ,"Jul 27, 2026, 12:00:00 AM",3
63444,M2 Hotel Phayao,"Aug 12, 2026, 12:00:00 AM",1
63697,JK Living Hotel and Service Apartment,"Jul 28, 2026, 12:00:00 AM",1
4921121,Sleep hotel Chachoengsao,"Jul 21, 2026, 12:00:00 AM",1
611,Imm Thaphae Chiang Mai Hotel,"Jul 5, 2026, 12:00:00 AM",1
5102452,Marquis Hotel,"Jul 11, 2026, 12:00:00 AM",4
181497,Martina Hotel Surin,"Jul 20, 2026, 12:00:00 AM",1
22349,Welcome World Beachfront Resort & Spa,"Aug 15, 2026, 12:00:00 AM",3
63676,Loft Mania Boutique Hotel,"Jul 8, 2026, 12:00:00 AM",2
4915580,Top inn Hotel Mahasarakham,"Nov 19, 2026, 12:00:00 AM",2
4920962,Baan Suwanna Khon Kaen,"Jul 4, 2026, 12:00:00 AM",5
4490199,Heritage Tropical Resort @ Muang Nakhon,"Sep 8, 2026, 12:00:00 AM",5
43574,The River Hotel Nakhonphanom,"Sep 6, 2026, 12:00:00 AM",1
3014271,Palm Sweet Resort,"Jul 25, 2026, 12:00:00 AM",2
4921032,The Pride Hotel Phitsanulok,"Aug 24, 2026, 12:00:00 AM",1
5101041,GOOD Nakhonsawan,"Jul 26, 2026, 12:00:00 AM",5
675,Cross Vibe Chiang Mai Decem Hotel,"Jul 20, 2026, 12:00:00 AM",2
181609,Green Hotel & Resort Khon Kaen,"Aug 4, 2026, 12:00:00 AM",1
63406,G2 Hotel Group,"Jul 21, 2026, 12:00:00 AM",2
63697,JK Living Hotel and Service Apartment,"Sep 5, 2026, 12:00:00 AM",5
25149,Fortune View Kong Nakhon Phanom,"Jul 26, 2026, 12:00:00 AM",4
63676,Loft Mania Boutique Hotel,"Jul 11, 2026, 12:00:00 AM",5
21970,Kasemsarn Hotel Chanthaburi,"Jul 8, 2026, 12:00:00 AM",1
4933170,C Hotel Bangna,"Sep 4, 2026, 12:00:00 AM",2
63461,Phutawan Kan Resort,"Dec 19, 2026, 12:00:00 AM",4
4883863,R2 Hotel Nakhon Phanom,"Jul 31, 2026, 12:00:00 AM",2
4920737,The Bedrooms Maeklong Hotel and Serviced Apartment,"Sep 5, 2026, 12:00:00 AM",1
59,Hotel Indigo Bangkok Wireless Road By IHG,"Jul 12, 2026, 12:00:00 AM",1
22188,The Park Residence,"Aug 7, 2026, 12:00:00 AM",1
183688,DK Grand Chanthaburi Hotel,"Aug 31, 2026, 12:00:00 AM",1
4948519,AVA Hotel,"Jul 15, 2026, 12:00:00 AM",1
4920686,Mayuu Ayutthaya Hotel,"Jul 13, 2026, 12:00:00 AM",3
4884213,Benjaphorn Grandview Hotel,"Jul 14, 2026, 12:00:00 AM",1
79,Ratchada Point Hotel,"Jul 16, 2026, 12:00:00 AM",1
65581,Anna Nava Pakkret Hotel,"Aug 30, 2026, 12:00:00 AM",4
232,FX Hotel Metrolink Makkasan,"Sep 4, 2026, 12:00:00 AM",1
5101146,Kastel Bangkok Hotel,"Jul 24, 2026, 12:00:00 AM",2
5101972,GO Hotel Bangkok Suvarnabhumi Airport,"Jul 14, 2026, 12:00:00 AM",3
4921194,The Neuf Ratchada,"Aug 6, 2026, 12:00:00 AM",1
4921194,The Neuf Ratchada,"Dec 21, 2026, 12:00:00 AM",1
63762,Ratana Hotel Sakdidet,"Jul 6, 2026, 12:00:00 AM",1
182,Furama Silom Bangkok,"Sep 4, 2026, 12:00:00 AM",1
63666,Mandy Nok Hotel,"Jul 25, 2026, 12:00:00 AM",3
455,The Heritage Silom Hotel,"Jan 1, 2027, 12:00:00 AM",2
4854509,Heaven Hotel Chachoengsao,"Sep 5, 2026, 12:00:00 AM",4
43948,VILLA'S DAY Phitsanulok,"Jul 13, 2026, 12:00:00 AM",1
181563,L Nimman Boutique Hotel,"Nov 28, 2026, 12:00:00 AM",2
2011259,S Bangkok Navamin,"Jul 31, 2026, 12:00:00 AM",1
4884615,Top Residence Surat Thani,"Jul 22, 2026, 12:00:00 AM",1
4398317,Montana Songkla,"Oct 14, 2026, 12:00:00 AM",1
4738,Mayflower Grande Hotel Nimman,"Jul 24, 2026, 12:00:00 AM",4
183609,The Square Rayong,"Jul 22, 2026, 12:00:00 AM",1
181563,L Nimman Boutique Hotel,"Sep 4, 2026, 12:00:00 AM",2
2091,Crystal Hotel Hat Yai,"Aug 29, 2026, 12:00:00 AM",2
2004950,Khao Rang Place,"Aug 2, 2026, 12:00:00 AM",1
63795,Maison de Cheer,"Aug 18, 2026, 12:00:00 AM",1
4920686,Mayuu Ayutthaya Hotel,"Aug 2, 2026, 12:00:00 AM",4
675,Cross Vibe Chiang Mai Decem Hotel,"Jul 19, 2026, 12:00:00 AM",1
138072,J Park Hotel,"Aug 4, 2026, 12:00:00 AM",1
5101761,Journeyhub Sukhumvit 26 Bangkok,"Jul 29, 2026, 12:00:00 AM",1
302,Ambassador Bangkok,"Jul 14, 2026, 12:00:00 AM",1
4935476,Bluegelato House & Hostel,"Jul 25, 2026, 12:00:00 AM",1
4536036,T2 Ao Nang Krabi,"Jul 17, 2026, 12:00:00 AM",1
4920686,Mayuu Ayutthaya Hotel,"Jul 23, 2026, 12:00:00 AM",3
4936239,Kittrongvill Resort,"Jul 2, 2026, 12:00:00 AM",1
5060,Aster Hotel and Residence,"Jul 23, 2026, 12:00:00 AM",1
183069,Holiday Inn Express Bangkok Soi Soonvijai,"Aug 17, 2026, 12:00:00 AM",1
4887269,Home At 9,"Nov 18, 2026, 12:00:00 AM",2
4896922,Kiirin House Banpong,"Sep 1, 2026, 12:00:00 AM",2
5102560,Sugar Marina Hotel -POP- Kata Beach,"Aug 5, 2026, 12:00:00 AM",1
4918063,Thongchen Residence,"Jul 4, 2026, 12:00:00 AM",3
4640925,The Residence Hotel,"Jul 21, 2026, 12:00:00 AM",1
182835,Nadee 10 Resort & Hotel,"Nov 22, 2026, 12:00:00 AM",1
4883872,The Chess hotel,"Jul 28, 2026, 12:00:00 AM",2
4884439,Paradox Bangkok Sukhumvit,"Jul 29, 2026, 12:00:00 AM",1
183078,The 28th Hotel,"Aug 14, 2026, 12:00:00 AM",2
2000059,Tak Andaman Resort & Hotel,"Sep 17, 2026, 12:00:00 AM",1
4915665,The Seaport Mahachai,"Jul 20, 2026, 12:00:00 AM",1
4920686,Mayuu Ayutthaya Hotel,"Nov 21, 2026, 12:00:00 AM",4
4868069,T Park Pakchong,"Jul 28, 2026, 12:00:00 AM",2
4918110,101 Hotel Roi Et,"Jul 19, 2026, 12:00:00 AM",3
2091,Crystal Hotel Hat Yai,"Jul 18, 2026, 12:00:00 AM",4
2000181,Tamsabai Hotel,"Jul 26, 2026, 12:00:00 AM",4
137898,BR Grand Hotel Hatyai,"Sep 18, 2026, 12:00:00 AM",1
4935227,Nysa Hotel Bangkok,"Aug 22, 2026, 12:00:00 AM",1
522,Club Mahindra Mac Boutique Hotel,"Jul 14, 2026, 12:00:00 AM",2
5101096,RoomQuest SPS Hotel and Residence,"Oct 30, 2026, 12:00:00 AM",2
824,Sugar Marina Resort - ART - Karon Beach,"Sep 11, 2026, 12:00:00 AM",1
4932707,SILQ Hotel and Residence,"Jul 25, 2026, 12:00:00 AM",1
65581,Anna Nava Pakkret Hotel,"Oct 24, 2026, 12:00:00 AM",3
4920701,Glory Wabi Sabi Hotel,"Aug 4, 2026, 12:00:00 AM",1
4854509,Heaven Hotel Chachoengsao,"Aug 21, 2026, 12:00:00 AM",1
2003274,Dang Ky Ploen Tharnnam Resort,"Jul 7, 2026, 12:00:00 AM",2
2011731,Icon Park Hotel Chiang Mai,"Jul 28, 2026, 12:00:00 AM",1
181563,L Nimman Boutique Hotel,"Aug 14, 2026, 12:00:00 AM",2
2009950,Suntria Hotel Pattaya,"Jul 23, 2026, 12:00:00 AM",1
4795622,SJ Miracle hotel Hatyai,"Jul 27, 2026, 12:00:00 AM",1
5102570,Sugar Marina Resort -LAGOON VILLAS- Naiyang Beach,"Jul 19, 2026, 12:00:00 AM",2
2007470,The Smart Hotel Hatyai,"Aug 9, 2026, 12:00:00 AM",2
4920796,Yothikran Place,"Jul 15, 2026, 12:00:00 AM",2
2000216,The Room Hotel Kamphaengphet,"Jul 5, 2026, 12:00:00 AM",4
2006352,@115 By Rompo Mansion,"Aug 11, 2026, 12:00:00 AM",1
455,The Heritage Silom Hotel,"Jul 10, 2026, 12:00:00 AM",3
941,Chanalai Garden Resort,"Aug 15, 2026, 12:00:00 AM",1
1514,Windmill Resort Hotel,"Jul 24, 2026, 12:00:00 AM",2
4921347,S. Sriracha Hotel and Residence,"Dec 1, 2026, 12:00:00 AM",1
63739,Tonwa Resort,"Jul 26, 2026, 12:00:00 AM",2
43636,A Plus Hotel Ubonratchathani,"Jul 25, 2026, 12:00:00 AM",3
182,Furama Silom Bangkok,"Oct 19, 2026, 12:00:00 AM",2
4849575,L2 Hotel,"Aug 14, 2026, 12:00:00 AM",2
181563,L Nimman Boutique Hotel,"Aug 18, 2026, 12:00:00 AM",2
4774113,The Nine Mansion,"Jul 21, 2026, 12:00:00 AM",1
4804986,M Grand Hotel Roi Et,"Aug 14, 2026, 12:00:00 AM",2
5101640,Bear & Bird Hotel,"Jul 30, 2026, 12:00:00 AM",4
4883849,My Gardens Hotel,"Sep 17, 2026, 12:00:00 AM",1
2091,Crystal Hotel Hat Yai,"Sep 1, 2026, 12:00:00 AM",1
4921097,JB Grand Park Resort,"Jul 25, 2026, 12:00:00 AM",3
22189,The Heritage Pattaya Beachfront Resort,"Aug 14, 2026, 12:00:00 AM",2
5101966,Aspira Central Patong Hotel,"Sep 15, 2026, 12:00:00 AM",1
1369,Charoen Thani Khon Kean,"Jul 13, 2026, 12:00:00 AM",1
181563,L Nimman Boutique Hotel,"Nov 3, 2026, 12:00:00 AM",1
63638,Trat Center Hotel,"Jul 24, 2026, 12:00:00 AM",1
182814,Tho Mai Resort,"Aug 7, 2026, 12:00:00 AM",4
46,Chiva Bangkok Hotel,"Jul 14, 2026, 12:00:00 AM",1
1621,Awa Resort Koh Chang,"Sep 11, 2026, 12:00:00 AM",1
137995,Blu Monkey Hub & Hotel Phuket,"Aug 19, 2026, 12:00:00 AM",1
4533067,Romruedee Resort,"Jul 17, 2026, 12:00:00 AM",1
579,Royal Panerai Hotel Chiangmai,"Aug 10, 2026, 12:00:00 AM",1
43850,Ratchaphruek Pavilion,"Aug 7, 2026, 12:00:00 AM",4
4996599,Lalynn Resort,"Jul 27, 2026, 12:00:00 AM",3
5102064,Louis Residence Hotel,"Oct 7, 2026, 12:00:00 AM",2
4915585,Huern Kan Thong Hotel,"Aug 14, 2026, 12:00:00 AM",2
4536681,J2 Residence Chiang Rai,"Jul 24, 2026, 12:00:00 AM",2
4920826,Double J Hotel Chiang Mai,"Aug 15, 2026, 12:00:00 AM",1
5102449,Wish Resident Ubonratchathani,"Jul 24, 2026, 12:00:00 AM",2
4933460,Aownoi Bay Resort,"Jul 26, 2026, 12:00:00 AM",1
4930824,ONE Hotel Navanakorn,"Jul 18, 2026, 12:00:00 AM",2
4915580,Top inn Hotel Mahasarakham,"Oct 23, 2026, 12:00:00 AM",1
4884439,Paradox Bangkok Sukhumvit,"Jul 18, 2026, 12:00:00 AM",2
4885023,Conbrio Resort & Sport Club,"Jul 20, 2026, 12:00:00 AM",2
152374,Orchid Riverview Hotel,"Oct 25, 2026, 12:00:00 AM",2
4918075,K2 Green Kanchanaburi,"Jul 11, 2026, 12:00:00 AM",4
181623,Rio Monte Residence,"Jul 11, 2026, 12:00:00 AM",1
4921450,Phuket Emerald Beach Resort,"Oct 2, 2026, 12:00:00 AM",1
4921145,Travelodge Nimman,"Aug 7, 2026, 12:00:00 AM",1
2007119,Chateau de bear Nakhonsawan,"Aug 4, 2026, 12:00:00 AM",1
181551,Charisma Residence,"Dec 14, 2026, 12:00:00 AM",1
4885023,Conbrio Resort & Sport Club,"Jul 8, 2026, 12:00:00 AM",2
4887269,Home At 9,"Nov 28, 2026, 12:00:00 AM",2
2000041,Rattanachol Hotel,"Aug 4, 2026, 12:00:00 AM",1
4921121,Sleep hotel Chachoengsao,"Jul 24, 2026, 12:00:00 AM",2
1371,Glacier Hotel Khon Kaen,"Aug 4, 2026, 12:00:00 AM",1
2091,Crystal Hotel Hat Yai,"Aug 23, 2026, 12:00:00 AM",2
65655,Tai Shan Suites,"Jul 23, 2026, 12:00:00 AM",1
4516608,Suanmaithara Resort and Spa,"Jul 23, 2026, 12:00:00 AM",2
4932707,SILQ Hotel and Residence,"Aug 11, 2026, 12:00:00 AM",2
2091,Crystal Hotel Hat Yai,"Sep 18, 2026, 12:00:00 AM",1
2009386,Baan Bangsarey Hotels,"Jul 5, 2026, 12:00:00 AM",2
496,TUI BLUE Maduzi Hotel Bangkok,"Aug 12, 2026, 12:00:00 AM",1
4921129,Wellington Hotel Prachuapkhirikhan,"Jul 29, 2026, 12:00:00 AM",2
4921042,GO Hotel Bowin at Robinson Lifestyle,"Jul 11, 2026, 12:00:00 AM",1
496,TUI BLUE Maduzi Hotel Bangkok,"Aug 15, 2026, 12:00:00 AM",1
5101432,Mintra Apartel,"Jul 20, 2026, 12:00:00 AM",1
25124,Phanthong Hotel,"Aug 29, 2026, 12:00:00 AM",2
4890153,JB Place Hotel Ban Phaeng,"Dec 27, 2026, 12:00:00 AM",2
2010773,Wellness Residence Chiang Mai,"Jul 2, 2026, 12:00:00 AM",1
183069,Holiday Inn Express Bangkok Soi Soonvijai,"Aug 25, 2026, 12:00:00 AM",2
4933324,Goose Living,"Jul 17, 2026, 12:00:00 AM",1
43886,Prachuap Beach Hotel,"Jul 8, 2026, 12:00:00 AM",1
183309,Moai Coffee Udonthani,"Jul 16, 2026, 12:00:00 AM",1
181632,The Museum Hotel Nakhon Pathom,"Jul 17, 2026, 12:00:00 AM",4
4920686,Mayuu Ayutthaya Hotel,"Jul 22, 2026, 12:00:00 AM",4
65661,Mantra Varee Hotel,"Aug 6, 2026, 12:00:00 AM",1
4920686,Mayuu Ayutthaya Hotel,"Aug 24, 2026, 12:00:00 AM",2
675,Cross Vibe Chiang Mai Decem Hotel,"Oct 20, 2026, 12:00:00 AM",1
138054,Nithra Ratree Hotel,"Aug 31, 2026, 12:00:00 AM",1
4914009,Hotel Scarlett,"Aug 7, 2026, 12:00:00 AM",2
2000105,Aspira One Sutthisan Hotel,"Jul 30, 2026, 12:00:00 AM",1
4884439,Paradox Bangkok Sukhumvit,"Aug 3, 2026, 12:00:00 AM",1
25158,The Proud Exclusive Hotel,"Jul 25, 2026, 12:00:00 AM",4
4921194,The Neuf Ratchada,"Jul 24, 2026, 12:00:00 AM",2
4884544,Rangsit Residence,"Jul 18, 2026, 12:00:00 AM",1
1772,The Imperial Hotel and Convention Centre Phitsanulok,"Jul 22, 2026, 12:00:00 AM",1
5101146,Kastel Bangkok Hotel,"Jul 15, 2026, 12:00:00 AM",3
4921213,Chatrium Grand Bangkok,"Nov 22, 2026, 12:00:00 AM",1
1844,Sunee Grand Hotel,"Oct 27, 2026, 12:00:00 AM",2
4543066,Smile Park Hotel,"Jul 13, 2026, 12:00:00 AM",1
23839,Phanomrungpuri Hotel Nangrong,"Jul 9, 2026, 12:00:00 AM",1
182835,Nadee 10 Resort & Hotel,"Sep 8, 2026, 12:00:00 AM",1
177901,Arden Hotel and Residence,"Oct 1, 2026, 12:00:00 AM",1
263,NH Bangkok Sukhumvit Boulevard,"Jul 17, 2026, 12:00:00 AM",1
4723,Sugar Marina Hotel-AVIATOR-Phuket Airport,"Dec 18, 2026, 12:00:00 AM",2
4920622,Laguna Grand Hotel & Spa Songkhla,"Aug 23, 2026, 12:00:00 AM",1
4921453,Goodday Hotel Khon Kaen,"Aug 17, 2026, 12:00:00 AM",1
5101761,Journeyhub Sukhumvit 26 Bangkok,"Oct 22, 2026, 12:00:00 AM",1
2000174,Malinee Hotel,"Jul 6, 2026, 12:00:00 AM",1
4920686,Mayuu Ayutthaya Hotel,"Jul 26, 2026, 12:00:00 AM",4
1999,Samui Verticolor,"Jul 8, 2026, 12:00:00 AM",1
5101177,Indigo Hotel Hatyai,"Jul 30, 2026, 12:00:00 AM",2
63652,Belleville Hotel Phetchabun,"Jul 26, 2026, 12:00:00 AM",2
25158,The Proud Exclusive Hotel,"Jul 9, 2026, 12:00:00 AM",2
2011510,Amman Unique Hotel Udonthani,"Aug 7, 2026, 12:00:00 AM",2
5102355,The Akyra Bangkok 11,"Jul 16, 2026, 12:00:00 AM",2
1767,Ruean Phae Royal Park Hotel,"Jul 18, 2026, 12:00:00 AM",2
63574,The Nest Hotel Phichit,"Jul 9, 2026, 12:00:00 AM",4
5101714,G9 Hotel Kanchanaburi,"Jul 26, 2026, 12:00:00 AM",4
4920860,The Garden Home Resort Suphan Buri,"Jul 3, 2026, 12:00:00 AM",2
4921378,Tonfern Hotel Khonkaen,"Jul 25, 2026, 12:00:00 AM",4
2091,Crystal Hotel Hat Yai,"Aug 8, 2026, 12:00:00 AM",3
181563,L Nimman Boutique Hotel,"Dec 3, 2026, 12:00:00 AM",1
2000046,PS Resort Hatyai,"Oct 15, 2026, 12:00:00 AM",2
22349,Welcome World Beachfront Resort & Spa,"Jul 25, 2026, 12:00:00 AM",3
181563,L Nimman Boutique Hotel,"Dec 4, 2026, 12:00:00 AM",1
4920292,O.K. Resort Banpong Ratchaburi,"Jul 21, 2026, 12:00:00 AM",1
25158,The Proud Exclusive Hotel,"Jul 24, 2026, 12:00:00 AM",4
461,Furamaxclusive Asoke Bangkok,"Sep 30, 2026, 12:00:00 AM",1
180822,Zak Residence,"Jul 28, 2026, 12:00:00 AM",1
63676,Loft Mania Boutique Hotel,"Jul 25, 2026, 12:00:00 AM",4
5096962,Holiday Cottage Chiang Mai Old Town,"Aug 2, 2026, 12:00:00 AM",1
182853,Basaya Laemchabang,"Jul 6, 2026, 12:00:00 AM",1
2000105,Aspira One Sutthisan Hotel,"Aug 3, 2026, 12:00:00 AM",1
21421,Siam Tara Palace Hotel,"Aug 20, 2026, 12:00:00 AM",1
2091,Crystal Hotel Hat Yai,"Jul 17, 2026, 12:00:00 AM",4
65581,Anna Nava Pakkret Hotel,"Oct 23, 2026, 12:00:00 AM",2
63626,Baan Phor Phan Hotel,"Jul 25, 2026, 12:00:00 AM",3
5101096,RoomQuest SPS Hotel and Residence,"Oct 31, 2026, 12:00:00 AM",3
21582,Alexander Hotel,"Dec 3, 2026, 12:00:00 AM",4
4884787,Ananzitra Hotel,"Aug 4, 2026, 12:00:00 AM",2
4920836,SR Grand Hotel Chiang Mai,"Jul 28, 2026, 12:00:00 AM",2
5101185,Himtong Coffee and Resort,"Jul 26, 2026, 12:00:00 AM",4
4921194,The Neuf Ratchada,"Aug 28, 2026, 12:00:00 AM",2
4884392,Greenway Resort,"Jul 19, 2026, 12:00:00 AM",1
182993,Star Convention Hotel Rayong,"Aug 23, 2026, 12:00:00 AM",1
181648,Sp & K Apartment,"Sep 8, 2026, 12:00:00 AM",3
1621,Awa Resort Koh Chang,"Jul 29, 2026, 12:00:00 AM",1
5070993,Diary Suite Korat,"Jul 24, 2026, 12:00:00 AM",1
43684,Metro Hotel & Spa,"Dec 15, 2026, 12:00:00 AM",4
62,Studio Nana by iCheck inn,"Jul 24, 2026, 12:00:00 AM",1
4606456,S.P. Garden Mansion,"Jul 9, 2026, 12:00:00 AM",1
4884898,Sichon Goodwill,"Jul 27, 2026, 12:00:00 AM",2
5101146,Kastel Bangkok Hotel,"Jul 25, 2026, 12:00:00 AM",1
21435,Dara Hotel Phuket,"Oct 1, 2026, 12:00:00 AM",1
1395,Twin Lotus Hotel Nakhon Si Thammarat,"Sep 8, 2026, 12:00:00 AM",3
4862770,Casa Coco Hotel,"Jul 13, 2026, 12:00:00 AM",1
1999,Samui Verticolor,"Aug 7, 2026, 12:00:00 AM",1
4921194,The Neuf Ratchada,"Aug 5, 2026, 12:00:00 AM",2
4933567,Z&Z Resort,"Jul 19, 2026, 12:00:00 AM",2
2000265,The Journey Hotel Bangna,"Aug 5, 2026, 12:00:00 AM",1
63707,Space59 Hotel,"Aug 20, 2026, 12:00:00 AM",2
4920973,VELA Dhi Nakhon Phanom,"Aug 1, 2026, 12:00:00 AM",4
408,Citadines Sukhumvit 16 Bangkok,"Jul 16, 2026, 12:00:00 AM",1
2000277,Bang Wua Garden Resort,"Jul 14, 2026, 12:00:00 AM",1
2007725,Rider bedroom hostel and cafe,"Jul 25, 2026, 12:00:00 AM",2
5102452,Marquis Hotel,"Jul 7, 2026, 12:00:00 AM",2
22104,Phuketa Hotel,"Sep 4, 2026, 12:00:00 AM",1
2004219,Hisoplace Hotel,"Aug 14, 2026, 12:00:00 AM",2
43574,The River Hotel Nakhonphanom,"Dec 27, 2026, 12:00:00 AM",3
183170,Chanthaburi Center Hotel,"Jul 8, 2026, 12:00:00 AM",1
2007026,The Vista Hotel By Satit Group,"Jul 3, 2026, 12:00:00 AM",1
4933723,Crystal Srivaree Suvarnabhumi Hotel,"Jul 24, 2026, 12:00:00 AM",1
43636,A Plus Hotel Ubonratchathani,"Jul 24, 2026, 12:00:00 AM",3
4848992,Xotel,"Aug 14, 2026, 12:00:00 AM",3
2012150,The C hotel Amnatcharoen,"Jul 5, 2026, 12:00:00 AM",1
181454,WeRest Hotel,"Jul 17, 2026, 12:00:00 AM",2
5101146,Kastel Bangkok Hotel,"Jul 26, 2026, 12:00:00 AM",3
4915675,The Gold Living Life,"Jul 17, 2026, 12:00:00 AM",1
182,Furama Silom Bangkok,"Aug 6, 2026, 12:00:00 AM",1
4935444,888 Resort,"Jul 13, 2026, 12:00:00 AM",1
4525878,Rangsiya Boutique Hotel,"Jul 28, 2026, 12:00:00 AM",3
5101146,Kastel Bangkok Hotel,"Jul 17, 2026, 12:00:00 AM",2
183668,North Inn Town Hotel,"Dec 29, 2026, 12:00:00 AM",2
4738,Mayflower Grande Hotel Nimman,"Jul 11, 2026, 12:00:00 AM",3
177901,Arden Hotel and Residence,"Jul 16, 2026, 12:00:00 AM",1
152869,Kilintra Residence,"Jul 25, 2026, 12:00:00 AM",3
4901456,PLAAI Plus Hotel Rayong,"Jul 3, 2026, 12:00:00 AM",4
21230,Faikid Amnat Charoen Hotel,"Jul 13, 2026, 12:00:00 AM",2
2010883,Neca Reiche Hotel,"Oct 21, 2026, 12:00:00 AM",2
4543019,Moose Hotel Chiangmai,"Aug 7, 2026, 12:00:00 AM",1
5102047,Kiree River Hotel,"Jul 26, 2026, 12:00:00 AM",4
2000263,Non C Park Hotel,"Jul 25, 2026, 12:00:00 AM",2
675,Cross Vibe Chiang Mai Decem Hotel,"Aug 2, 2026, 12:00:00 AM",1
4921150,JS Hotel,"Jul 6, 2026, 12:00:00 AM",1
675,Cross Vibe Chiang Mai Decem Hotel,"Oct 15, 2026, 12:00:00 AM",2
25131,R1 Nimman Hotel Chiangmai,"Jul 27, 2026, 12:00:00 AM",2
517,P2 Boutique Hotel,"Jul 10, 2026, 12:00:00 AM",1
63574,The Nest Hotel Phichit,"Jul 20, 2026, 12:00:00 AM",3
21378,Hug Nimman Hotel Chiang Mai,"Aug 12, 2026, 12:00:00 AM",2
43850,Ratchaphruek Pavilion,"Aug 19, 2026, 12:00:00 AM",1
4528906,Blue Lagoon Hotel,"Nov 19, 2026, 12:00:00 AM",1
5101089,Hatyai Midtown Hotel,"Aug 9, 2026, 12:00:00 AM",1
2008893,The Pride Salaya,"Sep 4, 2026, 12:00:00 AM",2
4921194,The Neuf Ratchada,"Nov 27, 2026, 12:00:00 AM",2
4920890,The Finn Hotel,"Aug 14, 2026, 12:00:00 AM",2
137926,Feel@Home Place,"Jul 4, 2026, 12:00:00 AM",4
4932284,Alto Hotel M - Maesot,"Jul 8, 2026, 12:00:00 AM",2
1875,First Residence Samui,"Aug 21, 2026, 12:00:00 AM",1
183668,North Inn Town Hotel,"Nov 28, 2026, 12:00:00 AM",2
21435,Dara Hotel Phuket,"Jul 20, 2026, 12:00:00 AM",1
4204497,Aen Guy Boutique Hotel,"Jul 16, 2026, 12:00:00 AM",2
22359,Le Cassia Hotel,"Jul 10, 2026, 12:00:00 AM",2
4922703,GO Hotel Si Racha at Central Si Racha,"Aug 8, 2026, 12:00:00 AM",4
63692,C.S. Pattani Hotel,"Jul 15, 2026, 12:00:00 AM",2
4884643,Fun Hotel Rayong,"Aug 25, 2026, 12:00:00 AM",2
63840,Le Park Hotel Thung Song,"Jul 13, 2026, 12:00:00 AM",1
174257,The Charm Boutique Resort,"Jul 25, 2026, 12:00:00 AM",4
4921261,My House Mueang Phrae,"Jul 20, 2026, 12:00:00 AM",1
4922778,Hotel Midtown Ratsada,"Oct 16, 2026, 12:00:00 AM",2
182835,Nadee 10 Resort & Hotel,"Aug 14, 2026, 12:00:00 AM",1
4921194,The Neuf Ratchada,"Nov 13, 2026, 12:00:00 AM",1
4543018,Dee Jai Hotel,"Jul 3, 2026, 12:00:00 AM",1
1621,Awa Resort Koh Chang,"Sep 25, 2026, 12:00:00 AM",1
2056,Krungsri River Hotel,"Jul 25, 2026, 12:00:00 AM",1
183414,Clover Hotel Hatyai,"Dec 29, 2026, 12:00:00 AM",1
2000181,Tamsabai Hotel,"Jul 6, 2026, 12:00:00 AM",1
675,Cross Vibe Chiang Mai Decem Hotel,"Aug 4, 2026, 12:00:00 AM",1
4977985,The Square Hotel Nakhon Phanom,"Jul 25, 2026, 12:00:00 AM",1
2006010,The Xtreme Suites Hotel,"Jul 15, 2026, 12:00:00 AM",1
5102449,Wish Resident Ubonratchathani,"Jul 6, 2026, 12:00:00 AM",1
5096962,Holiday Cottage Chiang Mai Old Town,"Jul 30, 2026, 12:00:00 AM",1
183429,Winhouse Nan,"Oct 31, 2026, 12:00:00 AM",3
63314,At Muangploy Resort,"Aug 13, 2026, 12:00:00 AM",1
1762,The Park Hotel Phitsanulok,"Jul 20, 2026, 12:00:00 AM",1
63634,The Farm House Hotel,"Jul 27, 2026, 12:00:00 AM",3
43599,Brown House Hotel Udonthani,"Dec 17, 2026, 12:00:00 AM",1
182,Furama Silom Bangkok,"Aug 7, 2026, 12:00:00 AM",1
4884190,Dee Hotel Phayao,"Jul 13, 2026, 12:00:00 AM",2
305,Pinnacle Lumpinee Park Hotel,"Jul 24, 2026, 12:00:00 AM",1
263,NH Bangkok Sukhumvit Boulevard,"Dec 9, 2026, 12:00:00 AM",1
4921213,Chatrium Grand Bangkok,"Oct 25, 2026, 12:00:00 AM",1
5101761,Journeyhub Sukhumvit 26 Bangkok,"Aug 28, 2026, 12:00:00 AM",1
4884434,KOS Hotel Suvarnabhumi Airport,"Sep 18, 2026, 12:00:00 AM",1
5101041,GOOD Nakhonsawan,"Jul 24, 2026, 12:00:00 AM",3
25149,Fortune View Kong Nakhon Phanom,"Aug 8, 2026, 12:00:00 AM",1
5102355,The Akyra Bangkok 11,"Jul 20, 2026, 12:00:00 AM",1
5101906,Kokotel Rayong Beachfront,"Jul 29, 2026, 12:00:00 AM",2
1844,Sunee Grand Hotel,"Sep 19, 2026, 12:00:00 AM",1
207,Tonaor Place Bangkok,"Jul 18, 2026, 12:00:00 AM",1
5101640,Bear & Bird Hotel,"Jul 18, 2026, 12:00:00 AM",3
183058,Morakot Hotel Chumphon,"Jul 20, 2026, 12:00:00 AM",1
5102466,Fuji sang Hotel Nakhon Si Thammarat,"Jul 25, 2026, 12:00:00 AM",2
4920366,Travelodge Phuket Town,"Jul 3, 2026, 12:00:00 AM",1
63692,C.S. Pattani Hotel,"Jul 26, 2026, 12:00:00 AM",2
503,The Victory Executive Residences,"Aug 20, 2026, 12:00:00 AM",1
1655,Mida Resort Kanchanaburi,"Jul 28, 2026, 12:00:00 AM",3
2005749,Herry Residence,"Dec 3, 2026, 12:00:00 AM",1
183647,White House Hotel Tak,"Sep 18, 2026, 12:00:00 AM",1
4988854,PLAAI Plus Hotel Bowin,"Jul 30, 2026, 12:00:00 AM",1
4884544,Rangsit Residence,"Oct 31, 2026, 12:00:00 AM",3
63676,Loft Mania Boutique Hotel,"Jul 18, 2026, 12:00:00 AM",1
5101042,Sany Resort Dong Khui Phetchabun,"Jul 6, 2026, 12:00:00 AM",2
4581,Prajaktra City Hostel,"Jul 17, 2026, 12:00:00 AM",2
152380,Krit Place,"Oct 8, 2026, 12:00:00 AM",2
4920701,Glory Wabi Sabi Hotel,"Jul 27, 2026, 12:00:00 AM",1
2008893,The Pride Salaya,"Jul 27, 2026, 12:00:00 AM",1
4915645,Metro Ratchada 36,"Aug 22, 2026, 12:00:00 AM",2
4921064,PT Grand Hotel,"Jul 15, 2026, 12:00:00 AM",1
43634,Sawairiang Place Apartment,"Jul 3, 2026, 12:00:00 AM",2
5101761,Journeyhub Sukhumvit 26 Bangkok,"Jul 28, 2026, 12:00:00 AM",1
21308,Suntara Wellness Resort and Hotel,"Jul 20, 2026, 12:00:00 AM",1
63574,The Nest Hotel Phichit,"Jul 22, 2026, 12:00:00 AM",2
503,The Victory Executive Residences,"Aug 2, 2026, 12:00:00 AM",1
2002270,Leelawadee Resort Sukhothai,"Jul 25, 2026, 12:00:00 AM",1
181024,DMa Hotel Khon Kaen,"Jul 6, 2026, 12:00:00 AM",1
4920363,Hotel MOCO Udon Thani,"Jul 26, 2026, 12:00:00 AM",3
5102466,Fuji sang Hotel Nakhon Si Thammarat,"Jul 18, 2026, 12:00:00 AM",3
182820,S.22 Hotel Suratthani,"Jul 31, 2026, 12:00:00 AM",2
5102646,Crystal Hotel Yasothon,"Jul 19, 2026, 12:00:00 AM",1
118,La Petite Salil Sukhumvit 11,"Jul 11, 2026, 12:00:00 AM",1
5101043,The Way Hotel Ban Pong,"Jul 14, 2026, 12:00:00 AM",1
183459,Puranakhon Hotel,"Sep 24, 2026, 12:00:00 AM",2
4287424,La Viva Hotel Buriram,"Sep 24, 2026, 12:00:00 AM",1
4920701,Glory Wabi Sabi Hotel,"Jul 23, 2026, 12:00:00 AM",1
2000216,The Room Hotel Kamphaengphet,"Jul 28, 2026, 12:00:00 AM",2
2000299,Morage Hotel Phitsanulok,"Jul 26, 2026, 12:00:00 AM",1
4890153,JB Place Hotel Ban Phaeng,"Jul 25, 2026, 12:00:00 AM",3
2003448,Sailom Premium Resort Det Udom,"Jul 28, 2026, 12:00:00 AM",2
2012009,I Residence Hotel Pathumthani,"Aug 5, 2026, 12:00:00 AM",1
182835,Nadee 10 Resort & Hotel,"Aug 4, 2026, 12:00:00 AM",1
1371,Glacier Hotel Khon Kaen,"Jul 18, 2026, 12:00:00 AM",3
182866,Ban P'Tor Resort,"Jul 28, 2026, 12:00:00 AM",2
138000,Suan Magmai Resort,"Jul 28, 2026, 12:00:00 AM",2
182835,Nadee 10 Resort & Hotel,"Oct 2, 2026, 12:00:00 AM",3
4772,Seeharaj Hotel Uttaradit,"Jul 14, 2026, 12:00:00 AM",1
182944,Socool Grand Hotel Nang Rong Buriram,"Jul 6, 2026, 12:00:00 AM",1
63686,The ICon 304 - C Building,"Jul 2, 2026, 12:00:00 AM",1
4885132,Neo Hotel Khonkaen,"Jul 13, 2026, 12:00:00 AM",1
4918047,Baan Kiita,"Jul 18, 2026, 12:00:00 AM",2
2012396,Aliz Hotel,"Aug 7, 2026, 12:00:00 AM",1
4918110,101 Hotel Roi Et,"Aug 19, 2026, 12:00:00 AM",2
4942047,The 29 Place,"Jul 22, 2026, 12:00:00 AM",3
4795622,SJ Miracle hotel Hatyai,"Jul 4, 2026, 12:00:00 AM",3
4896886,Baan Thamthong Lamnarai Resort,"Jul 11, 2026, 12:00:00 AM",3
429,La Petite Salil Sukhumvit 8,"Aug 13, 2026, 12:00:00 AM",1
138068,Alisa Hotel Krabi,"Jul 6, 2026, 12:00:00 AM",1
137898,BR Grand Hotel Hatyai,"Jul 28, 2026, 12:00:00 AM",2
5102339,Enrich Grand Hotel,"Jul 24, 2026, 12:00:00 AM",1
43829,Easy Hotel 1 Lamphun,"Jul 11, 2026, 12:00:00 AM",2
5102064,Louis Residence Hotel,"Jul 24, 2026, 12:00:00 AM",1
4988854,PLAAI Plus Hotel Bowin,"Aug 4, 2026, 12:00:00 AM",2
65508,Louis Tavern Hotel,"Aug 25, 2026, 12:00:00 AM",1
137991,Praso At Ratchada 12,"Jul 19, 2026, 12:00:00 AM",1
183409,Thaimit Resort,"Sep 4, 2026, 12:00:00 AM",3
64942,Pueanjai Resort And Resturant,"Jul 9, 2026, 12:00:00 AM",1
4921194,The Neuf Ratchada,"Aug 23, 2026, 12:00:00 AM",1
4884787,Ananzitra Hotel,"Jul 14, 2026, 12:00:00 AM",3
21378,Hug Nimman Hotel Chiang Mai,"Dec 3, 2026, 12:00:00 AM",1
25131,R1 Nimman Hotel Chiangmai,"Jul 28, 2026, 12:00:00 AM",2
2007026,The Vista Hotel By Satit Group,"Aug 17, 2026, 12:00:00 AM",1
2001054,Jasmine Resort Sriracha,"Jul 25, 2026, 12:00:00 AM",1
145,Hua Chang Heritage Hotel Bangkok,"Dec 30, 2026, 12:00:00 AM",1
824,Sugar Marina Resort - ART - Karon Beach,"Oct 13, 2026, 12:00:00 AM",1
5101058,The Navy House Hotel,"Jul 10, 2026, 12:00:00 AM",2
63840,Le Park Hotel Thung Song,"Aug 5, 2026, 12:00:00 AM",1
21378,Hug Nimman Hotel Chiang Mai,"Sep 29, 2026, 12:00:00 AM",1
4922688,iCheck inn Darisa Ngamwongwan,"Jul 10, 2026, 12:00:00 AM",1
4848992,Xotel,"Aug 8, 2026, 12:00:00 AM",1
5021799,The Brillianest Gallery Hotel Hatyai,"Aug 20, 2026, 12:00:00 AM",1
183154,Easy Hotel 2 Lamphun,"Jul 27, 2026, 12:00:00 AM",2
864,R-Mar Resort And Spa,"Dec 26, 2026, 12:00:00 AM",1
1368,Kosa Hotel Khon Kaen,"Jul 2, 2026, 12:00:00 AM",1
4920686,Mayuu Ayutthaya Hotel,"Jul 10, 2026, 12:00:00 AM",2
4921096,Suntree Residence Sakon Nakhon,"Jul 25, 2026, 12:00:00 AM",1
182835,Nadee 10 Resort & Hotel,"Jul 24, 2026, 12:00:00 AM",3
25115,BaanKhun Chiangmai Hotel,"Jul 30, 2026, 12:00:00 AM",3
183055,Chantra Hotel Sakaeo,"Jul 24, 2026, 12:00:00 AM",1
5101906,Kokotel Rayong Beachfront,"Jul 11, 2026, 12:00:00 AM",3
4920332,Wicket White Villa,"Jul 9, 2026, 12:00:00 AM",2
183359,At Sleep Nakhon Pathom,"Jul 5, 2026, 12:00:00 AM",2
4854509,Heaven Hotel Chachoengsao,"Jul 23, 2026, 12:00:00 AM",2
4920352,S3 Hua Hin Hotel,"Jul 20, 2026, 12:00:00 AM",1
4543116,Araya Hotel Uttaradit,"Jul 17, 2026, 12:00:00 AM",1
4204497,Aen Guy Boutique Hotel,"Jul 9, 2026, 12:00:00 AM",1
4920622,Laguna Grand Hotel & Spa Songkhla,"Jul 4, 2026, 12:00:00 AM",3
4922703,GO Hotel Si Racha at Central Si Racha,"Jul 17, 2026, 12:00:00 AM",3
4921194,The Neuf Ratchada,"Aug 9, 2026, 12:00:00 AM",2
5101980,P&B Hotel Nakhon Phanom,"Jul 27, 2026, 12:00:00 AM",1
4922687,We Resident Hotel,"Jul 25, 2026, 12:00:00 AM",1
232,FX Hotel Metrolink Makkasan,"Sep 26, 2026, 12:00:00 AM",2
4887269,Home At 9,"Nov 27, 2026, 12:00:00 AM",1
4738,Mayflower Grande Hotel Nimman,"Nov 20, 2026, 12:00:00 AM",1
4920363,Hotel MOCO Udon Thani,"Aug 14, 2026, 12:00:00 AM",1
4730,Xen Hotel Nakhon Pathom,"Jul 14, 2026, 12:00:00 AM",1
183163,Donchan Grand Hotel,"Nov 20, 2026, 12:00:00 AM",1
2000044,Maihom Resort Hotel Daowadung,"Jul 17, 2026, 12:00:00 AM",1
5101716,Coco Beach Hotel Jomtien,"Aug 6, 2026, 12:00:00 AM",1
4921090,AT Apartment,"Aug 30, 2026, 12:00:00 AM",2
387,Riverside Bangkok Hotel,"Aug 1, 2026, 12:00:00 AM",1
2000277,Bang Wua Garden Resort,"Jul 24, 2026, 12:00:00 AM",2
43668,Elite Residence Phitsanulok,"Jul 30, 2026, 12:00:00 AM",1
152939,Lake Terrace Resort,"Jul 24, 2026, 12:00:00 AM",1
4606472,Three Bays Resort,"Jul 26, 2026, 12:00:00 AM",1
5101640,Bear & Bird Hotel,"Dec 12, 2026, 12:00:00 AM",1
4887250,The Garden Resort Lopburi,"Jul 8, 2026, 12:00:00 AM",2
4948550,JIA HAUS Hotel Apartment,"Sep 25, 2026, 12:00:00 AM",1
1514,Windmill Resort Hotel,"Jul 22, 2026, 12:00:00 AM",3
522,Club Mahindra Mac Boutique Hotel,"Jul 29, 2026, 12:00:00 AM",3
152936,The Terminal Khon Kaen Hotel,"Jul 9, 2026, 12:00:00 AM",1
63571,Serene Residence,"Aug 8, 2026, 12:00:00 AM",1
25158,The Proud Exclusive Hotel,"Aug 9, 2026, 12:00:00 AM",1
5102355,The Akyra Bangkok 11,"Jul 30, 2026, 12:00:00 AM",1
43948,VILLA'S DAY Phitsanulok,"Jul 11, 2026, 12:00:00 AM",2
4945,Napatra Hotel Chiangmai,"Oct 14, 2026, 12:00:00 AM",1
4920753,Mintara Phetburi,"Jul 25, 2026, 12:00:00 AM",1
5101058,The Navy House Hotel,"Jul 26, 2026, 12:00:00 AM",3
2010883,Neca Reiche Hotel,"Aug 20, 2026, 12:00:00 AM",1
43886,Prachuap Beach Hotel,"Aug 19, 2026, 12:00:00 AM",1
43917,Win D Hotel,"Jul 4, 2026, 12:00:00 AM",3
4884439,Paradox Bangkok Sukhumvit,"Aug 14, 2026, 12:00:00 AM",1
941,Chanalai Garden Resort,"Sep 22, 2026, 12:00:00 AM",1
4920974,Pillow Inn Chachoengsao,"Jul 20, 2026, 12:00:00 AM",1
4804986,M Grand Hotel Roi Et,"Jul 10, 2026, 12:00:00 AM",1
22714,BP Samila Beach Hotel And Resort,"Aug 14, 2026, 12:00:00 AM",1
503,The Victory Executive Residences,"Aug 6, 2026, 12:00:00 AM",1
4920383,M Place Phan,"Jul 5, 2026, 12:00:00 AM",1
4862544,Mest Hotel,"Jul 11, 2026, 12:00:00 AM",2
232,FX Hotel Metrolink Makkasan,"Dec 6, 2026, 12:00:00 AM",3
712,Kiang Haad Beach Hua Hin,"Jul 25, 2026, 12:00:00 AM",1
5101058,The Navy House Hotel,"Aug 15, 2026, 12:00:00 AM",3
183609,The Square Rayong,"Jul 14, 2026, 12:00:00 AM",1
2002124,Central Place Hotel Rayong,"Jul 18, 2026, 12:00:00 AM",1
232,FX Hotel Metrolink Makkasan,"Aug 16, 2026, 12:00:00 AM",1
746,ibis Huahin,"Aug 6, 2026, 12:00:00 AM",1
4920701,Glory Wabi Sabi Hotel,"Aug 22, 2026, 12:00:00 AM",1
4862544,Mest Hotel,"Jul 17, 2026, 12:00:00 AM",2
4738,Mayflower Grande Hotel Nimman,"Dec 4, 2026, 12:00:00 AM",1
181635,Blue Rabbit Hotel Chanthaburi,"Jul 28, 2026, 12:00:00 AM",2
4077779,Chai Siri Park View Khon Kaen,"Jul 17, 2026, 12:00:00 AM",2
2004219,Hisoplace Hotel,"Jul 19, 2026, 12:00:00 AM",1
4920619,VST Punnawithi,"Jul 24, 2026, 12:00:00 AM",1
5101537,Kokotel Pattaya North Beach,"Jul 28, 2026, 12:00:00 AM",3
2009950,Suntria Hotel Pattaya,"Nov 21, 2026, 12:00:00 AM",3
4848992,Xotel,"Sep 1, 2026, 12:00:00 AM",1
4596,Fortune River View Hotel Nakhon Phanom,"Jul 18, 2026, 12:00:00 AM",2
4884419,Bliq Hotel Chanthaburi,"Jul 5, 2026, 12:00:00 AM",1
4640,Aramis Hotel Nakhon Sawan,"Jul 13, 2026, 12:00:00 AM",1
1368,Kosa Hotel Khon Kaen,"Jul 13, 2026, 12:00:00 AM",1
4578,A-Te Chumphon Hotel,"Jul 21, 2026, 12:00:00 AM",1
263,NH Bangkok Sukhumvit Boulevard,"Nov 14, 2026, 12:00:00 AM",1
137620,Kumkaewudon Hotel,"Jul 17, 2026, 12:00:00 AM",3
4921057,"Le Cannes, A Recall Luxe Hotel","Jul 25, 2026, 12:00:00 AM",1
21378,Hug Nimman Hotel Chiang Mai,"Nov 25, 2026, 12:00:00 AM",1
65581,Anna Nava Pakkret Hotel,"Sep 26, 2026, 12:00:00 AM",2
4921213,Chatrium Grand Bangkok,"Nov 2, 2026, 12:00:00 AM",1
181581,Namthong Nan Hotel,"Jul 27, 2026, 12:00:00 AM",3
4921072,The Bedrooms Boutique Hotel Bangkok,"Dec 12, 2026, 12:00:00 AM",1
65621,The Rice Hotel Roi Et,"Aug 15, 2026, 12:00:00 AM",3
4884544,Rangsit Residence,"Oct 7, 2026, 12:00:00 AM",1
4884439,Paradox Bangkok Sukhumvit,"Jul 7, 2026, 12:00:00 AM",1
4205678,Le Siri Hotel,"Sep 4, 2026, 12:00:00 AM",1
4857758,The Cape Boutique Hotel,"Jul 3, 2026, 12:00:00 AM",3
2010048,At Pingnakorn Riverside Hotel,"Jul 22, 2026, 12:00:00 AM",1
1370,AVANI Khon Kaen Hotel & Convention Centre,"Jul 17, 2026, 12:00:00 AM",2
63697,JK Living Hotel and Service Apartment,"Jul 19, 2026, 12:00:00 AM",3
2010773,Wellness Residence Chiang Mai,"Aug 12, 2026, 12:00:00 AM",1
25158,The Proud Exclusive Hotel,"Jul 18, 2026, 12:00:00 AM",3
63676,Loft Mania Boutique Hotel,"Jul 10, 2026, 12:00:00 AM",2
4884349,Livist Resort Phetchabun,"Jul 22, 2026, 12:00:00 AM",3
63449,FIG Boutique Hotel,"Jul 30, 2026, 12:00:00 AM",1
43827,Buri Sriphu Hotel,"Jul 17, 2026, 12:00:00 AM",2
174257,The Charm Boutique Resort,"Aug 17, 2026, 12:00:00 AM",1
183459,Puranakhon Hotel,"Aug 25, 2026, 12:00:00 AM",1
4918063,Thongchen Residence,"Jul 26, 2026, 12:00:00 AM",2
22229,Poonsook Resident Hotel Phitsanulok,"Jul 25, 2026, 12:00:00 AM",3
4857587,O2 Hotel Sakonnakhon,"Aug 14, 2026, 12:00:00 AM",1
25158,The Proud Exclusive Hotel,"Jul 3, 2026, 12:00:00 AM",3
63682,Chiangkham Grand Villa,"Oct 23, 2026, 12:00:00 AM",1
496,TUI BLUE Maduzi Hotel Bangkok,"Oct 27, 2026, 12:00:00 AM",1
5102073,Chill Hotel Khaoyai,"Jul 26, 2026, 12:00:00 AM",3
4578,A-Te Chumphon Hotel,"Jan 29, 2027, 12:00:00 AM",1
4920686,Mayuu Ayutthaya Hotel,"Jul 20, 2026, 12:00:00 AM",2
2000146,The Zleep Hotel Chonburi,"Jul 24, 2026, 12:00:00 AM",1
4920686,Mayuu Ayutthaya Hotel,"Jul 19, 2026, 12:00:00 AM",3
43577,Nim See Seng Hotel,"Nov 22, 2026, 12:00:00 AM",1
65457,Centric Place Hotel,"Jul 21, 2026, 12:00:00 AM",1
182820,S.22 Hotel Suratthani,"Jul 28, 2026, 12:00:00 AM",2
63697,JK Living Hotel and Service Apartment,"Jul 4, 2026, 12:00:00 AM",3
1000,Sugar Marina Resort Fashion Kata Beach,"Jul 20, 2026, 12:00:00 AM",1
4543072,PP Inn,"Jul 17, 2026, 12:00:00 AM",3
4932294,The Grace Kokudom Mansion,"Jul 7, 2026, 12:00:00 AM",1
183609,The Square Rayong,"Jul 29, 2026, 12:00:00 AM",1
63626,Baan Phor Phan Hotel,"Aug 1, 2026, 12:00:00 AM",2
1875,First Residence Samui,"Jul 21, 2026, 12:00:00 AM",1
4921213,Chatrium Grand Bangkok,"Sep 24, 2026, 12:00:00 AM",1
2000181,Tamsabai Hotel,"Jul 31, 2026, 12:00:00 AM",3
23753,The Grand Wipanan Residence,"Aug 1, 2026, 12:00:00 AM",1
183156,Grand Fortune Hotel Nakhon Si Thammarat,"Jul 22, 2026, 12:00:00 AM",1
4920366,Travelodge Phuket Town,"Jul 16, 2026, 12:00:00 AM",1
429,La Petite Salil Sukhumvit 8,"Aug 11, 2026, 12:00:00 AM",1
5101678,Ta Phai Country House Resort & Restaurants,"Jul 26, 2026, 12:00:00 AM",2
1370,AVANI Khon Kaen Hotel & Convention Centre,"Aug 13, 2026, 12:00:00 AM",3
5102355,The Akyra Bangkok 11,"Jul 17, 2026, 12:00:00 AM",2
2010838,All Day Hostel @ BTS Bang Chak,"Jul 24, 2026, 12:00:00 AM",1
2012783,Manonta Budget Hotel,"Jul 25, 2026, 12:00:00 AM",1
183154,Easy Hotel 2 Lamphun,"Jul 10, 2026, 12:00:00 AM",2
182835,Nadee 10 Resort & Hotel,"Aug 17, 2026, 12:00:00 AM",2
63414,The Crystal Hotel Buriram,"Dec 10, 2026, 12:00:00 AM",1
183161,W Sotel Songkhla,"Sep 5, 2026, 12:00:00 AM",3
138045,Banjan Stay,"Jul 25, 2026, 12:00:00 AM",2
21378,Hug Nimman Hotel Chiang Mai,"Jul 20, 2026, 12:00:00 AM",1
5102038,DAY & NIGHT HOTEL,"Jul 24, 2026, 12:00:00 AM",1
5102569,K Golf Hotel Chonburi,"Jul 3, 2026, 12:00:00 AM",1
183404,O2 Hotel Lopburi,"Jul 16, 2026, 12:00:00 AM",1
63840,Le Park Hotel Thung Song,"Jul 22, 2026, 12:00:00 AM",1
4922478,Wassana Mansion,"Jul 25, 2026, 12:00:00 AM",3
181632,The Museum Hotel Nakhon Pathom,"Jul 13, 2026, 12:00:00 AM",2
2000041,Rattanachol Hotel,"Jul 29, 2026, 12:00:00 AM",1
1559,Mood Hotel Pattaya,"Nov 7, 2026, 12:00:00 AM",1
63889,Krabi Seabass Hotel,"Jan 11, 2027, 12:00:00 AM",1
182903,Chueaprom Mansion Nakhonsithammarat,"Jul 25, 2026, 12:00:00 AM",2
2005749,Herry Residence,"Aug 6, 2026, 12:00:00 AM",1
21697,Dhevaraj Hotel,"Aug 7, 2026, 12:00:00 AM",2
4804986,M Grand Hotel Roi Et,"Jul 4, 2026, 12:00:00 AM",1
183003,Skyview Hotel & Resort Buriram,"Sep 24, 2026, 12:00:00 AM",1
183069,Holiday Inn Express Bangkok Soi Soonvijai,"Oct 6, 2026, 12:00:00 AM",1
317,Avana Hotel and Convention Center,"Jul 22, 2026, 12:00:00 AM",2
4857758,The Cape Boutique Hotel,"Jul 20, 2026, 12:00:00 AM",1
4920954,Newman Hotel Donmuaeng,"Jul 10, 2026, 12:00:00 AM",2
4851257,Hotel Kuretakeso Thailand Sriracha,"Jul 4, 2026, 12:00:00 AM",3
4606514,Baan Chaytung Resort,"Jul 4, 2026, 12:00:00 AM",2
4921213,Chatrium Grand Bangkok,"Sep 12, 2026, 12:00:00 AM",1
2006319,Rain Tree Khao Yai Hotel,"Aug 13, 2026, 12:00:00 AM",1
65662,Pen Ta Hug,"Jul 24, 2026, 12:00:00 AM",1
4977985,The Square Hotel Nakhon Phanom,"Jul 16, 2026, 12:00:00 AM",1
138072,J Park Hotel,"Jul 25, 2026, 12:00:00 AM",2
2091,Crystal Hotel Hat Yai,"Sep 26, 2026, 12:00:00 AM",2
5101068,D Hut Resort Chiangmai,"Jul 19, 2026, 12:00:00 AM",1
2011249,Chada@Nakhon,"Jul 25, 2026, 12:00:00 AM",3
5101095,Maison Hotel Bangkok,"Dec 11, 2026, 12:00:00 AM",1
183309,Moai Coffee Udonthani,"Oct 24, 2026, 12:00:00 AM",1
63458,P.A. Ville Hotel Nakhon Sawan,"Jul 21, 2026, 12:00:00 AM",2
941,Chanalai Garden Resort,"Jul 17, 2026, 12:00:00 AM",1
317,Avana Hotel and Convention Center,"Aug 8, 2026, 12:00:00 AM",2
2091,Crystal Hotel Hat Yai,"Sep 25, 2026, 12:00:00 AM",1
63463,River Hotel Nakhon Pathom,"Jul 11, 2026, 12:00:00 AM",2
4920651,Tripper Hotel Ubon,"Jul 21, 2026, 12:00:00 AM",1
4921227,The Pillows Boutique Hotel,"Aug 21, 2026, 12:00:00 AM",2
4920651,Tripper Hotel Ubon,"Jul 7, 2026, 12:00:00 AM",1
182820,S.22 Hotel Suratthani,"Jul 26, 2026, 12:00:00 AM",2
4942047,The 29 Place,"Jul 17, 2026, 12:00:00 AM",3
63676,Loft Mania Boutique Hotel,"Jul 3, 2026, 12:00:00 AM",2
5101177,Indigo Hotel Hatyai,"Aug 19, 2026, 12:00:00 AM",1
5101058,The Navy House Hotel,"Jul 29, 2026, 12:00:00 AM",2
675,Cross Vibe Chiang Mai Decem Hotel,"Jul 13, 2026, 12:00:00 AM",1
5102560,Sugar Marina Hotel -POP- Kata Beach,"Aug 10, 2026, 12:00:00 AM",1
4918110,101 Hotel Roi Et,"Jul 6, 2026, 12:00:00 AM",1
4528906,Blue Lagoon Hotel,"Nov 21, 2026, 12:00:00 AM",2
5031959,Aramis Hotel Kamphaengphet,"Jul 28, 2026, 12:00:00 AM",3
21939,Arawana Regency Ratchada,"Jul 17, 2026, 12:00:00 AM",1
5015793,Sun Moon Hotel,"Jul 18, 2026, 12:00:00 AM",3
2000908,Na That Panom Place Hotel,"Jul 27, 2026, 12:00:00 AM",2
4606456,S.P. Garden Mansion,"Jul 3, 2026, 12:00:00 AM",2
2091,Crystal Hotel Hat Yai,"Aug 20, 2026, 12:00:00 AM",1
2011259,S Bangkok Navamin,"Dec 4, 2026, 12:00:00 AM",1
4920890,The Finn Hotel,"Jul 25, 2026, 12:00:00 AM",1
43890,New Season Square Hotel,"Jul 10, 2026, 12:00:00 AM",1
317,Avana Hotel and Convention Center,"Sep 13, 2026, 12:00:00 AM",1
4884439,Paradox Bangkok Sukhumvit,"Aug 2, 2026, 12:00:00 AM",1
2010773,Wellness Residence Chiang Mai,"Jul 4, 2026, 12:00:00 AM",2
4933763,FX Hotel Nana,"Jul 6, 2026, 12:00:00 AM",1
611,Imm Thaphae Chiang Mai Hotel,"Jul 12, 2026, 12:00:00 AM",2
4536036,T2 Ao Nang Krabi,"Jul 16, 2026, 12:00:00 AM",1
5102038,DAY & NIGHT HOTEL,"Aug 9, 2026, 12:00:00 AM",1
4921213,Chatrium Grand Bangkok,"Dec 28, 2026, 12:00:00 AM",1
25149,Fortune View Kong Nakhon Phanom,"Jul 25, 2026, 12:00:00 AM",3
4596,Fortune River View Hotel Nakhon Phanom,"Oct 10, 2026, 12:00:00 AM",1
4737,Sakaeo Garden Hotel,"Jul 20, 2026, 12:00:00 AM",1
63672,Madina Hotel Rayong,"Oct 2, 2026, 12:00:00 AM",1
4921038,314 Art Hotel Nakhonsawan,"Jul 21, 2026, 12:00:00 AM",3
2012783,Manonta Budget Hotel,"Aug 16, 2026, 12:00:00 AM",1
63649,Lee Hotel Suratthani,"Jul 20, 2026, 12:00:00 AM",1
345,Gold Orchid Bangkok,"Aug 11, 2026, 12:00:00 AM",1
2012150,The C hotel Amnatcharoen,"Jul 28, 2026, 12:00:00 AM",2
2006010,The Xtreme Suites Hotel,"Jul 4, 2026, 12:00:00 AM",3
5101861,Chapter Hotel Hatyai,"Jul 11, 2026, 12:00:00 AM",3
4920686,Mayuu Ayutthaya Hotel,"Jul 30, 2026, 12:00:00 AM",3
4884349,Livist Resort Phetchabun,"Jul 17, 2026, 12:00:00 AM",1
4920686,Mayuu Ayutthaya Hotel,"Aug 19, 2026, 12:00:00 AM",2
4935981,BB House & Resort Khon Kaen,"Jul 3, 2026, 12:00:00 AM",3
2000181,Tamsabai Hotel,"Jul 21, 2026, 12:00:00 AM",1
4918063,Thongchen Residence,"Jul 24, 2026, 12:00:00 AM",2
712,Kiang Haad Beach Hua Hin,"Jul 15, 2026, 12:00:00 AM",1
63422,Plychan Hotel,"Aug 31, 2026, 12:00:00 AM",1
4884784,VELA Dhi Udon Thani,"Jul 10, 2026, 12:00:00 AM",2
137939,Tewson Resort Krabi,"Jul 23, 2026, 12:00:00 AM",1
461,Furamaxclusive Asoke Bangkok,"Oct 1, 2026, 12:00:00 AM",1
5102560,Sugar Marina Hotel -POP- Kata Beach,"Nov 30, 2026, 12:00:00 AM",1
43886,Prachuap Beach Hotel,"Aug 16, 2026, 12:00:00 AM",1
2012009,I Residence Hotel Pathumthani,"Oct 30, 2026, 12:00:00 AM",1
5102355,The Akyra Bangkok 11,"Aug 27, 2026, 12:00:00 AM",1
21395,Laplaya Boutique Resort,"Jul 23, 2026, 12:00:00 AM",2
63739,Tonwa Resort,"Aug 13, 2026, 12:00:00 AM",1
4922724,GO Hotel Chonburi at Central Chonburi,"Aug 28, 2026, 12:00:00 AM",1
5102659,SP Garden Home,"Jul 24, 2026, 12:00:00 AM",1
4606562,Holiday Inn and Suites Siracha Laemchabang,"Jul 7, 2026, 12:00:00 AM",1
65661,Mantra Varee Hotel,"Jul 30, 2026, 12:00:00 AM",1
1770,Grand Riverside Hotel Phitsanulok,"Jul 21, 2026, 12:00:00 AM",2
4884419,Bliq Hotel Chanthaburi,"Jul 28, 2026, 12:00:00 AM",2
2000146,The Zleep Hotel Chonburi,"Jul 25, 2026, 12:00:00 AM",2
63676,Loft Mania Boutique Hotel,"Jul 23, 2026, 12:00:00 AM",2
5101808,The Moment Hotel,"Oct 30, 2026, 12:00:00 AM",1
2011654,Purada Mansion,"Jul 3, 2026, 12:00:00 AM",1
63315,Siva Royal Hotel,"Aug 29, 2026, 12:00:00 AM",3
183122,Pawa Place Ban Phai By Inpawa,"Jul 25, 2026, 12:00:00 AM",2
21400,Calypzo Bangkok,"Aug 11, 2026, 12:00:00 AM",1
5101640,Bear & Bird Hotel,"Sep 6, 2026, 12:00:00 AM",2
137620,Kumkaewudon Hotel,"Jul 24, 2026, 12:00:00 AM",2
2000041,Rattanachol Hotel,"Aug 17, 2026, 12:00:00 AM",3
4935433,The Wish Hotel,"Jul 23, 2026, 12:00:00 AM",1
177901,Arden Hotel and Residence,"Oct 2, 2026, 12:00:00 AM",1
2004655,Greenville Serviced Apartment,"Jul 4, 2026, 12:00:00 AM",3
461,Furamaxclusive Asoke Bangkok,"Oct 17, 2026, 12:00:00 AM",1
63672,Madina Hotel Rayong,"Jul 10, 2026, 12:00:00 AM",1
4640,Aramis Hotel Nakhon Sawan,"Aug 17, 2026, 12:00:00 AM",1
4921194,The Neuf Ratchada,"Nov 28, 2026, 12:00:00 AM",2
4920836,SR Grand Hotel Chiang Mai,"Jul 25, 2026, 12:00:00 AM",3
183466,297 Nature Residence,"Jul 23, 2026, 12:00:00 AM",1
4740,Phakawan Hotel,"Aug 14, 2026, 12:00:00 AM",1
152936,The Terminal Khon Kaen Hotel,"Jul 17, 2026, 12:00:00 AM",2
43574,The River Hotel Nakhonphanom,"Aug 14, 2026, 12:00:00 AM",1
63707,Space59 Hotel,"Jul 27, 2026, 12:00:00 AM",2
183008,Southgate Residence Hotel Chumphon,"Jul 25, 2026, 12:00:00 AM",1
183668,North Inn Town Hotel,"Nov 27, 2026, 12:00:00 AM",1
25149,Fortune View Kong Nakhon Phanom,"Jul 14, 2026, 12:00:00 AM",1
4606475,Belle Grand Hotel Udon Thani,"Jul 17, 2026, 12:00:00 AM",2
4543160,Sitthinard Grandview Hotel,"Jul 28, 2026, 12:00:00 AM",2
4732,At Sakon Hotel,"Aug 14, 2026, 12:00:00 AM",1
63739,Tonwa Resort,"Aug 11, 2026, 12:00:00 AM",1
2010773,Wellness Residence Chiang Mai,"Aug 3, 2026, 12:00:00 AM",1
4884419,Bliq Hotel Chanthaburi,"Jul 25, 2026, 12:00:00 AM",2
43890,New Season Square Hotel,"Aug 6, 2026, 12:00:00 AM",1
181563,L Nimman Boutique Hotel,"Sep 24, 2026, 12:00:00 AM",1
177855,The Rich Residence Surat Thani,"Jul 21, 2026, 12:00:00 AM",3
2010979,S1 City Hotel Buriram,"Sep 24, 2026, 12:00:00 AM",1
396,The Tarntawan Hotel Surawong Bangkok,"Jul 17, 2026, 12:00:00 AM",1
2011666,The Cheewin Hotel & Convention,"Aug 10, 2026, 12:00:00 AM",1
63739,Tonwa Resort,"Jul 18, 2026, 12:00:00 AM",3
5101058,The Navy House Hotel,"Aug 16, 2026, 12:00:00 AM",2
4920686,Mayuu Ayutthaya Hotel,"Sep 18, 2026, 12:00:00 AM",1
2056,Krungsri River Hotel,"Aug 7, 2026, 12:00:00 AM",1
183069,Holiday Inn Express Bangkok Soi Soonvijai,"Aug 24, 2026, 12:00:00 AM",1
2003960,Thai Lao Resort & Spa,"Jul 7, 2026, 12:00:00 AM",3
4861280,AK Terrace Hotel,"Jul 6, 2026, 12:00:00 AM",1
2050,Charoen Hotel Udon Thani,"Jul 25, 2026, 12:00:00 AM",2
1875,First Residence Samui,"Aug 3, 2026, 12:00:00 AM",1
4933763,FX Hotel Nana,"Jul 13, 2026, 12:00:00 AM",1
4997,Brighton Hotel Bangkok,"Sep 1, 2026, 12:00:00 AM",1
4312224,PM Residence,"Aug 20, 2026, 12:00:00 AM",1
181563,L Nimman Boutique Hotel,"Sep 2, 2026, 12:00:00 AM",1
3332,Ray Hotel Buriram,"Aug 6, 2026, 12:00:00 AM",1
182993,Star Convention Hotel Rayong,"Aug 1, 2026, 12:00:00 AM",1
63771,T.P. Place Hotel,"Jul 9, 2026, 12:00:00 AM",1
4883785,The Square 101,"Jul 14, 2026, 12:00:00 AM",1
182851,Khong Chiam 2 Hotel Ubon,"Aug 8, 2026, 12:00:00 AM",3
4934042,"SUBANAN Hotel and Residence, Hatyai","Jul 22, 2026, 12:00:00 AM",1
5101177,Indigo Hotel Hatyai,"Sep 1, 2026, 12:00:00 AM",1
181563,L Nimman Boutique Hotel,"Jul 17, 2026, 12:00:00 AM",2
63676,Loft Mania Boutique Hotel,"Jul 24, 2026, 12:00:00 AM",3
2002144,Huaymuang Apartment,"Jul 25, 2026, 12:00:00 AM",1
22349,Welcome World Beachfront Resort & Spa,"Jul 8, 2026, 12:00:00 AM",1
5102355,The Akyra Bangkok 11,"Jul 24, 2026, 12:00:00 AM",2
429,La Petite Salil Sukhumvit 8,"Aug 19, 2026, 12:00:00 AM",1
5101583,S3 Ayutthaya Hotel,"Jul 21, 2026, 12:00:00 AM",3
2009950,Suntria Hotel Pattaya,"Jul 30, 2026, 12:00:00 AM",1
65430,Som O House Hotel,"Jul 2, 2026, 12:00:00 AM",1
2011259,S Bangkok Navamin,"Jul 5, 2026, 12:00:00 AM",3
5101640,Bear & Bird Hotel,"Jul 5, 2026, 12:00:00 AM",2
152366,Palm Sweet Hotel Prachuapkhirikhan,"Jul 3, 2026, 12:00:00 AM",1
4861280,AK Terrace Hotel,"Jul 23, 2026, 12:00:00 AM",1
2012478,Porestva Hotel Sriracha,"Jul 25, 2026, 12:00:00 AM",3
4933204,The Spring Srinakarin Hotel,"Jul 28, 2026, 12:00:00 AM",1
182,Furama Silom Bangkok,"Aug 28, 2026, 12:00:00 AM",1
1051,Sugar Marina Resort-SURF-Kata Beach,"Jul 29, 2026, 12:00:00 AM",1
177807,Pranee Home Phangnga,"Jul 12, 2026, 12:00:00 AM",1
4921194,The Neuf Ratchada,"Jul 31, 2026, 12:00:00 AM",2
4606464,T-Rex Buriram Boutique Hotel,"Aug 29, 2026, 12:00:00 AM",1
5102511,7 Stays Pattaya Hotel,"Aug 27, 2026, 12:00:00 AM",1
63676,Loft Mania Boutique Hotel,"Jul 26, 2026, 12:00:00 AM",3
118,La Petite Salil Sukhumvit 11,"Sep 2, 2026, 12:00:00 AM",1
2006652,Banlanna Hotel Lampang,"Jul 5, 2026, 12:00:00 AM",1
4267489,Bansuan Resort Nakhonsawan,"Jul 15, 2026, 12:00:00 AM",2
43850,Ratchaphruek Pavilion,"Aug 21, 2026, 12:00:00 AM",2
2011731,Icon Park Hotel Chiang Mai,"Jul 27, 2026, 12:00:00 AM",1
5101720,L2 Premium,"Oct 9, 2026, 12:00:00 AM",1
579,Royal Panerai Hotel Chiangmai,"Sep 2, 2026, 12:00:00 AM",1
43850,Ratchaphruek Pavilion,"Jul 20, 2026, 12:00:00 AM",2
2011049,Worita Cove Hotel,"Nov 6, 2026, 12:00:00 AM",1
2005742,The Bliss Loei Living Hotel,"Jul 10, 2026, 12:00:00 AM",2
4849575,L2 Hotel,"Jul 16, 2026, 12:00:00 AM",3
232,FX Hotel Metrolink Makkasan,"Nov 29, 2026, 12:00:00 AM",1
182,Furama Silom Bangkok,"Aug 20, 2026, 12:00:00 AM",1
43862,Royal Diamond Hotel,"Oct 23, 2026, 12:00:00 AM",1
4578,A-Te Chumphon Hotel,"Dec 18, 2026, 12:00:00 AM",1
43827,Buri Sriphu Hotel,"Jul 22, 2026, 12:00:00 AM",3
4920797,Hotel Agnes Buriram,"Jul 13, 2026, 12:00:00 AM",1
182908,Synsiri Resort,"Nov 20, 2026, 12:00:00 AM",1
4933204,The Spring Srinakarin Hotel,"Jul 20, 2026, 12:00:00 AM",1
4640,Aramis Hotel Nakhon Sawan,"Jul 11, 2026, 12:00:00 AM",3
5101058,The Navy House Hotel,"Aug 1, 2026, 12:00:00 AM",2
4884349,Livist Resort Phetchabun,"Jul 26, 2026, 12:00:00 AM",2
675,Cross Vibe Chiang Mai Decem Hotel,"Oct 10, 2026, 12:00:00 AM",1
182835,Nadee 10 Resort & Hotel,"Aug 13, 2026, 12:00:00 AM",1
177901,Arden Hotel and Residence,"Aug 3, 2026, 12:00:00 AM",1
183154,Easy Hotel 2 Lamphun,"Jul 26, 2026, 12:00:00 AM",3
183306,Supachai Inn,"Jul 23, 2026, 12:00:00 AM",1
522,Club Mahindra Mac Boutique Hotel,"Jul 22, 2026, 12:00:00 AM",1
5101058,The Navy House Hotel,"Aug 28, 2026, 12:00:00 AM",2
21388,Grand Richmond Stylish Convention Hotel,"Jul 9, 2026, 12:00:00 AM",1
63574,The Nest Hotel Phichit,"Jul 8, 2026, 12:00:00 AM",2
65621,The Rice Hotel Roi Et,"Jul 3, 2026, 12:00:00 AM",2
183078,The 28th Hotel,"Jul 28, 2026, 12:00:00 AM",3
5102411,The Princess Beachfront Resort,"Jul 26, 2026, 12:00:00 AM",2
4884023,The Cottage Hotel Udon Thani,"Jul 27, 2026, 12:00:00 AM",1
183003,Skyview Hotel & Resort Buriram,"Jul 23, 2026, 12:00:00 AM",1
4922688,iCheck inn Darisa Ngamwongwan,"Jul 13, 2026, 12:00:00 AM",1
63740,Gallery Lake View Hotel,"Aug 6, 2026, 12:00:00 AM",1
2011259,S Bangkok Navamin,"Jul 3, 2026, 12:00:00 AM",1
2011031,Latisha Resort,"Jul 17, 2026, 12:00:00 AM",1
2000356,Sakura Boutique Hotel Pluakdaeng,"Jul 20, 2026, 12:00:00 AM",1
4883872,The Chess hotel,"Aug 1, 2026, 12:00:00 AM",2
63647,Baan Thana Boutique Hotel,"Jul 16, 2026, 12:00:00 AM",1
1369,Charoen Thani Khon Kean,"Jul 18, 2026, 12:00:00 AM",2
4920925,One Budget Hotel Chiangrai Soi Sawan,"Aug 3, 2026, 12:00:00 AM",1
138072,J Park Hotel,"Jul 28, 2026, 12:00:00 AM",1
181465,Seth Thee Residence Khonkaen,"Jul 4, 2026, 12:00:00 AM",3
317,Avana Hotel and Convention Center,"Aug 16, 2026, 12:00:00 AM",3
182820,S.22 Hotel Suratthani,"Aug 3, 2026, 12:00:00 AM",2
4884439,Paradox Bangkok Sukhumvit,"Jul 23, 2026, 12:00:00 AM",1
4920973,VELA Dhi Nakhon Phanom,"Aug 28, 2026, 12:00:00 AM",2
2000908,Na That Panom Place Hotel,"Jul 29, 2026, 12:00:00 AM",2
2006214,Baanwaan Resort,"Aug 25, 2026, 12:00:00 AM",1
5101058,The Navy House Hotel,"Aug 22, 2026, 12:00:00 AM",3
2009936,The Royal P Phuket,"Dec 8, 2026, 12:00:00 AM",1
25144,Khaoyai Lumtakong Hotel,"Jul 25, 2026, 12:00:00 AM",2
4920686,Mayuu Ayutthaya Hotel,"Aug 20, 2026, 12:00:00 AM",2
43873,K Star Place,"Jul 3, 2026, 12:00:00 AM",2
4921213,Chatrium Grand Bangkok,"Sep 16, 2026, 12:00:00 AM",1
4581,Prajaktra City Hostel,"Jul 11, 2026, 12:00:00 AM",1
43914,Romyen Garden Place,"Jul 3, 2026, 12:00:00 AM",1
63574,The Nest Hotel Phichit,"Jul 18, 2026, 12:00:00 AM",3
5101185,Himtong Coffee and Resort,"Jul 28, 2026, 12:00:00 AM",3
4885132,Neo Hotel Khonkaen,"Aug 14, 2026, 12:00:00 AM",1
4738,Mayflower Grande Hotel Nimman,"Oct 31, 2026, 12:00:00 AM",1
4543066,Smile Park Hotel,"Jul 24, 2026, 12:00:00 AM",1
4804986,M Grand Hotel Roi Et,"Jul 17, 2026, 12:00:00 AM",2
4847587,The Cozy Hotel Phetchaburi,"Jul 24, 2026, 12:00:00 AM",1
4996596,Baan Mai Spaghetti,"Jul 26, 2026, 12:00:00 AM",1
4915580,Top inn Hotel Mahasarakham,"Jul 17, 2026, 12:00:00 AM",2
3014271,Palm Sweet Resort,"Jul 18, 2026, 12:00:00 AM",2
63391,Porn 3 Hotel Khonkaen,"Jul 25, 2026, 12:00:00 AM",2
5101432,Mintra Apartel,"Jul 27, 2026, 12:00:00 AM",3
181563,L Nimman Boutique Hotel,"Oct 2, 2026, 12:00:00 AM",2
4727105,Memo Bangsaen,"Aug 10, 2026, 12:00:00 AM",2
5101597,The Horizon Groove Hotel,"Jul 6, 2026, 12:00:00 AM",1
2003238,Porn 2 Hotel,"Jul 17, 2026, 12:00:00 AM",2
5101095,Maison Hotel Bangkok,"Nov 21, 2026, 12:00:00 AM",1
181563,L Nimman Boutique Hotel,"Jul 24, 2026, 12:00:00 AM",1
4933244,Panda Home @ Cafe Songkhla,"Jul 20, 2026, 12:00:00 AM",1
2011676,Look at Home Lamphun,"Jul 27, 2026, 12:00:00 AM",1
174257,The Charm Boutique Resort,"Jul 12, 2026, 12:00:00 AM",1
64980,K.N. Grand Hotel,"Jul 12, 2026, 12:00:00 AM",1
2011510,Amman Unique Hotel Udonthani,"Aug 22, 2026, 12:00:00 AM",1
182944,Socool Grand Hotel Nang Rong Buriram,"Jul 20, 2026, 12:00:00 AM",1
4884784,VELA Dhi Udon Thani,"Jul 13, 2026, 12:00:00 AM",1
4857758,The Cape Boutique Hotel,"Jul 6, 2026, 12:00:00 AM",2
4578,A-Te Chumphon Hotel,"Sep 21, 2026, 12:00:00 AM",1
4918063,Thongchen Residence,"Aug 6, 2026, 12:00:00 AM",1
4879476,CS Klongtoey Grand Resort,"Jul 17, 2026, 12:00:00 AM",1
1763,Ayara Grand Palace Hotel,"Jul 18, 2026, 12:00:00 AM",1
63697,JK Living Hotel and Service Apartment,"Jul 17, 2026, 12:00:00 AM",2
183073,The Rooms Residence Pattani,"Jul 11, 2026, 12:00:00 AM",2
4733,Sri U-Thong Grande Hotel,"Jul 15, 2026, 12:00:00 AM",2
63634,The Farm House Hotel,"Jul 18, 2026, 12:00:00 AM",2
4896886,Baan Thamthong Lamnarai Resort,"Jul 25, 2026, 12:00:00 AM",1
2004373,Thongphaphum Place,"Jul 24, 2026, 12:00:00 AM",2
4596,Fortune River View Hotel Nakhon Phanom,"Jul 17, 2026, 12:00:00 AM",2
4640,Aramis Hotel Nakhon Sawan,"Jul 18, 2026, 12:00:00 AM",2
4915580,Top inn Hotel Mahasarakham,"Jul 10, 2026, 12:00:00 AM",1
4921038,314 Art Hotel Nakhonsawan,"Jul 14, 2026, 12:00:00 AM",1
4267489,Bansuan Resort Nakhonsawan,"Jul 25, 2026, 12:00:00 AM",1
2006989,Orchid Residence Suratthani,"Nov 28, 2026, 12:00:00 AM",1
2007815,Ac Sport Center Hotel,"Aug 7, 2026, 12:00:00 AM",1
63795,Maison de Cheer,"Aug 7, 2026, 12:00:00 AM",1
4884213,Benjaphorn Grandview Hotel,"Jul 7, 2026, 12:00:00 AM",1
4921194,The Neuf Ratchada,"Aug 24, 2026, 12:00:00 AM",1
43641,The Phant Hotel,"Jul 4, 2026, 12:00:00 AM",1
181563,L Nimman Boutique Hotel,"Aug 30, 2026, 12:00:00 AM",1
4730,Xen Hotel Nakhon Pathom,"Jul 17, 2026, 12:00:00 AM",1
63421,Nartsiri Hotel,"Aug 13, 2026, 12:00:00 AM",2
63634,The Farm House Hotel,"Jul 4, 2026, 12:00:00 AM",1
21970,Kasemsarn Hotel Chanthaburi,"Jul 9, 2026, 12:00:00 AM",1
21653,Pacific Park Hotel,"Aug 3, 2026, 12:00:00 AM",1
5102473,Milton Hotel,"Aug 13, 2026, 12:00:00 AM",1
63681,City Park Hotel Phatthalung,"Jul 25, 2026, 12:00:00 AM",1
182999,The U-Time Hotel,"Jul 20, 2026, 12:00:00 AM",1
138013,Green Park Hotel Mahasarakham,"Oct 25, 2026, 12:00:00 AM",1
5101716,Coco Beach Hotel Jomtien,"Aug 13, 2026, 12:00:00 AM",1
1875,First Residence Samui,"Jul 30, 2026, 12:00:00 AM",1
4918063,Thongchen Residence,"Jul 3, 2026, 12:00:00 AM",2
4921450,Phuket Emerald Beach Resort,"Sep 29, 2026, 12:00:00 AM",1
43890,New Season Square Hotel,"Jul 8, 2026, 12:00:00 AM",1
183163,Donchan Grand Hotel,"Jul 31, 2026, 12:00:00 AM",1
2077,Sukhothai Treasure Resort & Spa,"Dec 29, 2026, 12:00:00 AM",1
1514,Windmill Resort Hotel,"Jul 2, 2026, 12:00:00 AM",1
4988854,PLAAI Plus Hotel Bowin,"Jul 1, 2026, 12:00:00 AM",1
183160,Aisana Hotel Korat,"Jul 27, 2026, 12:00:00 AM",1
396,The Tarntawan Hotel Surawong Bangkok,"Jul 25, 2026, 12:00:00 AM",1
4920629,KONG INN Renunakhon,"Oct 25, 2026, 12:00:00 AM",1
4920796,Yothikran Place,"Jul 4, 2026, 12:00:00 AM",2
4920991,Golden Nest Hotel Suvarnabhumi,"Jul 23, 2026, 12:00:00 AM",2
4933170,C Hotel Bangna,"Jul 18, 2026, 12:00:00 AM",2
4936650,Blu Monkey Hub and Hotel Krabi Town,"Jul 17, 2026, 12:00:00 AM",1
183159,Bangkok Boutique Resort Rangsit,"Jul 11, 2026, 12:00:00 AM",1
4640,Aramis Hotel Nakhon Sawan,"Jul 4, 2026, 12:00:00 AM",2
5101058,The Navy House Hotel,"Jul 31, 2026, 12:00:00 AM",1
2010883,Neca Reiche Hotel,"Aug 9, 2026, 12:00:00 AM",2
1379,Wienglakor Hotel,"Jul 14, 2026, 12:00:00 AM",1
5101569,"DeeLike Lopburi Resort (Room on Request,Key Deposit 200 Baht)","Jul 24, 2026, 12:00:00 AM",1
183020,Euro Boutique Hotel Chumphon,"Aug 29, 2026, 12:00:00 AM",1
137991,Praso At Ratchada 12,"Jul 25, 2026, 12:00:00 AM",1
4581,Prajaktra City Hostel,"Aug 16, 2026, 12:00:00 AM",2
182,Furama Silom Bangkok,"Aug 5, 2026, 12:00:00 AM",1
4942047,The 29 Place,"Jul 24, 2026, 12:00:00 AM",1
4922757,D-2 Home Chanthaburi,"Jul 24, 2026, 12:00:00 AM",1
5101870,Tha Uthen Rim Kong Hotel,"Oct 25, 2026, 12:00:00 AM",1
4915645,Metro Ratchada 36,"Nov 14, 2026, 12:00:00 AM",1
2012549,2U Hotel Hatyai,"Jul 21, 2026, 12:00:00 AM",2
5101726,Yoo Dee Mee Suk Apartment,"Jul 4, 2026, 12:00:00 AM",2
4920925,One Budget Hotel Chiangrai Soi Sawan,"Aug 30, 2026, 12:00:00 AM",1
5101720,L2 Premium,"Nov 3, 2026, 12:00:00 AM",1
1370,AVANI Khon Kaen Hotel & Convention Centre,"Jul 23, 2026, 12:00:00 AM",2
65568,Samprasob Resort,"Aug 7, 2026, 12:00:00 AM",1
4918063,Thongchen Residence,"Aug 15, 2026, 12:00:00 AM",1
496,TUI BLUE Maduzi Hotel Bangkok,"Aug 7, 2026, 12:00:00 AM",2
5015793,Sun Moon Hotel,"Jul 17, 2026, 12:00:00 AM",1
4920828,Khum Lanna Boutique Hotel Sisaket,"Jul 29, 2026, 12:00:00 AM",2
43851,Prime Time Hotel Bang Saen,"Jul 28, 2026, 12:00:00 AM",2
64973,The Mercy Hotel,"Jul 17, 2026, 12:00:00 AM",1
2009639,Hotel Together,"Aug 30, 2026, 12:00:00 AM",1
2012265,The Monkey Resort Donheang,"Jul 24, 2026, 12:00:00 AM",2
2006816,185 Residence Khon Kaen,"Jul 11, 2026, 12:00:00 AM",2
2011442,Uthaithani Resort,"Jul 3, 2026, 12:00:00 AM",2
263,NH Bangkok Sukhumvit Boulevard,"Nov 21, 2026, 12:00:00 AM",1
63564,@24 Boutique Hotel,"Jul 24, 2026, 12:00:00 AM",1
43599,Brown House Hotel Udonthani,"Jul 21, 2026, 12:00:00 AM",1
183069,Holiday Inn Express Bangkok Soi Soonvijai,"Aug 1, 2026, 12:00:00 AM",1
43634,Sawairiang Place Apartment,"Jul 4, 2026, 12:00:00 AM",2
46,Chiva Bangkok Hotel,"Jul 9, 2026, 12:00:00 AM",2
63449,FIG Boutique Hotel,"Jul 10, 2026, 12:00:00 AM",1
25158,The Proud Exclusive Hotel,"Aug 29, 2026, 12:00:00 AM",2
2002144,Huaymuang Apartment,"Jul 24, 2026, 12:00:00 AM",1
3014271,Palm Sweet Resort,"Jul 9, 2026, 12:00:00 AM",1
5102411,The Princess Beachfront Resort,"Jul 27, 2026, 12:00:00 AM",2
183078,The 28th Hotel,"Jul 30, 2026, 12:00:00 AM",2
25160,MT Place,"Jul 18, 2026, 12:00:00 AM",2
2002543,Pakchong Hotel,"Jul 15, 2026, 12:00:00 AM",1
2000017,Luck Esan Loft,"Jul 25, 2026, 12:00:00 AM",1
4921268,Nakan Home,"Aug 15, 2026, 12:00:00 AM",1
4921042,GO Hotel Bowin at Robinson Lifestyle,"Jul 31, 2026, 12:00:00 AM",2
4528906,Blue Lagoon Hotel,"Nov 17, 2026, 12:00:00 AM",1
5101041,GOOD Nakhonsawan,"Jul 23, 2026, 12:00:00 AM",2
747,Baan Grood Arcadia Resort and Spa,"Dec 18, 2026, 12:00:00 AM",1
4933324,Goose Living,"Jul 24, 2026, 12:00:00 AM",1
21378,Hug Nimman Hotel Chiang Mai,"Aug 26, 2026, 12:00:00 AM",1
2001943,Phitsanulok Orchid Hotel,"Jul 3, 2026, 12:00:00 AM",2
1230,Sleep With Me Hotel design hotel @ Patong,"Sep 11, 2026, 12:00:00 AM",1
1514,Windmill Resort Hotel,"Jul 4, 2026, 12:00:00 AM",2
23923,HTel Resort,"Oct 16, 2026, 12:00:00 AM",1
25149,Fortune View Kong Nakhon Phanom,"Oct 17, 2026, 12:00:00 AM",2
22229,Poonsook Resident Hotel Phitsanulok,"Jul 24, 2026, 12:00:00 AM",2
182820,S.22 Hotel Suratthani,"Jul 10, 2026, 12:00:00 AM",2
183055,Chantra Hotel Sakaeo,"Jul 28, 2026, 12:00:00 AM",1
22359,Le Cassia Hotel,"Jul 26, 2026, 12:00:00 AM",1
137966,Blu Monkey Boutique Samkong (Formerly Blu Monkey Bed & Breakfast Phuket),"Oct 23, 2026, 12:00:00 AM",1
2000908,Na That Panom Place Hotel,"Jul 24, 2026, 12:00:00 AM",1
4922724,GO Hotel Chonburi at Central Chonburi,"Jul 17, 2026, 12:00:00 AM",1
4935245,Imperial Resort Khonkaen,"Jul 4, 2026, 12:00:00 AM",2
2000356,Sakura Boutique Hotel Pluakdaeng,"Jul 25, 2026, 12:00:00 AM",1
2000390,Zayn Hotel Bangkok,"Jul 21, 2026, 12:00:00 AM",1
183594,Sabai at Chumphae,"Aug 14, 2026, 12:00:00 AM",1
182820,S.22 Hotel Suratthani,"Jul 27, 2026, 12:00:00 AM",2
21312,The Impress Nan Hotel,"Jul 25, 2026, 12:00:00 AM",1
5102411,The Princess Beachfront Resort,"Jul 5, 2026, 12:00:00 AM",1
22189,The Heritage Pattaya Beachfront Resort,"Oct 15, 2026, 12:00:00 AM",1
4915580,Top inn Hotel Mahasarakham,"Jul 4, 2026, 12:00:00 AM",2
5102593,RoomQuest Kid Tung Khao,"Jul 28, 2026, 12:00:00 AM",2
63671,SR Residence Hotel Phetchabun,"Jul 27, 2026, 12:00:00 AM",1
63591,The Resort Kabinburi,"Jul 3, 2026, 12:00:00 AM",1
182866,Ban P'Tor Resort,"Jul 10, 2026, 12:00:00 AM",2
4884071,Grand Maihom Hotel,"Aug 8, 2026, 12:00:00 AM",1
182820,S.22 Hotel Suratthani,"Jul 13, 2026, 12:00:00 AM",1
2005102,Ruentara Resort Buriram,"Jul 11, 2026, 12:00:00 AM",2
5101972,GO Hotel Bangkok Suvarnabhumi Airport,"Jul 20, 2026, 12:00:00 AM",1
43886,Prachuap Beach Hotel,"Aug 1, 2026, 12:00:00 AM",2
5102392,Fourium Pattaya Hotel & Serviced Residence,"Jul 24, 2026, 12:00:00 AM",1
4920686,Mayuu Ayutthaya Hotel,"Jul 16, 2026, 12:00:00 AM",2
63571,Serene Residence,"Nov 21, 2026, 12:00:00 AM",1
63421,Nartsiri Hotel,"Jul 8, 2026, 12:00:00 AM",1
5101640,Bear & Bird Hotel,"Jul 13, 2026, 12:00:00 AM",1
2005742,The Bliss Loei Living Hotel,"Jul 31, 2026, 12:00:00 AM",2
4868069,T Park Pakchong,"Aug 28, 2026, 12:00:00 AM",1
5101673,Sai Yok Noi Resort,"Jul 4, 2026, 12:00:00 AM",2
4896856,Na Gaysorn Resort,"Jul 18, 2026, 12:00:00 AM",1
4921378,Tonfern Hotel Khonkaen,"Jul 3, 2026, 12:00:00 AM",1
5102444,Sandbox Hotel,"Jul 17, 2026, 12:00:00 AM",1
4854509,Heaven Hotel Chachoengsao,"Jul 26, 2026, 12:00:00 AM",2
4932895,Kritsada mansion Hatyai,"Jul 11, 2026, 12:00:00 AM",1
63652,Belleville Hotel Phetchabun,"Jul 17, 2026, 12:00:00 AM",2
5101966,Aspira Central Patong Hotel,"Aug 4, 2026, 12:00:00 AM",1
21937,Khonkaen Hotel,"Sep 25, 2026, 12:00:00 AM",1
22349,Welcome World Beachfront Resort & Spa,"Aug 8, 2026, 12:00:00 AM",2
63666,Mandy Nok Hotel,"Sep 8, 2026, 12:00:00 AM",2
65672,Infinity Seesun Resort,"Jul 20, 2026, 12:00:00 AM",1
152374,Orchid Riverview Hotel,"Jul 17, 2026, 12:00:00 AM",1
183154,Easy Hotel 2 Lamphun,"Jul 18, 2026, 12:00:00 AM",2
43897,Roma Hotel Khonkaen,"Jul 3, 2026, 12:00:00 AM",2
43847,The Y Residence,"Jul 26, 2026, 12:00:00 AM",1
63698,Hansanan Hotel Phitsanulok,"Jul 7, 2026, 12:00:00 AM",2
5101597,The Horizon Groove Hotel,"Jul 2, 2026, 12:00:00 AM",1
5102011,BB Hotel,"Jul 26, 2026, 12:00:00 AM",1
1844,Sunee Grand Hotel,"Sep 3, 2026, 12:00:00 AM",1
22714,BP Samila Beach Hotel And Resort,"Aug 3, 2026, 12:00:00 AM",1
152869,Kilintra Residence,"Dec 19, 2026, 12:00:00 AM",2
5084,Recenta Style Phuket Town,"Aug 4, 2026, 12:00:00 AM",1
4398317,Montana Songkla,"Jul 19, 2026, 12:00:00 AM",1
4920860,The Garden Home Resort Suphan Buri,"Jul 16, 2026, 12:00:00 AM",1
2000861,Blu Monkey Pooltara Krabi Hotel and Villas,"Jul 27, 2026, 12:00:00 AM",1
43849,Rattana Park Hotel,"Jul 24, 2026, 12:00:00 AM",1
63461,Phutawan Kan Resort,"Nov 26, 2026, 12:00:00 AM",1
137921,The Triple V Hotel,"Jul 8, 2026, 12:00:00 AM",1
63421,Nartsiri Hotel,"Jul 16, 2026, 12:00:00 AM",1
65563,Eco Inn Prime Trang,"Jul 9, 2026, 12:00:00 AM",1
25158,The Proud Exclusive Hotel,"Jul 13, 2026, 12:00:00 AM",1
2005749,Herry Residence,"Jul 28, 2026, 12:00:00 AM",1
5091475,One Budget Hotel Tak Maesot,"Jul 5, 2026, 12:00:00 AM",1
2007026,The Vista Hotel By Satit Group,"Jul 25, 2026, 12:00:00 AM",2
181648,Sp & K Apartment,"Sep 7, 2026, 12:00:00 AM",1
183668,North Inn Town Hotel,"Dec 28, 2026, 12:00:00 AM",1
4921268,Nakan Home,"Jul 15, 2026, 12:00:00 AM",1
4921150,JS Hotel,"Jul 22, 2026, 12:00:00 AM",1
65502,The Heart of Pai Resort,"Jul 4, 2026, 12:00:00 AM",1
4890153,JB Place Hotel Ban Phaeng,"Jul 27, 2026, 12:00:00 AM",2
152374,Orchid Riverview Hotel,"Aug 15, 2026, 12:00:00 AM",2
2007026,The Vista Hotel By Satit Group,"Aug 16, 2026, 12:00:00 AM",1
2011049,Worita Cove Hotel,"Oct 19, 2026, 12:00:00 AM",1
5101716,Coco Beach Hotel Jomtien,"Jul 28, 2026, 12:00:00 AM",1
183078,The 28th Hotel,"Oct 23, 2026, 12:00:00 AM",1
22349,Welcome World Beachfront Resort & Spa,"Jul 28, 2026, 12:00:00 AM",1
177859,HULA HULA RESORT l  truly tropical and fun wellness,"Jul 13, 2026, 12:00:00 AM",1
4922578,Red Heritage Hotel,"Jul 25, 2026, 12:00:00 AM",2
5101089,Hatyai Midtown Hotel,"Sep 20, 2026, 12:00:00 AM",2
5101146,Kastel Bangkok Hotel,"Jul 11, 2026, 12:00:00 AM",2
2012244,Sann Hotel,"Jul 23, 2026, 12:00:00 AM",1
2006630,Buritel Hotel,"Jul 13, 2026, 12:00:00 AM",2
182999,The U-Time Hotel,"Aug 4, 2026, 12:00:00 AM",1
5102574,Chaolao Sea Breeze,"Aug 3, 2026, 12:00:00 AM",1
4543129,Nunglen Gunmai Resort,"Jul 28, 2026, 12:00:00 AM",1
63458,P.A. Ville Hotel Nakhon Sawan,"Jul 18, 2026, 12:00:00 AM",2
63672,Madina Hotel Rayong,"Aug 3, 2026, 12:00:00 AM",1
4884349,Livist Resort Phetchabun,"Jul 27, 2026, 12:00:00 AM",2
181621,Phavina Serviced Residence Rayong,"Jul 8, 2026, 12:00:00 AM",1
4077779,Chai Siri Park View Khon Kaen,"Jul 25, 2026, 12:00:00 AM",2
65457,Centric Place Hotel,"Dec 2, 2026, 12:00:00 AM",1
65437,ABM Service Residence,"Aug 28, 2026, 12:00:00 AM",1
4945677,SC Saiwatana,"Jul 25, 2026, 12:00:00 AM",2
4915585,Huern Kan Thong Hotel,"Jul 25, 2026, 12:00:00 AM",1
183163,Donchan Grand Hotel,"Jul 11, 2026, 12:00:00 AM",2
5101980,P&B Hotel Nakhon Phanom,"Jul 25, 2026, 12:00:00 AM",2
152937,Taris Art Hotel,"Jul 25, 2026, 12:00:00 AM",2
5004716,Urbana House Samut Songkhram,"Jul 25, 2026, 12:00:00 AM",2
183651,Xanadu Hotel U Tapao,"Sep 4, 2026, 12:00:00 AM",1
4935433,The Wish Hotel,"Jul 25, 2026, 12:00:00 AM",2
43651,PC Grand Palace Hotel,"Jul 23, 2026, 12:00:00 AM",1
63676,Loft Mania Boutique Hotel,"Aug 8, 2026, 12:00:00 AM",2
4948550,JIA HAUS Hotel Apartment,"Jul 24, 2026, 12:00:00 AM",2
43603,V-Verve Service Apartment,"Jul 25, 2026, 12:00:00 AM",2
5102038,DAY & NIGHT HOTEL,"Jul 22, 2026, 12:00:00 AM",1
181639,Phurinda Residence Saraburi,"Jul 23, 2026, 12:00:00 AM",1
2000153,The Harbour Front Hotel,"Jul 28, 2026, 12:00:00 AM",1
4920686,Mayuu Ayutthaya Hotel,"Aug 13, 2026, 12:00:00 AM",1
4921072,The Bedrooms Boutique Hotel Bangkok,"Aug 13, 2026, 12:00:00 AM",1
2077,Sukhothai Treasure Resort & Spa,"Jan 12, 2027, 12:00:00 AM",1
4918110,101 Hotel Roi Et,"Jul 23, 2026, 12:00:00 AM",2
4921194,The Neuf Ratchada,"Aug 15, 2026, 12:00:00 AM",1
4920737,The Bedrooms Maeklong Hotel and Serviced Apartment,"Jul 24, 2026, 12:00:00 AM",1
182999,The U-Time Hotel,"Jul 31, 2026, 12:00:00 AM",1
2010883,Neca Reiche Hotel,"Jul 10, 2026, 12:00:00 AM",1
1530,Centara Pattaya Hotel,"Jul 23, 2026, 12:00:00 AM",1
1559,Mood Hotel Pattaya,"Jul 31, 2026, 12:00:00 AM",1
4920988,Ratchapruek DC Resort Angthong,"Jul 27, 2026, 12:00:00 AM",1
183609,The Square Rayong,"Jul 20, 2026, 12:00:00 AM",1
4921423,Pai Tawan Resort Hotel,"Jul 25, 2026, 12:00:00 AM",2
63771,T.P. Place Hotel,"Sep 5, 2026, 12:00:00 AM",2
2012834,KTK Apartment,"Jul 25, 2026, 12:00:00 AM",2
4918063,Thongchen Residence,"Jul 17, 2026, 12:00:00 AM",2
4870354,Novotel Marina Sriracha,"Aug 1, 2026, 12:00:00 AM",1
2010773,Wellness Residence Chiang Mai,"Jul 17, 2026, 12:00:00 AM",1
63676,Loft Mania Boutique Hotel,"Jul 22, 2026, 12:00:00 AM",2
4936650,Blu Monkey Hub and Hotel Krabi Town,"Jul 21, 2026, 12:00:00 AM",1
2135,Chaisaeng Palace Hotel,"Jul 22, 2026, 12:00:00 AM",2
522,Club Mahindra Mac Boutique Hotel,"Jul 23, 2026, 12:00:00 AM",1
4920686,Mayuu Ayutthaya Hotel,"Jul 9, 2026, 12:00:00 AM",2
4884579,Baan Chomphu Pakchong,"Dec 19, 2026, 12:00:00 AM",2
2010790,HUG Sakonnakhon,"Jul 11, 2026, 12:00:00 AM",1
4920622,Laguna Grand Hotel & Spa Songkhla,"Jul 15, 2026, 12:00:00 AM",1
63604,Phuglong Hotel Phayao,"Jul 26, 2026, 12:00:00 AM",1
4516608,Suanmaithara Resort and Spa,"Jul 17, 2026, 12:00:00 AM",1
138005,Tonaoi Grand Hotel,"Jul 17, 2026, 12:00:00 AM",1
4920761,Keingtawan Resort,"Jul 13, 2026, 12:00:00 AM",1
2000045,R2 Apartment Service,"Jul 3, 2026, 12:00:00 AM",1
4543060,Baan Mali Rimhkong,"Jul 23, 2026, 12:00:00 AM",2
4543072,PP Inn,"Jul 18, 2026, 12:00:00 AM",2
63626,Baan Phor Phan Hotel,"Jul 20, 2026, 12:00:00 AM",1
4606475,Belle Grand Hotel Udon Thani,"Jul 1, 2026, 12:00:00 AM",1
2091,Crystal Hotel Hat Yai,"Jul 11, 2026, 12:00:00 AM",2
611,Imm Thaphae Chiang Mai Hotel,"Jul 26, 2026, 12:00:00 AM",1
180822,Zak Residence,"Jul 8, 2026, 12:00:00 AM",1
4817086,The Resort Kamphaengphet,"Jul 9, 2026, 12:00:00 AM",1
2009950,Suntria Hotel Pattaya,"Jul 27, 2026, 12:00:00 AM",1
4543072,PP Inn,"Jul 10, 2026, 12:00:00 AM",1
4920669,Nine River Hotel,"Aug 8, 2026, 12:00:00 AM",2
5102444,Sandbox Hotel,"Jul 22, 2026, 12:00:00 AM",2
65621,The Rice Hotel Roi Et,"Jul 10, 2026, 12:00:00 AM",2
4525878,Rangsiya Boutique Hotel,"Jul 22, 2026, 12:00:00 AM",1
126,LUMEN Bangkok Srinakarin,"Jul 15, 2026, 12:00:00 AM",2
43868,Akelada Hotel,"Jul 11, 2026, 12:00:00 AM",2
2010138,Triple Z Hotel,"Jul 4, 2026, 12:00:00 AM",1
4854509,Heaven Hotel Chachoengsao,"Jul 28, 2026, 12:00:00 AM",2
63666,Mandy Nok Hotel,"Jul 23, 2026, 12:00:00 AM",1
4884190,Dee Hotel Phayao,"Aug 14, 2026, 12:00:00 AM",1
22714,BP Samila Beach Hotel And Resort,"Jul 26, 2026, 12:00:00 AM",1
4276190,Leelawadee Srisatchanalai,"Jul 26, 2026, 12:00:00 AM",1
43842,Rattana View Phitsanulok,"Jul 12, 2026, 12:00:00 AM",1
182925,Baan Pond Fah Pattaya,"Jul 31, 2026, 12:00:00 AM",1
1369,Charoen Thani Khon Kean,"Jul 17, 2026, 12:00:00 AM",1
4977985,The Square Hotel Nakhon Phanom,"Jul 15, 2026, 12:00:00 AM",1
4883872,The Chess hotel,"Dec 30, 2026, 12:00:00 AM",1
65457,Centric Place Hotel,"Jul 2, 2026, 12:00:00 AM",1
182908,Synsiri Resort,"Jul 24, 2026, 12:00:00 AM",1
2011666,The Cheewin Hotel & Convention,"Jul 1, 2026, 12:00:00 AM",1
5101537,Kokotel Pattaya North Beach,"Sep 26, 2026, 12:00:00 AM",2
4932284,Alto Hotel M - Maesot,"Jul 12, 2026, 12:00:00 AM",1
63421,Nartsiri Hotel,"Dec 11, 2026, 12:00:00 AM",1
2010510,The Green Hotel 304,"Jul 21, 2026, 12:00:00 AM",1
63688,Racha Residence Sriracha,"Jul 24, 2026, 12:00:00 AM",1
4884190,Dee Hotel Phayao,"Jul 18, 2026, 12:00:00 AM",1
182837,The Riche Boutique Hotel,"Nov 20, 2026, 12:00:00 AM",1
4922724,GO Hotel Chonburi at Central Chonburi,"Jul 13, 2026, 12:00:00 AM",1
4921090,AT Apartment,"Jul 31, 2026, 12:00:00 AM",1
4732,At Sakon Hotel,"Aug 2, 2026, 12:00:00 AM",1
65437,ABM Service Residence,"Oct 7, 2026, 12:00:00 AM",1
4918122,Wiangkham Resort Photharam,"Jul 17, 2026, 12:00:00 AM",1
408,Citadines Sukhumvit 16 Bangkok,"Jul 5, 2026, 12:00:00 AM",1
4920890,The Finn Hotel,"Jul 22, 2026, 12:00:00 AM",1
5101043,The Way Hotel Ban Pong,"Jul 20, 2026, 12:00:00 AM",1
2010153,The Kannas Hotel & Serviced Apartment Chiangmai,"Jul 1, 2026, 12:00:00 AM",1
1647,The Dewa Koh Chang,"Jul 29, 2026, 12:00:00 AM",1
137926,Feel@Home Place,"Aug 7, 2026, 12:00:00 AM",1
263,NH Bangkok Sukhumvit Boulevard,"Oct 21, 2026, 12:00:00 AM",1
4598762,B-tel Chom Thong Resort Chiang Mai,"Jul 25, 2026, 12:00:00 AM",2
4921438,V Square Serviced Apartment,"Jul 6, 2026, 12:00:00 AM",1
181525,Seven Bee Boutique Hotel,"Jul 5, 2026, 12:00:00 AM",1
1370,AVANI Khon Kaen Hotel & Convention Centre,"Aug 31, 2026, 12:00:00 AM",2
4980623,Kimcan Cottage,"Jul 25, 2026, 12:00:00 AM",1
183078,The 28th Hotel,"Oct 9, 2026, 12:00:00 AM",1
183462,Eastpana 304 Executive Residence,"Jul 8, 2026, 12:00:00 AM",1
4920586,Baan Phitcha Pranburi,"Jul 17, 2026, 12:00:00 AM",2
1844,Sunee Grand Hotel,"Aug 21, 2026, 12:00:00 AM",1
63739,Tonwa Resort,"Aug 14, 2026, 12:00:00 AM",1
5015298,Whitebeach Resort,"Jul 29, 2026, 12:00:00 AM",1
43917,Win D Hotel,"Jul 28, 2026, 12:00:00 AM",1
2012150,The C hotel Amnatcharoen,"Jul 11, 2026, 12:00:00 AM",2
2001500,Panta Resort Thoeng,"Jul 25, 2026, 12:00:00 AM",1
46,Chiva Bangkok Hotel,"Jul 21, 2026, 12:00:00 AM",2
5101906,Kokotel Rayong Beachfront,"Jul 28, 2026, 12:00:00 AM",1
5101972,GO Hotel Bangkok Suvarnabhumi Airport,"Jul 28, 2026, 12:00:00 AM",1
4867257,Grand PL Hotel,"Jul 17, 2026, 12:00:00 AM",2
4639,Ace of Hua Hin Resort,"Jul 27, 2026, 12:00:00 AM",1
2002124,Central Place Hotel Rayong,"Jul 4, 2026, 12:00:00 AM",1
181626,Chao Phraya Home Resort,"Jul 18, 2026, 12:00:00 AM",1
5101177,Indigo Hotel Hatyai,"Sep 2, 2026, 12:00:00 AM",1
4922478,Wassana Mansion,"Jul 24, 2026, 12:00:00 AM",1
182835,Nadee 10 Resort & Hotel,"Jul 30, 2026, 12:00:00 AM",1
182925,Baan Pond Fah Pattaya,"Jul 28, 2026, 12:00:00 AM",1
43642,Grand Charoonrat Hotel,"Jul 10, 2026, 12:00:00 AM",1
43827,Buri Sriphu Hotel,"Jul 18, 2026, 12:00:00 AM",1
2000292,Irin Beach Cha-am,"Jul 27, 2026, 12:00:00 AM",2
152939,Lake Terrace Resort,"Aug 28, 2026, 12:00:00 AM",1
2000021,Samrong Garden Resort,"Nov 10, 2026, 12:00:00 AM",1
43847,The Y Residence,"Aug 25, 2026, 12:00:00 AM",1
2000076,Baan Dala Hotel Mukdahan,"Jul 19, 2026, 12:00:00 AM",1
63458,P.A. Ville Hotel Nakhon Sawan,"Jul 16, 2026, 12:00:00 AM",2
43850,Ratchaphruek Pavilion,"Aug 8, 2026, 12:00:00 AM",2
4848992,Xotel,"Jul 23, 2026, 12:00:00 AM",1
43850,Ratchaphruek Pavilion,"Jul 11, 2026, 12:00:00 AM",2
21697,Dhevaraj Hotel,"Jul 29, 2026, 12:00:00 AM",2
43850,Ratchaphruek Pavilion,"Aug 17, 2026, 12:00:00 AM",1
4920925,One Budget Hotel Chiangrai Soi Sawan,"Jul 16, 2026, 12:00:00 AM",2
4921038,314 Art Hotel Nakhonsawan,"Jul 29, 2026, 12:00:00 AM",2
2000105,Aspira One Sutthisan Hotel,"Jul 28, 2026, 12:00:00 AM",1
5101095,Maison Hotel Bangkok,"Dec 19, 2026, 12:00:00 AM",1
4936076,Matini Premium @ Klong 1,"Oct 31, 2026, 12:00:00 AM",1
21414,The One Boutique Hotel,"Jul 23, 2026, 12:00:00 AM",2
65621,The Rice Hotel Roi Et,"Jul 25, 2026, 12:00:00 AM",2
5101177,Indigo Hotel Hatyai,"Aug 3, 2026, 12:00:00 AM",1
2005024,Veerasuda Condotel,"Jul 10, 2026, 12:00:00 AM",1
5101177,Indigo Hotel Hatyai,"Jul 5, 2026, 12:00:00 AM",1
5101716,Coco Beach Hotel Jomtien,"Jul 4, 2026, 12:00:00 AM",2
317,Avana Hotel and Convention Center,"Jul 24, 2026, 12:00:00 AM",1
65009,White Inn Nongkhai,"Jul 30, 2026, 12:00:00 AM",1
5102061,Arawana Express North Pattaya,"Jul 11, 2026, 12:00:00 AM",1
63720,Na Tub Thieng Boutique Resort,"Jul 25, 2026, 12:00:00 AM",1
2010979,S1 City Hotel Buriram,"Sep 26, 2026, 12:00:00 AM",1
1371,Glacier Hotel Khon Kaen,"Jul 25, 2026, 12:00:00 AM",1
4921213,Chatrium Grand Bangkok,"Jan 1, 2027, 12:00:00 AM",1
2000356,Sakura Boutique Hotel Pluakdaeng,"Jul 7, 2026, 12:00:00 AM",2
63707,Space59 Hotel,"Jul 17, 2026, 12:00:00 AM",1
1875,First Residence Samui,"Jul 29, 2026, 12:00:00 AM",1
4921227,The Pillows Boutique Hotel,"Aug 29, 2026, 12:00:00 AM",2
21230,Faikid Amnat Charoen Hotel,"Jul 7, 2026, 12:00:00 AM",1
5102447,P2 Inn Bangsaphan,"Jul 25, 2026, 12:00:00 AM",1
4525878,Rangsiya Boutique Hotel,"Jul 24, 2026, 12:00:00 AM",2
183688,DK Grand Chanthaburi Hotel,"Jul 3, 2026, 12:00:00 AM",2
63656,Kitlada Hotel Udon Thani,"Jul 4, 2026, 12:00:00 AM",2
63634,The Farm House Hotel,"Jul 19, 2026, 12:00:00 AM",2
23104,Magic House Hostel,"Jul 10, 2026, 12:00:00 AM",2
43577,Nim See Seng Hotel,"Jul 3, 2026, 12:00:00 AM",1
4933170,C Hotel Bangna,"Sep 5, 2026, 12:00:00 AM",1
43826,Srilamduan Hotel Srisaket,"Jul 25, 2026, 12:00:00 AM",1
2012750,HOMM Boutique Hotel,"Jul 29, 2026, 12:00:00 AM",1
5101095,Maison Hotel Bangkok,"Nov 22, 2026, 12:00:00 AM",1
43850,Ratchaphruek Pavilion,"Aug 29, 2026, 12:00:00 AM",2
4921150,JS Hotel,"Jul 19, 2026, 12:00:00 AM",1
63638,Trat Center Hotel,"Jul 10, 2026, 12:00:00 AM",1
2007725,Rider bedroom hostel and cafe,"Jul 18, 2026, 12:00:00 AM",1
4884349,Livist Resort Phetchabun,"Jul 4, 2026, 12:00:00 AM",2
65563,Eco Inn Prime Trang,"Oct 13, 2026, 12:00:00 AM",1
137910,Promsook Apartment,"Dec 18, 2026, 12:00:00 AM",1
4543161,Amonrat Place Nakae,"Jul 15, 2026, 12:00:00 AM",2
4848992,Xotel,"Jul 31, 2026, 12:00:00 AM",2
21378,Hug Nimman Hotel Chiang Mai,"Jul 31, 2026, 12:00:00 AM",1
4921218,Valia Hotel Bangkok,"Jul 24, 2026, 12:00:00 AM",1
182903,Chueaprom Mansion Nakhonsithammarat,"Jul 24, 2026, 12:00:00 AM",1
4730,Xen Hotel Nakhon Pathom,"Jul 24, 2026, 12:00:00 AM",2
4921378,Tonfern Hotel Khonkaen,"Jul 24, 2026, 12:00:00 AM",1
4920962,Baan Suwanna Khon Kaen,"Jul 15, 2026, 12:00:00 AM",1
63391,Porn 3 Hotel Khonkaen,"Jul 17, 2026, 12:00:00 AM",2
5101432,Mintra Apartel,"Jul 24, 2026, 12:00:00 AM",1
21697,Dhevaraj Hotel,"Oct 11, 2026, 12:00:00 AM",2
712,Kiang Haad Beach Hua Hin,"Jul 27, 2026, 12:00:00 AM",1
4921227,The Pillows Boutique Hotel,"Aug 15, 2026, 12:00:00 AM",2
74,Easy Planet Bangkok Surawong,"Sep 14, 2026, 12:00:00 AM",1
2009950,Suntria Hotel Pattaya,"Jul 29, 2026, 12:00:00 AM",1
21939,Arawana Regency Ratchada,"Jul 18, 2026, 12:00:00 AM",2
182835,Nadee 10 Resort & Hotel,"Aug 3, 2026, 12:00:00 AM",1
4528906,Blue Lagoon Hotel,"Nov 22, 2026, 12:00:00 AM",1
5102560,Sugar Marina Hotel -POP- Kata Beach,"Sep 4, 2026, 12:00:00 AM",1
46,Chiva Bangkok Hotel,"Jul 16, 2026, 12:00:00 AM",1
21308,Suntara Wellness Resort and Hotel,"Jul 31, 2026, 12:00:00 AM",1
730,Hinn Namm Hotel,"Jul 31, 2026, 12:00:00 AM",1
2010931,ZLEEP D Hotel,"Jul 23, 2026, 12:00:00 AM",2
2000045,R2 Apartment Service,"Jul 4, 2026, 12:00:00 AM",2
63391,Porn 3 Hotel Khonkaen,"Jul 15, 2026, 12:00:00 AM",1
2006319,Rain Tree Khao Yai Hotel,"Oct 16, 2026, 12:00:00 AM",1
4915562,VK & Residence Kanchanaburi,"Jul 31, 2026, 12:00:00 AM",1
4861280,AK Terrace Hotel,"Jul 21, 2026, 12:00:00 AM",1
183654,Simon Inn Saraburi,"Jul 17, 2026, 12:00:00 AM",1
43918,The Zenith Residence Hotel,"Oct 7, 2026, 12:00:00 AM",1
4948550,JIA HAUS Hotel Apartment,"Aug 7, 2026, 12:00:00 AM",1
2008838,Anchan Laguna Hotel,"Jul 25, 2026, 12:00:00 AM",2
4543144,Jong Kham View Hotel,"Jul 7, 2026, 12:00:00 AM",1
1773,Topland Hotel Phitsanulok,"Jul 7, 2026, 12:00:00 AM",2
4717,Lumphachi Lakehill,"Jul 25, 2026, 12:00:00 AM",1
2011240,UR The Private Hua-Hin,"Jul 4, 2026, 12:00:00 AM",2
345,Gold Orchid Bangkok,"Jul 23, 2026, 12:00:00 AM",1
65581,Anna Nava Pakkret Hotel,"Nov 21, 2026, 12:00:00 AM",2
4516608,Suanmaithara Resort and Spa,"Jul 22, 2026, 12:00:00 AM",1
4932707,SILQ Hotel and Residence,"Jul 30, 2026, 12:00:00 AM",1
5101177,Indigo Hotel Hatyai,"Aug 14, 2026, 12:00:00 AM",1
4922724,GO Hotel Chonburi at Central Chonburi,"Aug 14, 2026, 12:00:00 AM",1
4920686,Mayuu Ayutthaya Hotel,"Jul 6, 2026, 12:00:00 AM",2
183701,Nano Place Hotel Sriracha,"Jul 16, 2026, 12:00:00 AM",2
181551,Charisma Residence,"Jul 7, 2026, 12:00:00 AM",1
4543042,Navakitel Design Hotel,"Jul 11, 2026, 12:00:00 AM",2
4920701,Glory Wabi Sabi Hotel,"Aug 8, 2026, 12:00:00 AM",1
63697,JK Living Hotel and Service Apartment,"Oct 17, 2026, 12:00:00 AM",1
2010951,De Princess Hotel Udonthani,"Aug 10, 2026, 12:00:00 AM",2
4920954,Newman Hotel Donmuaeng,"Jul 17, 2026, 12:00:00 AM",1
4915675,The Gold Living Life,"Jul 22, 2026, 12:00:00 AM",1
5101761,Journeyhub Sukhumvit 26 Bangkok,"Sep 4, 2026, 12:00:00 AM",1
5102560,Sugar Marina Hotel -POP- Kata Beach,"Aug 30, 2026, 12:00:00 AM",1
183415,Chaanburi Boutique Resort,"Jul 10, 2026, 12:00:00 AM",2
4921213,Chatrium Grand Bangkok,"Sep 25, 2026, 12:00:00 AM",1
21697,Dhevaraj Hotel,"Jul 25, 2026, 12:00:00 AM",2
43873,K Star Place,"Jul 4, 2026, 12:00:00 AM",2
4933244,Panda Home @ Cafe Songkhla,"Aug 13, 2026, 12:00:00 AM",1
4606512,Prangtip Resort,"Jul 4, 2026, 12:00:00 AM",2
5101627,The Moon Kalasin,"Jul 17, 2026, 12:00:00 AM",1
4884787,Ananzitra Hotel,"Aug 9, 2026, 12:00:00 AM",1
182835,Nadee 10 Resort & Hotel,"Sep 12, 2026, 12:00:00 AM",1
4920643,The Model Garden Hotel,"Jul 15, 2026, 12:00:00 AM",1
4606532,EMory Resort Lopburi,"Jul 25, 2026, 12:00:00 AM",2
4863481,Ocean Gold Card Ayutthaya,"Jul 26, 2026, 12:00:00 AM",1
4920836,SR Grand Hotel Chiang Mai,"Jul 4, 2026, 12:00:00 AM",2
1772,The Imperial Hotel and Convention Centre Phitsanulok,"Jul 27, 2026, 12:00:00 AM",1
43850,Ratchaphruek Pavilion,"Aug 16, 2026, 12:00:00 AM",1
63634,The Farm House Hotel,"Jul 24, 2026, 12:00:00 AM",2
503,The Victory Executive Residences,"Aug 29, 2026, 12:00:00 AM",1
43574,The River Hotel Nakhonphanom,"Nov 21, 2026, 12:00:00 AM",1
4921453,Goodday Hotel Khon Kaen,"Jul 7, 2026, 12:00:00 AM",1
21699,New Travel Lodge,"Jul 26, 2026, 12:00:00 AM",1
2000194,Eireann Boutique Hotel,"Jul 12, 2026, 12:00:00 AM",1
1370,AVANI Khon Kaen Hotel & Convention Centre,"Aug 5, 2026, 12:00:00 AM",1
4996596,Baan Mai Spaghetti,"Jul 28, 2026, 12:00:00 AM",1
2006823,Sombat Resort,"Jul 27, 2026, 12:00:00 AM",1
4920954,Newman Hotel Donmuaeng,"Jul 24, 2026, 12:00:00 AM",2
4920962,Baan Suwanna Khon Kaen,"Jul 24, 2026, 12:00:00 AM",1
4883158,Bluebed Hotel,"Jul 15, 2026, 12:00:00 AM",1
2091,Crystal Hotel Hat Yai,"Jul 31, 2026, 12:00:00 AM",2
63594,Diary Suite Hotel,"Jul 11, 2026, 12:00:00 AM",2
65581,Anna Nava Pakkret Hotel,"Aug 7, 2026, 12:00:00 AM",2
63574,The Nest Hotel Phichit,"Sep 5, 2026, 12:00:00 AM",1
182835,Nadee 10 Resort & Hotel,"Aug 10, 2026, 12:00:00 AM",1
4772,Seeharaj Hotel Uttaradit,"Jul 27, 2026, 12:00:00 AM",2
63732,Tharakiree Place Hotel,"Jul 16, 2026, 12:00:00 AM",2
183701,Nano Place Hotel Sriracha,"Jul 26, 2026, 12:00:00 AM",1
183668,North Inn Town Hotel,"Dec 27, 2026, 12:00:00 AM",1
1647,The Dewa Koh Chang,"Sep 3, 2026, 12:00:00 AM",1
2010800,Comet Hotel Surat Thani,"Jul 19, 2026, 12:00:00 AM",1
5101640,Bear & Bird Hotel,"Jul 31, 2026, 12:00:00 AM",1
63375,Loei Village Hotel,"Jul 9, 2026, 12:00:00 AM",1
4884784,VELA Dhi Udon Thani,"Aug 19, 2026, 12:00:00 AM",1
181659,Baan Gon Chompu Suanphueng,"Jul 16, 2026, 12:00:00 AM",1
183201,Phimai Paradise Hotel,"Jul 21, 2026, 12:00:00 AM",1
63807,Klongrien Boutique Hatyai,"Jul 27, 2026, 12:00:00 AM",1
2000356,Sakura Boutique Hotel Pluakdaeng,"Jul 17, 2026, 12:00:00 AM",1
63652,Belleville Hotel Phetchabun,"Jul 21, 2026, 12:00:00 AM",1
65672,Infinity Seesun Resort,"Jul 11, 2026, 12:00:00 AM",1
4920669,Nine River Hotel,"Jul 25, 2026, 12:00:00 AM",1
4921438,V Square Serviced Apartment,"Jul 10, 2026, 12:00:00 AM",2
1875,First Residence Samui,"Aug 13, 2026, 12:00:00 AM",1
182820,S.22 Hotel Suratthani,"Sep 3, 2026, 12:00:00 AM",1
4920295,Tonrak Resort Saraburi,"Jul 18, 2026, 12:00:00 AM",1
879,Sawaddi Patong Resort & Spa (formely Centara Sawaddi),"Jul 17, 2026, 12:00:00 AM",1
2003824,Bhundaree Richy,"Jul 10, 2026, 12:00:00 AM",1
764,Huahin Grand Hotel & Plaza,"Aug 12, 2026, 12:00:00 AM",1
2000166,The Bangkok Major Suite,"Jul 18, 2026, 12:00:00 AM",2
4915675,The Gold Living Life,"Jul 16, 2026, 12:00:00 AM",2
182908,Synsiri Resort,"Jul 11, 2026, 12:00:00 AM",2
43640,Naiya place Kanchanaburi,"Jul 28, 2026, 12:00:00 AM",1
181563,L Nimman Boutique Hotel,"Dec 30, 2026, 12:00:00 AM",1
5101720,L2 Premium,"Aug 16, 2026, 12:00:00 AM",1
4866348,TT Residence​,"Jul 19, 2026, 12:00:00 AM",2
63739,Tonwa Resort,"Jul 23, 2026, 12:00:00 AM",2
4921119,Bongkod Hotel,"Jul 11, 2026, 12:00:00 AM",2
4920701,Glory Wabi Sabi Hotel,"Aug 27, 2026, 12:00:00 AM",1
4936660,Chor Grande Resort,"Jul 28, 2026, 12:00:00 AM",1
4914009,Hotel Scarlett,"Jul 10, 2026, 12:00:00 AM",1
2006989,Orchid Residence Suratthani,"Jul 11, 2026, 12:00:00 AM",1
4915645,Metro Ratchada 36,"Nov 23, 2026, 12:00:00 AM",1
746,ibis Huahin,"Aug 8, 2026, 12:00:00 AM",1
5101720,L2 Premium,"Aug 2, 2026, 12:00:00 AM",2
4848992,Xotel,"Aug 2, 2026, 12:00:00 AM",1
5031959,Aramis Hotel Kamphaengphet,"Jul 14, 2026, 12:00:00 AM",1
43909,Privacy Residence Lopburi,"Jul 24, 2026, 12:00:00 AM",1
63840,Le Park Hotel Thung Song,"Aug 7, 2026, 12:00:00 AM",1
5101089,Hatyai Midtown Hotel,"Jul 31, 2026, 12:00:00 AM",1
4851257,Hotel Kuretakeso Thailand Sriracha,"Jul 27, 2026, 12:00:00 AM",1
65536,Coco Beach Resort Bangsean,"Jul 7, 2026, 12:00:00 AM",2
138072,J Park Hotel,"Jul 4, 2026, 12:00:00 AM",2
4918063,Thongchen Residence,"Aug 1, 2026, 12:00:00 AM",2
4717,Lumphachi Lakehill,"Jul 27, 2026, 12:00:00 AM",1
4934069,Payaa Hotel,"Jul 16, 2026, 12:00:00 AM",1
2000017,Luck Esan Loft,"Jul 11, 2026, 12:00:00 AM",2
4921423,Pai Tawan Resort Hotel,"Jul 2, 2026, 12:00:00 AM",1
5101673,Sai Yok Noi Resort,"Jul 11, 2026, 12:00:00 AM",2
23104,Magic House Hostel,"Aug 7, 2026, 12:00:00 AM",1
63692,C.S. Pattani Hotel,"Aug 30, 2026, 12:00:00 AM",2
4857747,Grand Forest,"Jul 3, 2026, 12:00:00 AM",1
152386,Sinkiat Buri Hotel,"Jul 3, 2026, 12:00:00 AM",2
4901456,PLAAI Plus Hotel Rayong,"Jul 1, 2026, 12:00:00 AM",2
3014290,Chumphon Park Resort,"Jul 18, 2026, 12:00:00 AM",1
5101058,The Navy House Hotel,"Jul 7, 2026, 12:00:00 AM",1
25124,Phanthong Hotel,"Jul 2, 2026, 12:00:00 AM",1
63458,P.A. Ville Hotel Nakhon Sawan,"Jul 11, 2026, 12:00:00 AM",2
477,Ibis Bangkok Sukhumvit 4,"Jul 28, 2026, 12:00:00 AM",1
5102511,7 Stays Pattaya Hotel,"Jul 30, 2026, 12:00:00 AM",1
2000276,Baan Bangwua Resort,"Jul 4, 2026, 12:00:00 AM",1
25149,Fortune View Kong Nakhon Phanom,"Jul 27, 2026, 12:00:00 AM",1
182835,Nadee 10 Resort & Hotel,"Jul 12, 2026, 12:00:00 AM",2
2002543,Pakchong Hotel,"Jul 19, 2026, 12:00:00 AM",1
4921227,The Pillows Boutique Hotel,"Jul 31, 2026, 12:00:00 AM",1
182903,Chueaprom Mansion Nakhonsithammarat,"Sep 9, 2026, 12:00:00 AM",1
345,Gold Orchid Bangkok,"Jul 30, 2026, 12:00:00 AM",1
4918010,The Cozy Hostel Loei Wang Saphung,"Jul 17, 2026, 12:00:00 AM",2
4854509,Heaven Hotel Chachoengsao,"Jul 25, 2026, 12:00:00 AM",1
63697,JK Living Hotel and Service Apartment,"Jul 3, 2026, 12:00:00 AM",2
21418,Metro point Bangkok,"Jul 11, 2026, 12:00:00 AM",2
4921194,The Neuf Ratchada,"Aug 8, 2026, 12:00:00 AM",1
4968476,Nasan Valley Resort,"Jul 31, 2026, 12:00:00 AM",1
43897,Roma Hotel Khonkaen,"Jul 5, 2026, 12:00:00 AM",1
1770,Grand Riverside Hotel Phitsanulok,"Jul 13, 2026, 12:00:00 AM",1
4921347,S. Sriracha Hotel and Residence,"Aug 5, 2026, 12:00:00 AM",1
2000106,Holiday Inn & Suites Rayong City Centre,"Aug 22, 2026, 12:00:00 AM",1
63707,Space59 Hotel,"Jul 14, 2026, 12:00:00 AM",2
4922295,Sealight Hotel Songkhla,"Jul 4, 2026, 12:00:00 AM",2
5102073,Chill Hotel Khaoyai,"Jul 28, 2026, 12:00:00 AM",2
5102560,Sugar Marina Hotel -POP- Kata Beach,"Oct 11, 2026, 12:00:00 AM",1
2000166,The Bangkok Major Suite,"Jul 4, 2026, 12:00:00 AM",2
22104,Phuketa Hotel,"Sep 6, 2026, 12:00:00 AM",2
1382,Sima Thani Hotel,"Jul 24, 2026, 12:00:00 AM",1
43850,Ratchaphruek Pavilion,"Jul 24, 2026, 12:00:00 AM",1
4920686,Mayuu Ayutthaya Hotel,"Jul 3, 2026, 12:00:00 AM",2
4581,Prajaktra City Hostel,"Jul 9, 2026, 12:00:00 AM",1
63574,The Nest Hotel Phichit,"Jul 7, 2026, 12:00:00 AM",1
2000216,The Room Hotel Kamphaengphet,"Jul 25, 2026, 12:00:00 AM",2
5102452,Marquis Hotel,"Jul 25, 2026, 12:00:00 AM",1
2001054,Jasmine Resort Sriracha,"Jul 28, 2026, 12:00:00 AM",2
5101640,Bear & Bird Hotel,"Jul 28, 2026, 12:00:00 AM",2
912,Bhukitta Boutique Hotel Phuket,"Jan 30, 2027, 12:00:00 AM",1
4920736,Thapsakae Hotel,"Jul 15, 2026, 12:00:00 AM",1
611,Imm Thaphae Chiang Mai Hotel,"Jul 3, 2026, 12:00:00 AM",1
4921042,GO Hotel Bowin at Robinson Lifestyle,"Jul 13, 2026, 12:00:00 AM",1
4516608,Suanmaithara Resort and Spa,"Jul 11, 2026, 12:00:00 AM",2
4543060,Baan Mali Rimhkong,"Jul 11, 2026, 12:00:00 AM",2
4921227,The Pillows Boutique Hotel,"Jul 20, 2026, 12:00:00 AM",1
4543129,Nunglen Gunmai Resort,"Nov 14, 2026, 12:00:00 AM",2
4988854,PLAAI Plus Hotel Bowin,"Aug 9, 2026, 12:00:00 AM",1
183010,Bunprasop Garden Hotel,"Aug 1, 2026, 12:00:00 AM",1
2004232,Baansuan Greenview Resort,"Jul 15, 2026, 12:00:00 AM",1
183370,SC Resort Chachoengsao,"Aug 8, 2026, 12:00:00 AM",2
345,Gold Orchid Bangkok,"Aug 1, 2026, 12:00:00 AM",1
43574,The River Hotel Nakhonphanom,"Jul 26, 2026, 12:00:00 AM",1
138021,PSG hotel,"Aug 19, 2026, 12:00:00 AM",1
2005574,Seksub Place,"Jul 24, 2026, 12:00:00 AM",1
4536681,J2 Residence Chiang Rai,"Sep 14, 2026, 12:00:00 AM",1
2008810,Maesot Siri Hotel,"Jul 21, 2026, 12:00:00 AM",1
4857758,The Cape Boutique Hotel,"Jul 17, 2026, 12:00:00 AM",1
4920686,Mayuu Ayutthaya Hotel,"Aug 22, 2026, 12:00:00 AM",1
183055,Chantra Hotel Sakaeo,"Jul 18, 2026, 12:00:00 AM",2
43894,Wangtai Hotel,"Jul 17, 2026, 12:00:00 AM",1
2006319,Rain Tree Khao Yai Hotel,"Jul 20, 2026, 12:00:00 AM",1
2011666,The Cheewin Hotel & Convention,"Jul 28, 2026, 12:00:00 AM",2
5102011,BB Hotel,"Jul 21, 2026, 12:00:00 AM",2
4795622,SJ Miracle hotel Hatyai,"Jul 1, 2026, 12:00:00 AM",2
65581,Anna Nava Pakkret Hotel,"Nov 15, 2026, 12:00:00 AM",2
183069,Holiday Inn Express Bangkok Soi Soonvijai,"Aug 26, 2026, 12:00:00 AM",1
65581,Anna Nava Pakkret Hotel,"Nov 27, 2026, 12:00:00 AM",1
2012061,Casa Luxe Hotel & Resident,"Jul 26, 2026, 12:00:00 AM",1
2004575,Ben Residence,"Jul 11, 2026, 12:00:00 AM",2
181465,Seth Thee Residence Khonkaen,"Jul 16, 2026, 12:00:00 AM",2
5102473,Milton Hotel,"Jul 22, 2026, 12:00:00 AM",1
4932854,HOMA Si Racha,"Jul 7, 2026, 12:00:00 AM",1
182835,Nadee 10 Resort & Hotel,"Aug 1, 2026, 12:00:00 AM",1
2012396,Aliz Hotel,"Jul 28, 2026, 12:00:00 AM",1
387,Riverside Bangkok Hotel,"Jul 17, 2026, 12:00:00 AM",1
4915645,Metro Ratchada 36,"Sep 4, 2026, 12:00:00 AM",1
5102061,Arawana Express North Pattaya,"Jul 4, 2026, 12:00:00 AM",2
152355,Park View Yala,"Jul 25, 2026, 12:00:00 AM",2
4516608,Suanmaithara Resort and Spa,"Jul 24, 2026, 12:00:00 AM",2
1530,Centara Pattaya Hotel,"Jul 25, 2026, 12:00:00 AM",2
5101716,Coco Beach Hotel Jomtien,"Aug 17, 2026, 12:00:00 AM",1
5101089,Hatyai Midtown Hotel,"Aug 7, 2026, 12:00:00 AM",1
4890153,JB Place Hotel Ban Phaeng,"Oct 25, 2026, 12:00:00 AM",1
1514,Windmill Resort Hotel,"Jul 21, 2026, 12:00:00 AM",2
5101113,Jiranakron Park Buriram,"Sep 26, 2026, 12:00:00 AM",1
4543023,Proud Khaoyai,"Jul 28, 2026, 12:00:00 AM",2
4598762,B-tel Chom Thong Resort Chiang Mai,"Jul 26, 2026, 12:00:00 AM",2
63445,Rittiboon Vintage,"Jul 25, 2026, 12:00:00 AM",1
2000181,Tamsabai Hotel,"Jul 9, 2026, 12:00:00 AM",1
611,Imm Thaphae Chiang Mai Hotel,"Oct 14, 2026, 12:00:00 AM",1
1370,AVANI Khon Kaen Hotel & Convention Centre,"Jul 11, 2026, 12:00:00 AM",2
4920352,S3 Hua Hin Hotel,"Jul 26, 2026, 12:00:00 AM",2
43897,Roma Hotel Khonkaen,"Jul 1, 2026, 12:00:00 AM",2
2001054,Jasmine Resort Sriracha,"Jul 20, 2026, 12:00:00 AM",1
1844,Sunee Grand Hotel,"Sep 2, 2026, 12:00:00 AM",2
183414,Clover Hotel Hatyai,"Sep 20, 2026, 12:00:00 AM",1
22359,Le Cassia Hotel,"Jul 7, 2026, 12:00:00 AM",1
4918110,101 Hotel Roi Et,"Jul 28, 2026, 12:00:00 AM",1
152374,Orchid Riverview Hotel,"Aug 3, 2026, 12:00:00 AM",1
1772,The Imperial Hotel and Convention Centre Phitsanulok,"Jul 4, 2026, 12:00:00 AM",2
1621,Awa Resort Koh Chang,"Sep 26, 2026, 12:00:00 AM",1
2012695,The 8 Hotel Udonthani,"Jul 10, 2026, 12:00:00 AM",1
5101972,GO Hotel Bangkok Suvarnabhumi Airport,"Jul 17, 2026, 12:00:00 AM",2
2001222,Rinradee Place Buriram,"Sep 4, 2026, 12:00:00 AM",1
503,The Victory Executive Residences,"Jul 25, 2026, 12:00:00 AM",2
4932292,The Bed's 304,"Jul 21, 2026, 12:00:00 AM",2
43906,Kwanruen Park Hotel,"Jul 3, 2026, 12:00:00 AM",1
4884787,Ananzitra Hotel,"Jul 27, 2026, 12:00:00 AM",2
503,The Victory Executive Residences,"Jul 31, 2026, 12:00:00 AM",2
2006319,Rain Tree Khao Yai Hotel,"Jul 30, 2026, 12:00:00 AM",2
5101720,L2 Premium,"Jul 8, 2026, 12:00:00 AM",1
4920973,VELA Dhi Nakhon Phanom,"Jul 24, 2026, 12:00:00 AM",2
43948,VILLA'S DAY Phitsanulok,"Jul 15, 2026, 12:00:00 AM",1
22189,The Heritage Pattaya Beachfront Resort,"Aug 10, 2026, 12:00:00 AM",1
2006319,Rain Tree Khao Yai Hotel,"Jul 17, 2026, 12:00:00 AM",1
43674,The Grace Residence Surin,"Jul 4, 2026, 12:00:00 AM",2
2012244,Sann Hotel,"Jul 21, 2026, 12:00:00 AM",1
1647,The Dewa Koh Chang,"Sep 5, 2026, 12:00:00 AM",1
2001565,Zing Resort & Spa,"Dec 11, 2026, 12:00:00 AM",1
3332,Ray Hotel Buriram,"Aug 8, 2026, 12:00:00 AM",1
2003960,Thai Lao Resort & Spa,"Jul 4, 2026, 12:00:00 AM",2
1369,Charoen Thani Khon Kean,"Jul 15, 2026, 12:00:00 AM",2
4884393,Venice Palace Hotel,"Jul 24, 2026, 12:00:00 AM",2
5102262,Snooze Hotel Amata,"Jul 19, 2026, 12:00:00 AM",1
4920677,22 Twenty-two Hotel Maesai,"Jul 10, 2026, 12:00:00 AM",1
65581,Anna Nava Pakkret Hotel,"Sep 20, 2026, 12:00:00 AM",2
2007815,Ac Sport Center Hotel,"Jul 11, 2026, 12:00:00 AM",2
183010,Bunprasop Garden Hotel,"Oct 9, 2026, 12:00:00 AM",1
181563,L Nimman Boutique Hotel,"Jul 10, 2026, 12:00:00 AM",1
22359,Le Cassia Hotel,"Jul 12, 2026, 12:00:00 AM",1
4920643,The Model Garden Hotel,"Jul 9, 2026, 12:00:00 AM",2
25150,J.P. Emerald Hotel Yasothon,"Jul 20, 2026, 12:00:00 AM",1
4251694,The Singora Hotel,"Jul 3, 2026, 12:00:00 AM",2
1675,The Imperial Mae Hong Son Resort,"Oct 10, 2026, 12:00:00 AM",1
4884874,NonNee Lampang Hotel,"Jul 19, 2026, 12:00:00 AM",1
21358,The Paradiso JK Design Hotel,"Dec 1, 2026, 12:00:00 AM",1
63626,Baan Phor Phan Hotel,"Sep 12, 2026, 12:00:00 AM",1
2003846,JJ Villa,"Jul 31, 2026, 12:00:00 AM",1
4920686,Mayuu Ayutthaya Hotel,"Jul 5, 2026, 12:00:00 AM",2
43636,A Plus Hotel Ubonratchathani,"Jul 26, 2026, 12:00:00 AM",2
2008496,Thongphaphum River,"Jul 28, 2026, 12:00:00 AM",1
611,Imm Thaphae Chiang Mai Hotel,"Jul 11, 2026, 12:00:00 AM",1
2002144,Huaymuang Apartment,"Jul 18, 2026, 12:00:00 AM",2
496,TUI BLUE Maduzi Hotel Bangkok,"Aug 22, 2026, 12:00:00 AM",1
1514,Windmill Resort Hotel,"Jul 12, 2026, 12:00:00 AM",1
2007815,Ac Sport Center Hotel,"Jul 25, 2026, 12:00:00 AM",1
4922724,GO Hotel Chonburi at Central Chonburi,"Aug 13, 2026, 12:00:00 AM",2
2004219,Hisoplace Hotel,"Jul 17, 2026, 12:00:00 AM",2
138013,Green Park Hotel Mahasarakham,"Oct 24, 2026, 12:00:00 AM",1
2000373,Panlaan Boutique Resort,"Nov 20, 2026, 12:00:00 AM",1
5102511,7 Stays Pattaya Hotel,"Aug 7, 2026, 12:00:00 AM",1
4920797,Hotel Agnes Buriram,"Jul 8, 2026, 12:00:00 AM",1
82,Holiday Inn Express Bangkok Sathorn,"Aug 7, 2026, 12:00:00 AM",1
2000386,Sasidara Resort,"Jul 20, 2026, 12:00:00 AM",1
43850,Ratchaphruek Pavilion,"Aug 28, 2026, 12:00:00 AM",1
4793826,Metha Palace,"Jul 24, 2026, 12:00:00 AM",1
4921226,All Times Hotel,"Jul 19, 2026, 12:00:00 AM",2
2000263,Non C Park Hotel,"Aug 6, 2026, 12:00:00 AM",1
65643,Tanzeno Hotel,"Jul 18, 2026, 12:00:00 AM",1
2010838,All Day Hostel @ BTS Bang Chak,"Jul 19, 2026, 12:00:00 AM",1
5101861,Chapter Hotel Hatyai,"Aug 22, 2026, 12:00:00 AM",1
43634,Sawairiang Place Apartment,"Jul 10, 2026, 12:00:00 AM",1
5101058,The Navy House Hotel,"Oct 26, 2026, 12:00:00 AM",1
4915675,The Gold Living Life,"Jul 26, 2026, 12:00:00 AM",1
183075,ATM Service Apartment Yala,"Aug 3, 2026, 12:00:00 AM",1
2000386,Sasidara Resort,"Jul 31, 2026, 12:00:00 AM",1
5012144,Baanpak Reun Mai Horm Sadao,"Jul 4, 2026, 12:00:00 AM",2
43851,Prime Time Hotel Bang Saen,"Jul 26, 2026, 12:00:00 AM",2
152386,Sinkiat Buri Hotel,"Aug 27, 2026, 12:00:00 AM",1
43918,The Zenith Residence Hotel,"Oct 13, 2026, 12:00:00 AM",1
182903,Chueaprom Mansion Nakhonsithammarat,"Sep 8, 2026, 12:00:00 AM",2
43842,Rattana View Phitsanulok,"Jul 9, 2026, 12:00:00 AM",2
2050,Charoen Hotel Udon Thani,"Jul 18, 2026, 12:00:00 AM",2
2003960,Thai Lao Resort & Spa,"Jul 6, 2026, 12:00:00 AM",1
4914009,Hotel Scarlett,"Aug 2, 2026, 12:00:00 AM",2
183459,Puranakhon Hotel,"Jul 8, 2026, 12:00:00 AM",1
4922677,Baan Ploen Hotel,"Jul 17, 2026, 12:00:00 AM",1
4915645,Metro Ratchada 36,"Oct 11, 2026, 12:00:00 AM",1
712,Kiang Haad Beach Hua Hin,"Jul 26, 2026, 12:00:00 AM",1
183370,SC Resort Chachoengsao,"Jul 20, 2026, 12:00:00 AM",2
4854509,Heaven Hotel Chachoengsao,"Jul 21, 2026, 12:00:00 AM",1
4920973,VELA Dhi Nakhon Phanom,"Jul 25, 2026, 12:00:00 AM",2
152889,The Myhome Resort,"Jul 4, 2026, 12:00:00 AM",2
4920836,SR Grand Hotel Chiang Mai,"Jul 31, 2026, 12:00:00 AM",1
5101177,Indigo Hotel Hatyai,"Jul 29, 2026, 12:00:00 AM",1
63698,Hansanan Hotel Phitsanulok,"Jul 22, 2026, 12:00:00 AM",1
65618,Tamarind Garden Hotel,"Jul 28, 2026, 12:00:00 AM",1
2008893,The Pride Salaya,"Jul 25, 2026, 12:00:00 AM",1
4727105,Memo Bangsaen,"Jul 24, 2026, 12:00:00 AM",1
5102262,Snooze Hotel Amata,"Jul 7, 2026, 12:00:00 AM",1
4921227,The Pillows Boutique Hotel,"Aug 10, 2026, 12:00:00 AM",2
4918047,Baan Kiita,"Sep 1, 2026, 12:00:00 AM",1
2000106,Holiday Inn & Suites Rayong City Centre,"Jul 24, 2026, 12:00:00 AM",1
22968,My Hotel CMYK @ Ratchada,"Jul 18, 2026, 12:00:00 AM",2
4922582,Wandee Resort Bankrut,"Jul 5, 2026, 12:00:00 AM",1
4936650,Blu Monkey Hub and Hotel Krabi Town,"Jul 18, 2026, 12:00:00 AM",2
1844,Sunee Grand Hotel,"Oct 15, 2026, 12:00:00 AM",1
5101185,Himtong Coffee and Resort,"Jul 27, 2026, 12:00:00 AM",2
2106,One Fu Hotel,"Jul 18, 2026, 12:00:00 AM",1
4543135,Bara Bara Budget Satun,"Aug 15, 2026, 12:00:00 AM",1
63652,Belleville Hotel Phetchabun,"Jul 18, 2026, 12:00:00 AM",2
5101673,Sai Yok Noi Resort,"Jul 25, 2026, 12:00:00 AM",2
1514,Windmill Resort Hotel,"Aug 8, 2026, 12:00:00 AM",1
4920686,Mayuu Ayutthaya Hotel,"Aug 28, 2026, 12:00:00 AM",2
63427,Amphawaree,"Jul 11, 2026, 12:00:00 AM",2
500,La Petite Salil Sukhumvit Thonglor 1,"Jul 22, 2026, 12:00:00 AM",1
2000166,The Bangkok Major Suite,"Jul 10, 2026, 12:00:00 AM",1
4921038,314 Art Hotel Nakhonsawan,"Jul 31, 2026, 12:00:00 AM",1
4921302,SOPISA boutique hotel Ayutthaya,"Jul 25, 2026, 12:00:00 AM",1
4640,Aramis Hotel Nakhon Sawan,"Jul 26, 2026, 12:00:00 AM",1
4853363,De Vine House,"Jul 10, 2026, 12:00:00 AM",1
22189,The Heritage Pattaya Beachfront Resort,"Aug 29, 2026, 12:00:00 AM",2
764,Huahin Grand Hotel & Plaza,"Aug 10, 2026, 12:00:00 AM",1
4847954,Sook Hotel,"Jul 15, 2026, 12:00:00 AM",1
4854,Maple Hotel,"Jul 22, 2026, 12:00:00 AM",1
21653,Pacific Park Hotel,"Jul 21, 2026, 12:00:00 AM",1
63740,Gallery Lake View Hotel,"Jul 11, 2026, 12:00:00 AM",2
43660,STAR 3 Serviced Apartment,"Aug 23, 2026, 12:00:00 AM",1
21797,Golden City Rayong Hotel,"Jul 25, 2026, 12:00:00 AM",2
2000277,Bang Wua Garden Resort,"Jul 4, 2026, 12:00:00 AM",1
4596,Fortune River View Hotel Nakhon Phanom,"Aug 7, 2026, 12:00:00 AM",1
4922660,EXII Hotel,"Nov 27, 2026, 12:00:00 AM",1
65643,Tanzeno Hotel,"Jul 21, 2026, 12:00:00 AM",2
4936650,Blu Monkey Hub and Hotel Krabi Town,"Oct 21, 2026, 12:00:00 AM",1
63720,Na Tub Thieng Boutique Resort,"Jul 28, 2026, 12:00:00 AM",1
5015298,Whitebeach Resort,"Jul 28, 2026, 12:00:00 AM",2
137620,Kumkaewudon Hotel,"Jul 18, 2026, 12:00:00 AM",2
65016,O.U.M. Hotel,"Jul 27, 2026, 12:00:00 AM",1
183594,Sabai at Chumphae,"Jul 25, 2026, 12:00:00 AM",2
137995,Blu Monkey Hub & Hotel Phuket,"Jul 31, 2026, 12:00:00 AM",2
4920701,Glory Wabi Sabi Hotel,"Aug 2, 2026, 12:00:00 AM",1
5101640,Bear & Bird Hotel,"Aug 19, 2026, 12:00:00 AM",1
5102411,The Princess Beachfront Resort,"Jul 28, 2026, 12:00:00 AM",2
4942047,The 29 Place,"Jul 18, 2026, 12:00:00 AM",2
2010931,ZLEEP D Hotel,"Jul 3, 2026, 12:00:00 AM",2
22349,Welcome World Beachfront Resort & Spa,"Jul 24, 2026, 12:00:00 AM",1
4921453,Goodday Hotel Khon Kaen,"Jul 3, 2026, 12:00:00 AM",2
4918047,Baan Kiita,"Jul 10, 2026, 12:00:00 AM",1
43887,Suansin Lanna Hotel,"Jul 24, 2026, 12:00:00 AM",1
183668,North Inn Town Hotel,"Nov 13, 2026, 12:00:00 AM",1
4884787,Ananzitra Hotel,"Jul 21, 2026, 12:00:00 AM",1
183459,Puranakhon Hotel,"Sep 23, 2026, 12:00:00 AM",1
4883053,Best Western Plus Nexen Pattaya,"Jul 28, 2026, 12:00:00 AM",1
4885004,Hotel Dawa,"Jul 19, 2026, 12:00:00 AM",1
21230,Faikid Amnat Charoen Hotel,"Oct 12, 2026, 12:00:00 AM",1
4848992,Xotel,"Aug 29, 2026, 12:00:00 AM",1
2005749,Herry Residence,"Jul 24, 2026, 12:00:00 AM",1
4204497,Aen Guy Boutique Hotel,"Jul 27, 2026, 12:00:00 AM",1
5101972,GO Hotel Bangkok Suvarnabhumi Airport,"Jul 13, 2026, 12:00:00 AM",2
4915645,Metro Ratchada 36,"Aug 29, 2026, 12:00:00 AM",1
4921227,The Pillows Boutique Hotel,"Sep 11, 2026, 12:00:00 AM",1
4252831,48 Ville Donmuang Airport,"Jul 7, 2026, 12:00:00 AM",1
4921453,Goodday Hotel Khon Kaen,"Jul 25, 2026, 12:00:00 AM",2
1559,Mood Hotel Pattaya,"Jul 18, 2026, 12:00:00 AM",2
2010790,HUG Sakonnakhon,"Nov 15, 2026, 12:00:00 AM",2
137620,Kumkaewudon Hotel,"Jul 10, 2026, 12:00:00 AM",2
63676,Loft Mania Boutique Hotel,"Jul 5, 2026, 12:00:00 AM",2
4921072,The Bedrooms Boutique Hotel Bangkok,"Jul 25, 2026, 12:00:00 AM",1
177820,Baan Chan Suan Khaoyai,"Jul 2, 2026, 12:00:00 AM",1
152941,My Room By Sermsub,"Jul 8, 2026, 12:00:00 AM",1
138040,Golden House Hotel Sakaeo,"Jul 10, 2026, 12:00:00 AM",1
4884787,Ananzitra Hotel,"Jul 1, 2026, 12:00:00 AM",1
64985,Merdelong Hotel Phatthalung,"Jul 18, 2026, 12:00:00 AM",2
43603,V-Verve Service Apartment,"Jul 17, 2026, 12:00:00 AM",1
5021799,The Brillianest Gallery Hotel Hatyai,"Jul 10, 2026, 12:00:00 AM",1
2050,Charoen Hotel Udon Thani,"Jul 9, 2026, 12:00:00 AM",2
22349,Welcome World Beachfront Resort & Spa,"Jul 4, 2026, 12:00:00 AM",2
43588,TM Land Hotel,"Jul 4, 2026, 12:00:00 AM",2
137910,Promsook Apartment,"Dec 19, 2026, 12:00:00 AM",2
2001222,Rinradee Place Buriram,"Sep 25, 2026, 12:00:00 AM",1
2011510,Amman Unique Hotel Udonthani,"Jul 9, 2026, 12:00:00 AM",1
4920835,JU Apartment,"Jul 11, 2026, 12:00:00 AM",2
4920686,Mayuu Ayutthaya Hotel,"Nov 13, 2026, 12:00:00 AM",1
267,The Twin Towers Hotel,"Jul 20, 2026, 12:00:00 AM",2
4795619,Petchngam Home Resort,"Jul 18, 2026, 12:00:00 AM",1
63676,Loft Mania Boutique Hotel,"Aug 23, 2026, 12:00:00 AM",1
63445,Rittiboon Vintage,"Jul 17, 2026, 12:00:00 AM",1
65457,Centric Place Hotel,"Jul 29, 2026, 12:00:00 AM",1
4920586,Baan Phitcha Pranburi,"Jul 27, 2026, 12:00:00 AM",2
4581,Prajaktra City Hostel,"Jul 8, 2026, 12:00:00 AM",1
4921349,Arthitaya Green Nature Hotel & Lakkhana Poolside Resort,"Nov 27, 2026, 12:00:00 AM",1
4896886,Baan Thamthong Lamnarai Resort,"Jul 17, 2026, 12:00:00 AM",2
4921072,The Bedrooms Boutique Hotel Bangkok,"Jul 18, 2026, 12:00:00 AM",1
2010883,Neca Reiche Hotel,"Aug 17, 2026, 12:00:00 AM",1
63722,Golden Place Guesthouse,"Jul 24, 2026, 12:00:00 AM",1
5102560,Sugar Marina Hotel -POP- Kata Beach,"Nov 16, 2026, 12:00:00 AM",1
522,Club Mahindra Mac Boutique Hotel,"Jul 16, 2026, 12:00:00 AM",1
65545,Bonito Chinos Hotel,"Jul 11, 2026, 12:00:00 AM",2
2007026,The Vista Hotel By Satit Group,"Jul 30, 2026, 12:00:00 AM",1
4915665,The Seaport Mahachai,"Jul 17, 2026, 12:00:00 AM",1
4854509,Heaven Hotel Chachoengsao,"Jul 15, 2026, 12:00:00 AM",2
5021799,The Brillianest Gallery Hotel Hatyai,"Jul 5, 2026, 12:00:00 AM",1
65621,The Rice Hotel Roi Et,"Aug 14, 2026, 12:00:00 AM",1
4921090,AT Apartment,"Jul 12, 2026, 12:00:00 AM",1
2106,One Fu Hotel,"Jul 24, 2026, 12:00:00 AM",1
4920669,Nine River Hotel,"Jul 17, 2026, 12:00:00 AM",1
2000292,Irin Beach Cha-am,"Aug 28, 2026, 12:00:00 AM",1
4806353,Salee Boutique Hotel,"Aug 14, 2026, 12:00:00 AM",1
4918063,Thongchen Residence,"Aug 8, 2026, 12:00:00 AM",2
5101432,Mintra Apartel,"Jul 5, 2026, 12:00:00 AM",1
2006226,The Precious,"Jul 26, 2026, 12:00:00 AM",1
2000076,Baan Dala Hotel Mukdahan,"Jul 25, 2026, 12:00:00 AM",1
23548,Blue Carina Inn Hotel,"Jul 3, 2026, 12:00:00 AM",1
4731,Mida Grande Hotel Dhavaravati Nakhon Pathom,"Jul 26, 2026, 12:00:00 AM",2
4934085,La Pino Hotel,"Jul 17, 2026, 12:00:00 AM",1
183037,The Route Sriracha Hotel and Residence,"Jul 4, 2026, 12:00:00 AM",2
5101870,Tha Uthen Rim Kong Hotel,"Oct 26, 2026, 12:00:00 AM",2
4726,Trat City Hotel,"Jul 25, 2026, 12:00:00 AM",1
4884787,Ananzitra Hotel,"Jul 17, 2026, 12:00:00 AM",1
4723,Sugar Marina Hotel-AVIATOR-Phuket Airport,"Nov 15, 2026, 12:00:00 AM",2
63574,The Nest Hotel Phichit,"Jul 3, 2026, 12:00:00 AM",2
4920441,The Bliss Boutique Trang,"Sep 18, 2026, 12:00:00 AM",1
182820,S.22 Hotel Suratthani,"Aug 18, 2026, 12:00:00 AM",1
183075,ATM Service Apartment Yala,"Jul 18, 2026, 12:00:00 AM",1
21653,Pacific Park Hotel,"Aug 14, 2026, 12:00:00 AM",1
63572,King Hotel Loei,"Jul 26, 2026, 12:00:00 AM",1
4697656,Kun Hostel,"Aug 14, 2026, 12:00:00 AM",1
174257,The Charm Boutique Resort,"Aug 15, 2026, 12:00:00 AM",2
2004673,The Cube Resort,"Jul 26, 2026, 12:00:00 AM",1
4930824,ONE Hotel Navanakorn,"Oct 31, 2026, 12:00:00 AM",1
43674,The Grace Residence Surin,"Jul 18, 2026, 12:00:00 AM",2
63720,Na Tub Thieng Boutique Resort,"Aug 26, 2026, 12:00:00 AM",1
4921080,Centara Ubon,"Jul 23, 2026, 12:00:00 AM",2
183008,Southgate Residence Hotel Chumphon,"Aug 8, 2026, 12:00:00 AM",2
5102473,Milton Hotel,"Jul 18, 2026, 12:00:00 AM",2
2011442,Uthaithani Resort,"Aug 1, 2026, 12:00:00 AM",2
137967,The Original Orange Hotel,"Jul 25, 2026, 12:00:00 AM",1
5102098,Plearn View Khong Resort,"Jul 17, 2026, 12:00:00 AM",1
317,Avana Hotel and Convention Center,"Sep 11, 2026, 12:00:00 AM",1
43577,Nim See Seng Hotel,"Jul 10, 2026, 12:00:00 AM",1
1559,Mood Hotel Pattaya,"Aug 25, 2026, 12:00:00 AM",1
4920660,"Seekers Finders Rama IV Hotel, SureStay Collection by Best Western","Aug 17, 2026, 12:00:00 AM",1
4543116,Araya Hotel Uttaradit,"Jul 31, 2026, 12:00:00 AM",2
4915585,Huern Kan Thong Hotel,"Aug 7, 2026, 12:00:00 AM",1
21421,Siam Tara Palace Hotel,"Aug 2, 2026, 12:00:00 AM",1
4884315,Lux Boutique Hotel,"Jul 16, 2026, 12:00:00 AM",1
4914,Baan Nilawan Huahin Hotel,"Jul 18, 2026, 12:00:00 AM",2
4924338,Get Sleep @Tha Sala,"Jul 16, 2026, 12:00:00 AM",1
2005102,Ruentara Resort Buriram,"Jul 18, 2026, 12:00:00 AM",2
4887250,The Garden Resort Lopburi,"Jul 11, 2026, 12:00:00 AM",2
21230,Faikid Amnat Charoen Hotel,"Oct 2, 2026, 12:00:00 AM",1
63750,Yellow Moon Pattaya,"Jul 3, 2026, 12:00:00 AM",2
25160,MT Place,"Jul 9, 2026, 12:00:00 AM",1
177855,The Rich Residence Surat Thani,"Aug 7, 2026, 12:00:00 AM",1
22349,Welcome World Beachfront Resort & Spa,"Jul 27, 2026, 12:00:00 AM",1
4859024,56 Surawong Hotel,"Jul 17, 2026, 12:00:00 AM",2
4725,TK Palace Hotel & Convention Bangkok,"Aug 22, 2026, 12:00:00 AM",1
64984,Mont Talay Hotel,"Nov 29, 2026, 12:00:00 AM",1
43886,Prachuap Beach Hotel,"Jul 24, 2026, 12:00:00 AM",2
43850,Ratchaphruek Pavilion,"Jul 28, 2026, 12:00:00 AM",1
4883835,Blu Monkey Hub & Hotel Ranong,"Jul 18, 2026, 12:00:00 AM",1
3332,Ray Hotel Buriram,"Aug 14, 2026, 12:00:00 AM",1
4885132,Neo Hotel Khonkaen,"Aug 21, 2026, 12:00:00 AM",1
4922724,GO Hotel Chonburi at Central Chonburi,"Aug 12, 2026, 12:00:00 AM",1
722,The Regent Cha Am Beach Resort,"Jul 24, 2026, 12:00:00 AM",1
1395,Twin Lotus Hotel Nakhon Si Thammarat,"Jul 9, 2026, 12:00:00 AM",1
4920985,Calinton Hotel,"Aug 14, 2026, 12:00:00 AM",1
2011666,The Cheewin Hotel & Convention,"Jul 24, 2026, 12:00:00 AM",1
181542,Satun Boutique Resort,"Sep 26, 2026, 12:00:00 AM",2
25158,The Proud Exclusive Hotel,"Oct 18, 2026, 12:00:00 AM",1
137966,Blu Monkey Boutique Samkong (Formerly Blu Monkey Bed & Breakfast Phuket),"Jul 24, 2026, 12:00:00 AM",1
4933170,C Hotel Bangna,"Aug 8, 2026, 12:00:00 AM",2
65621,The Rice Hotel Roi Et,"Jul 29, 2026, 12:00:00 AM",1
4920925,One Budget Hotel Chiangrai Soi Sawan,"Jul 25, 2026, 12:00:00 AM",2
4861280,AK Terrace Hotel,"Jul 7, 2026, 12:00:00 AM",1
2000044,Maihom Resort Hotel Daowadung,"Jul 18, 2026, 12:00:00 AM",2
4920925,One Budget Hotel Chiangrai Soi Sawan,"Jul 12, 2026, 12:00:00 AM",2
455,The Heritage Silom Hotel,"Jul 24, 2026, 12:00:00 AM",1
4884419,Bliq Hotel Chanthaburi,"Jul 21, 2026, 12:00:00 AM",1
2009639,Hotel Together,"Jul 18, 2026, 12:00:00 AM",2
183701,Nano Place Hotel Sriracha,"Jul 4, 2026, 12:00:00 AM",2
4848992,Xotel,"Jul 21, 2026, 12:00:00 AM",1
177901,Arden Hotel and Residence,"Aug 7, 2026, 12:00:00 AM",1
232,FX Hotel Metrolink Makkasan,"Sep 25, 2026, 12:00:00 AM",1
43660,STAR 3 Serviced Apartment,"Jul 9, 2026, 12:00:00 AM",1
63634,The Farm House Hotel,"Nov 13, 2026, 12:00:00 AM",1
65430,Som O House Hotel,"Jul 21, 2026, 12:00:00 AM",2
182835,Nadee 10 Resort & Hotel,"Jul 27, 2026, 12:00:00 AM",2
4933366,Ruen Khunlek Kansinee,"Jul 9, 2026, 12:00:00 AM",1
5102560,Sugar Marina Hotel -POP- Kata Beach,"Aug 4, 2026, 12:00:00 AM",1
22188,The Park Residence,"Jul 6, 2026, 12:00:00 AM",1
5102560,Sugar Marina Hotel -POP- Kata Beach,"Aug 15, 2026, 12:00:00 AM",1
43894,Wangtai Hotel,"Aug 1, 2026, 12:00:00 AM",1
5101678,Ta Phai Country House Resort & Restaurants,"Jul 27, 2026, 12:00:00 AM",2
183647,White House Hotel Tak,"Jul 27, 2026, 12:00:00 AM",2
2004060,V.House Nakhon,"Jul 25, 2026, 12:00:00 AM",2
4543116,Araya Hotel Uttaradit,"Jul 13, 2026, 12:00:00 AM",2
2011666,The Cheewin Hotel & Convention,"Jul 27, 2026, 12:00:00 AM",2
5102466,Fuji sang Hotel Nakhon Si Thammarat,"Sep 8, 2026, 12:00:00 AM",2
21230,Faikid Amnat Charoen Hotel,"Jul 15, 2026, 12:00:00 AM",1
43648,Triple B Boutique Residence,"Sep 19, 2026, 12:00:00 AM",1
1875,First Residence Samui,"Aug 29, 2026, 12:00:00 AM",1
43851,Prime Time Hotel Bang Saen,"Sep 10, 2026, 12:00:00 AM",1
2010187,Chatsuree Mansion,"Dec 4, 2026, 12:00:00 AM",1
25150,J.P. Emerald Hotel Yasothon,"Jul 24, 2026, 12:00:00 AM",1
4920586,Baan Phitcha Pranburi,"Jul 30, 2026, 12:00:00 AM",1
43828,Grand Park Hotel Nakhonsithammarat,"Jul 25, 2026, 12:00:00 AM",1
2005749,Herry Residence,"Jul 31, 2026, 12:00:00 AM",1
5102560,Sugar Marina Hotel -POP- Kata Beach,"Aug 12, 2026, 12:00:00 AM",1
63676,Loft Mania Boutique Hotel,"Jul 15, 2026, 12:00:00 AM",2
2000181,Tamsabai Hotel,"Jul 29, 2026, 12:00:00 AM",2
2000216,The Room Hotel Kamphaengphet,"Jul 18, 2026, 12:00:00 AM",2
4857586,Boutique Holiday Rama 2,"Jul 9, 2026, 12:00:00 AM",1
63574,The Nest Hotel Phichit,"Jul 24, 2026, 12:00:00 AM",2
63740,Gallery Lake View Hotel,"Jul 4, 2026, 12:00:00 AM",2
63673,The Terrace Hotel Nakhon Si Thammarat,"Sep 8, 2026, 12:00:00 AM",1
5102560,Sugar Marina Hotel -POP- Kata Beach,"Jul 8, 2026, 12:00:00 AM",1
5101861,Chapter Hotel Hatyai,"Jul 10, 2026, 12:00:00 AM",1
2006010,The Xtreme Suites Hotel,"Jul 18, 2026, 12:00:00 AM",1
4848054,PLAAI Play Hotel,"Aug 1, 2026, 12:00:00 AM",2
4867257,Grand PL Hotel,"Jul 11, 2026, 12:00:00 AM",2
2008893,The Pride Salaya,"Jul 24, 2026, 12:00:00 AM",1
4921090,AT Apartment,"Jul 9, 2026, 12:00:00 AM",1
2005490,Kavinburi Green Hotel,"Jul 4, 2026, 12:00:00 AM",2
5102560,Sugar Marina Hotel -POP- Kata Beach,"Aug 19, 2026, 12:00:00 AM",1
2001097,Rattana Pura Beach Resort,"Nov 7, 2026, 12:00:00 AM",2
2006010,The Xtreme Suites Hotel,"Jul 10, 2026, 12:00:00 AM",2
5101177,Indigo Hotel Hatyai,"Jul 27, 2026, 12:00:00 AM",1
4921230,A Hotel Cozy,"Jul 3, 2026, 12:00:00 AM",1
4921453,Goodday Hotel Khon Kaen,"Jul 27, 2026, 12:00:00 AM",2
43888,Kaewsamui Resort,"Aug 26, 2026, 12:00:00 AM",1
2009639,Hotel Together,"Jul 28, 2026, 12:00:00 AM",2
181621,Phavina Serviced Residence Rayong,"Jul 16, 2026, 12:00:00 AM",1
5101041,GOOD Nakhonsawan,"Jul 25, 2026, 12:00:00 AM",2
2135,Chaisaeng Palace Hotel,"Sep 5, 2026, 12:00:00 AM",1
2000369,Bosswin Home Resort,"Jul 4, 2026, 12:00:00 AM",2
4851257,Hotel Kuretakeso Thailand Sriracha,"Jul 28, 2026, 12:00:00 AM",1
5102598,Quicky Stay Hotel Suphanburi,"Jul 25, 2026, 12:00:00 AM",1
46,Chiva Bangkok Hotel,"Jul 15, 2026, 12:00:00 AM",1
274,The Sukhothai Bangkok,"Aug 28, 2026, 12:00:00 AM",2
64983,A Hotel Budget,"Jul 5, 2026, 12:00:00 AM",1
4204497,Aen Guy Boutique Hotel,"Jul 14, 2026, 12:00:00 AM",2
46,Chiva Bangkok Hotel,"Jul 11, 2026, 12:00:00 AM",1
2056,Krungsri River Hotel,"Aug 16, 2026, 12:00:00 AM",1
2012783,Manonta Budget Hotel,"Aug 18, 2026, 12:00:00 AM",1
21435,Dara Hotel Phuket,"Oct 30, 2026, 12:00:00 AM",1
182,Furama Silom Bangkok,"Dec 31, 2026, 12:00:00 AM",1
5101177,Indigo Hotel Hatyai,"Aug 15, 2026, 12:00:00 AM",2
152374,Orchid Riverview Hotel,"Jul 10, 2026, 12:00:00 AM",2
2000153,The Harbour Front Hotel,"Nov 15, 2026, 12:00:00 AM",1
4920686,Mayuu Ayutthaya Hotel,"Jul 12, 2026, 12:00:00 AM",2
4921072,The Bedrooms Boutique Hotel Bangkok,"Sep 30, 2026, 12:00:00 AM",1
43847,The Y Residence,"Oct 17, 2026, 12:00:00 AM",2
21937,Khonkaen Hotel,"Oct 15, 2026, 12:00:00 AM",1
2000041,Rattanachol Hotel,"Jul 10, 2026, 12:00:00 AM",2
22189,The Heritage Pattaya Beachfront Resort,"Aug 2, 2026, 12:00:00 AM",1
4921129,Wellington Hotel Prachuapkhirikhan,"Jul 26, 2026, 12:00:00 AM",1
137919,Sang Villa Hotel Kantharalak,"Jul 17, 2026, 12:00:00 AM",1
25149,Fortune View Kong Nakhon Phanom,"Aug 14, 2026, 12:00:00 AM",1
4526151,Mybed Chonburi,"Jul 26, 2026, 12:00:00 AM",1
25158,The Proud Exclusive Hotel,"Jul 11, 2026, 12:00:00 AM",2
183023,Samui City Hotel,"Sep 27, 2026, 12:00:00 AM",2
437,Convenient Park Bangkok Sukhumvit,"Jul 17, 2026, 12:00:00 AM",1
63749,Leelawadee Resort Saraburi,"Jul 24, 2026, 12:00:00 AM",2
2050,Charoen Hotel Udon Thani,"Oct 28, 2026, 12:00:00 AM",2
4884787,Ananzitra Hotel,"Jul 12, 2026, 12:00:00 AM",1
4920954,Newman Hotel Donmuaeng,"Aug 7, 2026, 12:00:00 AM",1
317,Avana Hotel and Convention Center,"Aug 9, 2026, 12:00:00 AM",2
5101041,GOOD Nakhonsawan,"Jul 29, 2026, 12:00:00 AM",2
4921023,Ceniq Hotel Lampang,"Jul 25, 2026, 12:00:00 AM",2
63458,P.A. Ville Hotel Nakhon Sawan,"Jul 25, 2026, 12:00:00 AM",2
2006816,185 Residence Khon Kaen,"Jul 25, 2026, 12:00:00 AM",2
65427,Diamond Plaza Hotel Suratthani,"Jul 6, 2026, 12:00:00 AM",1
138005,Tonaoi Grand Hotel,"Jul 8, 2026, 12:00:00 AM",1
2001943,Phitsanulok Orchid Hotel,"Jul 18, 2026, 12:00:00 AM",2
4857747,Grand Forest,"Jul 29, 2026, 12:00:00 AM",1
5004716,Urbana House Samut Songkhram,"Aug 28, 2026, 12:00:00 AM",1
4932309,Trattara Boutique Hotel,"Jul 25, 2026, 12:00:00 AM",2
63697,JK Living Hotel and Service Apartment,"Aug 29, 2026, 12:00:00 AM",2
4920363,Hotel MOCO Udon Thani,"Aug 13, 2026, 12:00:00 AM",1
43871,Vijit Nakorn Hotel,"Jul 26, 2026, 12:00:00 AM",1
4738,Mayflower Grande Hotel Nimman,"Dec 5, 2026, 12:00:00 AM",1
5102411,The Princess Beachfront Resort,"Jul 11, 2026, 12:00:00 AM",2
4920686,Mayuu Ayutthaya Hotel,"Jul 24, 2026, 12:00:00 AM",1
63840,Le Park Hotel Thung Song,"Aug 13, 2026, 12:00:00 AM",1
5102148,Wanphut Hotel,"Jul 15, 2026, 12:00:00 AM",1
2003824,Bhundaree Richy,"Jul 28, 2026, 12:00:00 AM",1
2000299,Morage Hotel Phitsanulok,"Jul 11, 2026, 12:00:00 AM",2
862,Phuket Sea Resort,"Aug 26, 2026, 12:00:00 AM",1
21421,Siam Tara Palace Hotel,"Oct 24, 2026, 12:00:00 AM",1
4948550,JIA HAUS Hotel Apartment,"Aug 14, 2026, 12:00:00 AM",1
1367,The Heritage Grand Khon Kaen Hotel and Convention,"Jul 25, 2026, 12:00:00 AM",1
5101058,The Navy House Hotel,"Jul 22, 2026, 12:00:00 AM",1
4817086,The Resort Kamphaengphet,"Jul 24, 2026, 12:00:00 AM",1
1559,Mood Hotel Pattaya,"Aug 1, 2026, 12:00:00 AM",2
4920622,Laguna Grand Hotel & Spa Songkhla,"Jul 13, 2026, 12:00:00 AM",2
2009631,Rimnam Photharam Resort,"Jul 28, 2026, 12:00:00 AM",2
4920925,One Budget Hotel Chiangrai Soi Sawan,"Jul 14, 2026, 12:00:00 AM",1
4921453,Goodday Hotel Khon Kaen,"Jul 14, 2026, 12:00:00 AM",2
5101177,Indigo Hotel Hatyai,"Sep 19, 2026, 12:00:00 AM",1
2091,Crystal Hotel Hat Yai,"Aug 12, 2026, 12:00:00 AM",1
43851,Prime Time Hotel Bang Saen,"Jul 27, 2026, 12:00:00 AM",2
4921194,The Neuf Ratchada,"Aug 18, 2026, 12:00:00 AM",1
43917,Win D Hotel,"Jul 24, 2026, 12:00:00 AM",1
2006014,Jasaen Hotel,"Jul 10, 2026, 12:00:00 AM",1
4921421,Manomon Residence,"Jul 17, 2026, 12:00:00 AM",1
183113,Zen Garden Resort,"Jul 28, 2026, 12:00:00 AM",2
2004350,Nunglen Hotel,"Jul 25, 2026, 12:00:00 AM",2
2011049,Worita Cove Hotel,"Aug 14, 2026, 12:00:00 AM",2
43846,Pramsuk Hotel Kabinburi,"Aug 3, 2026, 12:00:00 AM",2
4921023,Ceniq Hotel Lampang,"Nov 28, 2026, 12:00:00 AM",1
63676,Loft Mania Boutique Hotel,"Jul 4, 2026, 12:00:00 AM",2
4952929,Sakkanit Chai Lay Thung Noi Resort,"Jul 24, 2026, 12:00:00 AM",1
65457,Centric Place Hotel,"Jul 12, 2026, 12:00:00 AM",1
4918047,Baan Kiita,"Jul 24, 2026, 12:00:00 AM",2
22714,BP Samila Beach Hotel And Resort,"Jul 25, 2026, 12:00:00 AM",2
5101720,L2 Premium,"Jul 13, 2026, 12:00:00 AM",1
181563,L Nimman Boutique Hotel,"Oct 4, 2026, 12:00:00 AM",1
2003448,Sailom Premium Resort Det Udom,"Jul 29, 2026, 12:00:00 AM",2
183122,Pawa Place Ban Phai By Inpawa,"Jul 17, 2026, 12:00:00 AM",2
183647,White House Hotel Tak,"Aug 29, 2026, 12:00:00 AM",1
43649,Karnmanee Place Hotel,"Jul 4, 2026, 12:00:00 AM",2
4596,Fortune River View Hotel Nakhon Phanom,"Oct 25, 2026, 12:00:00 AM",1
63740,Gallery Lake View Hotel,"Jul 17, 2026, 12:00:00 AM",2
82,Holiday Inn Express Bangkok Sathorn,"Aug 4, 2026, 12:00:00 AM",1
183119,Inpawa Boutique Hotel Khon Kaen,"Jul 4, 2026, 12:00:00 AM",2
43890,New Season Square Hotel,"Jul 21, 2026, 12:00:00 AM",1
4921347,S. Sriracha Hotel and Residence,"Aug 18, 2026, 12:00:00 AM",1
4884071,Grand Maihom Hotel,"Jul 31, 2026, 12:00:00 AM",1
4996599,Lalynn Resort,"Jul 20, 2026, 12:00:00 AM",1
4918063,Thongchen Residence,"Jul 10, 2026, 12:00:00 AM",2
5101798,The Monkey Hotel and Residence,"Jul 26, 2026, 12:00:00 AM",1
1844,Sunee Grand Hotel,"Nov 28, 2026, 12:00:00 AM",2
21903,Monsane River Kwai Resort,"Jul 10, 2026, 12:00:00 AM",1
345,Gold Orchid Bangkok,"Jul 5, 2026, 12:00:00 AM",1
65581,Anna Nava Pakkret Hotel,"Aug 14, 2026, 12:00:00 AM",2
2011049,Worita Cove Hotel,"Aug 16, 2026, 12:00:00 AM",1
137620,Kumkaewudon Hotel,"Jul 11, 2026, 12:00:00 AM",2
21378,Hug Nimman Hotel Chiang Mai,"Nov 20, 2026, 12:00:00 AM",1
63574,The Nest Hotel Phichit,"Jul 14, 2026, 12:00:00 AM",2
722,The Regent Cha Am Beach Resort,"Jul 25, 2026, 12:00:00 AM",1
4699827,Baanchangkaew Huahin Resort,"Jul 18, 2026, 12:00:00 AM",1
181621,Phavina Serviced Residence Rayong,"Jul 20, 2026, 12:00:00 AM",1
43917,Win D Hotel,"Jul 25, 2026, 12:00:00 AM",1
5101762,Srichan Resort,"Jul 24, 2026, 12:00:00 AM",1
4884419,Bliq Hotel Chanthaburi,"Jul 12, 2026, 12:00:00 AM",2
2000041,Rattanachol Hotel,"Jul 23, 2026, 12:00:00 AM",1
4921064,PT Grand Hotel,"Jul 28, 2026, 12:00:00 AM",2
2006989,Orchid Residence Suratthani,"Jul 31, 2026, 12:00:00 AM",1
23559,The Riski Hotel @ Bangphlat Station,"Jul 25, 2026, 12:00:00 AM",1
182820,S.22 Hotel Suratthani,"Sep 5, 2026, 12:00:00 AM",1
4921421,Manomon Residence,"Jul 2, 2026, 12:00:00 AM",1
63634,The Farm House Hotel,"Aug 10, 2026, 12:00:00 AM",2
500,La Petite Salil Sukhumvit Thonglor 1,"Jul 18, 2026, 12:00:00 AM",1
4419637,SJK Boutique Hotel,"Jul 18, 2026, 12:00:00 AM",2
2008838,Anchan Laguna Hotel,"Jul 23, 2026, 12:00:00 AM",1
63455,Wangnamyen Garden Hotel,"Jul 25, 2026, 12:00:00 AM",2
43888,Kaewsamui Resort,"Sep 18, 2026, 12:00:00 AM",1
4921347,S. Sriracha Hotel and Residence,"Jul 21, 2026, 12:00:00 AM",1
4920753,Mintara Phetburi,"Jul 12, 2026, 12:00:00 AM",1
181635,Blue Rabbit Hotel Chanthaburi,"Jul 4, 2026, 12:00:00 AM",2
4880036,Wyndham La Vita Phuket,"Aug 1, 2026, 12:00:00 AM",1
4640,Aramis Hotel Nakhon Sawan,"Jul 25, 2026, 12:00:00 AM",2
4920835,JU Apartment,"Jul 18, 2026, 12:00:00 AM",2
138072,J Park Hotel,"Jul 26, 2026, 12:00:00 AM",1
2006010,The Xtreme Suites Hotel,"Nov 21, 2026, 12:00:00 AM",2
2000181,Tamsabai Hotel,"Jul 28, 2026, 12:00:00 AM",2
182835,Nadee 10 Resort & Hotel,"Oct 23, 2026, 12:00:00 AM",2
5101479,Bangkok Mystay Hotel Rangsit,"Oct 31, 2026, 12:00:00 AM",1
5102116,The Orchid Residence Satuek Buriram,"Jul 20, 2026, 12:00:00 AM",1
65581,Anna Nava Pakkret Hotel,"Oct 3, 2026, 12:00:00 AM",2
4924338,Get Sleep @Tha Sala,"Jul 17, 2026, 12:00:00 AM",2
4977985,The Square Hotel Nakhon Phanom,"Jul 28, 2026, 12:00:00 AM",1
65009,White Inn Nongkhai,"Jul 15, 2026, 12:00:00 AM",1
21653,Pacific Park Hotel,"Jul 4, 2026, 12:00:00 AM",2
2004232,Baansuan Greenview Resort,"Jul 17, 2026, 12:00:00 AM",2
63692,C.S. Pattani Hotel,"Sep 4, 2026, 12:00:00 AM",1
1514,Windmill Resort Hotel,"Jul 19, 2026, 12:00:00 AM",1
63391,Porn 3 Hotel Khonkaen,"Jul 16, 2026, 12:00:00 AM",2
2005490,Kavinburi Green Hotel,"Jul 14, 2026, 12:00:00 AM",1
2091,Crystal Hotel Hat Yai,"Jul 28, 2026, 12:00:00 AM",2
4890153,JB Place Hotel Ban Phaeng,"Jul 18, 2026, 12:00:00 AM",2
317,Avana Hotel and Convention Center,"Oct 3, 2026, 12:00:00 AM",2
21389,42C The Chic Hotel,"Jul 26, 2026, 12:00:00 AM",1
4884391,Baankoonmae Boulevard Hotel  Kuchinarai,"Jul 19, 2026, 12:00:00 AM",1
63574,The Nest Hotel Phichit,"Jul 6, 2026, 12:00:00 AM",2
4543066,Smile Park Hotel,"Jul 25, 2026, 12:00:00 AM",1
183691,Boontawee Boutique Home,"Jul 27, 2026, 12:00:00 AM",1
21939,Arawana Regency Ratchada,"Jul 11, 2026, 12:00:00 AM",1
2008050,41Studio  Nakhon Phanom,"Aug 14, 2026, 12:00:00 AM",1
746,ibis Huahin,"Aug 25, 2026, 12:00:00 AM",1
25124,Phanthong Hotel,"Jul 14, 2026, 12:00:00 AM",1
181542,Satun Boutique Resort,"Jul 25, 2026, 12:00:00 AM",1
5102355,The Akyra Bangkok 11,"Jul 18, 2026, 12:00:00 AM",1
4920613,The Vita Plus Hotel Hatyai,"Jul 26, 2026, 12:00:00 AM",1
5101365,Baanphiriyaphan Resort,"Jul 4, 2026, 12:00:00 AM",2
2011031,Latisha Resort,"Jul 21, 2026, 12:00:00 AM",1
5102064,Louis Residence Hotel,"Oct 10, 2026, 12:00:00 AM",2
2006226,The Precious,"Jul 22, 2026, 12:00:00 AM",1
4920796,Yothikran Place,"Jul 17, 2026, 12:00:00 AM",2
152937,Taris Art Hotel,"Jul 26, 2026, 12:00:00 AM",1
65632,Warmwell Hotel (Formerly Warm Well Kanchanaburi),"Oct 20, 2026, 12:00:00 AM",1
4918110,101 Hotel Roi Et,"Jul 25, 2026, 12:00:00 AM",2
65581,Anna Nava Pakkret Hotel,"Jul 31, 2026, 12:00:00 AM",1
4921378,Tonfern Hotel Khonkaen,"Jul 15, 2026, 12:00:00 AM",2
2009469,Thanburi Hotel,"Jul 8, 2026, 12:00:00 AM",1
183606,Top View Hotel Sriracha,"Jul 2, 2026, 12:00:00 AM",2
63377,L Hotel Khon Kaen,"Jul 18, 2026, 12:00:00 AM",2
4915675,The Gold Living Life,"Jul 15, 2026, 12:00:00 AM",1
183078,The 28th Hotel,"Aug 28, 2026, 12:00:00 AM",2
4918110,101 Hotel Roi Et,"Sep 11, 2026, 12:00:00 AM",1
4921194,The Neuf Ratchada,"Dec 19, 2026, 12:00:00 AM",2
4920890,The Finn Hotel,"Jul 3, 2026, 12:00:00 AM",2
5102449,Wish Resident Ubonratchathani,"Aug 14, 2026, 12:00:00 AM",1
4921090,AT Apartment,"Aug 28, 2026, 12:00:00 AM",1
2006823,Sombat Resort,"Jul 22, 2026, 12:00:00 AM",2
345,Gold Orchid Bangkok,"Jul 18, 2026, 12:00:00 AM",2
63740,Gallery Lake View Hotel,"Jul 26, 2026, 12:00:00 AM",1
2000106,Holiday Inn & Suites Rayong City Centre,"Jul 22, 2026, 12:00:00 AM",1
152374,Orchid Riverview Hotel,"Aug 22, 2026, 12:00:00 AM",2
22349,Welcome World Beachfront Resort & Spa,"Aug 1, 2026, 12:00:00 AM",2
4921080,Centara Ubon,"Jul 15, 2026, 12:00:00 AM",2
152411,Aoontawan Resort Songkhla,"Jul 11, 2026, 12:00:00 AM",2
177901,Arden Hotel and Residence,"Aug 20, 2026, 12:00:00 AM",1
65581,Anna Nava Pakkret Hotel,"Aug 2, 2026, 12:00:00 AM",2
43937,P.A. Thani Hotel,"Nov 28, 2026, 12:00:00 AM",2
5101089,Hatyai Midtown Hotel,"Aug 1, 2026, 12:00:00 AM",1
4924338,Get Sleep @Tha Sala,"Jul 25, 2026, 12:00:00 AM",2
2001054,Jasmine Resort Sriracha,"Jul 29, 2026, 12:00:00 AM",2
152937,Taris Art Hotel,"Jul 28, 2026, 12:00:00 AM",2
64980,K.N. Grand Hotel,"Jul 27, 2026, 12:00:00 AM",1
43850,Ratchaphruek Pavilion,"Aug 18, 2026, 12:00:00 AM",1
4859024,56 Surawong Hotel,"Jul 11, 2026, 12:00:00 AM",2
4932292,The Bed's 304,"Jul 9, 2026, 12:00:00 AM",1
4885132,Neo Hotel Khonkaen,"Jul 16, 2026, 12:00:00 AM",2
21421,Siam Tara Palace Hotel,"Aug 8, 2026, 12:00:00 AM",1
4606458,Inn box Chum Saeng,"Aug 8, 2026, 12:00:00 AM",2
2000337,Banphunara Resort,"Jul 22, 2026, 12:00:00 AM",1
181467,Tipnalin Apartment Phetchaburi,"Jul 11, 2026, 12:00:00 AM",1
4915580,Top inn Hotel Mahasarakham,"Jul 24, 2026, 12:00:00 AM",1
724,Amari Hua Hin,"Jul 25, 2026, 12:00:00 AM",1
22229,Poonsook Resident Hotel Phitsanulok,"Jul 10, 2026, 12:00:00 AM",1
183075,ATM Service Apartment Yala,"Sep 4, 2026, 12:00:00 AM",1
137955,The Coconut Hotel Lampang,"Jul 28, 2026, 12:00:00 AM",1
4849575,L2 Hotel,"Jul 25, 2026, 12:00:00 AM",2
183668,North Inn Town Hotel,"Dec 4, 2026, 12:00:00 AM",1
5101191,Poonsuk Resort Sadao,"Jul 4, 2026, 12:00:00 AM",2
4598708,Nap Hotel Chiangrai,"Jul 23, 2026, 12:00:00 AM",2
4920639,Silver Place,"Jul 3, 2026, 12:00:00 AM",1
2000146,The Zleep Hotel Chonburi,"Jul 11, 2026, 12:00:00 AM",2
21308,Suntara Wellness Resort and Hotel,"Jul 10, 2026, 12:00:00 AM",1
4920686,Mayuu Ayutthaya Hotel,"Aug 5, 2026, 12:00:00 AM",1
137899,We Terminal Hotel,"Jul 31, 2026, 12:00:00 AM",1
5101906,Kokotel Rayong Beachfront,"Aug 8, 2026, 12:00:00 AM",1
43609,Bright Hotel,"Jul 25, 2026, 12:00:00 AM",2
22714,BP Samila Beach Hotel And Resort,"Aug 1, 2026, 12:00:00 AM",1
5101479,Bangkok Mystay Hotel Rangsit,"Jul 26, 2026, 12:00:00 AM",1
5101144,U-sabai Place Manchakhiri,"Jul 24, 2026, 12:00:00 AM",1
4918110,101 Hotel Roi Et,"Aug 1, 2026, 12:00:00 AM",2
43845,Grand Vissanu Hotel,"Jul 20, 2026, 12:00:00 AM",1
174257,The Charm Boutique Resort,"Aug 1, 2026, 12:00:00 AM",2
4883835,Blu Monkey Hub & Hotel Ranong,"Jul 15, 2026, 12:00:00 AM",1
2011259,S Bangkok Navamin,"Aug 8, 2026, 12:00:00 AM",1
4921453,Goodday Hotel Khon Kaen,"Aug 5, 2026, 12:00:00 AM",1
4921038,314 Art Hotel Nakhonsawan,"Jul 17, 2026, 12:00:00 AM",1
5102449,Wish Resident Ubonratchathani,"Jul 27, 2026, 12:00:00 AM",2
4922724,GO Hotel Chonburi at Central Chonburi,"Aug 7, 2026, 12:00:00 AM",1
4726,Trat City Hotel,"Aug 21, 2026, 12:00:00 AM",2
65651,Yala Grand Palace Hotel,"Jul 13, 2026, 12:00:00 AM",1
4581,Prajaktra City Hostel,"Aug 14, 2026, 12:00:00 AM",2
4920825,PSM at Rangsit,"Oct 31, 2026, 12:00:00 AM",1
2007119,Chateau de bear Nakhonsawan,"Jul 22, 2026, 12:00:00 AM",1
4996599,Lalynn Resort,"Jul 14, 2026, 12:00:00 AM",1
2000850,Thai Inter Hotel,"Jul 4, 2026, 12:00:00 AM",2
4205678,Le Siri Hotel,"Jul 23, 2026, 12:00:00 AM",1
4920643,The Model Garden Hotel,"Jul 11, 2026, 12:00:00 AM",2
21582,Alexander Hotel,"Oct 11, 2026, 12:00:00 AM",1
4920962,Baan Suwanna Khon Kaen,"Jul 17, 2026, 12:00:00 AM",2
2009950,Suntria Hotel Pattaya,"Jul 25, 2026, 12:00:00 AM",2
2007026,The Vista Hotel By Satit Group,"Jul 19, 2026, 12:00:00 AM",2
65437,ABM Service Residence,"Jul 11, 2026, 12:00:00 AM",2
2011526,Darley Hotel Chiangmai,"Jul 24, 2026, 12:00:00 AM",1
4885092,Ranong Gable,"Jul 25, 2026, 12:00:00 AM",2
21697,Dhevaraj Hotel,"Jul 27, 2026, 12:00:00 AM",1
5101853,Laya Suites and Residences,"Jul 19, 2026, 12:00:00 AM",1
5102068,S77 Good View,"Jul 24, 2026, 12:00:00 AM",1
2000063,Tanatnan Hotel,"Aug 8, 2026, 12:00:00 AM",2
183668,North Inn Town Hotel,"Dec 12, 2026, 12:00:00 AM",2
4920639,Silver Place,"Jul 20, 2026, 12:00:00 AM",2
5101583,S3 Ayutthaya Hotel,"Jul 28, 2026, 12:00:00 AM",2
63574,The Nest Hotel Phichit,"Jul 16, 2026, 12:00:00 AM",2
4804986,M Grand Hotel Roi Et,"Jul 21, 2026, 12:00:00 AM",1
5101579,NA Care Hotel Chaiyaphum,"Oct 9, 2026, 12:00:00 AM",1
2006452,My Room Ratchaburi​,"Jul 11, 2026, 12:00:00 AM",2
2091,Crystal Hotel Hat Yai,"Jul 16, 2026, 12:00:00 AM",1
5101980,P&B Hotel Nakhon Phanom,"Jul 28, 2026, 12:00:00 AM",2
2009639,Hotel Together,"Jul 30, 2026, 12:00:00 AM",1
181621,Phavina Serviced Residence Rayong,"Jul 29, 2026, 12:00:00 AM",1
65536,Coco Beach Resort Bangsean,"Jul 2, 2026, 12:00:00 AM",2
4920835,JU Apartment,"Jul 23, 2026, 12:00:00 AM",1
2007470,The Smart Hotel Hatyai,"Nov 26, 2026, 12:00:00 AM",1
1676,Kantary Bay Hotel and Serviced Apartments Rayong,"Jul 27, 2026, 12:00:00 AM",1
183075,ATM Service Apartment Yala,"Aug 18, 2026, 12:00:00 AM",1
2001054,Jasmine Resort Sriracha,"Jul 19, 2026, 12:00:00 AM",1
220,Atrium Boutique Resort,"Jul 17, 2026, 12:00:00 AM",1
43636,A Plus Hotel Ubonratchathani,"Jul 8, 2026, 12:00:00 AM",1
4921080,Centara Ubon,"Jul 18, 2026, 12:00:00 AM",2
63634,The Farm House Hotel,"Jul 16, 2026, 12:00:00 AM",1
4920441,The Bliss Boutique Trang,"Jul 27, 2026, 12:00:00 AM",1
183647,White House Hotel Tak,"Jul 11, 2026, 12:00:00 AM",2
182853,Basaya Laemchabang,"Aug 7, 2026, 12:00:00 AM",1
183668,North Inn Town Hotel,"Aug 21, 2026, 12:00:00 AM",1
2012061,Casa Luxe Hotel & Resident,"Jul 25, 2026, 12:00:00 AM",1
65006,Phromsuk Hotel Ayutthaya,"Jul 21, 2026, 12:00:00 AM",1
679,S17 @ Nimman Hotel,"Jul 4, 2026, 12:00:00 AM",1
5101177,Indigo Hotel Hatyai,"Jul 16, 2026, 12:00:00 AM",2
2002290,Baansuanramita Resort,"Jul 24, 2026, 12:00:00 AM",1
2000041,Rattanachol Hotel,"Jul 18, 2026, 12:00:00 AM",1
137926,Feel@Home Place,"Jul 24, 2026, 12:00:00 AM",1
4883863,R2 Hotel Nakhon Phanom,"Jul 27, 2026, 12:00:00 AM",2
5101058,The Navy House Hotel,"Jul 24, 2026, 12:00:00 AM",2
2012549,2U Hotel Hatyai,"Jul 16, 2026, 12:00:00 AM",2
63583,S. Somboon Place,"Jul 24, 2026, 12:00:00 AM",1
4885010,Sann Boutique Hotel,"Jul 28, 2026, 12:00:00 AM",1
137995,Blu Monkey Hub & Hotel Phuket,"Oct 11, 2026, 12:00:00 AM",1
43850,Ratchaphruek Pavilion,"Aug 3, 2026, 12:00:00 AM",1
22714,BP Samila Beach Hotel And Resort,"Jul 24, 2026, 12:00:00 AM",1
1772,The Imperial Hotel and Convention Centre Phitsanulok,"Jul 17, 2026, 12:00:00 AM",1
2007026,The Vista Hotel By Satit Group,"Jul 23, 2026, 12:00:00 AM",2
2010773,Wellness Residence Chiang Mai,"Jul 14, 2026, 12:00:00 AM",1
65009,White Inn Nongkhai,"Aug 8, 2026, 12:00:00 AM",2
4757218,Shanya Guesthouse,"Jul 23, 2026, 12:00:00 AM",1
63676,Loft Mania Boutique Hotel,"Jul 28, 2026, 12:00:00 AM",2
4738,Mayflower Grande Hotel Nimman,"Nov 13, 2026, 12:00:00 AM",1
4543160,Sitthinard Grandview Hotel,"Aug 15, 2026, 12:00:00 AM",2
4920686,Mayuu Ayutthaya Hotel,"Jul 18, 2026, 12:00:00 AM",2
4857732,Big House Hotel Wiang Pa Pao,"Jul 5, 2026, 12:00:00 AM",1
5102574,Chaolao Sea Breeze,"Jul 24, 2026, 12:00:00 AM",2
5101906,Kokotel Rayong Beachfront,"Jul 17, 2026, 12:00:00 AM",1
183390,Auychai Grand Hotel,"Jul 2, 2026, 12:00:00 AM",1
5101171,Songle Ville Resort,"Jul 4, 2026, 12:00:00 AM",2
4918071,No.89 Boutique Hotel,"Jul 7, 2026, 12:00:00 AM",1
4921302,SOPISA boutique hotel Ayutthaya,"Aug 1, 2026, 12:00:00 AM",2
181024,DMa Hotel Khon Kaen,"Jul 1, 2026, 12:00:00 AM",2
5101432,Mintra Apartel,"Jul 10, 2026, 12:00:00 AM",2
65504,S Hadyai Hotel,"Aug 21, 2026, 12:00:00 AM",1
4968456,BK Resort,"Jul 29, 2026, 12:00:00 AM",2
2006319,Rain Tree Khao Yai Hotel,"Jul 9, 2026, 12:00:00 AM",1
182914,Farisa Garden Hotel Kalasin,"Aug 7, 2026, 12:00:00 AM",1
2005749,Herry Residence,"Jul 13, 2026, 12:00:00 AM",1
4920925,One Budget Hotel Chiangrai Soi Sawan,"Dec 27, 2026, 12:00:00 AM",1
4921226,All Times Hotel,"Jul 12, 2026, 12:00:00 AM",2
43851,Prime Time Hotel Bang Saen,"Aug 15, 2026, 12:00:00 AM",1
4312224,PM Residence,"Jul 10, 2026, 12:00:00 AM",1
1514,Windmill Resort Hotel,"Jul 17, 2026, 12:00:00 AM",1
4945,Napatra Hotel Chiangmai,"Nov 20, 2026, 12:00:00 AM",1
1875,First Residence Samui,"Jul 20, 2026, 12:00:00 AM",1
4948550,JIA HAUS Hotel Apartment,"Sep 26, 2026, 12:00:00 AM",1
137995,Blu Monkey Hub & Hotel Phuket,"Jul 19, 2026, 12:00:00 AM",2
4883872,The Chess hotel,"Aug 9, 2026, 12:00:00 AM",1
5039123,Athena Glamping Khaoyai,"Jul 28, 2026, 12:00:00 AM",1
5002714,Baan B&B Sukhothai,"Aug 22, 2026, 12:00:00 AM",2
183647,White House Hotel Tak,"Jul 25, 2026, 12:00:00 AM",2
137995,Blu Monkey Hub & Hotel Phuket,"Jul 26, 2026, 12:00:00 AM",1
2009155,Bangsaphan Resort,"Jul 26, 2026, 12:00:00 AM",2
4312224,PM Residence,"Jul 18, 2026, 12:00:00 AM",2
181563,L Nimman Boutique Hotel,"Jul 29, 2026, 12:00:00 AM",1
4543060,Baan Mali Rimhkong,"Jul 3, 2026, 12:00:00 AM",1
137493,Ananya Apartment Hua Hin,"Jul 4, 2026, 12:00:00 AM",1
2000356,Sakura Boutique Hotel Pluakdaeng,"Jul 16, 2026, 12:00:00 AM",1
21697,Dhevaraj Hotel,"Jul 15, 2026, 12:00:00 AM",1
4915645,Metro Ratchada 36,"Aug 1, 2026, 12:00:00 AM",1
2000216,The Room Hotel Kamphaengphet,"Jul 14, 2026, 12:00:00 AM",1
2005897,Green Apple Villa,"Jul 29, 2026, 12:00:00 AM",1
2000908,Na That Panom Place Hotel,"Jul 28, 2026, 12:00:00 AM",1
177807,Pranee Home Phangnga,"Jul 28, 2026, 12:00:00 AM",1
21358,The Paradiso JK Design Hotel,"Aug 23, 2026, 12:00:00 AM",1
5101906,Kokotel Rayong Beachfront,"Jul 18, 2026, 12:00:00 AM",1
4933126,THE NINE PLACE Chaeng Sanit,"Jul 26, 2026, 12:00:00 AM",1
4543013,Chokphaiboon Apartment Pattani,"Jul 4, 2026, 12:00:00 AM",1
2008496,Thongphaphum River,"Jul 17, 2026, 12:00:00 AM",1
4921226,All Times Hotel,"Jul 22, 2026, 12:00:00 AM",1
4920860,The Garden Home Resort Suphan Buri,"Jul 4, 2026, 12:00:00 AM",1
4932685,Cottage Pine Rayong Resort & Cafe,"Aug 23, 2026, 12:00:00 AM",1
4543142,Sleep Mai? Chiang Mai Airport Lifestyle Hotel,"Jul 9, 2026, 12:00:00 AM",1
4920622,Laguna Grand Hotel & Spa Songkhla,"Jul 17, 2026, 12:00:00 AM",1
2010138,Triple Z Hotel,"Jul 18, 2026, 12:00:00 AM",1
4922724,GO Hotel Chonburi at Central Chonburi,"Aug 6, 2026, 12:00:00 AM",1
137977,Regent Room Suratthani,"Jul 6, 2026, 12:00:00 AM",1
21400,Calypzo Bangkok,"Sep 17, 2026, 12:00:00 AM",1
4920828,Khum Lanna Boutique Hotel Sisaket,"Jul 11, 2026, 12:00:00 AM",1
4920860,The Garden Home Resort Suphan Buri,"Jul 11, 2026, 12:00:00 AM",1
2010153,The Kannas Hotel & Serviced Apartment Chiangmai,"Jul 2, 2026, 12:00:00 AM",1
23574,Sabai Hotel Korat,"Oct 7, 2026, 12:00:00 AM",1
794,FuramaXclusive Sandara Hua Hin,"Jul 28, 2026, 12:00:00 AM",1
152914,Z Sleep Hotel Hatyai,"Jul 22, 2026, 12:00:00 AM",1
43909,Privacy Residence Lopburi,"Jul 22, 2026, 12:00:00 AM",1
4920973,VELA Dhi Nakhon Phanom,"Jul 16, 2026, 12:00:00 AM",1
5102449,Wish Resident Ubonratchathani,"Jul 26, 2026, 12:00:00 AM",1
177840,Must Come Boutique Hotel,"Jul 21, 2026, 12:00:00 AM",1
5101972,GO Hotel Bangkok Suvarnabhumi Airport,"Jul 24, 2026, 12:00:00 AM",1
43851,Prime Time Hotel Bang Saen,"Jul 12, 2026, 12:00:00 AM",1
4885036,Sleep Tight Hotel Huai Thalaeng,"Jul 15, 2026, 12:00:00 AM",1
4884787,Ananzitra Hotel,"Jul 18, 2026, 12:00:00 AM",1
137995,Blu Monkey Hub & Hotel Phuket,"Jul 18, 2026, 12:00:00 AM",1
2012549,2U Hotel Hatyai,"Jul 19, 2026, 12:00:00 AM",1
4883835,Blu Monkey Hub & Hotel Ranong,"Jul 4, 2026, 12:00:00 AM",1
4921172,Fah Prathan Boutique Resort,"Jul 27, 2026, 12:00:00 AM",1
1841,Tohsang Heritage Ubonratchathani Hotel,"Jul 26, 2026, 12:00:00 AM",1
5101673,Sai Yok Noi Resort,"Jul 10, 2026, 12:00:00 AM",1
22189,The Heritage Pattaya Beachfront Resort,"Oct 21, 2026, 12:00:00 AM",1
4883670,Plaitawan Apartment,"Jul 9, 2026, 12:00:00 AM",1
2000166,The Bangkok Major Suite,"Jul 3, 2026, 12:00:00 AM",1
4884784,VELA Dhi Udon Thani,"Sep 4, 2026, 12:00:00 AM",1
4267489,Bansuan Resort Nakhonsawan,"Jul 24, 2026, 12:00:00 AM",1
2077,Sukhothai Treasure Resort & Spa,"Aug 22, 2026, 12:00:00 AM",1
183482,Recall Isaan Isan Concept at Khaoyai,"Jul 10, 2026, 12:00:00 AM",1
63676,Loft Mania Boutique Hotel,"Dec 26, 2026, 12:00:00 AM",1
2010883,Neca Reiche Hotel,"Aug 29, 2026, 12:00:00 AM",1
2011259,S Bangkok Navamin,"Jul 4, 2026, 12:00:00 AM",1
4921064,PT Grand Hotel,"Jul 18, 2026, 12:00:00 AM",1
63634,The Farm House Hotel,"Sep 13, 2026, 12:00:00 AM",1
4915665,The Seaport Mahachai,"Jul 11, 2026, 12:00:00 AM",1
4921036,Nao Ta Chuang Resort Thungsong,"Jul 27, 2026, 12:00:00 AM",1
2008649,Nata Resort Chanthaburi 2,"Jul 11, 2026, 12:00:00 AM",1
2008050,41Studio  Nakhon Phanom,"Jul 28, 2026, 12:00:00 AM",1
5101177,Indigo Hotel Hatyai,"Jul 13, 2026, 12:00:00 AM",1
183372,ATK Garden Hills Hotel,"Jul 26, 2026, 12:00:00 AM",1
2011666,The Cheewin Hotel & Convention,"Jul 11, 2026, 12:00:00 AM",1
182874,Zada Residence Korat,"Jul 21, 2026, 12:00:00 AM",1
23104,Magic House Hostel,"Jul 22, 2026, 12:00:00 AM",1
183370,SC Resort Chachoengsao,"Jul 5, 2026, 12:00:00 AM",1
1763,Ayara Grand Palace Hotel,"Jul 23, 2026, 12:00:00 AM",1
4883158,Bluebed Hotel,"Jul 23, 2026, 12:00:00 AM",1
3332,Ray Hotel Buriram,"Jan 3, 2027, 12:00:00 AM",1
63455,Wangnamyen Garden Hotel,"Jul 18, 2026, 12:00:00 AM",1
2007119,Chateau de bear Nakhonsawan,"Jul 11, 2026, 12:00:00 AM",1
63749,Leelawadee Resort Saraburi,"Jul 10, 2026, 12:00:00 AM",1
5101058,The Navy House Hotel,"Jul 5, 2026, 12:00:00 AM",1
181623,Rio Monte Residence,"Sep 20, 2026, 12:00:00 AM",1
63666,Mandy Nok Hotel,"Sep 9, 2026, 12:00:00 AM",1
4896913,ABIZZ Hotel Kwan Phayao,"Jul 29, 2026, 12:00:00 AM",1
5101551,One Budget Hotel Lampang Phahonyothin,"Jul 25, 2026, 12:00:00 AM",1
4934152,Is Am Are Stay Boutique,"Jul 10, 2026, 12:00:00 AM",1
4611,PLAAI Prime Hotel Rayong,"Jul 21, 2026, 12:00:00 AM",1
4918063,Thongchen Residence,"Sep 20, 2026, 12:00:00 AM",1
22229,Poonsook Resident Hotel Phitsanulok,"Jul 26, 2026, 12:00:00 AM",1
4921227,The Pillows Boutique Hotel,"Jul 26, 2026, 12:00:00 AM",1
5101714,G9 Hotel Kanchanaburi,"Jul 9, 2026, 12:00:00 AM",1
4883835,Blu Monkey Hub & Hotel Ranong,"Jul 9, 2026, 12:00:00 AM",1
345,Gold Orchid Bangkok,"Jul 19, 2026, 12:00:00 AM",1
2000277,Bang Wua Garden Resort,"Jul 5, 2026, 12:00:00 AM",1
2007119,Chateau de bear Nakhonsawan,"Jul 20, 2026, 12:00:00 AM",1
4920669,Nine River Hotel,"Jul 21, 2026, 12:00:00 AM",1
2011731,Icon Park Hotel Chiang Mai,"Jul 18, 2026, 12:00:00 AM",1
5102541,Raspberry Mansion,"Jul 3, 2026, 12:00:00 AM",1
23104,Magic House Hostel,"Jul 27, 2026, 12:00:00 AM",1
4885132,Neo Hotel Khonkaen,"Jul 11, 2026, 12:00:00 AM",1
4884370,Yala My house Hotel,"Jul 23, 2026, 12:00:00 AM",1
141893,Tempo Plus Mae Sot,"Jul 10, 2026, 12:00:00 AM",1
4921347,S. Sriracha Hotel and Residence,"Jul 13, 2026, 12:00:00 AM",1
4533067,Romruedee Resort,"Jul 6, 2026, 12:00:00 AM",1
1395,Twin Lotus Hotel Nakhon Si Thammarat,"Jul 5, 2026, 12:00:00 AM",1
5101523,The Kaset Hua Hin,"Jul 3, 2026, 12:00:00 AM",1
181569,Prakai Resort Photharam,"Jul 2, 2026, 12:00:00 AM",1
2011654,Purada Mansion,"Jul 5, 2026, 12:00:00 AM",1
5101972,GO Hotel Bangkok Suvarnabhumi Airport,"Jul 3, 2026, 12:00:00 AM",1
4598762,B-tel Chom Thong Resort Chiang Mai,"Jul 24, 2026, 12:00:00 AM",1
5102159,Venus Resort,"Jul 17, 2026, 12:00:00 AM",1
5101058,The Navy House Hotel,"Sep 11, 2026, 12:00:00 AM",1
862,Phuket Sea Resort,"Jul 2, 2026, 12:00:00 AM",1
63714,Dahla the Resort,"Jul 21, 2026, 12:00:00 AM",1
137967,The Original Orange Hotel,"Jul 13, 2026, 12:00:00 AM",1
4543074,Nibong Apartment,"Jul 18, 2026, 12:00:00 AM",1
2003274,Dang Ky Ploen Tharnnam Resort,"Jul 18, 2026, 12:00:00 AM",1
183154,Easy Hotel 2 Lamphun,"Jul 3, 2026, 12:00:00 AM",1
2005749,Herry Residence,"Jul 7, 2026, 12:00:00 AM",1
5004716,Urbana House Samut Songkhram,"Jul 29, 2026, 12:00:00 AM",1
177855,The Rich Residence Surat Thani,"Jul 22, 2026, 12:00:00 AM",1
2000216,The Room Hotel Kamphaengphet,"Jul 24, 2026, 12:00:00 AM",1
4920991,Golden Nest Hotel Suvarnabhumi,"Jul 18, 2026, 12:00:00 AM",1
1763,Ayara Grand Palace Hotel,"Jul 10, 2026, 12:00:00 AM",1
2012061,Casa Luxe Hotel & Resident,"Jul 6, 2026, 12:00:00 AM",1
4543072,PP Inn,"Jul 23, 2026, 12:00:00 AM",1
2000186,Patikom Apartment,"Jul 6, 2026, 12:00:00 AM",1
317,Avana Hotel and Convention Center,"Jul 25, 2026, 12:00:00 AM",1
4772,Seeharaj Hotel Uttaradit,"Aug 5, 2026, 12:00:00 AM",1
4922552,YSW Hotel,"Jul 3, 2026, 12:00:00 AM",1
2000386,Sasidara Resort,"Jul 30, 2026, 12:00:00 AM",1
152411,Aoontawan Resort Songkhla,"Jul 10, 2026, 12:00:00 AM",1
5102560,Sugar Marina Hotel -POP- Kata Beach,"Jul 26, 2026, 12:00:00 AM",1
183647,White House Hotel Tak,"Oct 21, 2026, 12:00:00 AM",1
23579,Synsiri Ladprao 130,"Jul 3, 2026, 12:00:00 AM",1
25158,The Proud Exclusive Hotel,"Jul 2, 2026, 12:00:00 AM",1
2001054,Jasmine Resort Sriracha,"Jul 8, 2026, 12:00:00 AM",1
5102444,Sandbox Hotel,"Jul 10, 2026, 12:00:00 AM",1
43886,Prachuap Beach Hotel,"Jul 25, 2026, 12:00:00 AM",1
152355,Park View Yala,"Jul 22, 2026, 12:00:00 AM",1
63666,Mandy Nok Hotel,"Jul 17, 2026, 12:00:00 AM",1
137966,Blu Monkey Boutique Samkong (Formerly Blu Monkey Bed & Breakfast Phuket),"Aug 26, 2026, 12:00:00 AM",1
183245,Huern Nana Jomsawan,"Jul 26, 2026, 12:00:00 AM",1
43894,Wangtai Hotel,"Jul 12, 2026, 12:00:00 AM",1
2000263,Non C Park Hotel,"Jul 28, 2026, 12:00:00 AM",1
177901,Arden Hotel and Residence,"Sep 12, 2026, 12:00:00 AM",1
345,Gold Orchid Bangkok,"Jul 9, 2026, 12:00:00 AM",1
2000153,The Harbour Front Hotel,"Jul 22, 2026, 12:00:00 AM",1
461,Furamaxclusive Asoke Bangkok,"Sep 18, 2026, 12:00:00 AM",1
5102541,Raspberry Mansion,"Jul 18, 2026, 12:00:00 AM",1
5101720,L2 Premium,"Jul 18, 2026, 12:00:00 AM",1
152972,Indiego Space,"Jul 8, 2026, 12:00:00 AM",1
65621,The Rice Hotel Roi Et,"Jul 27, 2026, 12:00:00 AM",1
4543074,Nibong Apartment,"Jul 22, 2026, 12:00:00 AM",1
4793826,Metha Palace,"Jul 21, 2026, 12:00:00 AM",1
183560,Kantary Hotel Amata Bangpakong,"Jul 14, 2026, 12:00:00 AM",1
65581,Anna Nava Pakkret Hotel,"Jul 4, 2026, 12:00:00 AM",1
4915585,Huern Kan Thong Hotel,"Jul 7, 2026, 12:00:00 AM",1
2010153,The Kannas Hotel & Serviced Apartment Chiangmai,"Jul 6, 2026, 12:00:00 AM",1
174257,The Charm Boutique Resort,"Jul 24, 2026, 12:00:00 AM",1
2007026,The Vista Hotel By Satit Group,"Jul 18, 2026, 12:00:00 AM",1
152869,Kilintra Residence,"Jul 24, 2026, 12:00:00 AM",1
183209,Myrrh Hotel Chanthaburi,"Jul 3, 2026, 12:00:00 AM",1
4922660,EXII Hotel,"Aug 22, 2026, 12:00:00 AM",1
43826,Srilamduan Hotel Srisaket,"Jul 8, 2026, 12:00:00 AM",1
4918110,101 Hotel Roi Et,"Jul 12, 2026, 12:00:00 AM",1
21418,Metro point Bangkok,"Jul 13, 2026, 12:00:00 AM",1
181525,Seven Bee Boutique Hotel,"Jul 24, 2026, 12:00:00 AM",1
4920954,Newman Hotel Donmuaeng,"Jul 2, 2026, 12:00:00 AM",1
2003960,Thai Lao Resort & Spa,"Jul 18, 2026, 12:00:00 AM",1
4918110,101 Hotel Roi Et,"Jul 22, 2026, 12:00:00 AM",1
2000299,Morage Hotel Phitsanulok,"Jul 1, 2026, 12:00:00 AM",1
23104,Magic House Hostel,"Aug 9, 2026, 12:00:00 AM",1
63692,C.S. Pattani Hotel,"Aug 24, 2026, 12:00:00 AM",1
5102570,Sugar Marina Resort -LAGOON VILLAS- Naiyang Beach,"Jul 18, 2026, 12:00:00 AM",1
5101041,GOOD Nakhonsawan,"Jul 28, 2026, 12:00:00 AM",1
4848992,Xotel,"Sep 12, 2026, 12:00:00 AM",1
4921268,Nakan Home,"Jul 1, 2026, 12:00:00 AM",1
65541,108 Hotel,"Jul 23, 2026, 12:00:00 AM",1
2008810,Maesot Siri Hotel,"Jul 22, 2026, 12:00:00 AM",1
5101761,Journeyhub Sukhumvit 26 Bangkok,"Aug 15, 2026, 12:00:00 AM",1
4932338,Wangkaew Hotel Phitsanulok,"Jul 4, 2026, 12:00:00 AM",1
4921421,Manomon Residence,"Aug 13, 2026, 12:00:00 AM",1
182908,Synsiri Resort,"Jul 19, 2026, 12:00:00 AM",1
4606475,Belle Grand Hotel Udon Thani,"Jul 27, 2026, 12:00:00 AM",1
2000181,Tamsabai Hotel,"Jul 22, 2026, 12:00:00 AM",1
4887250,The Garden Resort Lopburi,"Jul 23, 2026, 12:00:00 AM",1
183668,North Inn Town Hotel,"Dec 31, 2026, 12:00:00 AM",1
4942047,The 29 Place,"Jul 11, 2026, 12:00:00 AM",1
183482,Recall Isaan Isan Concept at Khaoyai,"Jul 17, 2026, 12:00:00 AM",1
43634,Sawairiang Place Apartment,"Jul 12, 2026, 12:00:00 AM",1
65536,Coco Beach Resort Bangsean,"Jul 6, 2026, 12:00:00 AM",1
4921255,Benjarong Hotel Bangkok,"Jul 16, 2026, 12:00:00 AM",1
4884948,Rabbit Hotel Phimai,"Nov 14, 2026, 12:00:00 AM",1
4883849,My Gardens Hotel,"Jul 23, 2026, 12:00:00 AM",1
703,We Valley Boutique Hotel,"Nov 25, 2026, 12:00:00 AM",1
4868069,T Park Pakchong,"Jul 26, 2026, 12:00:00 AM",1
4933126,THE NINE PLACE Chaeng Sanit,"Jul 15, 2026, 12:00:00 AM",1
63427,Amphawaree,"Jul 18, 2026, 12:00:00 AM",1
23278,Dream D Residence Phetchaburi,"Jul 20, 2026, 12:00:00 AM",1
4920622,Laguna Grand Hotel & Spa Songkhla,"Jul 1, 2026, 12:00:00 AM",1
21234,Don Chan Residence,"Jul 29, 2026, 12:00:00 AM",1
2009226,Smile Place Chomthong,"Jul 26, 2026, 12:00:00 AM",1
4543066,Smile Park Hotel,"Jul 18, 2026, 12:00:00 AM",1
496,TUI BLUE Maduzi Hotel Bangkok,"Aug 13, 2026, 12:00:00 AM",1
4419364,NC Resort and Spa,"Jul 3, 2026, 12:00:00 AM",1
5101089,Hatyai Midtown Hotel,"Jul 1, 2026, 12:00:00 AM",1
232,FX Hotel Metrolink Makkasan,"Jan 7, 2027, 12:00:00 AM",1
4914111,NKW Resort,"Jul 4, 2026, 12:00:00 AM",1
679,S17 @ Nimman Hotel,"Jul 10, 2026, 12:00:00 AM",1
4884605,Palm Hug Resort,"Jul 23, 2026, 12:00:00 AM",1
183073,The Rooms Residence Pattani,"Jul 18, 2026, 12:00:00 AM",1
183075,ATM Service Apartment Yala,"Jul 14, 2026, 12:00:00 AM",1
2002270,Leelawadee Resort Sukhothai,"Jul 10, 2026, 12:00:00 AM",1
181657,Civilize Hotel Udon,"Jul 19, 2026, 12:00:00 AM",1
2008838,Anchan Laguna Hotel,"Jul 17, 2026, 12:00:00 AM",1
2009639,Hotel Together,"Jul 26, 2026, 12:00:00 AM",1
2056,Krungsri River Hotel,"Aug 11, 2026, 12:00:00 AM",1
65568,Samprasob Resort,"Jul 9, 2026, 12:00:00 AM",1
181635,Blue Rabbit Hotel Chanthaburi,"Jul 25, 2026, 12:00:00 AM",1
4918024,Li CALLA Resort,"Jul 5, 2026, 12:00:00 AM",1
4885004,Hotel Dawa,"Jul 23, 2026, 12:00:00 AM",1
4920648,SC garden date palm & resort,"Jul 18, 2026, 12:00:00 AM",1
4603163,The Bed Hotel 101,"Jul 21, 2026, 12:00:00 AM",1
63626,Baan Phor Phan Hotel,"Aug 5, 2026, 12:00:00 AM",1
43886,Prachuap Beach Hotel,"Aug 7, 2026, 12:00:00 AM",1
2007760,The 8 Factory Hotel,"Jul 22, 2026, 12:00:00 AM",1
4865,City Hotel Krabi,"Dec 31, 2026, 12:00:00 AM",1
4606525,Sangkaset Resort Prachantakham,"Jul 27, 2026, 12:00:00 AM",1
4920988,Ratchapruek DC Resort Angthong,"Jul 20, 2026, 12:00:00 AM",1
4581,Prajaktra City Hostel,"Jul 10, 2026, 12:00:00 AM",1
2005742,The Bliss Loei Living Hotel,"Jul 28, 2026, 12:00:00 AM",1
4920292,O.K. Resort Banpong Ratchaburi,"Jul 4, 2026, 12:00:00 AM",1
4896922,Kiirin House Banpong,"Jul 3, 2026, 12:00:00 AM",1
183156,Grand Fortune Hotel Nakhon Si Thammarat,"Jul 19, 2026, 12:00:00 AM",1
5042341,N.J. Hotel That Phanom,"Jul 17, 2026, 12:00:00 AM",1
23937,Brique Hotel Chiangmai,"Aug 10, 2026, 12:00:00 AM",1
4640,Aramis Hotel Nakhon Sawan,"Jul 14, 2026, 12:00:00 AM",1
4543042,Navakitel Design Hotel,"Jul 24, 2026, 12:00:00 AM",1
5102503,Papaa Home Cafe & Hotel Ranong,"Jul 26, 2026, 12:00:00 AM",1
43886,Prachuap Beach Hotel,"Aug 8, 2026, 12:00:00 AM",1
4977971,Ubonairport Mansion,"Nov 28, 2026, 12:00:00 AM",1
181454,WeRest Hotel,"Jul 16, 2026, 12:00:00 AM",1
4884497,Riverton Hotel,"Jul 6, 2026, 12:00:00 AM",1
2011666,The Cheewin Hotel & Convention,"Jul 8, 2026, 12:00:00 AM",1
2010777,Green 2 Resort,"Jul 13, 2026, 12:00:00 AM",1
4932309,Trattara Boutique Hotel,"Jul 21, 2026, 12:00:00 AM",1
4884620,The Charlotte Smart Hotel Lopburi,"Aug 5, 2026, 12:00:00 AM",1
177840,Must Come Boutique Hotel,"Jul 2, 2026, 12:00:00 AM",1
4258229,Prompiman Sisaket Hotel,"Jul 11, 2026, 12:00:00 AM",1
183160,Aisana Hotel Korat,"Jul 25, 2026, 12:00:00 AM",1
63652,Belleville Hotel Phetchabun,"Jul 20, 2026, 12:00:00 AM",1
4267489,Bansuan Resort Nakhonsawan,"Jul 4, 2026, 12:00:00 AM",1
5101714,G9 Hotel Kanchanaburi,"Jul 25, 2026, 12:00:00 AM",1
65470,La Belle Hotel Chiangrai,"Jul 16, 2026, 12:00:00 AM",1
2007470,The Smart Hotel Hatyai,"Aug 10, 2026, 12:00:00 AM",1
2004673,The Cube Resort,"Jul 6, 2026, 12:00:00 AM",1
183073,The Rooms Residence Pattani,"Jul 25, 2026, 12:00:00 AM",1
4884787,Ananzitra Hotel,"Aug 30, 2026, 12:00:00 AM",1
181632,The Museum Hotel Nakhon Pathom,"Jul 16, 2026, 12:00:00 AM",1
183500,Mosstel Phitsanulok,"Jul 21, 2026, 12:00:00 AM",1
43888,Kaewsamui Resort,"Jul 15, 2026, 12:00:00 AM",1
4740,Phakawan Hotel,"Jul 4, 2026, 12:00:00 AM",1
5102038,DAY & NIGHT HOTEL,"Jul 17, 2026, 12:00:00 AM",1
63666,Mandy Nok Hotel,"Aug 22, 2026, 12:00:00 AM",1
4921347,S. Sriracha Hotel and Residence,"Jul 10, 2026, 12:00:00 AM",1
63722,Golden Place Guesthouse,"Jul 4, 2026, 12:00:00 AM",1
4543116,Araya Hotel Uttaradit,"Jul 5, 2026, 12:00:00 AM",1
4918063,Thongchen Residence,"Sep 5, 2026, 12:00:00 AM",1
4922724,GO Hotel Chonburi at Central Chonburi,"Jul 3, 2026, 12:00:00 AM",1
63692,C.S. Pattani Hotel,"Jul 9, 2026, 12:00:00 AM",1
182835,Nadee 10 Resort & Hotel,"Jul 25, 2026, 12:00:00 AM",1
4885117,@INN YRU,"Jul 21, 2026, 12:00:00 AM",1
4920686,Mayuu Ayutthaya Hotel,"Aug 15, 2026, 12:00:00 AM",1
2003238,Porn 2 Hotel,"Jul 6, 2026, 12:00:00 AM",1
2000216,The Room Hotel Kamphaengphet,"Jul 29, 2026, 12:00:00 AM",1
1050,Sugar Palm Residence,"Sep 4, 2026, 12:00:00 AM",1
4947292,Prarin Hotel,"Nov 20, 2026, 12:00:00 AM",1
65643,Tanzeno Hotel,"Jul 14, 2026, 12:00:00 AM",1
1395,Twin Lotus Hotel Nakhon Si Thammarat,"Sep 9, 2026, 12:00:00 AM",1
63634,The Farm House Hotel,"Sep 4, 2026, 12:00:00 AM",1
4948519,AVA Hotel,"Jul 25, 2026, 12:00:00 AM",1
2000021,Samrong Garden Resort,"Jul 8, 2026, 12:00:00 AM",1
2012783,Manonta Budget Hotel,"Jul 5, 2026, 12:00:00 AM",1
2008649,Nata Resort Chanthaburi 2,"Jul 4, 2026, 12:00:00 AM",1
4543116,Araya Hotel Uttaradit,"Jul 29, 2026, 12:00:00 AM",1
1767,Ruean Phae Royal Park Hotel,"Jul 4, 2026, 12:00:00 AM",1
4915675,The Gold Living Life,"Jul 27, 2026, 12:00:00 AM",1
43826,Srilamduan Hotel Srisaket,"Jul 4, 2026, 12:00:00 AM",1
183609,The Square Rayong,"Jul 27, 2026, 12:00:00 AM",1
4640,Aramis Hotel Nakhon Sawan,"Jul 24, 2026, 12:00:00 AM",1
65054,AU Place Hotel,"Jul 26, 2026, 12:00:00 AM",1
63445,Rittiboon Vintage,"Jul 21, 2026, 12:00:00 AM",1
2005574,Seksub Place,"Jul 26, 2026, 12:00:00 AM",1
4669614,About A Bed Hostel Chiangmai,"Jul 24, 2026, 12:00:00 AM",1
2007725,Rider bedroom hostel and cafe,"Jul 4, 2026, 12:00:00 AM",1
4920844,Nalay Noi Boutique Resort,"Jul 3, 2026, 12:00:00 AM",1
2012397,Southern Airport Hotel,"Jul 18, 2026, 12:00:00 AM",1
5101058,The Navy House Hotel,"Jul 27, 2026, 12:00:00 AM",1
183647,White House Hotel Tak,"Jul 1, 2026, 12:00:00 AM",1
25160,MT Place,"Nov 15, 2026, 12:00:00 AM",1
137926,Feel@Home Place,"Jul 28, 2026, 12:00:00 AM",1
182851,Khong Chiam 2 Hotel Ubon,"Jul 24, 2026, 12:00:00 AM",1
4934954,Goodnight Poshtel,"Jul 4, 2026, 12:00:00 AM",1
63671,SR Residence Hotel Phetchabun,"Jul 15, 2026, 12:00:00 AM",1
2007026,The Vista Hotel By Satit Group,"Jul 8, 2026, 12:00:00 AM",1
4204497,Aen Guy Boutique Hotel,"Oct 10, 2026, 12:00:00 AM",1
152355,Park View Yala,"Jul 4, 2026, 12:00:00 AM",1
2003587,Chonlapan Place,"Jul 4, 2026, 12:00:00 AM",1
4730,Xen Hotel Nakhon Pathom,"Jul 26, 2026, 12:00:00 AM",1
4968476,Nasan Valley Resort,"Jul 3, 2026, 12:00:00 AM",1
43843,At Ayutthaya Hotel,"Jul 4, 2026, 12:00:00 AM",1
5101656,Green white Resort & Cafe,"Jul 26, 2026, 12:00:00 AM",1
43918,The Zenith Residence Hotel,"Jul 16, 2026, 12:00:00 AM",1
182814,Tho Mai Resort,"Jul 21, 2026, 12:00:00 AM",1
4848992,Xotel,"Aug 7, 2026, 12:00:00 AM",1
746,ibis Huahin,"Aug 3, 2026, 12:00:00 AM",1
4804986,M Grand Hotel Roi Et,"Jul 18, 2026, 12:00:00 AM",1
747,Baan Grood Arcadia Resort and Spa,"Jul 19, 2026, 12:00:00 AM",1
5101906,Kokotel Rayong Beachfront,"Aug 22, 2026, 12:00:00 AM",1
43888,Kaewsamui Resort,"Jul 21, 2026, 12:00:00 AM",1
63445,Rittiboon Vintage,"Jul 22, 2026, 12:00:00 AM",1
4804986,M Grand Hotel Roi Et,"Jul 16, 2026, 12:00:00 AM",1
43603,V-Verve Service Apartment,"Aug 4, 2026, 12:00:00 AM",1
4920761,Keingtawan Resort,"Jul 17, 2026, 12:00:00 AM",1
63723,Mammoth Resort,"Jul 25, 2026, 12:00:00 AM",1
63666,Mandy Nok Hotel,"Jul 27, 2026, 12:00:00 AM",1
63707,Space59 Hotel,"Jul 25, 2026, 12:00:00 AM",1
137955,The Coconut Hotel Lampang,"Jul 31, 2026, 12:00:00 AM",1
43886,Prachuap Beach Hotel,"Jul 23, 2026, 12:00:00 AM",1
4933114,De Botan Bangna,"Jul 18, 2026, 12:00:00 AM",1
4921080,Centara Ubon,"Jul 19, 2026, 12:00:00 AM",1
2000231,Romantic Khonkaen Hotel,"Jul 10, 2026, 12:00:00 AM",1
4885085,Blu Monkey Hub and Hotel Chanthaburi,"Jul 26, 2026, 12:00:00 AM",1
22359,Le Cassia Hotel,"Jul 15, 2026, 12:00:00 AM",1
5101720,L2 Premium,"Jul 26, 2026, 12:00:00 AM",1
2008050,41Studio  Nakhon Phanom,"Jul 5, 2026, 12:00:00 AM",1
183396,Beloft Hotel Nakhonsithammarat,"Jul 27, 2026, 12:00:00 AM",1
2011750,Tanban Mansion,"Jul 13, 2026, 12:00:00 AM",1
4258229,Prompiman Sisaket Hotel,"Nov 9, 2026, 12:00:00 AM",1
43926,Crystal Hotel Krabi,"Jul 1, 2026, 12:00:00 AM",1
181542,Satun Boutique Resort,"Jul 18, 2026, 12:00:00 AM",1
4640925,The Residence Hotel,"Jul 6, 2026, 12:00:00 AM",1
4920363,Hotel MOCO Udon Thani,"Aug 2, 2026, 12:00:00 AM",1
2005897,Green Apple Villa,"Jul 4, 2026, 12:00:00 AM",1
174253,The B Ranong Trend Hotel,"Jul 26, 2026, 12:00:00 AM",1
63697,JK Living Hotel and Service Apartment,"Aug 9, 2026, 12:00:00 AM",1
65541,108 Hotel,"Jul 10, 2026, 12:00:00 AM",1
4920991,Golden Nest Hotel Suvarnabhumi,"Aug 4, 2026, 12:00:00 AM",1
43888,Kaewsamui Resort,"Jul 28, 2026, 12:00:00 AM",1
1875,First Residence Samui,"Jul 27, 2026, 12:00:00 AM",1
183319,PS Sriphu Hotel Hatyai,"Jul 17, 2026, 12:00:00 AM",1
183415,Chaanburi Boutique Resort,"Jul 13, 2026, 12:00:00 AM",1
717,Royal Pavilion Hua Hin,"Sep 2, 2026, 12:00:00 AM",1
4921213,Chatrium Grand Bangkok,"Dec 29, 2026, 12:00:00 AM",1
4651618,3Season Hotel Chiangmai,"Jul 6, 2026, 12:00:00 AM",1
65672,Infinity Seesun Resort,"Jul 23, 2026, 12:00:00 AM",1
1369,Charoen Thani Khon Kean,"Jul 4, 2026, 12:00:00 AM",1
2008372,Plaifa Resort Banrai,"Jul 27, 2026, 12:00:00 AM",1
5102281,Manditel North Pattaya,"Jul 28, 2026, 12:00:00 AM",1
4884216,Platinum Hotel Rayong,"Jul 1, 2026, 12:00:00 AM",1
5102047,Kiree River Hotel,"Jul 28, 2026, 12:00:00 AM",1
183063,Baan Rimnam Resort Banpong,"Jul 25, 2026, 12:00:00 AM",1
42984,Hampton Inn & Suites LAX El Segundo,"Jul 11, 2026, 12:00:00 AM",1
4711584,Tokyo Hotel Korat,"Jul 5, 2026, 12:00:00 AM",1
43887,Suansin Lanna Hotel,"Jul 14, 2026, 12:00:00 AM",1
43642,Grand Charoonrat Hotel,"Jul 26, 2026, 12:00:00 AM",1
4890153,JB Place Hotel Ban Phaeng,"Jul 31, 2026, 12:00:00 AM",1
23907,Windsor Resort Hotel,"Jul 11, 2026, 12:00:00 AM",1
4921080,Centara Ubon,"Jul 21, 2026, 12:00:00 AM",1
43918,The Zenith Residence Hotel,"Jul 22, 2026, 12:00:00 AM",1
152399,Loft Village Nakhonnayok,"Jul 18, 2026, 12:00:00 AM",1
4885005,Parada Ayutthaya,"Jul 11, 2026, 12:00:00 AM",1
2000181,Tamsabai Hotel,"Aug 15, 2026, 12:00:00 AM",1
4733,Sri U-Thong Grande Hotel,"Jul 30, 2026, 12:00:00 AM",1
4920686,Mayuu Ayutthaya Hotel,"Aug 12, 2026, 12:00:00 AM",1
182999,The U-Time Hotel,"Jul 24, 2026, 12:00:00 AM",1
4920686,Mayuu Ayutthaya Hotel,"Jul 14, 2026, 12:00:00 AM",1
5101640,Bear & Bird Hotel,"Jul 10, 2026, 12:00:00 AM",1
2010883,Neca Reiche Hotel,"Aug 8, 2026, 12:00:00 AM",1
4723,Sugar Marina Hotel-AVIATOR-Phuket Airport,"Nov 23, 2026, 12:00:00 AM",1
65536,Coco Beach Resort Bangsean,"Aug 13, 2026, 12:00:00 AM",1
2003274,Dang Ky Ploen Tharnnam Resort,"Jul 22, 2026, 12:00:00 AM",1
4267489,Bansuan Resort Nakhonsawan,"Jul 20, 2026, 12:00:00 AM",1
5101980,P&B Hotel Nakhon Phanom,"Jul 18, 2026, 12:00:00 AM",1
2011510,Amman Unique Hotel Udonthani,"Jul 15, 2026, 12:00:00 AM",1
4920988,Ratchapruek DC Resort Angthong,"Jul 16, 2026, 12:00:00 AM",1
4889,Ariya Inn Hotel,"Aug 19, 2026, 12:00:00 AM",1
4932370,99/9 Box Resort,"Jul 8, 2026, 12:00:00 AM",1
4543135,Bara Bara Budget Satun,"Sep 25, 2026, 12:00:00 AM",1
5101597,The Horizon Groove Hotel,"Jul 17, 2026, 12:00:00 AM",1
21135,Mida Hotel Ngamwongwan Nonthaburi,"Jul 24, 2026, 12:00:00 AM",1
4914009,Hotel Scarlett,"Jul 8, 2026, 12:00:00 AM",1
2010048,At Pingnakorn Riverside Hotel,"Jul 16, 2026, 12:00:00 AM",1
2010201,Anchalee Resort Bang Saphan,"Jul 27, 2026, 12:00:00 AM",1
4883815,Tharin Hotel Ra Node,"Jul 5, 2026, 12:00:00 AM",1
183154,Easy Hotel 2 Lamphun,"Jul 28, 2026, 12:00:00 AM",1
43829,Easy Hotel 1 Lamphun,"Jul 1, 2026, 12:00:00 AM",1
4873067,VALA Hua Hin - Nu Chapter Hotels,"Jul 26, 2026, 12:00:00 AM",1
5101551,One Budget Hotel Lampang Phahonyothin,"Jul 3, 2026, 12:00:00 AM",1
2004373,Thongphaphum Place,"Jul 19, 2026, 12:00:00 AM",1
139619,The Loft @ Chiangrai,"Jul 1, 2026, 12:00:00 AM",1
5101424,Ancharin Resort,"Jul 3, 2026, 12:00:00 AM",1
183075,ATM Service Apartment Yala,"Aug 31, 2026, 12:00:00 AM",1
4948548,Rest 24 Serviced Residence,"Jul 4, 2026, 12:00:00 AM",1
5101181,Greenview Resort Kohyor,"Jul 23, 2026, 12:00:00 AM",1
1370,AVANI Khon Kaen Hotel & Convention Centre,"Aug 21, 2026, 12:00:00 AM",1
4857758,The Cape Boutique Hotel,"Aug 8, 2026, 12:00:00 AM",1
5101041,GOOD Nakhonsawan,"Jul 17, 2026, 12:00:00 AM",1
183078,The 28th Hotel,"Aug 21, 2026, 12:00:00 AM",1
4948369,Nara Pattra Hotel,"Jul 5, 2026, 12:00:00 AM",1
183053,Kosit One Hotel Bueang Sam Phan,"Jul 26, 2026, 12:00:00 AM",1
2000181,Tamsabai Hotel,"Jul 27, 2026, 12:00:00 AM",1
4536681,J2 Residence Chiang Rai,"Sep 16, 2026, 12:00:00 AM",1
5102449,Wish Resident Ubonratchathani,"Jul 2, 2026, 12:00:00 AM",1
4883835,Blu Monkey Hub & Hotel Ranong,"Jul 5, 2026, 12:00:00 AM",1
63750,Yellow Moon Pattaya,"Jul 24, 2026, 12:00:00 AM",1
4640,Aramis Hotel Nakhon Sawan,"Jul 5, 2026, 12:00:00 AM",1
5102064,Louis Residence Hotel,"Oct 9, 2026, 12:00:00 AM",1
43851,Prime Time Hotel Bang Saen,"Jul 30, 2026, 12:00:00 AM",1
4921314,Morocc Hotel Chachoengsao,"Jul 23, 2026, 12:00:00 AM",1
232,FX Hotel Metrolink Makkasan,"Aug 15, 2026, 12:00:00 AM",1
4921172,Fah Prathan Boutique Resort,"Jul 11, 2026, 12:00:00 AM",1
4920997,Papa Q Suite Resort,"Jul 10, 2026, 12:00:00 AM",1
4611,PLAAI Prime Hotel Rayong,"Jul 11, 2026, 12:00:00 AM",1
183207,PakChong Phubade Hotel,"Oct 24, 2026, 12:00:00 AM",1
183069,Holiday Inn Express Bangkok Soi Soonvijai,"Aug 22, 2026, 12:00:00 AM",1
461,Furamaxclusive Asoke Bangkok,"Jul 25, 2026, 12:00:00 AM",1
2011510,Amman Unique Hotel Udonthani,"Jul 23, 2026, 12:00:00 AM",1
2006319,Rain Tree Khao Yai Hotel,"Aug 15, 2026, 12:00:00 AM",1
152419,Sixty-Six Place,"Jul 19, 2026, 12:00:00 AM",1
4879476,CS Klongtoey Grand Resort,"Jul 3, 2026, 12:00:00 AM",1
46,Chiva Bangkok Hotel,"Jul 17, 2026, 12:00:00 AM",1
63634,The Farm House Hotel,"Jul 21, 2026, 12:00:00 AM",1
5102064,Louis Residence Hotel,"Aug 1, 2026, 12:00:00 AM",1
4914009,Hotel Scarlett,"Jul 15, 2026, 12:00:00 AM",1
4727105,Memo Bangsaen,"Aug 1, 2026, 12:00:00 AM",1
182820,S.22 Hotel Suratthani,"Jul 12, 2026, 12:00:00 AM",1
65009,White Inn Nongkhai,"Jul 26, 2026, 12:00:00 AM",1
21312,The Impress Nan Hotel,"Jul 27, 2026, 12:00:00 AM",1
63574,The Nest Hotel Phichit,"Jul 10, 2026, 12:00:00 AM",1
5101714,G9 Hotel Kanchanaburi,"Jul 19, 2026, 12:00:00 AM",1
2007725,Rider bedroom hostel and cafe,"Jul 23, 2026, 12:00:00 AM",1
2011666,The Cheewin Hotel & Convention,"Jul 4, 2026, 12:00:00 AM",1
182999,The U-Time Hotel,"Aug 6, 2026, 12:00:00 AM",1
4996599,Lalynn Resort,"Jul 18, 2026, 12:00:00 AM",1
4920710,Haksabai Hotel Chiangrai,"Jul 24, 2026, 12:00:00 AM",1
183008,Southgate Residence Hotel Chumphon,"Jul 23, 2026, 12:00:00 AM",1
2000090,S Ram Leisure Hotel,"Jul 3, 2026, 12:00:00 AM",1
43603,V-Verve Service Apartment,"Jul 27, 2026, 12:00:00 AM",1
4884787,Ananzitra Hotel,"Aug 8, 2026, 12:00:00 AM",1
182808,Ibiz Boutique Hotel,"Jul 13, 2026, 12:00:00 AM",1
23839,Phanomrungpuri Hotel Nangrong,"Jul 2, 2026, 12:00:00 AM",1
63634,The Farm House Hotel,"Jul 12, 2026, 12:00:00 AM",1
2007026,The Vista Hotel By Satit Group,"Jul 31, 2026, 12:00:00 AM",1
181563,L Nimman Boutique Hotel,"Aug 22, 2026, 12:00:00 AM",1
137899,We Terminal Hotel,"Jul 10, 2026, 12:00:00 AM",1
4921227,The Pillows Boutique Hotel,"Aug 20, 2026, 12:00:00 AM",1
183020,Euro Boutique Hotel Chumphon,"Jul 12, 2026, 12:00:00 AM",1
2000044,Maihom Resort Hotel Daowadung,"Jul 16, 2026, 12:00:00 AM",1
2000090,S Ram Leisure Hotel,"Jul 7, 2026, 12:00:00 AM",1
2000293,The Target Hotel Chiangrai,"Aug 29, 2026, 12:00:00 AM",1
43917,Win D Hotel,"Jul 11, 2026, 12:00:00 AM",1
2000386,Sasidara Resort,"Oct 31, 2026, 12:00:00 AM",1
2000356,Sakura Boutique Hotel Pluakdaeng,"Aug 4, 2026, 12:00:00 AM",1
183113,Zen Garden Resort,"Jul 5, 2026, 12:00:00 AM",1
4915562,VK & Residence Kanchanaburi,"Jul 3, 2026, 12:00:00 AM",1
2007119,Chateau de bear Nakhonsawan,"Jul 28, 2026, 12:00:00 AM",1
4853363,De Vine House,"Jul 17, 2026, 12:00:00 AM",1
5101840,Unya Hotel Ubon,"Jul 4, 2026, 12:00:00 AM",1
5102053,The Bed's Rojana,"Jul 8, 2026, 12:00:00 AM",1
1767,Ruean Phae Royal Park Hotel,"Jul 16, 2026, 12:00:00 AM",1
4942047,The 29 Place,"Jul 21, 2026, 12:00:00 AM",1
43603,V-Verve Service Apartment,"Jul 29, 2026, 12:00:00 AM",1
21418,Metro point Bangkok,"Sep 5, 2026, 12:00:00 AM",1
43842,Rattana View Phitsanulok,"Jul 18, 2026, 12:00:00 AM",1
2002290,Baansuanramita Resort,"Jul 11, 2026, 12:00:00 AM",1
5021812,MAA KORAT HOTEL,"Jul 28, 2026, 12:00:00 AM",1
4920401,Hill Hug Home Resort,"Jul 20, 2026, 12:00:00 AM",1
2007026,The Vista Hotel By Satit Group,"Aug 2, 2026, 12:00:00 AM",1
65430,Som O House Hotel,"Jul 11, 2026, 12:00:00 AM",1
2135,Chaisaeng Palace Hotel,"Aug 3, 2026, 12:00:00 AM",1
4876761,Tree Tara Hotel,"Jul 21, 2026, 12:00:00 AM",1
43657,Saraburi Garden Resort,"Jul 11, 2026, 12:00:00 AM",1
21854,P.P. Blue Sky Resort,"Jul 23, 2026, 12:00:00 AM",1
5101913,StayHostel,"Aug 1, 2026, 12:00:00 AM",1
21389,42C The Chic Hotel,"Oct 9, 2026, 12:00:00 AM",1
5101074,Atta Hotel Surin,"Jul 13, 2026, 12:00:00 AM",1
4883863,R2 Hotel Nakhon Phanom,"Jul 2, 2026, 12:00:00 AM",1
2007470,The Smart Hotel Hatyai,"Nov 6, 2026, 12:00:00 AM",1
4921226,All Times Hotel,"Jul 6, 2026, 12:00:00 AM",1
183122,Pawa Place Ban Phai By Inpawa,"Jul 7, 2026, 12:00:00 AM",1
22714,BP Samila Beach Hotel And Resort,"Jul 4, 2026, 12:00:00 AM",1
63824,Happy Room Airport Chiangrai,"Aug 23, 2026, 12:00:00 AM",1
4977974,Holiday Inn Express Rayong Map Ta Phut,"Jul 25, 2026, 12:00:00 AM",1
4918071,No.89 Boutique Hotel,"Jul 5, 2026, 12:00:00 AM",1
43865,Boonme Heritage Hotel,"Jul 5, 2026, 12:00:00 AM",1
137967,The Original Orange Hotel,"Jul 16, 2026, 12:00:00 AM",1
4935433,The Wish Hotel,"Jul 17, 2026, 12:00:00 AM",1
2010722,NongHan Grand hotel and resort,"Jul 6, 2026, 12:00:00 AM",1
4632547,VST Residence Thepharak,"Jul 16, 2026, 12:00:00 AM",1
4578,A-Te Chumphon Hotel,"Jul 11, 2026, 12:00:00 AM",1
5101041,GOOD Nakhonsawan,"Aug 1, 2026, 12:00:00 AM",1
5042341,N.J. Hotel That Phanom,"Jul 29, 2026, 12:00:00 AM",1
4921151,Asawin Grand Convention Hotel,"Sep 4, 2026, 12:00:00 AM",1
5102452,Marquis Hotel,"Jul 22, 2026, 12:00:00 AM",1
63676,Loft Mania Boutique Hotel,"Nov 12, 2026, 12:00:00 AM",1
23104,Magic House Hostel,"Jul 21, 2026, 12:00:00 AM",1
183058,Morakot Hotel Chumphon,"Jul 8, 2026, 12:00:00 AM",1
65437,ABM Service Residence,"Jul 21, 2026, 12:00:00 AM",1
4932309,Trattara Boutique Hotel,"Jul 17, 2026, 12:00:00 AM",1
183410,Royal Land Maeklong Hotel,"Jul 11, 2026, 12:00:00 AM",1
43948,VILLA'S DAY Phitsanulok,"Jul 5, 2026, 12:00:00 AM",1
4920835,JU Apartment,"Jul 4, 2026, 12:00:00 AM",1
4267489,Bansuan Resort Nakhonsawan,"Jul 17, 2026, 12:00:00 AM",1
2005327,Ban Suan Pharwalai,"Jul 15, 2026, 12:00:00 AM",1
4921096,Suntree Residence Sakon Nakhon,"Jul 17, 2026, 12:00:00 AM",1
4933126,THE NINE PLACE Chaeng Sanit,"Jul 5, 2026, 12:00:00 AM",1
183559,The Sky Loft Rangsit,"Aug 14, 2026, 12:00:00 AM",1
5101798,The Monkey Hotel and Residence,"Jul 4, 2026, 12:00:00 AM",1
2009196,Katom Satu,"Jul 26, 2026, 12:00:00 AM",1
43640,Naiya place Kanchanaburi,"Jul 17, 2026, 12:00:00 AM",1
2012150,The C hotel Amnatcharoen,"Jul 16, 2026, 12:00:00 AM",1
4921227,The Pillows Boutique Hotel,"Aug 3, 2026, 12:00:00 AM",1
2000153,The Harbour Front Hotel,"Jul 2, 2026, 12:00:00 AM",1
4921453,Goodday Hotel Khon Kaen,"Jul 11, 2026, 12:00:00 AM",1
183459,Puranakhon Hotel,"Aug 28, 2026, 12:00:00 AM",1
4733,Sri U-Thong Grande Hotel,"Jul 31, 2026, 12:00:00 AM",1
183055,Chantra Hotel Sakaeo,"Jul 20, 2026, 12:00:00 AM",1
4931183,Khirisin Resort Chiang Rai,"Jul 18, 2026, 12:00:00 AM",1
177840,Must Come Boutique Hotel,"Jul 12, 2026, 12:00:00 AM",1
65010,Pornsiri Residence,"Jul 17, 2026, 12:00:00 AM",1
2002144,Huaymuang Apartment,"Jul 10, 2026, 12:00:00 AM",1
4651618,3Season Hotel Chiangmai,"Jul 8, 2026, 12:00:00 AM",1
1844,Sunee Grand Hotel,"Dec 9, 2026, 12:00:00 AM",1
2000181,Tamsabai Hotel,"Jul 24, 2026, 12:00:00 AM",1
2011510,Amman Unique Hotel Udonthani,"Jul 13, 2026, 12:00:00 AM",1
4896886,Baan Thamthong Lamnarai Resort,"Jul 29, 2026, 12:00:00 AM",1
4857640,Fortune Saengchan Beach Rayong,"Jul 16, 2026, 12:00:00 AM",1
21389,42C The Chic Hotel,"Jul 12, 2026, 12:00:00 AM",1
5031959,Aramis Hotel Kamphaengphet,"Jul 20, 2026, 12:00:00 AM",1
5101365,Baanphiriyaphan Resort,"Jul 17, 2026, 12:00:00 AM",1
5101840,Unya Hotel Ubon,"Jul 20, 2026, 12:00:00 AM",1
5102570,Sugar Marina Resort -LAGOON VILLAS- Naiyang Beach,"Jul 10, 2026, 12:00:00 AM",1
65427,Diamond Plaza Hotel Suratthani,"Jul 19, 2026, 12:00:00 AM",1
5101678,Ta Phai Country House Resort & Restaurants,"Jul 29, 2026, 12:00:00 AM",1
182890,The Lephant Hotel,"Jul 6, 2026, 12:00:00 AM",1
4543135,Bara Bara Budget Satun,"Jul 28, 2026, 12:00:00 AM",1
5101774,Isbjorn Chiangdao,"Aug 27, 2026, 12:00:00 AM",1
4921336,Ascott Embassy Sathorn Bangkok,"Jul 17, 2026, 12:00:00 AM",1
2006014,Jasaen Hotel,"Jul 4, 2026, 12:00:00 AM",1
5102473,Milton Hotel,"Jul 23, 2026, 12:00:00 AM",1
2005402,V-Ocean Palace,"Jul 24, 2026, 12:00:00 AM",1
4312224,PM Residence,"Jul 26, 2026, 12:00:00 AM",1
2001943,Phitsanulok Orchid Hotel,"Jul 20, 2026, 12:00:00 AM",1
5102073,Chill Hotel Khaoyai,"Jul 30, 2026, 12:00:00 AM",1
2012395,Khok Samet Chun Hostel & Caffe,"Jul 4, 2026, 12:00:00 AM",1
63732,Tharakiree Place Hotel,"Jul 25, 2026, 12:00:00 AM",1
43862,Royal Diamond Hotel,"Jul 27, 2026, 12:00:00 AM",1
43856,Grand Pruksasiri Saraburi,"Jul 4, 2026, 12:00:00 AM",1
21697,Dhevaraj Hotel,"Jul 22, 2026, 12:00:00 AM",1
4711584,Tokyo Hotel Korat,"Jul 23, 2026, 12:00:00 AM",1
4865,City Hotel Krabi,"Dec 27, 2026, 12:00:00 AM",1
21697,Dhevaraj Hotel,"Jul 18, 2026, 12:00:00 AM",1
4603163,The Bed Hotel 101,"Jul 25, 2026, 12:00:00 AM",1
4883863,R2 Hotel Nakhon Phanom,"Jul 20, 2026, 12:00:00 AM",1
4884643,Fun Hotel Rayong,"Jul 17, 2026, 12:00:00 AM",1
183459,Puranakhon Hotel,"Jul 26, 2026, 12:00:00 AM",1
4920985,Calinton Hotel,"Jul 11, 2026, 12:00:00 AM",1
5101640,Bear & Bird Hotel,"Jul 26, 2026, 12:00:00 AM",1
5102011,BB Hotel,"Jul 25, 2026, 12:00:00 AM",1
4598762,B-tel Chom Thong Resort Chiang Mai,"Jul 15, 2026, 12:00:00 AM",1
2006630,Buritel Hotel,"Sep 26, 2026, 12:00:00 AM",1
2000105,Aspira One Sutthisan Hotel,"Sep 17, 2026, 12:00:00 AM",1
4884544,Rangsit Residence,"Jul 2, 2026, 12:00:00 AM",1
63406,G2 Hotel Group,"Jul 11, 2026, 12:00:00 AM",1
2012150,The C hotel Amnatcharoen,"Jul 10, 2026, 12:00:00 AM",1
4921023,Ceniq Hotel Lampang,"Jul 27, 2026, 12:00:00 AM",1
746,ibis Huahin,"Jul 30, 2026, 12:00:00 AM",1
5102110,Naiyarat Apartment,"Jul 18, 2026, 12:00:00 AM",1
23574,Sabai Hotel Korat,"Jul 18, 2026, 12:00:00 AM",1
2002124,Central Place Hotel Rayong,"Jul 3, 2026, 12:00:00 AM",1
2009155,Bangsaphan Resort,"Jul 28, 2026, 12:00:00 AM",1
65672,Infinity Seesun Resort,"Jul 26, 2026, 12:00:00 AM",1
5101177,Indigo Hotel Hatyai,"Jul 19, 2026, 12:00:00 AM",1
174257,The Charm Boutique Resort,"Aug 7, 2026, 12:00:00 AM",1
4890153,JB Place Hotel Ban Phaeng,"Jul 26, 2026, 12:00:00 AM",1
183163,Donchan Grand Hotel,"Jul 29, 2026, 12:00:00 AM",1
2012150,The C hotel Amnatcharoen,"Jul 6, 2026, 12:00:00 AM",1
4884948,Rabbit Hotel Phimai,"Jul 18, 2026, 12:00:00 AM",1
2004219,Hisoplace Hotel,"Jul 23, 2026, 12:00:00 AM",1
181581,Namthong Nan Hotel,"Jul 29, 2026, 12:00:00 AM",1
3332,Ray Hotel Buriram,"Jul 22, 2026, 12:00:00 AM",1
4920618,Sinsiri Hostel,"Jul 19, 2026, 12:00:00 AM",1
5102068,S77 Good View,"Jul 26, 2026, 12:00:00 AM",1
21421,Siam Tara Palace Hotel,"Aug 15, 2026, 12:00:00 AM",1
181002,The Win Hotel Bang Saphan,"Jul 7, 2026, 12:00:00 AM",1
4859024,56 Surawong Hotel,"Jul 21, 2026, 12:00:00 AM",1
4804986,M Grand Hotel Roi Et,"Aug 15, 2026, 12:00:00 AM",1
4921038,314 Art Hotel Nakhonsawan,"Jul 20, 2026, 12:00:00 AM",1
4738,Mayflower Grande Hotel Nimman,"Jul 4, 2026, 12:00:00 AM",1
4920686,Mayuu Ayutthaya Hotel,"Aug 11, 2026, 12:00:00 AM",1
2006319,Rain Tree Khao Yai Hotel,"Aug 14, 2026, 12:00:00 AM",1
2012478,Porestva Hotel Sriracha,"Jul 3, 2026, 12:00:00 AM",1
63698,Hansanan Hotel Phitsanulok,"Jul 25, 2026, 12:00:00 AM",1
4921119,Bongkod Hotel,"Aug 22, 2026, 12:00:00 AM",1
5101714,G9 Hotel Kanchanaburi,"Jul 10, 2026, 12:00:00 AM",1
4598708,Nap Hotel Chiangrai,"Jul 12, 2026, 12:00:00 AM",1
4543116,Araya Hotel Uttaradit,"Jul 4, 2026, 12:00:00 AM",1
5102144,Kru Paew Resort,"Jul 18, 2026, 12:00:00 AM",1
182999,The U-Time Hotel,"Jul 28, 2026, 12:00:00 AM",1
63634,The Farm House Hotel,"Jul 31, 2026, 12:00:00 AM",1
2007496,Buriram Judy Park And Resort,"Jul 24, 2026, 12:00:00 AM",1
4884071,Grand Maihom Hotel,"Jul 29, 2026, 12:00:00 AM",1
137910,Promsook Apartment,"Jul 12, 2026, 12:00:00 AM",1
63671,SR Residence Hotel Phetchabun,"Jul 24, 2026, 12:00:00 AM",1
152374,Orchid Riverview Hotel,"Jul 2, 2026, 12:00:00 AM",1
2000160,Wynnhouse Khaoyai,"Jul 20, 2026, 12:00:00 AM",1
5101041,GOOD Nakhonsawan,"Jul 30, 2026, 12:00:00 AM",1
4885084,Pingpong Place,"Jul 23, 2026, 12:00:00 AM",1
5101640,Bear & Bird Hotel,"Jul 25, 2026, 12:00:00 AM",1
182820,S.22 Hotel Suratthani,"Sep 20, 2026, 12:00:00 AM",1
2012695,The 8 Hotel Udonthani,"Jul 18, 2026, 12:00:00 AM",1
65457,Centric Place Hotel,"Aug 16, 2026, 12:00:00 AM",1
63673,The Terrace Hotel Nakhon Si Thammarat,"Jul 25, 2026, 12:00:00 AM",1
43842,Rattana View Phitsanulok,"Jul 2, 2026, 12:00:00 AM",1
4772382,Mitaree Hotel 1,"Jul 29, 2026, 12:00:00 AM",1
63676,Loft Mania Boutique Hotel,"Aug 28, 2026, 12:00:00 AM",1
65536,Coco Beach Resort Bangsean,"Aug 17, 2026, 12:00:00 AM",1
4920686,Mayuu Ayutthaya Hotel,"Jul 8, 2026, 12:00:00 AM",1
4918063,Thongchen Residence,"Jul 11, 2026, 12:00:00 AM",1
21421,Siam Tara Palace Hotel,"Jul 15, 2026, 12:00:00 AM",1
181632,The Museum Hotel Nakhon Pathom,"Jul 7, 2026, 12:00:00 AM",1
232,FX Hotel Metrolink Makkasan,"Dec 20, 2026, 12:00:00 AM",1
23937,Brique Hotel Chiangmai,"Jul 29, 2026, 12:00:00 AM",1
43855,Thara Cholapruek Resort,"Aug 29, 2026, 12:00:00 AM",1
5101095,Maison Hotel Bangkok,"Jul 6, 2026, 12:00:00 AM",1
174257,The Charm Boutique Resort,"Aug 28, 2026, 12:00:00 AM",1
177848,Good Morning Hotel at Takuapa,"Jul 5, 2026, 12:00:00 AM",1
5102110,Naiyarat Apartment,"Jul 6, 2026, 12:00:00 AM",1
4918123,Lan Koon View Doi House Phrao,"Jul 5, 2026, 12:00:00 AM",1
63749,Leelawadee Resort Saraburi,"Aug 1, 2026, 12:00:00 AM",1
2007119,Chateau de bear Nakhonsawan,"Nov 17, 2026, 12:00:00 AM",1
23104,Magic House Hostel,"Jul 19, 2026, 12:00:00 AM",1
4920600,Na Na Resort Nam Phong,"Jul 9, 2026, 12:00:00 AM",1
5102014,De Paris Hotel,"Jul 23, 2026, 12:00:00 AM",1
4890153,JB Place Hotel Ban Phaeng,"Aug 13, 2026, 12:00:00 AM",1
43850,Ratchaphruek Pavilion,"Jul 13, 2026, 12:00:00 AM",1
723,Mida De Sea Hua Hin,"Jul 28, 2026, 12:00:00 AM",1
5101177,Indigo Hotel Hatyai,"Sep 5, 2026, 12:00:00 AM",1
63739,Tonwa Resort,"Aug 15, 2026, 12:00:00 AM",1
4937187,Pillow Inn Phayao,"Jul 11, 2026, 12:00:00 AM",1
4936650,Blu Monkey Hub and Hotel Krabi Town,"Dec 30, 2026, 12:00:00 AM",1
2000071,The Grace Amphawa Resort,"Jul 18, 2026, 12:00:00 AM",1
5102038,DAY & NIGHT HOTEL,"Jul 16, 2026, 12:00:00 AM",1
2008893,The Pride Salaya,"Sep 5, 2026, 12:00:00 AM",1
4543127,Hotel Fuse Rayong,"Jul 3, 2026, 12:00:00 AM",1
63671,SR Residence Hotel Phetchabun,"Jul 14, 2026, 12:00:00 AM",1
183154,Easy Hotel 2 Lamphun,"Jul 16, 2026, 12:00:00 AM",1
4921218,Valia Hotel Bangkok,"Jul 2, 2026, 12:00:00 AM",1
137998,Baan Kiang Wang Place,"Jul 18, 2026, 12:00:00 AM",1
183154,Easy Hotel 2 Lamphun,"Jul 24, 2026, 12:00:00 AM",1
4915580,Top inn Hotel Mahasarakham,"Oct 25, 2026, 12:00:00 AM",1
4921038,314 Art Hotel Nakhonsawan,"Jul 2, 2026, 12:00:00 AM",1
183163,Donchan Grand Hotel,"Jul 19, 2026, 12:00:00 AM",1
4920890,The Finn Hotel,"Jul 17, 2026, 12:00:00 AM",1
23104,Magic House Hostel,"Jul 17, 2026, 12:00:00 AM",1
43843,At Ayutthaya Hotel,"Jul 7, 2026, 12:00:00 AM",1
2009155,Bangsaphan Resort,"Jul 11, 2026, 12:00:00 AM",1
4733,Sri U-Thong Grande Hotel,"Jul 23, 2026, 12:00:00 AM",1
4920686,Mayuu Ayutthaya Hotel,"Jul 17, 2026, 12:00:00 AM",1
4884190,Dee Hotel Phayao,"Jul 16, 2026, 12:00:00 AM",1
2091,Crystal Hotel Hat Yai,"Aug 22, 2026, 12:00:00 AM",1
63463,River Hotel Nakhon Pathom,"Jul 26, 2026, 12:00:00 AM",1
65430,Som O House Hotel,"Jul 3, 2026, 12:00:00 AM",1
503,The Victory Executive Residences,"Aug 9, 2026, 12:00:00 AM",1
2010883,Neca Reiche Hotel,"Jul 31, 2026, 12:00:00 AM",1
2011031,Latisha Resort,"Jul 18, 2026, 12:00:00 AM",1
4578,A-Te Chumphon Hotel,"Jul 3, 2026, 12:00:00 AM",1
181632,The Museum Hotel Nakhon Pathom,"Jul 11, 2026, 12:00:00 AM",1
2005490,Kavinburi Green Hotel,"Jul 18, 2026, 12:00:00 AM",1
4921230,A Hotel Cozy,"Jul 18, 2026, 12:00:00 AM",1
137926,Feel@Home Place,"Jul 5, 2026, 12:00:00 AM",1
63792,Win Hotel Phayao,"Jul 4, 2026, 12:00:00 AM",1
63685,14 Residence,"Jul 24, 2026, 12:00:00 AM",1
5101972,GO Hotel Bangkok Suvarnabhumi Airport,"Jul 29, 2026, 12:00:00 AM",1
21421,Siam Tara Palace Hotel,"Oct 3, 2026, 12:00:00 AM",1
5101432,Mintra Apartel,"Aug 2, 2026, 12:00:00 AM",1
4651618,3Season Hotel Chiangmai,"Aug 1, 2026, 12:00:00 AM",1
2005600,Baan Parinda (Pompom Home),"Jul 22, 2026, 12:00:00 AM",1
4543129,Nunglen Gunmai Resort,"Aug 29, 2026, 12:00:00 AM",1
4896913,ABIZZ Hotel Kwan Phayao,"Jul 31, 2026, 12:00:00 AM",1
22349,Welcome World Beachfront Resort & Spa,"Aug 22, 2026, 12:00:00 AM",1
63676,Loft Mania Boutique Hotel,"Aug 29, 2026, 12:00:00 AM",1
317,Avana Hotel and Convention Center,"Jul 4, 2026, 12:00:00 AM",1
2005897,Green Apple Villa,"Jul 28, 2026, 12:00:00 AM",1
4883872,The Chess hotel,"Jul 19, 2026, 12:00:00 AM",1
65427,Diamond Plaza Hotel Suratthani,"Jul 10, 2026, 12:00:00 AM",1
23278,Dream D Residence Phetchaburi,"Jul 25, 2026, 12:00:00 AM",1
1767,Ruean Phae Royal Park Hotel,"Jul 25, 2026, 12:00:00 AM",1
182835,Nadee 10 Resort & Hotel,"Jul 10, 2026, 12:00:00 AM",1
63315,Siva Royal Hotel,"Jul 13, 2026, 12:00:00 AM",1
4922552,YSW Hotel,"Jul 16, 2026, 12:00:00 AM",1
182944,Socool Grand Hotel Nang Rong Buriram,"Jul 11, 2026, 12:00:00 AM",1
4934042,"SUBANAN Hotel and Residence, Hatyai","Jul 18, 2026, 12:00:00 AM",1
4883835,Blu Monkey Hub & Hotel Ranong,"Aug 22, 2026, 12:00:00 AM",1
182835,Nadee 10 Resort & Hotel,"Jul 1, 2026, 12:00:00 AM",1
4857776,Piangpuk Ban Pong,"Jul 10, 2026, 12:00:00 AM",1
65655,Tai Shan Suites,"Aug 1, 2026, 12:00:00 AM",1
5031959,Aramis Hotel Kamphaengphet,"Jul 22, 2026, 12:00:00 AM",1
21378,Hug Nimman Hotel Chiang Mai,"Sep 5, 2026, 12:00:00 AM",1
4921453,Goodday Hotel Khon Kaen,"Jul 21, 2026, 12:00:00 AM",1
4884784,VELA Dhi Udon Thani,"Jul 11, 2026, 12:00:00 AM",1
63697,JK Living Hotel and Service Apartment,"Aug 4, 2026, 12:00:00 AM",1
65661,Mantra Varee Hotel,"Aug 15, 2026, 12:00:00 AM",1
4857640,Fortune Saengchan Beach Rayong,"Jul 31, 2026, 12:00:00 AM",1
181514,Thung Song Resort,"Jul 11, 2026, 12:00:00 AM",1
5102466,Fuji sang Hotel Nakhon Si Thammarat,"Jul 4, 2026, 12:00:00 AM",1
43897,Roma Hotel Khonkaen,"Jul 8, 2026, 12:00:00 AM",1
1370,AVANI Khon Kaen Hotel & Convention Centre,"Aug 22, 2026, 12:00:00 AM",1
4920728,HOTEL MUQ,"Aug 15, 2026, 12:00:00 AM",1
4948550,JIA HAUS Hotel Apartment,"Jul 21, 2026, 12:00:00 AM",1
4920363,Hotel MOCO Udon Thani,"Jul 14, 2026, 12:00:00 AM",1
182835,Nadee 10 Resort & Hotel,"Jul 28, 2026, 12:00:00 AM",1
4921042,GO Hotel Bowin at Robinson Lifestyle,"Jul 18, 2026, 12:00:00 AM",1
5102061,Arawana Express North Pattaya,"Jul 18, 2026, 12:00:00 AM",1
177830,The Zeit Riverkwai,"Jul 14, 2026, 12:00:00 AM",1
5101713,Pransiri Hotel,"Jul 11, 2026, 12:00:00 AM",1
4543066,Smile Park Hotel,"Jul 4, 2026, 12:00:00 AM",1
43843,At Ayutthaya Hotel,"Jul 1, 2026, 12:00:00 AM",1
1773,Topland Hotel Phitsanulok,"Jul 28, 2026, 12:00:00 AM",1
225,Lebua at State Tower,"Jul 9, 2026, 12:00:00 AM",1
4921043,The Hub Hotel & Fitness Surin,"Jul 16, 2026, 12:00:00 AM",1
181579,The Perfect Room Resort Satun,"Oct 9, 2026, 12:00:00 AM",1
4857758,The Cape Boutique Hotel,"Jul 26, 2026, 12:00:00 AM",1
5102159,Venus Resort,"Aug 21, 2026, 12:00:00 AM",1
2000242,Khonkaen Residence,"Jul 11, 2026, 12:00:00 AM",1
183014,D11 Hotel Phitsanulok,"Jul 20, 2026, 12:00:00 AM",1
5101189,Wanpen Apartment,"Jul 24, 2026, 12:00:00 AM",1
4932685,Cottage Pine Rayong Resort & Cafe,"Jul 30, 2026, 12:00:00 AM",1
5102646,Crystal Hotel Yasothon,"Jul 18, 2026, 12:00:00 AM",1
4854509,Heaven Hotel Chachoengsao,"Aug 13, 2026, 12:00:00 AM",1
183708,Wisdom Hotel Samutsongkham,"Jul 24, 2026, 12:00:00 AM",1
152876,Paskon Boutique Resort,"Jul 6, 2026, 12:00:00 AM",1
1767,Ruean Phae Royal Park Hotel,"Jul 9, 2026, 12:00:00 AM",1
2010153,The Kannas Hotel & Serviced Apartment Chiangmai,"Jul 24, 2026, 12:00:00 AM",1
4884615,Top Residence Surat Thani,"Jul 24, 2026, 12:00:00 AM",1
522,Club Mahindra Mac Boutique Hotel,"Jul 13, 2026, 12:00:00 AM",1
4694703,Baan Nantiya,"Jul 19, 2026, 12:00:00 AM",1
4738,Mayflower Grande Hotel Nimman,"Aug 29, 2026, 12:00:00 AM",1
21430,Avana Laemchabang Boutique Hotel,"Jul 4, 2026, 12:00:00 AM",1
4883835,Blu Monkey Hub & Hotel Ranong,"Jul 11, 2026, 12:00:00 AM",1
2012750,HOMM Boutique Hotel,"Jul 18, 2026, 12:00:00 AM",1
64954,KM Kwan Phayao Hotel,"Jul 9, 2026, 12:00:00 AM",1
65672,Infinity Seesun Resort,"Jul 28, 2026, 12:00:00 AM",1
4920622,Laguna Grand Hotel & Spa Songkhla,"Oct 9, 2026, 12:00:00 AM",1
1370,AVANI Khon Kaen Hotel & Convention Centre,"Jul 13, 2026, 12:00:00 AM",1
4948369,Nara Pattra Hotel,"Aug 30, 2026, 12:00:00 AM",1
2012549,2U Hotel Hatyai,"Jul 1, 2026, 12:00:00 AM",1
4543017,K2 Green Hotel Suphan,"Jul 28, 2026, 12:00:00 AM",1
2006823,Sombat Resort,"Jul 1, 2026, 12:00:00 AM",1
4419364,NC Resort and Spa,"Jul 23, 2026, 12:00:00 AM",1
4977971,Ubonairport Mansion,"Jul 10, 2026, 12:00:00 AM",1
63314,At Muangploy Resort,"Jul 4, 2026, 12:00:00 AM",1
2007026,The Vista Hotel By Satit Group,"Jul 17, 2026, 12:00:00 AM",1
182814,Tho Mai Resort,"Jul 4, 2026, 12:00:00 AM",1
2056,Krungsri River Hotel,"Jul 31, 2026, 12:00:00 AM",1
4996599,Lalynn Resort,"Jul 31, 2026, 12:00:00 AM",1
4543142,Sleep Mai? Chiang Mai Airport Lifestyle Hotel,"Oct 9, 2026, 12:00:00 AM",1
4884349,Livist Resort Phetchabun,"Jul 12, 2026, 12:00:00 AM",1
2007725,Rider bedroom hostel and cafe,"Jul 11, 2026, 12:00:00 AM",1
183341,Rua Rasada Express,"Aug 8, 2026, 12:00:00 AM",1
5102415,Fairy Resort,"Jul 4, 2026, 12:00:00 AM",1
5091475,One Budget Hotel Tak Maesot,"Jul 17, 2026, 12:00:00 AM",1
43913,U Place Korat,"Aug 2, 2026, 12:00:00 AM",1
4934365,Anandpura Riverside Hotel,"Jul 18, 2026, 12:00:00 AM",1
183073,The Rooms Residence Pattani,"Jul 5, 2026, 12:00:00 AM",1
43886,Prachuap Beach Hotel,"Aug 14, 2026, 12:00:00 AM",1
4543129,Nunglen Gunmai Resort,"Jul 25, 2026, 12:00:00 AM",1
5101667,RP Mansion Ratchaburi,"Jul 5, 2026, 12:00:00 AM",1
43648,Triple B Boutique Residence,"Jul 15, 2026, 12:00:00 AM",1
4920844,Nalay Noi Boutique Resort,"Jul 11, 2026, 12:00:00 AM",1
4726,Trat City Hotel,"Jul 9, 2026, 12:00:00 AM",1
269,Holiday Inn Bangkok Silom by IHG,"Jul 21, 2026, 12:00:00 AM",1
21999,PhoomThai Garden Hotel,"Jul 20, 2026, 12:00:00 AM",1
4915675,The Gold Living Life,"Jul 6, 2026, 12:00:00 AM",1
63634,The Farm House Hotel,"Aug 6, 2026, 12:00:00 AM",1
137991,Praso At Ratchada 12,"Jul 3, 2026, 12:00:00 AM",1
4920613,The Vita Plus Hotel Hatyai,"Jul 17, 2026, 12:00:00 AM",1
2000240,Kiangchan Resort Swi,"Jul 28, 2026, 12:00:00 AM",1
137921,The Triple V Hotel,"Jul 21, 2026, 12:00:00 AM",1
182944,Socool Grand Hotel Nang Rong Buriram,"Jul 22, 2026, 12:00:00 AM",1
4854509,Heaven Hotel Chachoengsao,"Aug 2, 2026, 12:00:00 AM",1
23937,Brique Hotel Chiangmai,"Jul 2, 2026, 12:00:00 AM",1
1559,Mood Hotel Pattaya,"Jul 4, 2026, 12:00:00 AM",1
4921349,Arthitaya Green Nature Hotel & Lakkhana Poolside Resort,"Jul 24, 2026, 12:00:00 AM",1
183069,Holiday Inn Express Bangkok Soi Soonvijai,"Jul 24, 2026, 12:00:00 AM",1
63315,Siva Royal Hotel,"Jul 18, 2026, 12:00:00 AM",1
21389,42C The Chic Hotel,"Jul 27, 2026, 12:00:00 AM",1
4883670,Plaitawan Apartment,"Jul 11, 2026, 12:00:00 AM",1
2004575,Ben Residence,"Jul 15, 2026, 12:00:00 AM",1
22189,The Heritage Pattaya Beachfront Resort,"Jul 28, 2026, 12:00:00 AM",1
2009155,Bangsaphan Resort,"Jul 5, 2026, 12:00:00 AM",1
4922553,One Budget Hotel Chiang Saen,"Jul 28, 2026, 12:00:00 AM",1
4876761,Tree Tara Hotel,"Jul 11, 2026, 12:00:00 AM",1
2000181,Tamsabai Hotel,"Jul 23, 2026, 12:00:00 AM",1
1370,AVANI Khon Kaen Hotel & Convention Centre,"Jul 9, 2026, 12:00:00 AM",1
43948,VILLA'S DAY Phitsanulok,"Jul 17, 2026, 12:00:00 AM",1
4543074,Nibong Apartment,"Jul 11, 2026, 12:00:00 AM",1
4732,At Sakon Hotel,"Jul 23, 2026, 12:00:00 AM",1
4883849,My Gardens Hotel,"Jul 7, 2026, 12:00:00 AM",1
43609,Bright Hotel,"Jul 16, 2026, 12:00:00 AM",1
2012549,2U Hotel Hatyai,"Jul 18, 2026, 12:00:00 AM",1
4920978,Sky & Star Loft,"Jul 4, 2026, 12:00:00 AM",1
4851257,Hotel Kuretakeso Thailand Sriracha,"Aug 8, 2026, 12:00:00 AM",1
4543084,Bander Hotel,"Jul 6, 2026, 12:00:00 AM",1
4606456,S.P. Garden Mansion,"Jul 8, 2026, 12:00:00 AM",1
4319962,Pimchanok Resort,"Jul 4, 2026, 12:00:00 AM",1
4883863,R2 Hotel Nakhon Phanom,"Jul 17, 2026, 12:00:00 AM",1
5101041,GOOD Nakhonsawan,"Nov 28, 2026, 12:00:00 AM",1
182835,Nadee 10 Resort & Hotel,"Jul 17, 2026, 12:00:00 AM",1
43862,Royal Diamond Hotel,"Jul 18, 2026, 12:00:00 AM",1
63612,Bun Hotel,"Jul 24, 2026, 12:00:00 AM",1
746,ibis Huahin,"Jul 27, 2026, 12:00:00 AM",1
4968476,Nasan Valley Resort,"Aug 1, 2026, 12:00:00 AM",1
183341,Rua Rasada Express,"Jul 25, 2026, 12:00:00 AM",1
43663,The Capital Hotel,"Jul 17, 2026, 12:00:00 AM",1
5101640,Bear & Bird Hotel,"Aug 22, 2026, 12:00:00 AM",1
137889,Dino Studio Kalasin Hotel,"Jul 16, 2026, 12:00:00 AM",1
25144,Khaoyai Lumtakong Hotel,"Jul 23, 2026, 12:00:00 AM",1
4921032,The Pride Hotel Phitsanulok,"Jul 25, 2026, 12:00:00 AM",1
4945,Napatra Hotel Chiangmai,"Jul 16, 2026, 12:00:00 AM",1
5101058,The Navy House Hotel,"Aug 14, 2026, 12:00:00 AM",1
2007026,The Vista Hotel By Satit Group,"Jul 14, 2026, 12:00:00 AM",1
182820,S.22 Hotel Suratthani,"Aug 24, 2026, 12:00:00 AM",1
4933170,C Hotel Bangna,"Jul 2, 2026, 12:00:00 AM",1
4921036,Nao Ta Chuang Resort Thungsong,"Jul 31, 2026, 12:00:00 AM",1
4920622,Laguna Grand Hotel & Spa Songkhla,"Jul 16, 2026, 12:00:00 AM",1
4921121,Sleep hotel Chachoengsao,"Jul 2, 2026, 12:00:00 AM",1
64985,Merdelong Hotel Phatthalung,"Jul 27, 2026, 12:00:00 AM",1
183638,The Resto Udonthani,"Jul 25, 2026, 12:00:00 AM",1
182866,Ban P'Tor Resort,"Aug 15, 2026, 12:00:00 AM",1
65568,Samprasob Resort,"Jul 31, 2026, 12:00:00 AM",1
2005618,Kanvela Resort,"Jul 23, 2026, 12:00:00 AM",1
63795,Maison de Cheer,"Aug 28, 2026, 12:00:00 AM",1
4896913,ABIZZ Hotel Kwan Phayao,"Jul 27, 2026, 12:00:00 AM",1
4857758,The Cape Boutique Hotel,"Jul 23, 2026, 12:00:00 AM",1
2004373,Thongphaphum Place,"Jul 14, 2026, 12:00:00 AM",1
43611,Grand Southern Hotel Thungsong,"Aug 5, 2026, 12:00:00 AM",1
4862770,Casa Coco Hotel,"Jul 17, 2026, 12:00:00 AM",1
43574,The River Hotel Nakhonphanom,"Jul 12, 2026, 12:00:00 AM",1
23753,The Grand Wipanan Residence,"Jul 2, 2026, 12:00:00 AM",1
63634,The Farm House Hotel,"Aug 13, 2026, 12:00:00 AM",1
21308,Suntara Wellness Resort and Hotel,"Jul 14, 2026, 12:00:00 AM",1
4640,Aramis Hotel Nakhon Sawan,"Jul 16, 2026, 12:00:00 AM",1
4915562,VK & Residence Kanchanaburi,"Jul 28, 2026, 12:00:00 AM",1
183594,Sabai at Chumphae,"Jul 7, 2026, 12:00:00 AM",1
5101983,V1 Boutique Hotel,"Jul 18, 2026, 12:00:00 AM",1
3332,Ray Hotel Buriram,"Jul 16, 2026, 12:00:00 AM",1
4578,A-Te Chumphon Hotel,"Jul 30, 2026, 12:00:00 AM",1
4920647,Petch Siam Resort,"Jul 11, 2026, 12:00:00 AM",1
43897,Roma Hotel Khonkaen,"Jul 11, 2026, 12:00:00 AM",1
2011259,S Bangkok Navamin,"Jul 8, 2026, 12:00:00 AM",1
2011526,Darley Hotel Chiangmai,"Jul 19, 2026, 12:00:00 AM",1
4581,Prajaktra City Hostel,"Aug 8, 2026, 12:00:00 AM",1
4921042,GO Hotel Bowin at Robinson Lifestyle,"Sep 24, 2026, 12:00:00 AM",1
232,FX Hotel Metrolink Makkasan,"Dec 12, 2026, 12:00:00 AM",1
4607,Chainat Grand Hotel,"Aug 1, 2026, 12:00:00 AM",1
4921121,Sleep hotel Chachoengsao,"Jul 5, 2026, 12:00:00 AM",1
5101787,HillSide Premium Hotel,"Jul 22, 2026, 12:00:00 AM",1
5101551,One Budget Hotel Lampang Phahonyothin,"Jul 12, 2026, 12:00:00 AM",1
177840,Must Come Boutique Hotel,"Jul 25, 2026, 12:00:00 AM",1
4918010,The Cozy Hostel Loei Wang Saphung,"Jul 16, 2026, 12:00:00 AM",1
182853,Basaya Laemchabang,"Jul 3, 2026, 12:00:00 AM",1
4896886,Baan Thamthong Lamnarai Resort,"Jul 26, 2026, 12:00:00 AM",1
21222,KP Place,"Jul 11, 2026, 12:00:00 AM",1
2007496,Buriram Judy Park And Resort,"Jul 10, 2026, 12:00:00 AM",1
5101068,D Hut Resort Chiangmai,"Jul 8, 2026, 12:00:00 AM",1
43661,Chada View Kalasin,"Jul 15, 2026, 12:00:00 AM",1
4945,Napatra Hotel Chiangmai,"Nov 13, 2026, 12:00:00 AM",1
4319602,Chill Chill Resort,"Jul 15, 2026, 12:00:00 AM",1
63771,T.P. Place Hotel,"Jul 18, 2026, 12:00:00 AM",1
23104,Magic House Hostel,"Jul 29, 2026, 12:00:00 AM",1
2004575,Ben Residence,"Jul 23, 2026, 12:00:00 AM",1
2006652,Banlanna Hotel Lampang,"Jul 23, 2026, 12:00:00 AM",1
5101760,Baan Suan Krusert,"Aug 8, 2026, 12:00:00 AM",1
43903,JRD Grand Place,"Jul 11, 2026, 12:00:00 AM",1
2000276,Baan Bangwua Resort,"Jul 7, 2026, 12:00:00 AM",1
1385,The Imperial Hotel and Convention Centre Korat,"Jul 17, 2026, 12:00:00 AM",1
21939,Arawana Regency Ratchada,"Jul 20, 2026, 12:00:00 AM",1
4920618,Sinsiri Hostel,"Jul 29, 2026, 12:00:00 AM",1
43909,Privacy Residence Lopburi,"Jul 8, 2026, 12:00:00 AM",1
4988854,PLAAI Plus Hotel Bowin,"Oct 4, 2026, 12:00:00 AM",1
4795619,Petchngam Home Resort,"Jul 25, 2026, 12:00:00 AM",1
63672,Madina Hotel Rayong,"Sep 1, 2026, 12:00:00 AM",1
183654,Simon Inn Saraburi,"Jul 21, 2026, 12:00:00 AM",1
5101068,D Hut Resort Chiangmai,"Jul 25, 2026, 12:00:00 AM",1
4921064,PT Grand Hotel,"Nov 22, 2026, 12:00:00 AM",1
4920985,Calinton Hotel,"Jul 10, 2026, 12:00:00 AM",1
4968476,Nasan Valley Resort,"Jul 4, 2026, 12:00:00 AM",1
65670,Chaisaeng Villa Singburi,"Jul 23, 2026, 12:00:00 AM",1
5078712,Sukjai Grand Luxury Boutique Hotel,"Jul 25, 2026, 12:00:00 AM",1
65581,Anna Nava Pakkret Hotel,"Sep 5, 2026, 12:00:00 AM",1
183078,The 28th Hotel,"Oct 29, 2026, 12:00:00 AM",1
4884787,Ananzitra Hotel,"Aug 22, 2026, 12:00:00 AM",1
4581,Prajaktra City Hostel,"Jul 18, 2026, 12:00:00 AM",1
4932309,Trattara Boutique Hotel,"Jul 16, 2026, 12:00:00 AM",1
4884559,Chertam Le Marjestic,"Jul 26, 2026, 12:00:00 AM",1
1763,Ayara Grand Palace Hotel,"Sep 18, 2026, 12:00:00 AM",1
4884620,The Charlotte Smart Hotel Lopburi,"Jul 27, 2026, 12:00:00 AM",1
4920860,The Garden Home Resort Suphan Buri,"Jul 10, 2026, 12:00:00 AM",1
5101673,Sai Yok Noi Resort,"Jul 5, 2026, 12:00:00 AM",1
183594,Sabai at Chumphae,"Jul 13, 2026, 12:00:00 AM",1
4543120,Daydream House,"Jul 12, 2026, 12:00:00 AM",1
5101177,Indigo Hotel Hatyai,"Jul 18, 2026, 12:00:00 AM",1
4921023,Ceniq Hotel Lampang,"Jul 17, 2026, 12:00:00 AM",1
4884315,Lux Boutique Hotel,"Jul 10, 2026, 12:00:00 AM",1
4258229,Prompiman Sisaket Hotel,"Aug 15, 2026, 12:00:00 AM",1
22229,Poonsook Resident Hotel Phitsanulok,"Aug 1, 2026, 12:00:00 AM",1
2091,Crystal Hotel Hat Yai,"Jul 22, 2026, 12:00:00 AM",1
4759,Ariston Hotel Bangkok,"Jul 11, 2026, 12:00:00 AM",1
22266,I Style Hua Hin Hotel,"Jul 1, 2026, 12:00:00 AM",1
5101068,D Hut Resort Chiangmai,"Jul 12, 2026, 12:00:00 AM",1
347,Trinity Silom Hotel,"Jul 10, 2026, 12:00:00 AM",1
5101672,Sangchan View Hotel,"Jul 24, 2026, 12:00:00 AM",1
1368,Kosa Hotel Khon Kaen,"Jul 16, 2026, 12:00:00 AM",1
2012750,HOMM Boutique Hotel,"Jul 9, 2026, 12:00:00 AM",1
2012750,HOMM Boutique Hotel,"Jul 27, 2026, 12:00:00 AM",1
5101585,Little Rooms,"Jul 11, 2026, 12:00:00 AM",1
5101479,Bangkok Mystay Hotel Rangsit,"Jul 18, 2026, 12:00:00 AM",1
63676,Loft Mania Boutique Hotel,"Jul 12, 2026, 12:00:00 AM",1
511,Clef Hotel Bangkok,"Jul 4, 2026, 12:00:00 AM",1
4861280,AK Terrace Hotel,"Jul 25, 2026, 12:00:00 AM",1
4932432,Aston Residence Hatyai,"Jul 6, 2026, 12:00:00 AM",1
2000059,Tak Andaman Resort & Hotel,"Jul 9, 2026, 12:00:00 AM",1
4920988,Ratchapruek DC Resort Angthong,"Jul 19, 2026, 12:00:00 AM",1
4884784,VELA Dhi Udon Thani,"Jul 26, 2026, 12:00:00 AM",1
63449,FIG Boutique Hotel,"Jul 18, 2026, 12:00:00 AM",1
4933567,Z&Z Resort,"Jul 12, 2026, 12:00:00 AM",1
4920401,Hill Hug Home Resort,"Jul 25, 2026, 12:00:00 AM",1
1876,Samui First House,"Jul 14, 2026, 12:00:00 AM",1
43842,Rattana View Phitsanulok,"Oct 17, 2026, 12:00:00 AM",1
152411,Aoontawan Resort Songkhla,"Jul 17, 2026, 12:00:00 AM",1
2006630,Buritel Hotel,"Jul 18, 2026, 12:00:00 AM",1
2008496,Thongphaphum River,"Jul 11, 2026, 12:00:00 AM",1
4988854,PLAAI Plus Hotel Bowin,"Aug 6, 2026, 12:00:00 AM",1
4896886,Baan Thamthong Lamnarai Resort,"Jul 20, 2026, 12:00:00 AM",1
4772,Seeharaj Hotel Uttaradit,"Jul 20, 2026, 12:00:00 AM",1
22359,Le Cassia Hotel,"Jul 11, 2026, 12:00:00 AM",1
4920686,Mayuu Ayutthaya Hotel,"Oct 31, 2026, 12:00:00 AM",1
65661,Mantra Varee Hotel,"Jul 8, 2026, 12:00:00 AM",1
4543155,T-NEE Hotel@Udon,"Jul 25, 2026, 12:00:00 AM",1
183594,Sabai at Chumphae,"Jul 28, 2026, 12:00:00 AM",1
4920442,Plaifah Greenview Resort Dankhunthod,"Jul 26, 2026, 12:00:00 AM",1
4920857,COCO HOME Homestay,"Jul 11, 2026, 12:00:00 AM",1
2007815,Ac Sport Center Hotel,"Jul 18, 2026, 12:00:00 AM",1
4756,Songphanburi Hotel,"Jul 4, 2026, 12:00:00 AM",1
4884874,NonNee Lampang Hotel,"Jul 25, 2026, 12:00:00 AM",1
63732,Tharakiree Place Hotel,"Jul 30, 2026, 12:00:00 AM",1
183492,Blu Monkey Hotel Suratthani,"Jul 28, 2026, 12:00:00 AM",1
4525878,Rangsiya Boutique Hotel,"Jul 29, 2026, 12:00:00 AM",1
5102217,Banphetpleanresort,"Jul 4, 2026, 12:00:00 AM",1
137905,Ananta Resort Phatthalung,"Jul 18, 2026, 12:00:00 AM",1
152972,Indiego Space,"Jul 3, 2026, 12:00:00 AM",1
4922724,GO Hotel Chonburi at Central Chonburi,"Aug 1, 2026, 12:00:00 AM",1
4996599,Lalynn Resort,"Jul 29, 2026, 12:00:00 AM",1
4922657,City Room Terminal 10,"Jul 5, 2026, 12:00:00 AM",1
21395,Laplaya Boutique Resort,"Jul 8, 2026, 12:00:00 AM",1
2012009,I Residence Hotel Pathumthani,"Jul 18, 2026, 12:00:00 AM",1
2008838,Anchan Laguna Hotel,"Jul 16, 2026, 12:00:00 AM",1
43917,Win D Hotel,"Jul 16, 2026, 12:00:00 AM",1
4890153,JB Place Hotel Ban Phaeng,"Jul 11, 2026, 12:00:00 AM",1
4738,Mayflower Grande Hotel Nimman,"Jul 30, 2026, 12:00:00 AM",1
522,Club Mahindra Mac Boutique Hotel,"Jul 15, 2026, 12:00:00 AM",1
63571,Serene Residence,"Jul 30, 2026, 12:00:00 AM",1
137620,Kumkaewudon Hotel,"Jul 9, 2026, 12:00:00 AM",1
2006652,Banlanna Hotel Lampang,"Jul 3, 2026, 12:00:00 AM",1
22359,Le Cassia Hotel,"Jul 24, 2026, 12:00:00 AM",1
747,Baan Grood Arcadia Resort and Spa,"Aug 1, 2026, 12:00:00 AM",1
4848992,Xotel,"Jul 27, 2026, 12:00:00 AM",1
4857776,Piangpuk Ban Pong,"Jul 11, 2026, 12:00:00 AM",1
63445,Rittiboon Vintage,"Jul 18, 2026, 12:00:00 AM",1
43625,P.N. Gold Resort,"Oct 9, 2026, 12:00:00 AM",1
4920441,The Bliss Boutique Trang,"Sep 19, 2026, 12:00:00 AM",1
43599,Brown House Hotel Udonthani,"Jul 18, 2026, 12:00:00 AM",1
63722,Golden Place Guesthouse,"Jul 11, 2026, 12:00:00 AM",1
4854509,Heaven Hotel Chachoengsao,"Jul 9, 2026, 12:00:00 AM",1
4921453,Goodday Hotel Khon Kaen,"Jul 19, 2026, 12:00:00 AM",1
2001941,Baan Nannapas,"Jul 6, 2026, 12:00:00 AM",1
4952929,Sakkanit Chai Lay Thung Noi Resort,"Jul 18, 2026, 12:00:00 AM",1
4920997,Papa Q Suite Resort,"Jul 3, 2026, 12:00:00 AM",1
2000118,Vieng Khong Hotel Mukdahan,"Jul 6, 2026, 12:00:00 AM",1
65643,Tanzeno Hotel,"Jul 12, 2026, 12:00:00 AM",1
2009950,Suntria Hotel Pattaya,"Aug 26, 2026, 12:00:00 AM",1
5102541,Raspberry Mansion,"Jul 5, 2026, 12:00:00 AM",1
2000017,Luck Esan Loft,"Jul 5, 2026, 12:00:00 AM",1
5101058,The Navy House Hotel,"Jul 23, 2026, 12:00:00 AM",1
4920736,Thapsakae Hotel,"Jul 24, 2026, 12:00:00 AM",1
5101080,Phong Phana Villa Det Udom,"Jul 23, 2026, 12:00:00 AM",1
63445,Rittiboon Vintage,"Jul 28, 2026, 12:00:00 AM",1
4921227,The Pillows Boutique Hotel,"Aug 6, 2026, 12:00:00 AM",1
2011259,S Bangkok Navamin,"Jul 2, 2026, 12:00:00 AM",1
4804986,M Grand Hotel Roi Et,"Jul 28, 2026, 12:00:00 AM",1
4922712,One Chumphon Hotel,"Jul 17, 2026, 12:00:00 AM",1
4884213,Benjaphorn Grandview Hotel,"Jul 26, 2026, 12:00:00 AM",1
5101716,Coco Beach Hotel Jomtien,"Jul 25, 2026, 12:00:00 AM",1
2000277,Bang Wua Garden Resort,"Jul 9, 2026, 12:00:00 AM",1
4921314,Morocc Hotel Chachoengsao,"Jul 4, 2026, 12:00:00 AM",1
384,Palazzo Bangkok Hotel,"Jul 15, 2026, 12:00:00 AM",1
4918063,Thongchen Residence,"Jul 29, 2026, 12:00:00 AM",1
4920796,Yothikran Place,"Jul 16, 2026, 12:00:00 AM",1
21435,Dara Hotel Phuket,"Oct 6, 2026, 12:00:00 AM",1
1382,Sima Thani Hotel,"Jul 25, 2026, 12:00:00 AM",1
5101972,GO Hotel Bangkok Suvarnabhumi Airport,"Jul 10, 2026, 12:00:00 AM",1
2009950,Suntria Hotel Pattaya,"Jul 28, 2026, 12:00:00 AM",1
65618,Tamarind Garden Hotel,"Jul 22, 2026, 12:00:00 AM",1
794,FuramaXclusive Sandara Hua Hin,"Jul 31, 2026, 12:00:00 AM",1
43826,Srilamduan Hotel Srisaket,"Aug 15, 2026, 12:00:00 AM",1
22188,The Park Residence,"Jul 5, 2026, 12:00:00 AM",1
65458,Charoenchit House Khon Kaen,"Jul 19, 2026, 12:00:00 AM",1
4884270,Sweet Home Resort,"Jul 24, 2026, 12:00:00 AM",1
4920925,One Budget Hotel Chiangrai Soi Sawan,"Jul 22, 2026, 12:00:00 AM",1
152976,Praiyanan Place Hotel,"Jul 23, 2026, 12:00:00 AM",1
4920332,Wicket White Villa,"Jul 18, 2026, 12:00:00 AM",1
4920904,Nature Nut Resort,"Jul 16, 2026, 12:00:00 AM",1
183577,Rutna Resort Buriram,"Jul 17, 2026, 12:00:00 AM",1
4884874,NonNee Lampang Hotel,"Jul 28, 2026, 12:00:00 AM",1
183073,The Rooms Residence Pattani,"Jul 23, 2026, 12:00:00 AM",1
2004575,Ben Residence,"Jul 13, 2026, 12:00:00 AM",1
23559,The Riski Hotel @ Bangphlat Station,"Aug 29, 2026, 12:00:00 AM",1
21234,Don Chan Residence,"Jul 25, 2026, 12:00:00 AM",1
4918047,Baan Kiita,"Jul 25, 2026, 12:00:00 AM",1
4854509,Heaven Hotel Chachoengsao,"Jul 10, 2026, 12:00:00 AM",1
22189,The Heritage Pattaya Beachfront Resort,"Aug 15, 2026, 12:00:00 AM",1
183668,North Inn Town Hotel,"Dec 30, 2026, 12:00:00 AM",1
181002,The Win Hotel Bang Saphan,"Jul 4, 2026, 12:00:00 AM",1
4921097,JB Grand Park Resort,"Aug 22, 2026, 12:00:00 AM",1
5101041,GOOD Nakhonsawan,"Jul 11, 2026, 12:00:00 AM",1
4921080,Centara Ubon,"Aug 13, 2026, 12:00:00 AM",1
22349,Welcome World Beachfront Resort & Spa,"Jul 26, 2026, 12:00:00 AM",1
182820,S.22 Hotel Suratthani,"Sep 7, 2026, 12:00:00 AM",1
63634,The Farm House Hotel,"Aug 5, 2026, 12:00:00 AM",1
1368,Kosa Hotel Khon Kaen,"Jul 15, 2026, 12:00:00 AM",1
63707,Space59 Hotel,"Aug 22, 2026, 12:00:00 AM",1
4857681,Me and Tree Villa,"Jul 4, 2026, 12:00:00 AM",1
21308,Suntara Wellness Resort and Hotel,"Jul 28, 2026, 12:00:00 AM",1
180997,Glai Gan Place Hotel,"Jul 24, 2026, 12:00:00 AM",1
4977985,The Square Hotel Nakhon Phanom,"Jul 13, 2026, 12:00:00 AM",1
4857758,The Cape Boutique Hotel,"Jul 15, 2026, 12:00:00 AM",1
181465,Seth Thee Residence Khonkaen,"Jul 20, 2026, 12:00:00 AM",1
1763,Ayara Grand Palace Hotel,"Jul 28, 2026, 12:00:00 AM",1
182944,Socool Grand Hotel Nang Rong Buriram,"Jul 17, 2026, 12:00:00 AM",1
2011600,Rommai Greenpark Boutique Hotel Resort,"Jul 21, 2026, 12:00:00 AM",1
138076,The Rich Hotel Nakhonratchasima,"Oct 9, 2026, 12:00:00 AM",1
4921226,All Times Hotel,"Jul 31, 2026, 12:00:00 AM",1
4795635,Baan Rak Resort Samroiyot,"Jul 4, 2026, 12:00:00 AM",1
4922757,D-2 Home Chanthaburi,"Jul 20, 2026, 12:00:00 AM",1
1395,Twin Lotus Hotel Nakhon Si Thammarat,"Jul 29, 2026, 12:00:00 AM",1
63697,JK Living Hotel and Service Apartment,"Jul 20, 2026, 12:00:00 AM",1
65482,Lertnimit Hotel Chaiyaphum,"Jul 9, 2026, 12:00:00 AM",1
4920973,VELA Dhi Nakhon Phanom,"Jul 26, 2026, 12:00:00 AM",1
2000153,The Harbour Front Hotel,"Aug 13, 2026, 12:00:00 AM",1
5101177,Indigo Hotel Hatyai,"Jul 22, 2026, 12:00:00 AM",1
183122,Pawa Place Ban Phai By Inpawa,"Jul 3, 2026, 12:00:00 AM",1
4857587,O2 Hotel Sakonnakhon,"Jul 11, 2026, 12:00:00 AM",1
4918097,One Budget Hotel Chiangrai Stadium,"Jul 15, 2026, 12:00:00 AM",1
4920973,VELA Dhi Nakhon Phanom,"Aug 15, 2026, 12:00:00 AM",1
4932904,SJ Mansion Phetchaburi,"Jul 7, 2026, 12:00:00 AM",1
43862,Royal Diamond Hotel,"Jul 7, 2026, 12:00:00 AM",1
21435,Dara Hotel Phuket,"Jul 2, 2026, 12:00:00 AM",1
429,La Petite Salil Sukhumvit 8,"Jul 14, 2026, 12:00:00 AM",1
2007119,Chateau de bear Nakhonsawan,"Jul 16, 2026, 12:00:00 AM",1
220,Atrium Boutique Resort,"Sep 23, 2026, 12:00:00 AM",1
5102203,PT HOTEL,"Jul 28, 2026, 12:00:00 AM",1
4606464,T-Rex Buriram Boutique Hotel,"Jul 15, 2026, 12:00:00 AM",1
182820,S.22 Hotel Suratthani,"Jul 8, 2026, 12:00:00 AM",1
1395,Twin Lotus Hotel Nakhon Si Thammarat,"Jul 11, 2026, 12:00:00 AM",1
2011526,Darley Hotel Chiangmai,"Aug 7, 2026, 12:00:00 AM",1
4939979,Khampu Resident,"Jul 4, 2026, 12:00:00 AM",1
5042341,N.J. Hotel That Phanom,"Jul 26, 2026, 12:00:00 AM",1
22349,Welcome World Beachfront Resort & Spa,"Jul 10, 2026, 12:00:00 AM",1
4921227,The Pillows Boutique Hotel,"Jul 25, 2026, 12:00:00 AM",1
4536036,T2 Ao Nang Krabi,"Jul 21, 2026, 12:00:00 AM",1
4640,Aramis Hotel Nakhon Sawan,"Jul 17, 2026, 12:00:00 AM",1
4935609,Saranrat Resort,"Jul 4, 2026, 12:00:00 AM",1
746,ibis Huahin,"Dec 4, 2026, 12:00:00 AM",1
63727,Caza V1 Serviced Apartment,"Aug 1, 2026, 12:00:00 AM",1
4921060,Green View Apartment Sikhio,"Jul 11, 2026, 12:00:00 AM",1
43826,Srilamduan Hotel Srisaket,"Jul 24, 2026, 12:00:00 AM",1
4920352,S3 Hua Hin Hotel,"Jul 18, 2026, 12:00:00 AM",1
1773,Topland Hotel Phitsanulok,"Dec 26, 2026, 12:00:00 AM",1
2003846,JJ Villa,"Jul 11, 2026, 12:00:00 AM",1
181024,DMa Hotel Khon Kaen,"Jul 18, 2026, 12:00:00 AM",1
345,Gold Orchid Bangkok,"Jul 11, 2026, 12:00:00 AM",1
4921378,Tonfern Hotel Khonkaen,"Jul 11, 2026, 12:00:00 AM",1
4920825,PSM at Rangsit,"Aug 7, 2026, 12:00:00 AM",1
4920876,Na Ingpha Resort And Camp,"Jul 28, 2026, 12:00:00 AM",1
21312,The Impress Nan Hotel,"Jul 4, 2026, 12:00:00 AM",1
4915645,Metro Ratchada 36,"Jul 16, 2026, 12:00:00 AM",1
5102098,Plearn View Khong Resort,"Jul 25, 2026, 12:00:00 AM",1
4726353,ABIZZ Hotel Lampang,"Jul 26, 2026, 12:00:00 AM",1
4921057,"Le Cannes, A Recall Luxe Hotel","Jul 7, 2026, 12:00:00 AM",1
43660,STAR 3 Serviced Apartment,"Jul 18, 2026, 12:00:00 AM",1
4996596,Baan Mai Spaghetti,"Jul 17, 2026, 12:00:00 AM",1
730,Hinn Namm Hotel,"Jul 30, 2026, 12:00:00 AM",1
183532,Sripech Home,"Jul 1, 2026, 12:00:00 AM",1
4922578,Red Heritage Hotel,"Jul 23, 2026, 12:00:00 AM",1
43886,Prachuap Beach Hotel,"Aug 15, 2026, 12:00:00 AM",1
5101041,GOOD Nakhonsawan,"Jul 21, 2026, 12:00:00 AM",1
25111,Bann Chompu Resort,"Jul 11, 2026, 12:00:00 AM",1
2000277,Bang Wua Garden Resort,"Jul 23, 2026, 12:00:00 AM",1
5101156,Kanthiya Garden Hotel,"Aug 1, 2026, 12:00:00 AM",1
4896922,Kiirin House Banpong,"Jul 6, 2026, 12:00:00 AM",1
2005709,Tamajun Hotel,"Jul 18, 2026, 12:00:00 AM",1
4932854,HOMA Si Racha,"Aug 23, 2026, 12:00:00 AM",1
183049,Blue Sky Residence Airport,"Jul 25, 2026, 12:00:00 AM",1
5102444,Sandbox Hotel,"Jul 11, 2026, 12:00:00 AM",1
764,Huahin Grand Hotel & Plaza,"Jul 11, 2026, 12:00:00 AM",1
63795,Maison de Cheer,"Jul 22, 2026, 12:00:00 AM",1
182999,The U-Time Hotel,"Jul 13, 2026, 12:00:00 AM",1
5101068,D Hut Resort Chiangmai,"Jul 24, 2026, 12:00:00 AM",1
5101058,The Navy House Hotel,"Aug 21, 2026, 12:00:00 AM",1
4920369,Modern Green Resort Dan Khun Thot,"Jul 8, 2026, 12:00:00 AM",1
2006630,Buritel Hotel,"Jul 10, 2026, 12:00:00 AM",1
182999,The U-Time Hotel,"Jul 23, 2026, 12:00:00 AM",1
183170,Chanthaburi Center Hotel,"Jul 21, 2026, 12:00:00 AM",1
4918110,101 Hotel Roi Et,"Jul 30, 2026, 12:00:00 AM",1
138005,Tonaoi Grand Hotel,"Jul 10, 2026, 12:00:00 AM",1
4677895,Thorada Place,"Aug 11, 2026, 12:00:00 AM",1
4920686,Mayuu Ayutthaya Hotel,"Aug 17, 2026, 12:00:00 AM",1
4727105,Memo Bangsaen,"Jul 19, 2026, 12:00:00 AM",1
4988854,PLAAI Plus Hotel Bowin,"Jul 15, 2026, 12:00:00 AM",1
2002546,Lumphawa Amphawa Resort,"Jul 19, 2026, 12:00:00 AM",1
21999,PhoomThai Garden Hotel,"Jul 23, 2026, 12:00:00 AM",1
476,Happihaus Hotel Bangkok,"Jul 11, 2026, 12:00:00 AM",1
4887266,Suphachok Resort,"Jul 5, 2026, 12:00:00 AM",1
25158,The Proud Exclusive Hotel,"Aug 11, 2026, 12:00:00 AM",1
2012396,Aliz Hotel,"Jul 5, 2026, 12:00:00 AM",1
4921314,Morocc Hotel Chachoengsao,"Jul 25, 2026, 12:00:00 AM",1
4921432,T-OneHome,"Jul 28, 2026, 12:00:00 AM",1
23937,Brique Hotel Chiangmai,"Jul 25, 2026, 12:00:00 AM",1
63739,Tonwa Resort,"Jul 20, 2026, 12:00:00 AM",1
4859024,56 Surawong Hotel,"Oct 11, 2026, 12:00:00 AM",1
63634,The Farm House Hotel,"Jul 14, 2026, 12:00:00 AM",1
4885110,The Signature Hotel Airport,"Jul 9, 2026, 12:00:00 AM",1
2007026,The Vista Hotel By Satit Group,"Jul 28, 2026, 12:00:00 AM",1
136993,J House Phetchaburi,"Jul 14, 2026, 12:00:00 AM",1
4849575,L2 Hotel,"Nov 28, 2026, 12:00:00 AM",1
4945677,SC Saiwatana,"Jul 4, 2026, 12:00:00 AM",1
63742,Chokdee Place,"Jul 17, 2026, 12:00:00 AM",1
2011526,Darley Hotel Chiangmai,"Jul 31, 2026, 12:00:00 AM",1
64941,Good Home Udonthani,"Jul 27, 2026, 12:00:00 AM",1
4884643,Fun Hotel Rayong,"Jul 8, 2026, 12:00:00 AM",1
137493,Ananya Apartment Hua Hin,"Jul 3, 2026, 12:00:00 AM",1
2011259,S Bangkok Navamin,"Jul 1, 2026, 12:00:00 AM",1
4918075,K2 Green Kanchanaburi,"Jul 3, 2026, 12:00:00 AM",1
43663,The Capital Hotel,"Jul 14, 2026, 12:00:00 AM",1
2000276,Baan Bangwua Resort,"Jul 11, 2026, 12:00:00 AM",1
2003274,Dang Ky Ploen Tharnnam Resort,"Jul 23, 2026, 12:00:00 AM",1
21697,Dhevaraj Hotel,"Jul 24, 2026, 12:00:00 AM",1
21421,Siam Tara Palace Hotel,"Jul 23, 2026, 12:00:00 AM",1
4918063,Thongchen Residence,"Jul 30, 2026, 12:00:00 AM",1
63574,The Nest Hotel Phichit,"Aug 7, 2026, 12:00:00 AM",1
65457,Centric Place Hotel,"Jul 11, 2026, 12:00:00 AM",1
4884787,Ananzitra Hotel,"Aug 13, 2026, 12:00:00 AM",1
2006319,Rain Tree Khao Yai Hotel,"Aug 7, 2026, 12:00:00 AM",1
4723,Sugar Marina Hotel-AVIATOR-Phuket Airport,"Aug 18, 2026, 12:00:00 AM",1
2006989,Orchid Residence Suratthani,"Jul 16, 2026, 12:00:00 AM",1
1844,Sunee Grand Hotel,"Aug 9, 2026, 12:00:00 AM",1
21441,Royal Princess City Lamphun,"Jul 8, 2026, 12:00:00 AM",1
183459,Puranakhon Hotel,"Jul 16, 2026, 12:00:00 AM",1
4921453,Goodday Hotel Khon Kaen,"Jul 28, 2026, 12:00:00 AM",1
2007119,Chateau de bear Nakhonsawan,"Jul 2, 2026, 12:00:00 AM",1
4915540,Nan Arena Place,"Jul 25, 2026, 12:00:00 AM",1
1395,Twin Lotus Hotel Nakhon Si Thammarat,"Jul 17, 2026, 12:00:00 AM",1
43599,Brown House Hotel Udonthani,"Jul 27, 2026, 12:00:00 AM",1
65548,Baan Pha Chan Resort,"Jul 4, 2026, 12:00:00 AM",1
21395,Laplaya Boutique Resort,"Jul 12, 2026, 12:00:00 AM",1
183075,ATM Service Apartment Yala,"Jul 8, 2026, 12:00:00 AM",1
4914009,Hotel Scarlett,"Jul 26, 2026, 12:00:00 AM",1
503,The Victory Executive Residences,"Aug 10, 2026, 12:00:00 AM",1
63771,T.P. Place Hotel,"Jul 19, 2026, 12:00:00 AM",1
5101627,The Moon Kalasin,"Jul 16, 2026, 12:00:00 AM",1
152374,Orchid Riverview Hotel,"Aug 1, 2026, 12:00:00 AM",1
1559,Mood Hotel Pattaya,"Jul 25, 2026, 12:00:00 AM",1
4723,Sugar Marina Hotel-AVIATOR-Phuket Airport,"Dec 21, 2026, 12:00:00 AM",1
182835,Nadee 10 Resort & Hotel,"Nov 10, 2026, 12:00:00 AM",1
43651,PC Grand Palace Hotel,"Jul 15, 2026, 12:00:00 AM",1
1370,AVANI Khon Kaen Hotel & Convention Centre,"Jul 29, 2026, 12:00:00 AM",1
2004219,Hisoplace Hotel,"Jul 29, 2026, 12:00:00 AM",1
63435,Benjatara Boutique Resort,"Jul 8, 2026, 12:00:00 AM",1
63795,Maison de Cheer,"Jul 30, 2026, 12:00:00 AM",1
5102355,The Akyra Bangkok 11,"Jul 19, 2026, 12:00:00 AM",1
23104,Magic House Hostel,"Aug 1, 2026, 12:00:00 AM",1
2010883,Neca Reiche Hotel,"Jul 6, 2026, 12:00:00 AM",1
2007725,Rider bedroom hostel and cafe,"Jul 10, 2026, 12:00:00 AM",1
4581,Prajaktra City Hostel,"Oct 29, 2026, 12:00:00 AM",1
138040,Golden House Hotel Sakaeo,"Jul 21, 2026, 12:00:00 AM",1
2002144,Huaymuang Apartment,"Jul 27, 2026, 12:00:00 AM",1
79,Ratchada Point Hotel,"Jul 21, 2026, 12:00:00 AM",1
4915536,Toffyhome Petchaboon,"Oct 17, 2026, 12:00:00 AM",1
4918123,Lan Koon View Doi House Phrao,"Jul 26, 2026, 12:00:00 AM",1
63634,The Farm House Hotel,"Aug 3, 2026, 12:00:00 AM",1
25131,R1 Nimman Hotel Chiangmai,"Jul 11, 2026, 12:00:00 AM",1
4543042,Navakitel Design Hotel,"Jul 31, 2026, 12:00:00 AM",1
4921080,Centara Ubon,"Jul 17, 2026, 12:00:00 AM",1
5101761,Journeyhub Sukhumvit 26 Bangkok,"Aug 8, 2026, 12:00:00 AM",1
65536,Coco Beach Resort Bangsean,"Aug 5, 2026, 12:00:00 AM",1
1370,AVANI Khon Kaen Hotel & Convention Centre,"Jul 25, 2026, 12:00:00 AM",1
4920363,Hotel MOCO Udon Thani,"Jul 3, 2026, 12:00:00 AM",1
2006352,@115 By Rompo Mansion,"Aug 14, 2026, 12:00:00 AM",1
5101736,iCheck Inn Thapra,"Jul 22, 2026, 12:00:00 AM",1
2000181,Tamsabai Hotel,"Aug 8, 2026, 12:00:00 AM",1
2006319,Rain Tree Khao Yai Hotel,"Jul 3, 2026, 12:00:00 AM",1
2003839,Thada Chateau Hotel Buriram,"Jul 19, 2026, 12:00:00 AM",1
5102299,Deraya Hotel,"Jul 2, 2026, 12:00:00 AM",1
5101583,S3 Ayutthaya Hotel,"Jul 22, 2026, 12:00:00 AM",1
152374,Orchid Riverview Hotel,"Jul 18, 2026, 12:00:00 AM",1
4883835,Blu Monkey Hub & Hotel Ranong,"Aug 15, 2026, 12:00:00 AM",1
4932284,Alto Hotel M - Maesot,"Jul 23, 2026, 12:00:00 AM",1
4606475,Belle Grand Hotel Udon Thani,"Jul 24, 2026, 12:00:00 AM",1
21697,Dhevaraj Hotel,"Jul 30, 2026, 12:00:00 AM",1
4920622,Laguna Grand Hotel & Spa Songkhla,"Jul 18, 2026, 12:00:00 AM",1
43651,PC Grand Palace Hotel,"Jul 17, 2026, 12:00:00 AM",1
21389,42C The Chic Hotel,"Aug 8, 2026, 12:00:00 AM",1
5101146,Kastel Bangkok Hotel,"Jul 14, 2026, 12:00:00 AM",1
4848992,Xotel,"Aug 1, 2026, 12:00:00 AM",1
4857776,Piangpuk Ban Pong,"Jul 4, 2026, 12:00:00 AM",1
2000146,The Zleep Hotel Chonburi,"Jul 18, 2026, 12:00:00 AM",1
4920586,Baan Phitcha Pranburi,"Jul 23, 2026, 12:00:00 AM",1
5101761,Journeyhub Sukhumvit 26 Bangkok,"Aug 3, 2026, 12:00:00 AM",1
2003448,Sailom Premium Resort Det Udom,"Jul 7, 2026, 12:00:00 AM",1
2012549,2U Hotel Hatyai,"Sep 14, 2026, 12:00:00 AM",1
2004219,Hisoplace Hotel,"Jul 3, 2026, 12:00:00 AM",1
4920686,Mayuu Ayutthaya Hotel,"Sep 26, 2026, 12:00:00 AM",1
2052,Kantary Hotel Ayutthaya,"Aug 9, 2026, 12:00:00 AM",1
4935981,BB House & Resort Khon Kaen,"Jul 23, 2026, 12:00:00 AM",1
63458,P.A. Ville Hotel Nakhon Sawan,"Jul 15, 2026, 12:00:00 AM",1
4896913,ABIZZ Hotel Kwan Phayao,"Oct 8, 2026, 12:00:00 AM",1
183638,The Resto Udonthani,"Jul 5, 2026, 12:00:00 AM",1
4920490,Smile Loft Resort Sukhothai,"Aug 25, 2026, 12:00:00 AM",1
5101432,Mintra Apartel,"Jul 18, 2026, 12:00:00 AM",1
137950,Doungta Anda Hotel,"Jul 24, 2026, 12:00:00 AM",1
4640925,The Residence Hotel,"Jul 2, 2026, 12:00:00 AM",1
2000374,Fun-D City View,"Jul 3, 2026, 12:00:00 AM",1
5039123,Athena Glamping Khaoyai,"Aug 1, 2026, 12:00:00 AM",1
5102509,Jaroensinplace,"Jul 18, 2026, 12:00:00 AM",1
4611,PLAAI Prime Hotel Rayong,"Jul 25, 2026, 12:00:00 AM",1
712,Kiang Haad Beach Hua Hin,"Jul 28, 2026, 12:00:00 AM",1
387,Riverside Bangkok Hotel,"Jul 20, 2026, 12:00:00 AM",1
43849,Rattana Park Hotel,"Jul 11, 2026, 12:00:00 AM",1
182814,Tho Mai Resort,"Jul 24, 2026, 12:00:00 AM",1
2003839,Thada Chateau Hotel Buriram,"Jul 10, 2026, 12:00:00 AM",1
137921,The Triple V Hotel,"Jul 20, 2026, 12:00:00 AM",1
2007548,Benri sriracha Residence,"Jul 11, 2026, 12:00:00 AM",1
182938,Sirin Boutique Nakhonratchasima,"Jul 11, 2026, 12:00:00 AM",1
4857645,B Hotel Khonkaen,"Jul 25, 2026, 12:00:00 AM",1
63688,Racha Residence Sriracha,"Jul 10, 2026, 12:00:00 AM",1
183003,Skyview Hotel & Resort Buriram,"Jul 13, 2026, 12:00:00 AM",1
181639,Phurinda Residence Saraburi,"Jul 24, 2026, 12:00:00 AM",1
4932309,Trattara Boutique Hotel,"Jul 14, 2026, 12:00:00 AM",1
182993,Star Convention Hotel Rayong,"Jul 5, 2026, 12:00:00 AM",1
64985,Merdelong Hotel Phatthalung,"Jul 24, 2026, 12:00:00 AM",1
4920736,Thapsakae Hotel,"Jul 12, 2026, 12:00:00 AM",1
25149,Fortune View Kong Nakhon Phanom,"Jul 15, 2026, 12:00:00 AM",1
63815,Chawlada Hotel,"Jul 18, 2026, 12:00:00 AM",1
4694703,Baan Nantiya,"Jul 3, 2026, 12:00:00 AM",1
4915585,Huern Kan Thong Hotel,"Jul 27, 2026, 12:00:00 AM",1
4868069,T Park Pakchong,"Jul 11, 2026, 12:00:00 AM",1
4914009,Hotel Scarlett,"Jul 9, 2026, 12:00:00 AM",1
137926,Feel@Home Place,"Jul 18, 2026, 12:00:00 AM",1
2000386,Sasidara Resort,"Oct 17, 2026, 12:00:00 AM",1
5101627,The Moon Kalasin,"Jul 18, 2026, 12:00:00 AM",1
2012396,Aliz Hotel,"Jul 24, 2026, 12:00:00 AM",1
5101597,The Horizon Groove Hotel,"Jul 10, 2026, 12:00:00 AM",1
2000386,Sasidara Resort,"Jul 11, 2026, 12:00:00 AM",1
4920686,Mayuu Ayutthaya Hotel,"Sep 12, 2026, 12:00:00 AM",1
2010138,Triple Z Hotel,"Jul 28, 2026, 12:00:00 AM",1
4884559,Chertam Le Marjestic,"Jul 25, 2026, 12:00:00 AM",1
5102064,Louis Residence Hotel,"Aug 15, 2026, 12:00:00 AM",1
5102598,Quicky Stay Hotel Suphanburi,"Oct 9, 2026, 12:00:00 AM",1
4921403,Ban Rai Nai Suan,"Jul 26, 2026, 12:00:00 AM",1
21653,Pacific Park Hotel,"Jul 24, 2026, 12:00:00 AM",1
4884544,Rangsit Residence,"Jul 24, 2026, 12:00:00 AM",1
65581,Anna Nava Pakkret Hotel,"Jul 23, 2026, 12:00:00 AM",1
1767,Ruean Phae Royal Park Hotel,"Jul 26, 2026, 12:00:00 AM",1
4915675,The Gold Living Life,"Jul 18, 2026, 12:00:00 AM",1
5102560,Sugar Marina Hotel -POP- Kata Beach,"Jul 16, 2026, 12:00:00 AM",1
5039123,Athena Glamping Khaoyai,"Jul 27, 2026, 12:00:00 AM",1
25150,J.P. Emerald Hotel Yasothon,"Jul 19, 2026, 12:00:00 AM",1
4854,Maple Hotel,"Jul 13, 2026, 12:00:00 AM",1
4885080,Prem Mansion U Thong,"Jul 10, 2026, 12:00:00 AM",1
2011510,Amman Unique Hotel Udonthani,"Jul 10, 2026, 12:00:00 AM",1
2010510,The Green Hotel 304,"Jul 1, 2026, 12:00:00 AM",1
2000299,Morage Hotel Phitsanulok,"Aug 1, 2026, 12:00:00 AM",1
183055,Chantra Hotel Sakaeo,"Jul 23, 2026, 12:00:00 AM",1
2005402,V-Ocean Palace,"Jul 3, 2026, 12:00:00 AM",1
4920643,The Model Garden Hotel,"Jul 12, 2026, 12:00:00 AM",1
4918071,No.89 Boutique Hotel,"Jul 12, 2026, 12:00:00 AM",1
4918047,Baan Kiita,"Jul 15, 2026, 12:00:00 AM",1
5101058,The Navy House Hotel,"Jul 11, 2026, 12:00:00 AM",1
2012247,Somerset Harbourview Sri Racha,"Jul 29, 2026, 12:00:00 AM",1
4884608,PK Mansion Chiang Mai,"Jul 4, 2026, 12:00:00 AM",1
21358,The Paradiso JK Design Hotel,"Aug 21, 2026, 12:00:00 AM",1
43668,Elite Residence Phitsanulok,"Jul 18, 2026, 12:00:00 AM",1
183560,Kantary Hotel Amata Bangpakong,"Jul 30, 2026, 12:00:00 AM",1
4525878,Rangsiya Boutique Hotel,"Jul 30, 2026, 12:00:00 AM",1
63666,Mandy Nok Hotel,"Jul 9, 2026, 12:00:00 AM",1
4920753,Mintara Phetburi,"Jul 14, 2026, 12:00:00 AM",1
1370,AVANI Khon Kaen Hotel & Convention Centre,"Aug 6, 2026, 12:00:00 AM",1
4686,B.U. Place Hotel,"Jul 11, 2026, 12:00:00 AM",1
4933126,THE NINE PLACE Chaeng Sanit,"Jul 9, 2026, 12:00:00 AM",1
4884370,Yala My house Hotel,"Jul 6, 2026, 12:00:00 AM",1
4973312,Paradise Hotel,"Jul 18, 2026, 12:00:00 AM",1
2008649,Nata Resort Chanthaburi 2,"Jul 25, 2026, 12:00:00 AM",1
4920643,The Model Garden Hotel,"Jul 18, 2026, 12:00:00 AM",1
181623,Rio Monte Residence,"Sep 21, 2026, 12:00:00 AM",1
5102452,Marquis Hotel,"Jul 6, 2026, 12:00:00 AM",1
23104,Magic House Hostel,"Jul 14, 2026, 12:00:00 AM",1
137914,The One Phetchabun,"Oct 11, 2026, 12:00:00 AM",1
5102444,Sandbox Hotel,"Jul 28, 2026, 12:00:00 AM",1
4932292,The Bed's 304,"Jul 16, 2026, 12:00:00 AM",1
174257,The Charm Boutique Resort,"Aug 29, 2026, 12:00:00 AM",1
4795622,SJ Miracle hotel Hatyai,"Jul 5, 2026, 12:00:00 AM",1
63564,@24 Boutique Hotel,"Jul 25, 2026, 12:00:00 AM",1
4920574,Sport Inn Chiang Rai,"Jul 4, 2026, 12:00:00 AM",1
2000908,Na That Panom Place Hotel,"Jul 22, 2026, 12:00:00 AM",1
4915675,The Gold Living Life,"Jul 4, 2026, 12:00:00 AM",1
4606512,Prangtip Resort,"Jul 1, 2026, 12:00:00 AM",1
2000181,Tamsabai Hotel,"Jul 20, 2026, 12:00:00 AM",1
4419364,NC Resort and Spa,"Jul 4, 2026, 12:00:00 AM",1
1368,Kosa Hotel Khon Kaen,"Jul 17, 2026, 12:00:00 AM",1
4883158,Bluebed Hotel,"Aug 8, 2026, 12:00:00 AM",1
21418,Metro point Bangkok,"Jul 10, 2026, 12:00:00 AM",1
2000263,Non C Park Hotel,"Jul 24, 2026, 12:00:00 AM",1
4896886,Baan Thamthong Lamnarai Resort,"Jul 19, 2026, 12:00:00 AM",1
137955,The Coconut Hotel Lampang,"Aug 1, 2026, 12:00:00 AM",1
141893,Tempo Plus Mae Sot,"Jul 18, 2026, 12:00:00 AM",1
4883872,The Chess hotel,"Nov 14, 2026, 12:00:00 AM",1
4932806,Grand Sansook Omnoi,"Jul 18, 2026, 12:00:00 AM",1
21699,New Travel Lodge,"Jul 2, 2026, 12:00:00 AM",1
63574,The Nest Hotel Phichit,"Jul 19, 2026, 12:00:00 AM",1
1223,iCheckinn Phuket Town,"Aug 4, 2026, 12:00:00 AM",1
183404,O2 Hotel Lopburi,"Jul 15, 2026, 12:00:00 AM",1
4921403,Ban Rai Nai Suan,"Jul 28, 2026, 12:00:00 AM",1
182820,S.22 Hotel Suratthani,"Jul 29, 2026, 12:00:00 AM",1
183609,The Square Rayong,"Jul 1, 2026, 12:00:00 AM",1
43574,The River Hotel Nakhonphanom,"Jul 19, 2026, 12:00:00 AM",1
63634,The Farm House Hotel,"Aug 8, 2026, 12:00:00 AM",1
4738,Mayflower Grande Hotel Nimman,"Jul 31, 2026, 12:00:00 AM",1
65545,Bonito Chinos Hotel,"Jul 24, 2026, 12:00:00 AM",1
152976,Praiyanan Place Hotel,"Jul 3, 2026, 12:00:00 AM",1
2012247,Somerset Harbourview Sri Racha,"Sep 12, 2026, 12:00:00 AM",1
181563,L Nimman Boutique Hotel,"Aug 27, 2026, 12:00:00 AM",1
5101720,L2 Premium,"Dec 22, 2026, 12:00:00 AM",1
2011526,Darley Hotel Chiangmai,"Jul 28, 2026, 12:00:00 AM",1
152399,Loft Village Nakhonnayok,"Jul 11, 2026, 12:00:00 AM",1
21308,Suntara Wellness Resort and Hotel,"Jul 18, 2026, 12:00:00 AM",1
5101761,Journeyhub Sukhumvit 26 Bangkok,"Jul 25, 2026, 12:00:00 AM",1
63414,The Crystal Hotel Buriram,"Jul 11, 2026, 12:00:00 AM",1
4543105,Ruendokkaew Khlong Khlung,"Jul 10, 2026, 12:00:00 AM",1
21395,Laplaya Boutique Resort,"Jul 26, 2026, 12:00:00 AM",1
22189,The Heritage Pattaya Beachfront Resort,"Oct 10, 2026, 12:00:00 AM",1
5101143,KP Apartment @Ratchapruek,"Oct 10, 2026, 12:00:00 AM",1
23923,HTel Resort,"Jul 29, 2026, 12:00:00 AM",1
4918103,The Minitel Hotel Bangsaphan,"Jul 21, 2026, 12:00:00 AM",1
1370,AVANI Khon Kaen Hotel & Convention Centre,"Aug 1, 2026, 12:00:00 AM",1
4920925,One Budget Hotel Chiangrai Soi Sawan,"Jul 10, 2026, 12:00:00 AM",1
25160,MT Place,"Jul 3, 2026, 12:00:00 AM",1
152409,The Chainato Boutique Apartment,"Jul 11, 2026, 12:00:00 AM",1
5101798,The Monkey Hotel and Residence,"Jul 25, 2026, 12:00:00 AM",1
4884439,Paradox Bangkok Sukhumvit,"Aug 1, 2026, 12:00:00 AM",1
4559,Prachuap Grand Hotel,"Jul 28, 2026, 12:00:00 AM",1
137967,The Original Orange Hotel,"Sep 8, 2026, 12:00:00 AM",1
4918020,Rare Loei Hotel,"Jul 25, 2026, 12:00:00 AM",1
5084,Recenta Style Phuket Town,"Jul 23, 2026, 12:00:00 AM",1
4935433,The Wish Hotel,"Jul 14, 2026, 12:00:00 AM",1
5091475,One Budget Hotel Tak Maesot,"Jul 1, 2026, 12:00:00 AM",1
2000181,Tamsabai Hotel,"Oct 9, 2026, 12:00:00 AM",1
63315,Siva Royal Hotel,"Sep 12, 2026, 12:00:00 AM",1
43850,Ratchaphruek Pavilion,"Jul 25, 2026, 12:00:00 AM",1
63634,The Farm House Hotel,"Jul 11, 2026, 12:00:00 AM",1
2000166,The Bangkok Major Suite,"Jul 11, 2026, 12:00:00 AM",1
43937,P.A. Thani Hotel,"Jul 24, 2026, 12:00:00 AM",1
4884370,Yala My house Hotel,"Jul 12, 2026, 12:00:00 AM",1
63739,Tonwa Resort,"Jul 2, 2026, 12:00:00 AM",1
2000301,Viewplace Hotel & Residence Ladprao 130,"Jul 18, 2026, 12:00:00 AM",1
4543129,Nunglen Gunmai Resort,"Dec 19, 2026, 12:00:00 AM",1
4915585,Huern Kan Thong Hotel,"Jul 28, 2026, 12:00:00 AM",1
63377,L Hotel Khon Kaen,"Jul 6, 2026, 12:00:00 AM",1
63445,Rittiboon Vintage,"Jul 4, 2026, 12:00:00 AM",1
345,Gold Orchid Bangkok,"Jul 6, 2026, 12:00:00 AM",1
21433,zdvhml,"Jul 30, 2026, 12:00:00 AM",1
22349,Welcome World Beachfront Resort & Spa,"Aug 29, 2026, 12:00:00 AM",1
183161,W Sotel Songkhla,"Jul 25, 2026, 12:00:00 AM",1
4936650,Blu Monkey Hub and Hotel Krabi Town,"Jul 3, 2026, 12:00:00 AM",1
4920622,Laguna Grand Hotel & Spa Songkhla,"Aug 15, 2026, 12:00:00 AM",1
183647,White House Hotel Tak,"Jul 13, 2026, 12:00:00 AM",1
4921464,Ramada Tenn Ekamai,"Jul 14, 2026, 12:00:00 AM",1
4525878,Rangsiya Boutique Hotel,"Jul 19, 2026, 12:00:00 AM",1
63421,Nartsiri Hotel,"Jul 26, 2026, 12:00:00 AM",1
63666,Mandy Nok Hotel,"Jul 2, 2026, 12:00:00 AM",1
4921302,SOPISA boutique hotel Ayutthaya,"Jul 18, 2026, 12:00:00 AM",1
21312,The Impress Nan Hotel,"Nov 8, 2026, 12:00:00 AM",1
4858458,RedBike Resort,"Aug 8, 2026, 12:00:00 AM",1
43828,Grand Park Hotel Nakhonsithammarat,"Jul 24, 2026, 12:00:00 AM",1
4853379,Pantip Boutique Hotel,"Jul 9, 2026, 12:00:00 AM",1
4920441,The Bliss Boutique Trang,"Jul 4, 2026, 12:00:00 AM",1
63807,Klongrien Boutique Hatyai,"Jul 17, 2026, 12:00:00 AM",1
4918110,101 Hotel Roi Et,"Aug 6, 2026, 12:00:00 AM",1
4884391,Baankoonmae Boulevard Hotel  Kuchinarai,"Jul 17, 2026, 12:00:00 AM",1
63571,Serene Residence,"Jul 31, 2026, 12:00:00 AM",1
2011319,Hiso Potato Resort,"Jul 11, 2026, 12:00:00 AM",1
4948519,AVA Hotel,"Nov 21, 2026, 12:00:00 AM",1
43843,At Ayutthaya Hotel,"Jul 22, 2026, 12:00:00 AM",1
2000265,The Journey Hotel Bangna,"Jul 10, 2026, 12:00:00 AM",1
4901456,PLAAI Plus Hotel Rayong,"Jul 5, 2026, 12:00:00 AM",1
2010153,The Kannas Hotel & Serviced Apartment Chiangmai,"Jul 27, 2026, 12:00:00 AM",1
4606472,Three Bays Resort,"Jul 18, 2026, 12:00:00 AM",1
23579,Synsiri Ladprao 130,"Jul 19, 2026, 12:00:00 AM",1
4543081,NP View Resort Tha Tum,"Jul 25, 2026, 12:00:00 AM",1
2006938,RoomQuest Rimrabeang at Amphawa,"Aug 7, 2026, 12:00:00 AM",1
4921572,Aster Canopy Suites & Living,"Jul 16, 2026, 12:00:00 AM",1
2000390,Zayn Hotel Bangkok,"Jul 17, 2026, 12:00:00 AM",1
65672,Infinity Seesun Resort,"Jul 18, 2026, 12:00:00 AM",1
4543074,Nibong Apartment,"Jul 21, 2026, 12:00:00 AM",1
2012549,2U Hotel Hatyai,"Jul 13, 2026, 12:00:00 AM",1
4543072,PP Inn,"Aug 31, 2026, 12:00:00 AM",1
4730,Xen Hotel Nakhon Pathom,"Sep 19, 2026, 12:00:00 AM",1
2004232,Baansuan Greenview Resort,"Jul 25, 2026, 12:00:00 AM",1
2010931,ZLEEP D Hotel,"Jul 5, 2026, 12:00:00 AM",1
2007026,The Vista Hotel By Satit Group,"Aug 7, 2026, 12:00:00 AM",1
2000160,Wynnhouse Khaoyai,"Jul 17, 2026, 12:00:00 AM",1
4921453,Goodday Hotel Khon Kaen,"Jul 2, 2026, 12:00:00 AM",1
4204497,Aen Guy Boutique Hotel,"Jul 6, 2026, 12:00:00 AM",1
63732,Tharakiree Place Hotel,"Jul 21, 2026, 12:00:00 AM",1
63670,Laemchabang City Hotel,"Jul 3, 2026, 12:00:00 AM",1
1514,Windmill Resort Hotel,"Jul 30, 2026, 12:00:00 AM",1
5102110,Naiyarat Apartment,"Jul 15, 2026, 12:00:00 AM",1
2000386,Sasidara Resort,"Jul 28, 2026, 12:00:00 AM",1
137620,Kumkaewudon Hotel,"Jul 3, 2026, 12:00:00 AM",1
2011319,Hiso Potato Resort,"Jul 10, 2026, 12:00:00 AM",1
2001054,Jasmine Resort Sriracha,"Nov 4, 2026, 12:00:00 AM",1
2000356,Sakura Boutique Hotel Pluakdaeng,"Jul 27, 2026, 12:00:00 AM",1
4884497,Riverton Hotel,"Jul 18, 2026, 12:00:00 AM",1
177840,Must Come Boutique Hotel,"Jul 24, 2026, 12:00:00 AM",1
317,Avana Hotel and Convention Center,"Oct 17, 2026, 12:00:00 AM",1
5021799,The Brillianest Gallery Hotel Hatyai,"Jul 6, 2026, 12:00:00 AM",1
2007026,The Vista Hotel By Satit Group,"Jul 26, 2026, 12:00:00 AM",1
63792,Win Hotel Phayao,"Jul 24, 2026, 12:00:00 AM",1
181563,L Nimman Boutique Hotel,"Jul 4, 2026, 12:00:00 AM",1
4921150,JS Hotel,"Jul 18, 2026, 12:00:00 AM",1
64985,Merdelong Hotel Phatthalung,"Jul 17, 2026, 12:00:00 AM",1
2000293,The Target Hotel Chiangrai,"Jul 20, 2026, 12:00:00 AM",1
5102473,Milton Hotel,"Jul 11, 2026, 12:00:00 AM",1
2000063,Tanatnan Hotel,"Jul 24, 2026, 12:00:00 AM",1
522,Club Mahindra Mac Boutique Hotel,"Jul 21, 2026, 12:00:00 AM",1
4934085,La Pino Hotel,"Jul 21, 2026, 12:00:00 AM",1
4937186,Kinbox Estate,"Jul 18, 2026, 12:00:00 AM",1
5101666,Tree Airport Hotel Hatyai,"Jul 4, 2026, 12:00:00 AM",1
2000184,The Colour Hotel Yasothon,"Jul 3, 2026, 12:00:00 AM",1
2011249,Chada@Nakhon,"Sep 8, 2026, 12:00:00 AM",1
5101942,The Six Resort Lopburi,"Jul 12, 2026, 12:00:00 AM",1
63795,Maison de Cheer,"Jul 29, 2026, 12:00:00 AM",1
4885004,Hotel Dawa,"Jul 25, 2026, 12:00:00 AM",1
2003274,Dang Ky Ploen Tharnnam Resort,"Jul 17, 2026, 12:00:00 AM",1
4596,Fortune River View Hotel Nakhon Phanom,"Oct 26, 2026, 12:00:00 AM",1
4918075,K2 Green Kanchanaburi,"Jul 30, 2026, 12:00:00 AM",1
23923,HTel Resort,"Aug 9, 2026, 12:00:00 AM",1
4885092,Ranong Gable,"Aug 9, 2026, 12:00:00 AM",1
43675,OMG Hotel Khonkean,"Jul 18, 2026, 12:00:00 AM",1
5101068,D Hut Resort Chiangmai,"Jul 16, 2026, 12:00:00 AM",1
21222,KP Place,"Jul 15, 2026, 12:00:00 AM",1
5102559,Memory Phu Thap Boek,"Oct 11, 2026, 12:00:00 AM",1
4935609,Saranrat Resort,"Jul 25, 2026, 12:00:00 AM",1
137889,Dino Studio Kalasin Hotel,"Aug 7, 2026, 12:00:00 AM",1
183306,Supachai Inn,"Jul 2, 2026, 12:00:00 AM",1
43885,S Tara Grand Hotel,"Jul 5, 2026, 12:00:00 AM",1
5101538,Nipon Resort,"Jul 4, 2026, 12:00:00 AM",1
4896886,Baan Thamthong Lamnarai Resort,"Jul 16, 2026, 12:00:00 AM",1
4543018,Dee Jai Hotel,"Nov 14, 2026, 12:00:00 AM",1
4932975,The Signature Nakhon Hotel,"Jul 25, 2026, 12:00:00 AM",1
5101579,NA Care Hotel Chaiyaphum,"Jul 16, 2026, 12:00:00 AM",1
1844,Sunee Grand Hotel,"Sep 23, 2026, 12:00:00 AM",1
137967,The Original Orange Hotel,"Sep 24, 2026, 12:00:00 AM",1
63652,Belleville Hotel Phetchabun,"Jul 25, 2026, 12:00:00 AM",1
4915580,Top inn Hotel Mahasarakham,"Jul 26, 2026, 12:00:00 AM",1
2000186,Patikom Apartment,"Jul 24, 2026, 12:00:00 AM",1
4936661,Smile Resort Mukdahan,"Aug 9, 2026, 12:00:00 AM",1
4996596,Baan Mai Spaghetti,"Jul 21, 2026, 12:00:00 AM",1
177921,Bangkok Midtown Hotel,"Jul 22, 2026, 12:00:00 AM",1
4525878,Rangsiya Boutique Hotel,"Jul 6, 2026, 12:00:00 AM",1
2000263,Non C Park Hotel,"Jul 19, 2026, 12:00:00 AM",1
4896886,Baan Thamthong Lamnarai Resort,"Jul 4, 2026, 12:00:00 AM",1
43850,Ratchaphruek Pavilion,"Jul 26, 2026, 12:00:00 AM",1
43660,STAR 3 Serviced Apartment,"Jul 17, 2026, 12:00:00 AM",1
21378,Hug Nimman Hotel Chiang Mai,"Jul 19, 2026, 12:00:00 AM",1
4920828,Khum Lanna Boutique Hotel Sisaket,"Jul 10, 2026, 12:00:00 AM",1
182851,Khong Chiam 2 Hotel Ubon,"Jul 26, 2026, 12:00:00 AM",1
4920836,SR Grand Hotel Chiang Mai,"Jul 27, 2026, 12:00:00 AM",1
4730,Xen Hotel Nakhon Pathom,"Aug 14, 2026, 12:00:00 AM",1
5101533,At Home Rai Phor Dee,"Jul 13, 2026, 12:00:00 AM",1
2010138,Triple Z Hotel,"Jul 11, 2026, 12:00:00 AM",1
21697,Dhevaraj Hotel,"Jul 7, 2026, 12:00:00 AM",1
137899,We Terminal Hotel,"Jul 17, 2026, 12:00:00 AM",1
5101972,GO Hotel Bangkok Suvarnabhumi Airport,"Jul 15, 2026, 12:00:00 AM",1
2011510,Amman Unique Hotel Udonthani,"Jul 14, 2026, 12:00:00 AM",1
43886,Prachuap Beach Hotel,"Aug 22, 2026, 12:00:00 AM",1
63720,Na Tub Thieng Boutique Resort,"Jul 4, 2026, 12:00:00 AM",1
63315,Siva Royal Hotel,"Aug 21, 2026, 12:00:00 AM",1
183415,Chaanburi Boutique Resort,"Jul 18, 2026, 12:00:00 AM",1
4594537,RoomQuest Sukhumvit 36 BTS Thonglor,"Jul 4, 2026, 12:00:00 AM",1
183078,The 28th Hotel,"Jul 27, 2026, 12:00:00 AM",1
4915675,The Gold Living Life,"Jul 23, 2026, 12:00:00 AM",1
391,Shanghai Mansion Bangkok,"Jul 21, 2026, 12:00:00 AM",1
2011526,Darley Hotel Chiangmai,"Jul 26, 2026, 12:00:00 AM",1
2000181,Tamsabai Hotel,"Jul 30, 2026, 12:00:00 AM",1
5101760,Baan Suan Krusert,"Jul 11, 2026, 12:00:00 AM",1
4977985,The Square Hotel Nakhon Phanom,"Jul 27, 2026, 12:00:00 AM",1
2000850,Thai Inter Hotel,"Jul 27, 2026, 12:00:00 AM",1
4792662,The Peak Songkhla,"Jul 16, 2026, 12:00:00 AM",1
4543029,Lapatrada Resort,"Jul 4, 2026, 12:00:00 AM",1
5102262,Snooze Hotel Amata,"Jul 4, 2026, 12:00:00 AM",1
65430,Som O House Hotel,"Jul 17, 2026, 12:00:00 AM",1
4926749,Nest n Rest Hotel,"Jul 2, 2026, 12:00:00 AM",1
4921464,Ramada Tenn Ekamai,"Aug 23, 2026, 12:00:00 AM",1
5101058,The Navy House Hotel,"Aug 24, 2026, 12:00:00 AM",1
747,Baan Grood Arcadia Resort and Spa,"Jul 22, 2026, 12:00:00 AM",1
4883872,The Chess hotel,"Jul 18, 2026, 12:00:00 AM",1
4920686,Mayuu Ayutthaya Hotel,"Aug 1, 2026, 12:00:00 AM",1
522,Club Mahindra Mac Boutique Hotel,"Jul 17, 2026, 12:00:00 AM",1
2003824,Bhundaree Richy,"Jul 11, 2026, 12:00:00 AM",1
4267489,Bansuan Resort Nakhonsawan,"Jul 19, 2026, 12:00:00 AM",1
2010951,De Princess Hotel Udonthani,"Jul 9, 2026, 12:00:00 AM",1
181563,L Nimman Boutique Hotel,"Jul 7, 2026, 12:00:00 AM",1
4915675,The Gold Living Life,"Jul 25, 2026, 12:00:00 AM",1
5101972,GO Hotel Bangkok Suvarnabhumi Airport,"Jul 11, 2026, 12:00:00 AM",1
4543120,Daydream House,"Jul 15, 2026, 12:00:00 AM",1
2007119,Chateau de bear Nakhonsawan,"Jul 18, 2026, 12:00:00 AM",1
4921057,"Le Cannes, A Recall Luxe Hotel","Jul 18, 2026, 12:00:00 AM",1
4936650,Blu Monkey Hub and Hotel Krabi Town,"Jul 27, 2026, 12:00:00 AM",1
183078,The 28th Hotel,"Aug 8, 2026, 12:00:00 AM",1
65536,Coco Beach Resort Bangsean,"Aug 3, 2026, 12:00:00 AM",1
5015298,Whitebeach Resort,"Jul 26, 2026, 12:00:00 AM",1
43888,Kaewsamui Resort,"Sep 6, 2026, 12:00:00 AM",1
43651,PC Grand Palace Hotel,"Jul 18, 2026, 12:00:00 AM",1
4848992,Xotel,"Jul 28, 2026, 12:00:00 AM",1
1230,Sleep With Me Hotel design hotel @ Patong,"Sep 25, 2026, 12:00:00 AM",1
182,Furama Silom Bangkok,"Oct 20, 2026, 12:00:00 AM",1
183307,The Canal 304 Hotel & Residence,"Aug 1, 2026, 12:00:00 AM",1
4968469,Chaba resort pattaya,"Jul 10, 2026, 12:00:00 AM",1
4857775,Plaina Resort Phutthaisong,"Jul 21, 2026, 12:00:00 AM",1
4915585,Huern Kan Thong Hotel,"Jul 26, 2026, 12:00:00 AM",1
137995,Blu Monkey Hub & Hotel Phuket,"Jul 21, 2026, 12:00:00 AM",1
43603,V-Verve Service Apartment,"Jul 20, 2026, 12:00:00 AM",1
2004219,Hisoplace Hotel,"Jul 26, 2026, 12:00:00 AM",1
4922778,Hotel Midtown Ratsada,"Jul 25, 2026, 12:00:00 AM",1
4884544,Rangsit Residence,"Jul 15, 2026, 12:00:00 AM",1
4847587,The Cozy Hotel Phetchaburi,"Jul 8, 2026, 12:00:00 AM",1
63714,Dahla the Resort,"Jul 14, 2026, 12:00:00 AM",1
43652,Sirichai Living,"Jul 11, 2026, 12:00:00 AM",1
4204497,Aen Guy Boutique Hotel,"Jul 12, 2026, 12:00:00 AM",1
5102560,Sugar Marina Hotel -POP- Kata Beach,"Jul 25, 2026, 12:00:00 AM",1
2011049,Worita Cove Hotel,"Jul 15, 2026, 12:00:00 AM",1
5102073,Chill Hotel Khaoyai,"Jul 25, 2026, 12:00:00 AM",1
4525878,Rangsiya Boutique Hotel,"Jul 20, 2026, 12:00:00 AM",1
5102091,Chez Nij Ryokan Onsen,"Jul 21, 2026, 12:00:00 AM",1
63626,Baan Phor Phan Hotel,"Jul 24, 2026, 12:00:00 AM",1
5101720,L2 Premium,"Jul 27, 2026, 12:00:00 AM",1
63672,Madina Hotel Rayong,"Sep 14, 2026, 12:00:00 AM",1
2012750,HOMM Boutique Hotel,"Aug 14, 2026, 12:00:00 AM",1
2005742,The Bliss Loei Living Hotel,"Jul 24, 2026, 12:00:00 AM",1
4793826,Metha Palace,"Jul 6, 2026, 12:00:00 AM",1
4936239,Kittrongvill Resort,"Jul 6, 2026, 12:00:00 AM",1
4578,A-Te Chumphon Hotel,"Dec 26, 2026, 12:00:00 AM",1
21222,KP Place,"Jul 21, 2026, 12:00:00 AM",1
181556,Sunee Boutique Hotel,"Jul 14, 2026, 12:00:00 AM",1
63455,Wangnamyen Garden Hotel,"Jul 23, 2026, 12:00:00 AM",1
43637,Kanok Udom Place 3,"Jul 4, 2026, 12:00:00 AM",1
4871630,Vanida Halal Resort,"Jul 18, 2026, 12:00:00 AM",1
63444,M2 Hotel Phayao,"Jul 5, 2026, 12:00:00 AM",1
4915675,The Gold Living Life,"Jul 19, 2026, 12:00:00 AM",1
23937,Brique Hotel Chiangmai,"Jul 24, 2026, 12:00:00 AM",1
2010201,Anchalee Resort Bang Saphan,"Aug 13, 2026, 12:00:00 AM",1
5004716,Urbana House Samut Songkhram,"Aug 19, 2026, 12:00:00 AM",1
152411,Aoontawan Resort Songkhla,"Sep 5, 2026, 12:00:00 AM",1
63739,Tonwa Resort,"Jul 17, 2026, 12:00:00 AM",1
5101673,Sai Yok Noi Resort,"Jul 24, 2026, 12:00:00 AM",1
180822,Zak Residence,"Jul 25, 2026, 12:00:00 AM",1
2011442,Uthaithani Resort,"Jul 25, 2026, 12:00:00 AM",1
4915580,Top inn Hotel Mahasarakham,"Jul 25, 2026, 12:00:00 AM",1
4884071,Grand Maihom Hotel,"Jul 18, 2026, 12:00:00 AM",1
5101058,The Navy House Hotel,"Jul 8, 2026, 12:00:00 AM",1
4267489,Bansuan Resort Nakhonsawan,"Jul 3, 2026, 12:00:00 AM",1
4920441,The Bliss Boutique Trang,"Jul 3, 2026, 12:00:00 AM",1
63449,FIG Boutique Hotel,"Jul 11, 2026, 12:00:00 AM",1
4884349,Livist Resort Phetchabun,"Jul 18, 2026, 12:00:00 AM",1
746,ibis Huahin,"Jan 16, 2027, 12:00:00 AM",1
5032,Blue House Sukhothai,"Jul 28, 2026, 12:00:00 AM",1
4932806,Grand Sansook Omnoi,"Jul 11, 2026, 12:00:00 AM",1
21582,Alexander Hotel,"Sep 25, 2026, 12:00:00 AM",1
177855,The Rich Residence Surat Thani,"Jul 18, 2026, 12:00:00 AM",1
4732,At Sakon Hotel,"Jul 17, 2026, 12:00:00 AM",1
5101640,Bear & Bird Hotel,"Jul 1, 2026, 12:00:00 AM",1
65010,Pornsiri Residence,"Jul 11, 2026, 12:00:00 AM",1
43636,A Plus Hotel Ubonratchathani,"Jul 18, 2026, 12:00:00 AM",1
2011510,Amman Unique Hotel Udonthani,"Aug 16, 2026, 12:00:00 AM",1
5102014,De Paris Hotel,"Jul 21, 2026, 12:00:00 AM",1
4607,Chainat Grand Hotel,"Jul 27, 2026, 12:00:00 AM",1
65536,Coco Beach Resort Bangsean,"Jul 23, 2026, 12:00:00 AM",1
4804986,M Grand Hotel Roi Et,"Jul 19, 2026, 12:00:00 AM",1
65541,108 Hotel,"Jul 16, 2026, 12:00:00 AM",1
5102073,Chill Hotel Khaoyai,"Jul 29, 2026, 12:00:00 AM",1
4932854,HOMA Si Racha,"Aug 4, 2026, 12:00:00 AM",1
4918110,101 Hotel Roi Et,"Jul 24, 2026, 12:00:00 AM",1
4934085,La Pino Hotel,"Jul 28, 2026, 12:00:00 AM",1
4598762,B-tel Chom Thong Resort Chiang Mai,"Jul 18, 2026, 12:00:00 AM",1
4934392,River Breeze Chiangsean,"Jul 28, 2026, 12:00:00 AM",1
4862544,Mest Hotel,"Jul 21, 2026, 12:00:00 AM",1
2000227,Justice Hotel,"Jul 5, 2026, 12:00:00 AM",1
4851257,Hotel Kuretakeso Thailand Sriracha,"Aug 1, 2026, 12:00:00 AM",1
63591,The Resort Kabinburi,"Jul 14, 2026, 12:00:00 AM",1
4596,Fortune River View Hotel Nakhon Phanom,"Jul 26, 2026, 12:00:00 AM",1
23923,HTel Resort,"Sep 6, 2026, 12:00:00 AM",1
1676,Kantary Bay Hotel and Serviced Apartments Rayong,"Aug 1, 2026, 12:00:00 AM",1
4867257,Grand PL Hotel,"Jul 16, 2026, 12:00:00 AM",1
152374,Orchid Riverview Hotel,"Jul 19, 2026, 12:00:00 AM",1
4934694,Wattanawan Hotel,"Jul 4, 2026, 12:00:00 AM",1
4883158,Bluebed Hotel,"Jul 12, 2026, 12:00:00 AM",1
4942047,The 29 Place,"Oct 7, 2026, 12:00:00 AM",1
2000105,Aspira One Sutthisan Hotel,"Jul 12, 2026, 12:00:00 AM",1
4870354,Novotel Marina Sriracha,"Jul 25, 2026, 12:00:00 AM",1
183701,Nano Place Hotel Sriracha,"Jul 25, 2026, 12:00:00 AM",1
2006989,Orchid Residence Suratthani,"Jul 25, 2026, 12:00:00 AM",1
23278,Dream D Residence Phetchaburi,"Jul 11, 2026, 12:00:00 AM",1
2005749,Herry Residence,"Jul 16, 2026, 12:00:00 AM",1
4918063,Thongchen Residence,"Jul 27, 2026, 12:00:00 AM",1
63668,I Hotel Khonkaen,"Aug 1, 2026, 12:00:00 AM",1
4921090,AT Apartment,"Jul 5, 2026, 12:00:00 AM",1
4920753,Mintara Phetburi,"Jul 3, 2026, 12:00:00 AM",1
5101972,GO Hotel Bangkok Suvarnabhumi Airport,"Jul 12, 2026, 12:00:00 AM",1
63574,The Nest Hotel Phichit,"Jul 21, 2026, 12:00:00 AM",1
4850501,Creston Grand,"Jul 18, 2026, 12:00:00 AM",1
4920860,The Garden Home Resort Suphan Buri,"Sep 4, 2026, 12:00:00 AM",1
181483,Crystal Nongkhai Hotel,"Jul 5, 2026, 12:00:00 AM",1
63742,Chokdee Place,"Jul 30, 2026, 12:00:00 AM",1
2007026,The Vista Hotel By Satit Group,"Jul 13, 2026, 12:00:00 AM",1
63807,Klongrien Boutique Hatyai,"Jul 23, 2026, 12:00:00 AM",1
2008416,The Sugar Hostel,"Jul 4, 2026, 12:00:00 AM",1
21697,Dhevaraj Hotel,"Jul 31, 2026, 12:00:00 AM",1
5101678,Ta Phai Country House Resort & Restaurants,"Jul 25, 2026, 12:00:00 AM",1
1763,Ayara Grand Palace Hotel,"Jul 12, 2026, 12:00:00 AM",1
182910,Homey Dormy Chiangrai,"Aug 4, 2026, 12:00:00 AM",1
152976,Praiyanan Place Hotel,"Jul 24, 2026, 12:00:00 AM",1
64994,Fortune D Hotel Maesot,"Jul 1, 2026, 12:00:00 AM",1
4723,Sugar Marina Hotel-AVIATOR-Phuket Airport,"Jul 20, 2026, 12:00:00 AM",1
4920844,Nalay Noi Boutique Resort,"Jul 28, 2026, 12:00:00 AM",1
181609,Green Hotel & Resort Khon Kaen,"Jul 9, 2026, 12:00:00 AM",1
137923,4D Residence Ratchaburi,"Jul 2, 2026, 12:00:00 AM",1
43897,Roma Hotel Khonkaen,"Jul 13, 2026, 12:00:00 AM",1
4920736,Thapsakae Hotel,"Jul 30, 2026, 12:00:00 AM",1
4932614,Novotel Rayong Star Convention Centre,"Jul 22, 2026, 12:00:00 AM",1
4885085,Blu Monkey Hub and Hotel Chanthaburi,"Jul 28, 2026, 12:00:00 AM",1
1844,Sunee Grand Hotel,"Aug 15, 2026, 12:00:00 AM",1
183245,Huern Nana Jomsawan,"Jul 23, 2026, 12:00:00 AM",1
2011442,Uthaithani Resort,"Jul 27, 2026, 12:00:00 AM",1
522,Club Mahindra Mac Boutique Hotel,"Jul 19, 2026, 12:00:00 AM",1
2000160,Wynnhouse Khaoyai,"Jul 31, 2026, 12:00:00 AM",1
43641,The Phant Hotel,"Jul 23, 2026, 12:00:00 AM",1
4924338,Get Sleep @Tha Sala,"Aug 9, 2026, 12:00:00 AM",1
43886,Prachuap Beach Hotel,"Jul 17, 2026, 12:00:00 AM",1
152425,Saveone Boutique Hotel Chumpae,"Jul 20, 2026, 12:00:00 AM",1
23753,The Grand Wipanan Residence,"Jul 4, 2026, 12:00:00 AM",1
4205678,Le Siri Hotel,"Jul 24, 2026, 12:00:00 AM",1
4996599,Lalynn Resort,"Jul 22, 2026, 12:00:00 AM",1
4920669,Nine River Hotel,"Aug 22, 2026, 12:00:00 AM",1
183415,Chaanburi Boutique Resort,"Jul 17, 2026, 12:00:00 AM",1
180822,Zak Residence,"Jul 3, 2026, 12:00:00 AM",1
4795635,Baan Rak Resort Samroiyot,"Jul 24, 2026, 12:00:00 AM",1
4854509,Heaven Hotel Chachoengsao,"Aug 15, 2026, 12:00:00 AM",1
2010385,Tinidee Hotel Bangkok Golf Club,"Jul 10, 2026, 12:00:00 AM",1
2000174,Malinee Hotel,"Jul 23, 2026, 12:00:00 AM",1
4866348,TT Residence​,"Jul 18, 2026, 12:00:00 AM",1
2000299,Morage Hotel Phitsanulok,"Jul 10, 2026, 12:00:00 AM",1
4920574,Sport Inn Chiang Rai,"Jul 3, 2026, 12:00:00 AM",1
183055,Chantra Hotel Sakaeo,"Jul 25, 2026, 12:00:00 AM",1
5101714,G9 Hotel Kanchanaburi,"Jul 4, 2026, 12:00:00 AM",1
2007548,Benri sriracha Residence,"Jul 15, 2026, 12:00:00 AM",1
2000356,Sakura Boutique Hotel Pluakdaeng,"Jul 1, 2026, 12:00:00 AM",1
43897,Roma Hotel Khonkaen,"Jul 9, 2026, 12:00:00 AM",1
4883872,The Chess hotel,"Jul 16, 2026, 12:00:00 AM",1
2000046,PS Resort Hatyai,"Jul 26, 2026, 12:00:00 AM",1
4723,Sugar Marina Hotel-AVIATOR-Phuket Airport,"Jul 31, 2026, 12:00:00 AM",1
4598762,B-tel Chom Thong Resort Chiang Mai,"Jul 23, 2026, 12:00:00 AM",1
5102560,Sugar Marina Hotel -POP- Kata Beach,"Jul 27, 2026, 12:00:00 AM",1
2000299,Morage Hotel Phitsanulok,"Jul 25, 2026, 12:00:00 AM",1
2000684,Boonsiri Boutique Hotel,"Jul 4, 2026, 12:00:00 AM",1
4920647,Petch Siam Resort,"Jul 4, 2026, 12:00:00 AM",1
5101597,The Horizon Groove Hotel,"Jul 15, 2026, 12:00:00 AM",1
43842,Rattana View Phitsanulok,"Jul 24, 2026, 12:00:00 AM",1
5101171,Songle Ville Resort,"Jul 25, 2026, 12:00:00 AM",1
4885023,Conbrio Resort & Sport Club,"Jul 14, 2026, 12:00:00 AM",1
182960,The Linux Garden Yala,"Jul 19, 2026, 12:00:00 AM",1
4793826,Metha Palace,"Jul 5, 2026, 12:00:00 AM",1
43885,S Tara Grand Hotel,"Jul 9, 2026, 12:00:00 AM",1
4920925,One Budget Hotel Chiangrai Soi Sawan,"Jul 9, 2026, 12:00:00 AM",1
4968469,Chaba resort pattaya,"Jul 16, 2026, 12:00:00 AM",1
2007119,Chateau de bear Nakhonsawan,"Jul 24, 2026, 12:00:00 AM",1
5101678,Ta Phai Country House Resort & Restaurants,"Jul 30, 2026, 12:00:00 AM",1
4890153,JB Place Hotel Ban Phaeng,"Jul 13, 2026, 12:00:00 AM",1
2006989,Orchid Residence Suratthani,"Jul 19, 2026, 12:00:00 AM",1
2006938,RoomQuest Rimrabeang at Amphawa,"Sep 12, 2026, 12:00:00 AM",1
4795619,Petchngam Home Resort,"Jul 14, 2026, 12:00:00 AM",1
2006452,My Room Ratchaburi​,"Jul 18, 2026, 12:00:00 AM",1
43862,Royal Diamond Hotel,"Jul 23, 2026, 12:00:00 AM",1
183404,O2 Hotel Lopburi,"Jul 24, 2026, 12:00:00 AM",1
1773,Topland Hotel Phitsanulok,"Nov 19, 2026, 12:00:00 AM",1
5015793,Sun Moon Hotel,"Jul 14, 2026, 12:00:00 AM",1
4922660,EXII Hotel,"Aug 24, 2026, 12:00:00 AM",1
21884,Napalai Hotel Udonthani,"Jul 11, 2026, 12:00:00 AM",1
4921572,Aster Canopy Suites & Living,"Jul 28, 2026, 12:00:00 AM",1
4607,Chainat Grand Hotel,"Jul 5, 2026, 12:00:00 AM",1
43886,Prachuap Beach Hotel,"Jul 6, 2026, 12:00:00 AM",1
317,Avana Hotel and Convention Center,"Sep 26, 2026, 12:00:00 AM",1
183163,Donchan Grand Hotel,"Jul 25, 2026, 12:00:00 AM",1
43937,P.A. Thani Hotel,"Jul 21, 2026, 12:00:00 AM",1
63406,G2 Hotel Group,"Jul 18, 2026, 12:00:00 AM",1
4921057,"Le Cannes, A Recall Luxe Hotel","Jul 3, 2026, 12:00:00 AM",1
63574,The Nest Hotel Phichit,"Jul 11, 2026, 12:00:00 AM",1
5101549,Terminal 2 Phuket Hotel,"Jul 24, 2026, 12:00:00 AM",1
4907823,Classiccar Caravan Resort,"Jul 26, 2026, 12:00:00 AM",1
5101959,Tassana Place Boutique Hotel,"Jul 25, 2026, 12:00:00 AM",1
4884787,Ananzitra Hotel,"Sep 28, 2026, 12:00:00 AM",1
63698,Hansanan Hotel Phitsanulok,"Jul 24, 2026, 12:00:00 AM",1
2005859,Crystal Place Buayai,"Jul 11, 2026, 12:00:00 AM",1
182982,Panorama Hotel Buriram,"Jul 31, 2026, 12:00:00 AM",1
152374,Orchid Riverview Hotel,"Aug 4, 2026, 12:00:00 AM",1
183395,Bann Lhong Rak Krabi,"Jul 18, 2026, 12:00:00 AM",1
177830,The Zeit Riverkwai,"Jul 27, 2026, 12:00:00 AM",1
4854509,Heaven Hotel Chachoengsao,"Jul 12, 2026, 12:00:00 AM",1
2010883,Neca Reiche Hotel,"Oct 24, 2026, 12:00:00 AM",1
65655,Tai Shan Suites,"Jul 18, 2026, 12:00:00 AM",1
21999,PhoomThai Garden Hotel,"Jul 26, 2026, 12:00:00 AM",1
5078712,Sukjai Grand Luxury Boutique Hotel,"Oct 21, 2026, 12:00:00 AM",1
4077779,Chai Siri Park View Khon Kaen,"Jul 15, 2026, 12:00:00 AM",1
183078,The 28th Hotel,"Jul 26, 2026, 12:00:00 AM",1
21697,Dhevaraj Hotel,"Jul 16, 2026, 12:00:00 AM",1
4936076,Matini Premium @ Klong 1,"Jul 13, 2026, 12:00:00 AM",1
4543142,Sleep Mai? Chiang Mai Airport Lifestyle Hotel,"Jul 31, 2026, 12:00:00 AM",1
4921032,The Pride Hotel Phitsanulok,"Jul 17, 2026, 12:00:00 AM",1
2011259,S Bangkok Navamin,"Nov 4, 2026, 12:00:00 AM",1
3014343,Napa Garden,"Oct 3, 2026, 12:00:00 AM",1
182808,Ibiz Boutique Hotel,"Jul 15, 2026, 12:00:00 AM",1
183209,Myrrh Hotel Chanthaburi,"Jul 14, 2026, 12:00:00 AM",1
461,Furamaxclusive Asoke Bangkok,"Jul 16, 2026, 12:00:00 AM",1
5101673,Sai Yok Noi Resort,"Jul 28, 2026, 12:00:00 AM",1
4859024,56 Surawong Hotel,"Jul 16, 2026, 12:00:00 AM",1
2000105,Aspira One Sutthisan Hotel,"Jul 24, 2026, 12:00:00 AM",1
4884497,Riverton Hotel,"Jul 11, 2026, 12:00:00 AM",1
4977985,The Square Hotel Nakhon Phanom,"Jul 30, 2026, 12:00:00 AM",1
25149,Fortune View Kong Nakhon Phanom,"Jul 29, 2026, 12:00:00 AM",1
2008893,The Pride Salaya,"Aug 1, 2026, 12:00:00 AM",1
2050,Charoen Hotel Udon Thani,"Jul 8, 2026, 12:00:00 AM",1
4640,Aramis Hotel Nakhon Sawan,"Jul 3, 2026, 12:00:00 AM",1
4884419,Bliq Hotel Chanthaburi,"Jul 22, 2026, 12:00:00 AM",1
21653,Pacific Park Hotel,"Jul 13, 2026, 12:00:00 AM",1
4921227,The Pillows Boutique Hotel,"Sep 4, 2026, 12:00:00 AM",1
3332,Ray Hotel Buriram,"Jul 3, 2026, 12:00:00 AM",1
5102037,Warm Beach Resort,"Jul 15, 2026, 12:00:00 AM",1
2006938,RoomQuest Rimrabeang at Amphawa,"Jul 18, 2026, 12:00:00 AM",1
4885132,Neo Hotel Khonkaen,"Jul 7, 2026, 12:00:00 AM",1
4581,Prajaktra City Hostel,"Aug 10, 2026, 12:00:00 AM",1
2007725,Rider bedroom hostel and cafe,"Jul 5, 2026, 12:00:00 AM",1
1371,Glacier Hotel Khon Kaen,"Jul 5, 2026, 12:00:00 AM",1
2007270,Wattana House Thayang,"Jul 22, 2026, 12:00:00 AM",1
4921432,T-OneHome,"Jul 26, 2026, 12:00:00 AM",1
2012009,I Residence Hotel Pathumthani,"Jul 1, 2026, 12:00:00 AM",1
4883884,Phangkhon Inn,"Jul 3, 2026, 12:00:00 AM",1
4921453,Goodday Hotel Khon Kaen,"Jul 18, 2026, 12:00:00 AM",1
421,FuramaXclusive Sukhumvit Soi 1,"Jul 30, 2026, 12:00:00 AM",1
2056,Krungsri River Hotel,"Aug 20, 2026, 12:00:00 AM",1
4921432,T-OneHome,"Jul 12, 2026, 12:00:00 AM",1
2050,Charoen Hotel Udon Thani,"Jul 5, 2026, 12:00:00 AM",1
152374,Orchid Riverview Hotel,"Sep 6, 2026, 12:00:00 AM",1
2004373,Thongphaphum Place,"Jul 12, 2026, 12:00:00 AM",1
4606532,EMory Resort Lopburi,"Jul 3, 2026, 12:00:00 AM",1
2000186,Patikom Apartment,"Jul 4, 2026, 12:00:00 AM",1
4915562,VK & Residence Kanchanaburi,"Jul 2, 2026, 12:00:00 AM",1
23104,Magic House Hostel,"Jul 15, 2026, 12:00:00 AM",1
2006823,Sombat Resort,"Jul 11, 2026, 12:00:00 AM",1
65458,Charoenchit House Khon Kaen,"Jul 1, 2026, 12:00:00 AM",1
4921023,Ceniq Hotel Lampang,"Jul 28, 2026, 12:00:00 AM",1
25149,Fortune View Kong Nakhon Phanom,"Aug 10, 2026, 12:00:00 AM",1
703,We Valley Boutique Hotel,"Jul 25, 2026, 12:00:00 AM",1
4730,Xen Hotel Nakhon Pathom,"Jul 31, 2026, 12:00:00 AM",1
2012397,Southern Airport Hotel,"Jul 4, 2026, 12:00:00 AM",1
4920857,COCO HOME Homestay,"Jul 18, 2026, 12:00:00 AM",1
23104,Magic House Hostel,"Jul 3, 2026, 12:00:00 AM",1
43897,Roma Hotel Khonkaen,"Jul 23, 2026, 12:00:00 AM",1
2007760,The 8 Factory Hotel,"Jul 3, 2026, 12:00:00 AM",1
4920974,Pillow Inn Chachoengsao,"Jul 25, 2026, 12:00:00 AM",1
63652,Belleville Hotel Phetchabun,"Aug 8, 2026, 12:00:00 AM",1
2006014,Jasaen Hotel,"Jul 13, 2026, 12:00:00 AM",1
2004060,V.House Nakhon,"Jul 18, 2026, 12:00:00 AM",1
4933567,Z&Z Resort,"Jul 9, 2026, 12:00:00 AM",1
183638,The Resto Udonthani,"Jul 21, 2026, 12:00:00 AM",1
43917,Win D Hotel,"Jul 21, 2026, 12:00:00 AM",1
2000356,Sakura Boutique Hotel Pluakdaeng,"Jul 13, 2026, 12:00:00 AM",1
2010376,Shanti-Retreat Hotel,"Aug 15, 2026, 12:00:00 AM",1
64984,Mont Talay Hotel,"Jul 13, 2026, 12:00:00 AM",1
21378,Hug Nimman Hotel Chiang Mai,"Oct 23, 2026, 12:00:00 AM",1
1770,Grand Riverside Hotel Phitsanulok,"Jul 28, 2026, 12:00:00 AM",1
65430,Som O House Hotel,"Jul 5, 2026, 12:00:00 AM",1
4772382,Mitaree Hotel 1,"Jul 20, 2026, 12:00:00 AM",1
4936123,"Hotel Golf & Gift Home, Phitsanulok","Jul 4, 2026, 12:00:00 AM",1
4921043,The Hub Hotel & Fitness Surin,"Oct 3, 2026, 12:00:00 AM",1
2004765,Phuket Seaview Resotel,"Jul 10, 2026, 12:00:00 AM",1
5101501,Pingthara Omkoi,"Jul 4, 2026, 12:00:00 AM",1
177896,Stay with Nimman Chiang Mai,"Jul 15, 2026, 12:00:00 AM",1
4533067,Romruedee Resort,"Jul 18, 2026, 12:00:00 AM",1
5101972,GO Hotel Bangkok Suvarnabhumi Airport,"Jul 18, 2026, 12:00:00 AM",1
4918110,101 Hotel Roi Et,"Sep 5, 2026, 12:00:00 AM",1
4935981,BB House & Resort Khon Kaen,"Jul 28, 2026, 12:00:00 AM",1
21421,Siam Tara Palace Hotel,"Jul 11, 2026, 12:00:00 AM",1
4543160,Sitthinard Grandview Hotel,"Jul 8, 2026, 12:00:00 AM",1
4253076,Morino Hotel Siracha,"Jul 8, 2026, 12:00:00 AM",1
4920369,Modern Green Resort Dan Khun Thot,"Jul 7, 2026, 12:00:00 AM",1
4606532,EMory Resort Lopburi,"Jul 19, 2026, 12:00:00 AM",1
477,Ibis Bangkok Sukhumvit 4,"Jul 22, 2026, 12:00:00 AM",1
63377,L Hotel Khon Kaen,"Jul 30, 2026, 12:00:00 AM",1
183160,Aisana Hotel Korat,"Nov 7, 2026, 12:00:00 AM",1
4920890,The Finn Hotel,"Jul 20, 2026, 12:00:00 AM",1
43937,P.A. Thani Hotel,"Nov 21, 2026, 12:00:00 AM",1
5102011,BB Hotel,"Aug 9, 2026, 12:00:00 AM",1
2009950,Suntria Hotel Pattaya,"Aug 1, 2026, 12:00:00 AM",1
5102537,Klang Aow Resort,"Jul 30, 2026, 12:00:00 AM",1
2012549,2U Hotel Hatyai,"Jul 10, 2026, 12:00:00 AM",1
4920292,O.K. Resort Banpong Ratchaburi,"Sep 1, 2026, 12:00:00 AM",1
183071,Laekhon Nonbai,"Jul 19, 2026, 12:00:00 AM",1
5102098,Plearn View Khong Resort,"Jul 19, 2026, 12:00:00 AM",1
43849,Rattana Park Hotel,"Jul 3, 2026, 12:00:00 AM",1
183341,Rua Rasada Express,"Jul 27, 2026, 12:00:00 AM",1
5101529,Chuleekorn Residence,"Jul 28, 2026, 12:00:00 AM",1
4921227,The Pillows Boutique Hotel,"Aug 11, 2026, 12:00:00 AM",1
4920925,One Budget Hotel Chiangrai Soi Sawan,"Aug 10, 2026, 12:00:00 AM",1
63720,Na Tub Thieng Boutique Resort,"Jul 8, 2026, 12:00:00 AM",1
4896922,Kiirin House Banpong,"Jul 10, 2026, 12:00:00 AM",1
43948,VILLA'S DAY Phitsanulok,"Jul 28, 2026, 12:00:00 AM",1
4920332,Wicket White Villa,"Jul 25, 2026, 12:00:00 AM",1
4885005,Parada Ayutthaya,"Jul 5, 2026, 12:00:00 AM",1
4759,Ariston Hotel Bangkok,"Jul 24, 2026, 12:00:00 AM",1
21418,Metro point Bangkok,"Jul 25, 2026, 12:00:00 AM",1
183245,Huern Nana Jomsawan,"Jul 27, 2026, 12:00:00 AM",1
4920686,Mayuu Ayutthaya Hotel,"Aug 18, 2026, 12:00:00 AM",1
43888,Kaewsamui Resort,"Aug 1, 2026, 12:00:00 AM",1
4920606,"SP Resort - Wichian Buri, Phetchabun","Jul 4, 2026, 12:00:00 AM",1
183647,White House Hotel Tak,"Jul 26, 2026, 12:00:00 AM",1
5102392,Fourium Pattaya Hotel & Serviced Residence,"Aug 1, 2026, 12:00:00 AM",1
183190,Rumluek Bangkok,"Jul 13, 2026, 12:00:00 AM",1
2008050,41Studio  Nakhon Phanom,"Jul 4, 2026, 12:00:00 AM",1
2006010,The Xtreme Suites Hotel,"Jul 30, 2026, 12:00:00 AM",1
4883670,Plaitawan Apartment,"Jul 10, 2026, 12:00:00 AM",1
4935981,BB House & Resort Khon Kaen,"Jul 22, 2026, 12:00:00 AM",1
183606,Top View Hotel Sriracha,"Jul 7, 2026, 12:00:00 AM",1
4578,A-Te Chumphon Hotel,"Oct 2, 2026, 12:00:00 AM",1
5101529,Chuleekorn Residence,"Jul 29, 2026, 12:00:00 AM",1
183506,The Seens Hotel Krabi,"Jul 30, 2026, 12:00:00 AM",1
4884559,Chertam Le Marjestic,"Sep 16, 2026, 12:00:00 AM",1
182835,Nadee 10 Resort & Hotel,"Aug 15, 2026, 12:00:00 AM",1
43917,Win D Hotel,"Jul 17, 2026, 12:00:00 AM",1
4920701,Glory Wabi Sabi Hotel,"Jul 26, 2026, 12:00:00 AM",1
2009561,Montara Hotel and Resort Korat,"Jul 4, 2026, 12:00:00 AM",1
5101115,The One House PhopPhra Tak,"Jul 25, 2026, 12:00:00 AM",1
63740,Gallery Lake View Hotel,"Jul 29, 2026, 12:00:00 AM",1
4250204,The O2 Resort,"Jul 10, 2026, 12:00:00 AM",1
63612,Bun Hotel,"Aug 22, 2026, 12:00:00 AM",1
183396,Beloft Hotel Nakhonsithammarat,"Jul 28, 2026, 12:00:00 AM",1
2010838,All Day Hostel @ BTS Bang Chak,"Sep 5, 2026, 12:00:00 AM",1
4996606,JT Place Buriram,"Jul 12, 2026, 12:00:00 AM",1
183410,Royal Land Maeklong Hotel,"Jul 15, 2026, 12:00:00 AM",1
2002124,Central Place Hotel Rayong,"Jul 17, 2026, 12:00:00 AM",1
1844,Sunee Grand Hotel,"Aug 7, 2026, 12:00:00 AM",1
4854509,Heaven Hotel Chachoengsao,"Aug 1, 2026, 12:00:00 AM",1
21937,Khonkaen Hotel,"Jul 4, 2026, 12:00:00 AM",1
4884644,Loft Space Hotel,"Jul 16, 2026, 12:00:00 AM",1
63686,The ICon 304 - C Building,"Jul 22, 2026, 12:00:00 AM",1
152409,The Chainato Boutique Apartment,"Jul 13, 2026, 12:00:00 AM",1
4921403,Ban Rai Nai Suan,"Jul 29, 2026, 12:00:00 AM",1
5101046,Vamin Resort & Pool Villa Chiangkhan Loei,"Jul 27, 2026, 12:00:00 AM",1
4921151,Asawin Grand Convention Hotel,"Jul 5, 2026, 12:00:00 AM",1
2012549,2U Hotel Hatyai,"Jul 6, 2026, 12:00:00 AM",1
5101627,The Moon Kalasin,"Jul 6, 2026, 12:00:00 AM",1
183078,The 28th Hotel,"Aug 1, 2026, 12:00:00 AM",1
4920366,Travelodge Phuket Town,"Oct 17, 2026, 12:00:00 AM",1
137955,The Coconut Hotel Lampang,"Jul 23, 2026, 12:00:00 AM",1
2000231,Romantic Khonkaen Hotel,"Jul 3, 2026, 12:00:00 AM",1
4921302,SOPISA boutique hotel Ayutthaya,"Jul 7, 2026, 12:00:00 AM",1
4918110,101 Hotel Roi Et,"Jul 15, 2026, 12:00:00 AM",1
4920844,Nalay Noi Boutique Resort,"Jul 10, 2026, 12:00:00 AM",1
63699,My Garden Serviced Apartment,"Jul 11, 2026, 12:00:00 AM",1
5102047,Kiree River Hotel,"Jul 30, 2026, 12:00:00 AM",1
4915585,Huern Kan Thong Hotel,"Jul 29, 2026, 12:00:00 AM",1
2012549,2U Hotel Hatyai,"Jul 4, 2026, 12:00:00 AM",1
4921227,The Pillows Boutique Hotel,"Jul 10, 2026, 12:00:00 AM",1
2009950,Suntria Hotel Pattaya,"Aug 8, 2026, 12:00:00 AM",1
2005859,Crystal Place Buayai,"Jul 19, 2026, 12:00:00 AM",1
2011031,Latisha Resort,"Jul 22, 2026, 12:00:00 AM",1
43890,New Season Square Hotel,"Jul 4, 2026, 12:00:00 AM",1
2000181,Tamsabai Hotel,"Jul 25, 2026, 12:00:00 AM",1
152374,Orchid Riverview Hotel,"Jul 29, 2026, 12:00:00 AM",1
4920925,One Budget Hotel Chiangrai Soi Sawan,"Aug 21, 2026, 12:00:00 AM",1
5101074,Atta Hotel Surin,"Jul 23, 2026, 12:00:00 AM",1
2003448,Sailom Premium Resort Det Udom,"Jul 20, 2026, 12:00:00 AM",1
2000160,Wynnhouse Khaoyai,"Aug 19, 2026, 12:00:00 AM",1
2006938,RoomQuest Rimrabeang at Amphawa,"Jul 26, 2026, 12:00:00 AM",1
63455,Wangnamyen Garden Hotel,"Jul 6, 2026, 12:00:00 AM",1
2007639,Irak resort,"Jul 28, 2026, 12:00:00 AM",1
63697,JK Living Hotel and Service Apartment,"Jul 10, 2026, 12:00:00 AM",1
21222,KP Place,"Jul 18, 2026, 12:00:00 AM",1
4581,Prajaktra City Hostel,"Jul 26, 2026, 12:00:00 AM",1
2001943,Phitsanulok Orchid Hotel,"Jul 9, 2026, 12:00:00 AM",1
63697,JK Living Hotel and Service Apartment,"Jul 21, 2026, 12:00:00 AM",1
267,The Twin Towers Hotel,"Jul 19, 2026, 12:00:00 AM",1
183532,Sripech Home,"Aug 24, 2026, 12:00:00 AM",1
2007029,A and S Residence Kanchanaburi,"Jul 7, 2026, 12:00:00 AM",1
2001943,Phitsanulok Orchid Hotel,"Jul 23, 2026, 12:00:00 AM",1
63649,Lee Hotel Suratthani,"Jul 22, 2026, 12:00:00 AM",1
137998,Baan Kiang Wang Place,"Jul 19, 2026, 12:00:00 AM",1
182999,The U-Time Hotel,"Aug 1, 2026, 12:00:00 AM",1
43888,Kaewsamui Resort,"Jul 29, 2026, 12:00:00 AM",1
2011442,Uthaithani Resort,"Jul 28, 2026, 12:00:00 AM",1
2005490,Kavinburi Green Hotel,"Jul 27, 2026, 12:00:00 AM",1
5015298,Whitebeach Resort,"Jul 4, 2026, 12:00:00 AM",1
182835,Nadee 10 Resort & Hotel,"Sep 26, 2026, 12:00:00 AM",1
4920753,Mintara Phetburi,"Jul 22, 2026, 12:00:00 AM",1
21999,PhoomThai Garden Hotel,"Jul 19, 2026, 12:00:00 AM",1
4988854,PLAAI Plus Hotel Bowin,"Jul 22, 2026, 12:00:00 AM",1
2007548,Benri sriracha Residence,"Jul 28, 2026, 12:00:00 AM",1
4884787,Ananzitra Hotel,"Aug 7, 2026, 12:00:00 AM",1
4883849,My Gardens Hotel,"Jul 5, 2026, 12:00:00 AM",1
183372,ATK Garden Hills Hotel,"Jul 22, 2026, 12:00:00 AM",1
182820,S.22 Hotel Suratthani,"Jul 16, 2026, 12:00:00 AM",1
4968455,Sibtis Hotel,"Jul 26, 2026, 12:00:00 AM",1
183524,V Residence Nakhonratchasima,"Jul 23, 2026, 12:00:00 AM",1
43642,Grand Charoonrat Hotel,"Jul 4, 2026, 12:00:00 AM",1
43588,TM Land Hotel,"Jul 11, 2026, 12:00:00 AM",1
4920973,VELA Dhi Nakhon Phanom,"Jul 31, 2026, 12:00:00 AM",1
5101860,V Rich Place,"Jul 31, 2026, 12:00:00 AM",1
181525,Seven Bee Boutique Hotel,"Aug 16, 2026, 12:00:00 AM",1
2002546,Lumphawa Amphawa Resort,"Jul 25, 2026, 12:00:00 AM",1
5101095,Maison Hotel Bangkok,"Dec 14, 2026, 12:00:00 AM",1
183055,Chantra Hotel Sakaeo,"Jul 11, 2026, 12:00:00 AM",1
4915562,VK & Residence Kanchanaburi,"Nov 21, 2026, 12:00:00 AM",1
137889,Dino Studio Kalasin Hotel,"Jul 28, 2026, 12:00:00 AM",1
703,We Valley Boutique Hotel,"Jul 18, 2026, 12:00:00 AM",1
1770,Grand Riverside Hotel Phitsanulok,"Jul 1, 2026, 12:00:00 AM",1
2000160,Wynnhouse Khaoyai,"Jul 28, 2026, 12:00:00 AM",1
5039123,Athena Glamping Khaoyai,"Jul 26, 2026, 12:00:00 AM",1
4921097,JB Grand Park Resort,"Sep 25, 2026, 12:00:00 AM",1
43842,Rattana View Phitsanulok,"Aug 8, 2026, 12:00:00 AM",1
21308,Suntara Wellness Resort and Hotel,"Aug 1, 2026, 12:00:00 AM",1
4606456,S.P. Garden Mansion,"Jul 7, 2026, 12:00:00 AM",1
43886,Prachuap Beach Hotel,"Aug 28, 2026, 12:00:00 AM",1
63795,Maison de Cheer,"Jul 16, 2026, 12:00:00 AM",1
4543108,iSanook Hua Hin Resort and Suites,"Jul 25, 2026, 12:00:00 AM",1
4973324,Mountain & Sea Hotel Prachuap,"Jul 20, 2026, 12:00:00 AM",1
5102537,Klang Aow Resort,"Jul 29, 2026, 12:00:00 AM",1
4920152,Dream Factory Hotel & Rooftop Bar,"Jul 6, 2026, 12:00:00 AM",1
718,Asia Cha Am Hotel,"Jul 27, 2026, 12:00:00 AM",1
183200,Narai Iyara Palace,"Jul 11, 2026, 12:00:00 AM",1
4525878,Rangsiya Boutique Hotel,"Jul 21, 2026, 12:00:00 AM",1
2000076,Baan Dala Hotel Mukdahan,"Jul 5, 2026, 12:00:00 AM",1
1676,Kantary Bay Hotel and Serviced Apartments Rayong,"Jul 28, 2026, 12:00:00 AM",1
152374,Orchid Riverview Hotel,"Dec 15, 2026, 12:00:00 AM",1
137620,Kumkaewudon Hotel,"Jul 25, 2026, 12:00:00 AM",1
63564,@24 Boutique Hotel,"Sep 9, 2026, 12:00:00 AM",1
4606472,Three Bays Resort,"Jul 19, 2026, 12:00:00 AM",1
4921156,Klaang Muang Hotel Rayong,"Jul 4, 2026, 12:00:00 AM",1
43828,Grand Park Hotel Nakhonsithammarat,"Jul 11, 2026, 12:00:00 AM",1
43850,Ratchaphruek Pavilion,"Jul 5, 2026, 12:00:00 AM",1
63834,Baan Na Khon Hotel,"Jul 27, 2026, 12:00:00 AM",1
4896886,Baan Thamthong Lamnarai Resort,"Jul 24, 2026, 12:00:00 AM",1
2005490,Kavinburi Green Hotel,"Aug 6, 2026, 12:00:00 AM",1
43674,The Grace Residence Surin,"Jul 3, 2026, 12:00:00 AM",1
317,Avana Hotel and Convention Center,"Aug 1, 2026, 12:00:00 AM",1
2056,Krungsri River Hotel,"Jul 11, 2026, 12:00:00 AM",1
5101054,Calamint Residence Hotel,"Jul 20, 2026, 12:00:00 AM",1
4933763,FX Hotel Nana,"Jul 12, 2026, 12:00:00 AM",1
4606512,Prangtip Resort,"Jul 19, 2026, 12:00:00 AM",1
2006989,Orchid Residence Suratthani,"Jul 7, 2026, 12:00:00 AM",1
43674,The Grace Residence Surin,"Jul 13, 2026, 12:00:00 AM",1
63574,The Nest Hotel Phichit,"Jul 13, 2026, 12:00:00 AM",1
2010838,All Day Hostel @ BTS Bang Chak,"Aug 1, 2026, 12:00:00 AM",1
4918063,Thongchen Residence,"Jul 9, 2026, 12:00:00 AM",1
4884985,The punn,"Jul 11, 2026, 12:00:00 AM",1
4543019,Moose Hotel Chiangmai,"Jul 18, 2026, 12:00:00 AM",1
183141,Monkham Village Hatyai,"Jul 9, 2026, 12:00:00 AM",1
2007896,Cacha Bed Heritage Hotel,"Jul 25, 2026, 12:00:00 AM",1
65430,Som O House Hotel,"Jul 27, 2026, 12:00:00 AM",1
730,Hinn Namm Hotel,"Jul 18, 2026, 12:00:00 AM",1
152869,Kilintra Residence,"Jul 11, 2026, 12:00:00 AM",1
63808,Phimpraphai Place,"Jul 13, 2026, 12:00:00 AM",1
21230,Faikid Amnat Charoen Hotel,"Jul 10, 2026, 12:00:00 AM",1
5004716,Urbana House Samut Songkhram,"Jul 17, 2026, 12:00:00 AM",1
4918063,Thongchen Residence,"Aug 29, 2026, 12:00:00 AM",1
4920639,Silver Place,"Jul 17, 2026, 12:00:00 AM",1
74,Easy Planet Bangkok Surawong,"Jul 4, 2026, 12:00:00 AM",1
63707,Space59 Hotel,"Dec 18, 2026, 12:00:00 AM",1
4914009,Hotel Scarlett,"Jul 17, 2026, 12:00:00 AM",1
4920613,The Vita Plus Hotel Hatyai,"Jul 18, 2026, 12:00:00 AM",1
4921032,The Pride Hotel Phitsanulok,"Jul 24, 2026, 12:00:00 AM",1
21653,Pacific Park Hotel,"Aug 26, 2026, 12:00:00 AM",1
43948,VILLA'S DAY Phitsanulok,"Jul 23, 2026, 12:00:00 AM",1
4920835,JU Apartment,"Sep 5, 2026, 12:00:00 AM",1
63315,Siva Royal Hotel,"Jul 15, 2026, 12:00:00 AM",1
2007026,The Vista Hotel By Satit Group,"Jul 22, 2026, 12:00:00 AM",1
2004219,Hisoplace Hotel,"Jul 5, 2026, 12:00:00 AM",1
22349,Welcome World Beachfront Resort & Spa,"Oct 10, 2026, 12:00:00 AM",1
2000194,Eireann Boutique Hotel,"Jul 11, 2026, 12:00:00 AM",1
183163,Donchan Grand Hotel,"Jul 22, 2026, 12:00:00 AM",1
4936626,Mooninn Place,"Jul 25, 2026, 12:00:00 AM",1
505,JC Kevin Sathorn Bangkok Hotel,"Jul 6, 2026, 12:00:00 AM",1
4726,Trat City Hotel,"Jul 7, 2026, 12:00:00 AM",1
4968455,Sibtis Hotel,"Jul 10, 2026, 12:00:00 AM",1
2012549,2U Hotel Hatyai,"Jul 15, 2026, 12:00:00 AM",1
183020,Euro Boutique Hotel Chumphon,"Jul 9, 2026, 12:00:00 AM",1
63449,FIG Boutique Hotel,"Jul 5, 2026, 12:00:00 AM",1
43634,Sawairiang Place Apartment,"Jul 5, 2026, 12:00:00 AM",1
2008496,Thongphaphum River,"Jul 25, 2026, 12:00:00 AM",1
4920896,The Resort Hotel at Photharam,"Jul 29, 2026, 12:00:00 AM",1
4920985,Calinton Hotel,"Jul 29, 2026, 12:00:00 AM",1
4932432,Aston Residence Hatyai,"Jul 5, 2026, 12:00:00 AM",1
4936650,Blu Monkey Hub and Hotel Krabi Town,"Jul 14, 2026, 12:00:00 AM",1
4560,The Centris Hotel Phatthalung,"Jul 3, 2026, 12:00:00 AM",1
4543023,Proud Khaoyai,"Jul 25, 2026, 12:00:00 AM",1
2010883,Neca Reiche Hotel,"Jul 3, 2026, 12:00:00 AM",1
183359,At Sleep Nakhon Pathom,"Jul 21, 2026, 12:00:00 AM",1
5021799,The Brillianest Gallery Hotel Hatyai,"Aug 8, 2026, 12:00:00 AM",1
5101185,Himtong Coffee and Resort,"Jul 12, 2026, 12:00:00 AM",1
2002543,Pakchong Hotel,"Jul 18, 2026, 12:00:00 AM",1
63427,Amphawaree,"Sep 4, 2026, 12:00:00 AM",1
183404,O2 Hotel Lopburi,"Jul 11, 2026, 12:00:00 AM",1
2009920,Oakwood Hotel & Residence Sri Racha,"Jul 25, 2026, 12:00:00 AM",1
2091,Crystal Hotel Hat Yai,"Jul 2, 2026, 12:00:00 AM",1
21358,The Paradiso JK Design Hotel,"Jul 26, 2026, 12:00:00 AM",1
4887266,Suphachok Resort,"Jul 17, 2026, 12:00:00 AM",1
5101673,Sai Yok Noi Resort,"Jul 23, 2026, 12:00:00 AM",1
4922681,Ezy Inn,"Jul 11, 2026, 12:00:00 AM",1
64973,The Mercy Hotel,"Jul 26, 2026, 12:00:00 AM",1
2005327,Ban Suan Pharwalai,"Jul 22, 2026, 12:00:00 AM",1
2006452,My Room Ratchaburi​,"Jul 19, 2026, 12:00:00 AM",1
43917,Win D Hotel,"Jul 19, 2026, 12:00:00 AM",1
181467,Tipnalin Apartment Phetchaburi,"Jul 5, 2026, 12:00:00 AM",1
2000113,Yaibua Hotel,"Jul 23, 2026, 12:00:00 AM",1
4920332,Wicket White Villa,"Jul 11, 2026, 12:00:00 AM",1
4853363,De Vine House,"Jul 16, 2026, 12:00:00 AM",1
2006792,Rimbueng Resort Pranburi,"Jul 6, 2026, 12:00:00 AM",1
4862544,Mest Hotel,"Jul 25, 2026, 12:00:00 AM",1
5031959,Aramis Hotel Kamphaengphet,"Jul 27, 2026, 12:00:00 AM",1
5102339,Enrich Grand Hotel,"Jul 27, 2026, 12:00:00 AM",1
4543142,Sleep Mai? Chiang Mai Airport Lifestyle Hotel,"Oct 17, 2026, 12:00:00 AM",1
43873,K Star Place,"Jul 11, 2026, 12:00:00 AM",1
4921096,Suntree Residence Sakon Nakhon,"Jul 6, 2026, 12:00:00 AM",1
4932854,HOMA Si Racha,"Jul 29, 2026, 12:00:00 AM",1
182982,Panorama Hotel Buriram,"Sep 12, 2026, 12:00:00 AM",1
5101181,Greenview Resort Kohyor,"Jul 10, 2026, 12:00:00 AM",1
4543060,Baan Mali Rimhkong,"Jul 25, 2026, 12:00:00 AM",1
2011031,Latisha Resort,"Jul 11, 2026, 12:00:00 AM",1
4258229,Prompiman Sisaket Hotel,"Jul 19, 2026, 12:00:00 AM",1
43909,Privacy Residence Lopburi,"Jul 16, 2026, 12:00:00 AM",1
4932309,Trattara Boutique Hotel,"Jul 24, 2026, 12:00:00 AM",1
63801,Anchalee Garden Hotel,"Jul 21, 2026, 12:00:00 AM",1
4883849,My Gardens Hotel,"Jul 11, 2026, 12:00:00 AM",1
2006452,My Room Ratchaburi​,"Jul 15, 2026, 12:00:00 AM",1
182993,Star Convention Hotel Rayong,"Aug 26, 2026, 12:00:00 AM",1
4884608,PK Mansion Chiang Mai,"Jul 18, 2026, 12:00:00 AM",1
4739720,Sansabai House Hotel,"Jul 3, 2026, 12:00:00 AM",1
43886,Prachuap Beach Hotel,"Aug 20, 2026, 12:00:00 AM",1
4848992,Xotel,"Aug 6, 2026, 12:00:00 AM",1
4921080,Centara Ubon,"Aug 22, 2026, 12:00:00 AM",1
4933723,Crystal Srivaree Suvarnabhumi Hotel,"Jul 1, 2026, 12:00:00 AM",1
4932291,Cozy Blu Suvarnabhumi,"Jul 1, 2026, 12:00:00 AM",1
4826148,Mananchaya Resort,"Jul 19, 2026, 12:00:00 AM",1
64973,The Mercy Hotel,"Jul 4, 2026, 12:00:00 AM",1
63634,The Farm House Hotel,"Jul 15, 2026, 12:00:00 AM",1
65430,Som O House Hotel,"Jul 16, 2026, 12:00:00 AM",1
5004716,Urbana House Samut Songkhram,"Jul 28, 2026, 12:00:00 AM",1
2012150,The C hotel Amnatcharoen,"Jul 3, 2026, 12:00:00 AM",1
4920753,Mintara Phetburi,"Jul 2, 2026, 12:00:00 AM",1
5101714,G9 Hotel Kanchanaburi,"Jul 17, 2026, 12:00:00 AM",1
4726,Trat City Hotel,"Aug 8, 2026, 12:00:00 AM",1
63666,Mandy Nok Hotel,"Jul 18, 2026, 12:00:00 AM",1
4543116,Araya Hotel Uttaradit,"Jul 30, 2026, 12:00:00 AM",1
63740,Gallery Lake View Hotel,"Jul 9, 2026, 12:00:00 AM",1
65545,Bonito Chinos Hotel,"Aug 8, 2026, 12:00:00 AM",1
5101954,289home,"Jul 22, 2026, 12:00:00 AM",1
181659,Baan Gon Chompu Suanphueng,"Jul 17, 2026, 12:00:00 AM",1
182820,S.22 Hotel Suratthani,"Jul 23, 2026, 12:00:00 AM",1
764,Huahin Grand Hotel & Plaza,"Jul 4, 2026, 12:00:00 AM",1
4921227,The Pillows Boutique Hotel,"Jul 18, 2026, 12:00:00 AM",1
63795,Maison de Cheer,"Jul 9, 2026, 12:00:00 AM",1
183410,Royal Land Maeklong Hotel,"Jul 23, 2026, 12:00:00 AM",1
63638,Trat Center Hotel,"Jul 18, 2026, 12:00:00 AM",1
4733,Sri U-Thong Grande Hotel,"Jul 16, 2026, 12:00:00 AM",1
4932309,Trattara Boutique Hotel,"Jul 26, 2026, 12:00:00 AM",1
183058,Morakot Hotel Chumphon,"Jul 13, 2026, 12:00:00 AM",1
5042341,N.J. Hotel That Phanom,"Jul 28, 2026, 12:00:00 AM",1
182886,Je T'aime Trang,"Jul 5, 2026, 12:00:00 AM",1
21308,Suntara Wellness Resort and Hotel,"Jul 11, 2026, 12:00:00 AM",1
4920978,Sky & Star Loft,"Jul 18, 2026, 12:00:00 AM",1
43886,Prachuap Beach Hotel,"Jul 12, 2026, 12:00:00 AM",1
4922716,The Peach Hotel Phetchaburi,"Jul 17, 2026, 12:00:00 AM",1
5101956,BaanPaa Resort,"Jul 4, 2026, 12:00:00 AM",1
65581,Anna Nava Pakkret Hotel,"Nov 13, 2026, 12:00:00 AM",1
2009950,Suntria Hotel Pattaya,"Jul 11, 2026, 12:00:00 AM",1
232,FX Hotel Metrolink Makkasan,"Sep 5, 2026, 12:00:00 AM",1
4914009,Hotel Scarlett,"Jul 29, 2026, 12:00:00 AM",1
4918071,No.89 Boutique Hotel,"Jul 2, 2026, 12:00:00 AM",1
63463,River Hotel Nakhon Pathom,"Aug 29, 2026, 12:00:00 AM",1
4920896,The Resort Hotel at Photharam,"Jul 17, 2026, 12:00:00 AM",1
152941,My Room By Sermsub,"Jul 13, 2026, 12:00:00 AM",1
152869,Kilintra Residence,"Aug 1, 2026, 12:00:00 AM",1
182900,Alinda Resort,"Jul 25, 2026, 12:00:00 AM",1
2138,Koranaree Courtyard Boutique Hotel,"Sep 5, 2026, 12:00:00 AM",1
4920368,A Day Hotel Roiet,"Jul 14, 2026, 12:00:00 AM",1
174257,The Charm Boutique Resort,"Jul 23, 2026, 12:00:00 AM",1
46,Chiva Bangkok Hotel,"Jul 23, 2026, 12:00:00 AM",1
138184,The Marina Phuket Hotel,"Jul 30, 2026, 12:00:00 AM",1
5102188,Phetara Hotel Mahachai by PCL,"Jul 25, 2026, 12:00:00 AM",1
21308,Suntara Wellness Resort and Hotel,"Jul 13, 2026, 12:00:00 AM",1
2050,Charoen Hotel Udon Thani,"Jul 12, 2026, 12:00:00 AM",1
5102406,Home Hug Cafe & Garden,"Jul 28, 2026, 12:00:00 AM",1
4920441,The Bliss Boutique Trang,"Aug 22, 2026, 12:00:00 AM",1
65067,Theorie Hotel Sukhumvit 107,"Jul 13, 2026, 12:00:00 AM",1
180822,Zak Residence,"Jul 18, 2026, 12:00:00 AM",1
21395,Laplaya Boutique Resort,"Jul 29, 2026, 12:00:00 AM",1
4606550,Dookhao Chomklong Mongtalay Hotel,"Jul 21, 2026, 12:00:00 AM",1
4850501,Creston Grand,"Jul 23, 2026, 12:00:00 AM",1
182866,Ban P'Tor Resort,"Jul 24, 2026, 12:00:00 AM",1
4884497,Riverton Hotel,"Jul 10, 2026, 12:00:00 AM",1
2007119,Chateau de bear Nakhonsawan,"Jul 25, 2026, 12:00:00 AM",1
4915580,Top inn Hotel Mahasarakham,"Aug 29, 2026, 12:00:00 AM",1
182820,S.22 Hotel Suratthani,"Aug 29, 2026, 12:00:00 AM",1
4884979,The Chill House,"Jul 25, 2026, 12:00:00 AM",1
43937,P.A. Thani Hotel,"Jul 22, 2026, 12:00:00 AM",1
4918113,Aioon Resort Nong Hong,"Jul 17, 2026, 12:00:00 AM",1
4606456,S.P. Garden Mansion,"Jul 6, 2026, 12:00:00 AM",1
63749,Leelawadee Resort Saraburi,"Jul 28, 2026, 12:00:00 AM",1
4885080,Prem Mansion U Thong,"Aug 23, 2026, 12:00:00 AM",1
5101058,The Navy House Hotel,"Jul 3, 2026, 12:00:00 AM",1
63707,Space59 Hotel,"Jul 12, 2026, 12:00:00 AM",1
4847587,The Cozy Hotel Phetchaburi,"Jul 4, 2026, 12:00:00 AM",1
1514,Windmill Resort Hotel,"Jul 14, 2026, 12:00:00 AM",1
65430,Som O House Hotel,"Jul 10, 2026, 12:00:00 AM",1
2000184,The Colour Hotel Yasothon,"Jul 2, 2026, 12:00:00 AM",1
4639,Ace of Hua Hin Resort,"Jul 28, 2026, 12:00:00 AM",1
183594,Sabai at Chumphae,"Jul 29, 2026, 12:00:00 AM",1
747,Baan Grood Arcadia Resort and Spa,"Jul 23, 2026, 12:00:00 AM",1
21435,Dara Hotel Phuket,"Jul 24, 2026, 12:00:00 AM",1
2007725,Rider bedroom hostel and cafe,"Jul 17, 2026, 12:00:00 AM",1
43952,Bluehouse Boutique Hotel,"Jul 13, 2026, 12:00:00 AM",1
65545,Bonito Chinos Hotel,"Jul 18, 2026, 12:00:00 AM",1
183647,White House Hotel Tak,"Jul 18, 2026, 12:00:00 AM",1
4857681,Me and Tree Villa,"Jul 2, 2026, 12:00:00 AM",1
2006962,Tetris Hotel,"Jul 2, 2026, 12:00:00 AM",1
65041,The Sleep Phang-nga,"Jul 11, 2026, 12:00:00 AM",1
2012834,KTK Apartment,"Jul 20, 2026, 12:00:00 AM",1
4543074,Nibong Apartment,"Jul 23, 2026, 12:00:00 AM",1
2012009,I Residence Hotel Pathumthani,"Aug 6, 2026, 12:00:00 AM",1
2010800,Comet Hotel Surat Thani,"Jul 22, 2026, 12:00:00 AM",1
2009639,Hotel Together,"Jul 3, 2026, 12:00:00 AM",1
2000373,Panlaan Boutique Resort,"Jul 26, 2026, 12:00:00 AM",1
4848992,Xotel,"Jul 18, 2026, 12:00:00 AM",1
5102330,IMPRESS Hotel HUAI Khwang,"Jul 7, 2026, 12:00:00 AM",1
181632,The Museum Hotel Nakhon Pathom,"Jul 9, 2026, 12:00:00 AM",1
4884071,Grand Maihom Hotel,"Aug 1, 2026, 12:00:00 AM",1
4543019,Moose Hotel Chiangmai,"Jul 24, 2026, 12:00:00 AM",1
4921194,The Neuf Ratchada,"Aug 27, 2026, 12:00:00 AM",1
4543135,Bara Bara Budget Satun,"Jul 29, 2026, 12:00:00 AM",1
2000184,The Colour Hotel Yasothon,"Jul 15, 2026, 12:00:00 AM",1
2006989,Orchid Residence Suratthani,"Sep 11, 2026, 12:00:00 AM",1
152374,Orchid Riverview Hotel,"Jul 25, 2026, 12:00:00 AM",1
5102116,The Orchid Residence Satuek Buriram,"Jul 22, 2026, 12:00:00 AM",1
2000293,The Target Hotel Chiangrai,"Jul 28, 2026, 12:00:00 AM",1
4934365,Anandpura Riverside Hotel,"Jul 5, 2026, 12:00:00 AM",1
2007262,Haadson Resort,"Jul 27, 2026, 12:00:00 AM",1
4884422,Panya Garden Resort,"Nov 19, 2026, 12:00:00 AM",1
21431,O'nya Phuket Hotel,"Jul 5, 2026, 12:00:00 AM",1
5102116,The Orchid Residence Satuek Buriram,"Jul 13, 2026, 12:00:00 AM",1
2138,Koranaree Courtyard Boutique Hotel,"Jul 25, 2026, 12:00:00 AM",1
183209,Myrrh Hotel Chanthaburi,"Jul 8, 2026, 12:00:00 AM",1
21395,Laplaya Boutique Resort,"Jul 16, 2026, 12:00:00 AM",1
183647,White House Hotel Tak,"Jul 22, 2026, 12:00:00 AM",1
183701,Nano Place Hotel Sriracha,"Jul 24, 2026, 12:00:00 AM",1
2009639,Hotel Together,"Jul 10, 2026, 12:00:00 AM",1
4932309,Trattara Boutique Hotel,"Jul 28, 2026, 12:00:00 AM",1
183245,Huern Nana Jomsawan,"Jul 28, 2026, 12:00:00 AM",1
23574,Sabai Hotel Korat,"Jul 5, 2026, 12:00:00 AM",1
2000263,Non C Park Hotel,"Jul 20, 2026, 12:00:00 AM",1
4948522,NY Place Hotel,"Jul 28, 2026, 12:00:00 AM",1
4526151,Mybed Chonburi,"Jul 17, 2026, 12:00:00 AM",1
4921226,All Times Hotel,"Jul 4, 2026, 12:00:00 AM",1
63749,Leelawadee Resort Saraburi,"Jul 23, 2026, 12:00:00 AM",1
4920828,Khum Lanna Boutique Hotel Sisaket,"Jul 14, 2026, 12:00:00 AM",1
152374,Orchid Riverview Hotel,"Jul 28, 2026, 12:00:00 AM",1
2052,Kantary Hotel Ayutthaya,"Jul 18, 2026, 12:00:00 AM",1
4921464,Ramada Tenn Ekamai,"Aug 13, 2026, 12:00:00 AM",1
2010817,Tarnsiri Boutique Resort,"Jul 28, 2026, 12:00:00 AM",1
4922724,GO Hotel Chonburi at Central Chonburi,"Aug 8, 2026, 12:00:00 AM",1
4699827,Baanchangkaew Huahin Resort,"Jul 11, 2026, 12:00:00 AM",1
183058,Morakot Hotel Chumphon,"Aug 1, 2026, 12:00:00 AM",1
4920629,KONG INN Renunakhon,"Jul 7, 2026, 12:00:00 AM",1
4921121,Sleep hotel Chachoengsao,"Jul 25, 2026, 12:00:00 AM",1
5101821,Minitel at Hatyai,"Jul 6, 2026, 12:00:00 AM",1
5101861,Chapter Hotel Hatyai,"Sep 19, 2026, 12:00:00 AM",1
4866348,TT Residence​,"Jul 3, 2026, 12:00:00 AM",1
63634,The Farm House Hotel,"Jul 7, 2026, 12:00:00 AM",1
43588,TM Land Hotel,"Aug 21, 2026, 12:00:00 AM",1
4606512,Prangtip Resort,"Jul 15, 2026, 12:00:00 AM",1
63739,Tonwa Resort,"Jul 25, 2026, 12:00:00 AM",1
4543116,Araya Hotel Uttaradit,"Jul 16, 2026, 12:00:00 AM",1
183058,Morakot Hotel Chumphon,"Sep 13, 2026, 12:00:00 AM",1
181454,WeRest Hotel,"Jul 25, 2026, 12:00:00 AM",1
137967,The Original Orange Hotel,"Jul 17, 2026, 12:00:00 AM",1
152355,Park View Yala,"Jul 11, 2026, 12:00:00 AM",1
21435,Dara Hotel Phuket,"Jul 1, 2026, 12:00:00 AM",1
43648,Triple B Boutique Residence,"Jul 25, 2026, 12:00:00 AM",1
2135,Chaisaeng Palace Hotel,"Jul 27, 2026, 12:00:00 AM",1
183055,Chantra Hotel Sakaeo,"Jul 21, 2026, 12:00:00 AM",1
4578,A-Te Chumphon Hotel,"Aug 9, 2026, 12:00:00 AM",1
21884,Napalai Hotel Udonthani,"Jul 9, 2026, 12:00:00 AM",1
2005618,Kanvela Resort,"Jul 22, 2026, 12:00:00 AM",1
63626,Baan Phor Phan Hotel,"Jul 6, 2026, 12:00:00 AM",1
5102205,Nangnon Hill Hug,"Jul 18, 2026, 12:00:00 AM",1
2000146,The Zleep Hotel Chonburi,"Jul 13, 2026, 12:00:00 AM",1
2011259,S Bangkok Navamin,"Aug 22, 2026, 12:00:00 AM",1
4920686,Mayuu Ayutthaya Hotel,"Sep 25, 2026, 12:00:00 AM",1
1875,First Residence Samui,"Jul 28, 2026, 12:00:00 AM",1
4885023,Conbrio Resort & Sport Club,"Jul 3, 2026, 12:00:00 AM",1
65661,Mantra Varee Hotel,"Jul 9, 2026, 12:00:00 AM",1
183078,The 28th Hotel,"Jul 11, 2026, 12:00:00 AM",1
2006319,Rain Tree Khao Yai Hotel,"Jul 24, 2026, 12:00:00 AM",1
43675,OMG Hotel Khonkean,"Jul 24, 2026, 12:00:00 AM",1
5101678,Ta Phai Country House Resort & Restaurants,"Jul 28, 2026, 12:00:00 AM",1
4884391,Baankoonmae Boulevard Hotel  Kuchinarai,"Jul 25, 2026, 12:00:00 AM",1
2000320,Chunlee Grand Hotel,"Jul 23, 2026, 12:00:00 AM",1
5101714,G9 Hotel Kanchanaburi,"Jul 11, 2026, 12:00:00 AM",1
65545,Bonito Chinos Hotel,"Jul 8, 2026, 12:00:00 AM",1
2009250,Chic Inn Thamuang,"Jul 25, 2026, 12:00:00 AM",1
4920925,One Budget Hotel Chiangrai Soi Sawan,"Jul 6, 2026, 12:00:00 AM",1
5102188,Phetara Hotel Mahachai by PCL,"Jul 24, 2026, 12:00:00 AM",1
5101658,Grand Pruksasiri Hotel Chaiyaphum,"Jul 25, 2026, 12:00:00 AM",1
2000146,The Zleep Hotel Chonburi,"Jul 9, 2026, 12:00:00 AM",1
5101906,Kokotel Rayong Beachfront,"Aug 15, 2026, 12:00:00 AM",1
64985,Merdelong Hotel Phatthalung,"Aug 9, 2026, 12:00:00 AM",1
4918063,Thongchen Residence,"Aug 26, 2026, 12:00:00 AM",1
4933170,C Hotel Bangna,"Jul 6, 2026, 12:00:00 AM",1
4885023,Conbrio Resort & Sport Club,"Jul 2, 2026, 12:00:00 AM",1
1368,Kosa Hotel Khon Kaen,"Jul 4, 2026, 12:00:00 AM",1
5102086,The Bunchoo city,"Jul 18, 2026, 12:00:00 AM",1
2000293,The Target Hotel Chiangrai,"Jul 12, 2026, 12:00:00 AM",1
4920332,Wicket White Villa,"Jul 24, 2026, 12:00:00 AM",1
5101716,Coco Beach Hotel Jomtien,"Nov 28, 2026, 12:00:00 AM",1
137995,Blu Monkey Hub & Hotel Phuket,"Jul 22, 2026, 12:00:00 AM",1
63797,Rhienchai Place,"Jul 6, 2026, 12:00:00 AM",1
5101068,D Hut Resort Chiangmai,"Jul 5, 2026, 12:00:00 AM",1
4920441,The Bliss Boutique Trang,"Jul 5, 2026, 12:00:00 AM",1
183069,Holiday Inn Express Bangkok Soi Soonvijai,"Jul 26, 2026, 12:00:00 AM",1
23278,Dream D Residence Phetchaburi,"Jul 4, 2026, 12:00:00 AM",1
1763,Ayara Grand Palace Hotel,"Jul 1, 2026, 12:00:00 AM",1
4606516,Pairom Resort,"Jul 28, 2026, 12:00:00 AM",1
4884216,Platinum Hotel Rayong,"Jul 3, 2026, 12:00:00 AM",1
21697,Dhevaraj Hotel,"Aug 15, 2026, 12:00:00 AM",1
43603,V-Verve Service Apartment,"Jul 30, 2026, 12:00:00 AM",1
183037,The Route Sriracha Hotel and Residence,"Aug 1, 2026, 12:00:00 AM",1
3014259,Doth Hotel Ayutthaya,"Jul 11, 2026, 12:00:00 AM",1
4885080,Prem Mansion U Thong,"Jul 21, 2026, 12:00:00 AM",1
63807,Klongrien Boutique Hatyai,"Jul 7, 2026, 12:00:00 AM",1
152902,Rapeepan Ville Hotel,"Jul 21, 2026, 12:00:00 AM",1
2010385,Tinidee Hotel Bangkok Golf Club,"Jul 19, 2026, 12:00:00 AM",1
4921227,The Pillows Boutique Hotel,"Jul 28, 2026, 12:00:00 AM",1
4543142,Sleep Mai? Chiang Mai Airport Lifestyle Hotel,"Jul 23, 2026, 12:00:00 AM",1
4896898,Luxe Villa Chiang Rai,"Jul 23, 2026, 12:00:00 AM",1
2009795,Luck Swan Boutique,"Jul 6, 2026, 12:00:00 AM",1
2000017,Luck Esan Loft,"Jul 12, 2026, 12:00:00 AM",1
2007119,Chateau de bear Nakhonsawan,"Jul 4, 2026, 12:00:00 AM",1
4694703,Baan Nantiya,"Jul 5, 2026, 12:00:00 AM",1
5102038,DAY & NIGHT HOTEL,"Jul 9, 2026, 12:00:00 AM",1
2009666,Baan Lamoon Ratchaburi,"Jul 5, 2026, 12:00:00 AM",1
5101537,Kokotel Pattaya North Beach,"Jul 30, 2026, 12:00:00 AM",1
5004716,Urbana House Samut Songkhram,"Jul 16, 2026, 12:00:00 AM",1
2000374,Fun-D City View,"Aug 15, 2026, 12:00:00 AM",1
4859024,56 Surawong Hotel,"Sep 25, 2026, 12:00:00 AM",1
4774113,The Nine Mansion,"Jul 16, 2026, 12:00:00 AM",1
4918047,Baan Kiita,"Jul 22, 2026, 12:00:00 AM",1
183306,Supachai Inn,"Jul 25, 2026, 12:00:00 AM",1
1370,AVANI Khon Kaen Hotel & Convention Centre,"Jul 26, 2026, 12:00:00 AM",1
2008050,41Studio  Nakhon Phanom,"Jul 12, 2026, 12:00:00 AM",1
63421,Nartsiri Hotel,"Jul 18, 2026, 12:00:00 AM",1
5101432,Mintra Apartel,"Jul 6, 2026, 12:00:00 AM",1
4884391,Baankoonmae Boulevard Hotel  Kuchinarai,"Jul 11, 2026, 12:00:00 AM",1
5102047,Kiree River Hotel,"Dec 4, 2026, 12:00:00 AM",1
2012750,HOMM Boutique Hotel,"Jul 24, 2026, 12:00:00 AM",1
5101860,V Rich Place,"Jul 28, 2026, 12:00:00 AM",1
4723,Sugar Marina Hotel-AVIATOR-Phuket Airport,"Aug 28, 2026, 12:00:00 AM",1
4918024,Li CALLA Resort,"Jul 9, 2026, 12:00:00 AM",1
4921432,T-OneHome,"Jul 24, 2026, 12:00:00 AM",1
4606464,T-Rex Buriram Boutique Hotel,"Jul 25, 2026, 12:00:00 AM",1
4884898,Sichon Goodwill,"Jul 25, 2026, 12:00:00 AM",1
4267489,Bansuan Resort Nakhonsawan,"Jul 6, 2026, 12:00:00 AM",1
391,Shanghai Mansion Bangkok,"Jul 27, 2026, 12:00:00 AM",1
4920369,Modern Green Resort Dan Khun Thot,"Jul 15, 2026, 12:00:00 AM",1
183609,The Square Rayong,"Jul 23, 2026, 12:00:00 AM",1
2007026,The Vista Hotel By Satit Group,"Aug 30, 2026, 12:00:00 AM",1
65536,Coco Beach Resort Bangsean,"Jul 17, 2026, 12:00:00 AM",1
2056,Krungsri River Hotel,"Jul 4, 2026, 12:00:00 AM",1
2001097,Rattana Pura Beach Resort,"Jul 26, 2026, 12:00:00 AM",1
4543116,Araya Hotel Uttaradit,"Jul 2, 2026, 12:00:00 AM",1
4918063,Thongchen Residence,"Jul 25, 2026, 12:00:00 AM",1
21697,Dhevaraj Hotel,"Sep 26, 2026, 12:00:00 AM",1
2003377,Rangsit Apartment 1,"Jul 18, 2026, 12:00:00 AM",1
4889,Ariya Inn Hotel,"Nov 23, 2026, 12:00:00 AM",1
22359,Le Cassia Hotel,"Jul 19, 2026, 12:00:00 AM",1
64952,Grand Vista Hotel Chiangrai,"Aug 17, 2026, 12:00:00 AM",1
65465,Chayaphruk Grand Hotel,"Jul 22, 2026, 12:00:00 AM",1
4934152,Is Am Are Stay Boutique,"Jul 25, 2026, 12:00:00 AM",1
64973,The Mercy Hotel,"Sep 17, 2026, 12:00:00 AM",1
2004373,Thongphaphum Place,"Jul 17, 2026, 12:00:00 AM",1
4922757,D-2 Home Chanthaburi,"Jul 28, 2026, 12:00:00 AM",1
2010201,Anchalee Resort Bang Saphan,"Jul 17, 2026, 12:00:00 AM",1
183020,Euro Boutique Hotel Chumphon,"Jul 10, 2026, 12:00:00 AM",1
4988854,PLAAI Plus Hotel Bowin,"Jul 8, 2026, 12:00:00 AM",1
43887,Suansin Lanna Hotel,"Jul 11, 2026, 12:00:00 AM",1
5101980,P&B Hotel Nakhon Phanom,"Jul 26, 2026, 12:00:00 AM",1
4922552,YSW Hotel,"Jul 24, 2026, 12:00:00 AM",1
4890153,JB Place Hotel Ban Phaeng,"Aug 8, 2026, 12:00:00 AM",1
137910,Promsook Apartment,"Jul 18, 2026, 12:00:00 AM",1
4921227,The Pillows Boutique Hotel,"Jul 15, 2026, 12:00:00 AM",1
4920825,PSM at Rangsit,"Jul 18, 2026, 12:00:00 AM",1
63431,Excella Hotel,"Jul 11, 2026, 12:00:00 AM",1
63634,The Farm House Hotel,"Aug 7, 2026, 12:00:00 AM",1
4921125,Rai chao Aey Chatturat,"Jul 18, 2026, 12:00:00 AM",1
183154,Easy Hotel 2 Lamphun,"Jul 7, 2026, 12:00:00 AM",1
5002714,Baan B&B Sukhothai,"Jul 11, 2026, 12:00:00 AM",1
182999,The U-Time Hotel,"Nov 1, 2026, 12:00:00 AM",1
2008050,41Studio  Nakhon Phanom,"Jul 2, 2026, 12:00:00 AM",1
4603163,The Bed Hotel 101,"Jul 26, 2026, 12:00:00 AM",1
2007470,The Smart Hotel Hatyai,"Aug 8, 2026, 12:00:00 AM",1
4866348,TT Residence​,"Jul 10, 2026, 12:00:00 AM",1
2002543,Pakchong Hotel,"Jul 22, 2026, 12:00:00 AM",1
4932685,Cottage Pine Rayong Resort & Cafe,"Jul 13, 2026, 12:00:00 AM",1
4883882,Alongkorn Hotel by SB,"Dec 5, 2026, 12:00:00 AM",1
182835,Nadee 10 Resort & Hotel,"Nov 29, 2026, 12:00:00 AM",1
4896898,Luxe Villa Chiang Rai,"Jul 4, 2026, 12:00:00 AM",1
65009,White Inn Nongkhai,"Jul 22, 2026, 12:00:00 AM",1
4847587,The Cozy Hotel Phetchaburi,"Jul 23, 2026, 12:00:00 AM",1
5012144,Baanpak Reun Mai Horm Sadao,"Jul 12, 2026, 12:00:00 AM",1
183609,The Square Rayong,"Jul 2, 2026, 12:00:00 AM",1
4920710,Haksabai Hotel Chiangrai,"Jul 22, 2026, 12:00:00 AM",1
4848054,PLAAI Play Hotel,"Aug 23, 2026, 12:00:00 AM",1
5101806,Love Me Home,"Jul 15, 2026, 12:00:00 AM",1
4726,Trat City Hotel,"Jul 10, 2026, 12:00:00 AM",1
4920755,Siri Hotel Lamphun,"Nov 25, 2026, 12:00:00 AM",1
4733,Sri U-Thong Grande Hotel,"Jul 21, 2026, 12:00:00 AM",1
2000046,PS Resort Hatyai,"Jul 4, 2026, 12:00:00 AM",1
2011676,Look at Home Lamphun,"Jul 26, 2026, 12:00:00 AM",1
4319962,Pimchanok Resort,"Dec 12, 2026, 12:00:00 AM",1
183609,The Square Rayong,"Jul 10, 2026, 12:00:00 AM",1
347,Trinity Silom Hotel,"Aug 6, 2026, 12:00:00 AM",1
4918110,101 Hotel Roi Et,"Jul 8, 2026, 12:00:00 AM",1
4772,Seeharaj Hotel Uttaradit,"Jul 10, 2026, 12:00:00 AM",1
4862770,Casa Coco Hotel,"Jul 18, 2026, 12:00:00 AM",1
137921,The Triple V Hotel,"Jul 13, 2026, 12:00:00 AM",1
4921227,The Pillows Boutique Hotel,"Jul 19, 2026, 12:00:00 AM",1
180997,Glai Gan Place Hotel,"Jul 20, 2026, 12:00:00 AM",1
4948548,Rest 24 Serviced Residence,"Jul 6, 2026, 12:00:00 AM",1
2010951,De Princess Hotel Udonthani,"Jul 6, 2026, 12:00:00 AM",1
2000113,Yaibua Hotel,"Jul 7, 2026, 12:00:00 AM",1
4884190,Dee Hotel Phayao,"Jul 5, 2026, 12:00:00 AM",1
21378,Hug Nimman Hotel Chiang Mai,"Jul 21, 2026, 12:00:00 AM",1
4922724,GO Hotel Chonburi at Central Chonburi,"Jul 10, 2026, 12:00:00 AM",1
4896861,Pornpana Resort Chainat,"Jul 16, 2026, 12:00:00 AM",1
5101673,Sai Yok Noi Resort,"Jul 27, 2026, 12:00:00 AM",1
4640,Aramis Hotel Nakhon Sawan,"Aug 22, 2026, 12:00:00 AM",1
4920686,Mayuu Ayutthaya Hotel,"Aug 14, 2026, 12:00:00 AM",1
4935981,BB House & Resort Khon Kaen,"Jul 1, 2026, 12:00:00 AM",1
4606456,S.P. Garden Mansion,"Jul 14, 2026, 12:00:00 AM",1
4988857,The View Chiang Dao,"Jul 7, 2026, 12:00:00 AM",1
4921227,The Pillows Boutique Hotel,"Aug 19, 2026, 12:00:00 AM",1
4868069,T Park Pakchong,"Jul 25, 2026, 12:00:00 AM",1
21400,Calypzo Bangkok,"Jul 4, 2026, 12:00:00 AM",1
5102038,DAY & NIGHT HOTEL,"Aug 22, 2026, 12:00:00 AM",1
63574,The Nest Hotel Phichit,"Jul 12, 2026, 12:00:00 AM",1
63707,Space59 Hotel,"Aug 6, 2026, 12:00:00 AM",1
4848992,Xotel,"Jul 13, 2026, 12:00:00 AM",1
183008,Southgate Residence Hotel Chumphon,"Jul 18, 2026, 12:00:00 AM",1
4922703,GO Hotel Si Racha at Central Si Racha,"Sep 12, 2026, 12:00:00 AM",1
522,Club Mahindra Mac Boutique Hotel,"Jul 11, 2026, 12:00:00 AM",1
181436,Cbd2 Hotel Suratthani,"Jul 15, 2026, 12:00:00 AM",1
43851,Prime Time Hotel Bang Saen,"Jul 20, 2026, 12:00:00 AM",1
152937,Taris Art Hotel,"Jul 23, 2026, 12:00:00 AM",1
2000186,Patikom Apartment,"Sep 5, 2026, 12:00:00 AM",1
4921032,The Pride Hotel Phitsanulok,"Jul 27, 2026, 12:00:00 AM",1
63670,Laemchabang City Hotel,"Jul 4, 2026, 12:00:00 AM",1
63742,Chokdee Place,"Jul 25, 2026, 12:00:00 AM",1
64985,Merdelong Hotel Phatthalung,"Jul 7, 2026, 12:00:00 AM",1
4884349,Livist Resort Phetchabun,"Jul 21, 2026, 12:00:00 AM",1
4884787,Ananzitra Hotel,"Aug 1, 2026, 12:00:00 AM",1
4525878,Rangsiya Boutique Hotel,"Jul 31, 2026, 12:00:00 AM",1
5101177,Indigo Hotel Hatyai,"Aug 1, 2026, 12:00:00 AM",1
183668,North Inn Town Hotel,"Oct 15, 2026, 12:00:00 AM",1
183372,ATK Garden Hills Hotel,"Jul 16, 2026, 12:00:00 AM",1
63654,Fahluang Residence,"Jul 9, 2026, 12:00:00 AM",1
4543135,Bara Bara Budget Satun,"Aug 21, 2026, 12:00:00 AM",1
4920586,Baan Phitcha Pranburi,"Jul 22, 2026, 12:00:00 AM",1
4251694,The Singora Hotel,"Jul 2, 2026, 12:00:00 AM",1
2000181,Tamsabai Hotel,"Aug 9, 2026, 12:00:00 AM",1
4884140,Rapeepat Residential and Resort,"Jul 9, 2026, 12:00:00 AM",1
2003274,Dang Ky Ploen Tharnnam Resort,"Jul 11, 2026, 12:00:00 AM",1
63676,Loft Mania Boutique Hotel,"Aug 25, 2026, 12:00:00 AM",1
2005749,Herry Residence,"Jul 26, 2026, 12:00:00 AM",1
4857758,The Cape Boutique Hotel,"Aug 1, 2026, 12:00:00 AM",1
4543072,PP Inn,"Jul 26, 2026, 12:00:00 AM",1
4884544,Rangsit Residence,"Jul 16, 2026, 12:00:00 AM",1
63626,Baan Phor Phan Hotel,"Jul 5, 2026, 12:00:00 AM",1
4920991,Golden Nest Hotel Suvarnabhumi,"Jul 2, 2026, 12:00:00 AM",1
2011731,Icon Park Hotel Chiang Mai,"Jul 20, 2026, 12:00:00 AM",1
4921038,314 Art Hotel Nakhonsawan,"Jul 24, 2026, 12:00:00 AM",1
183063,Baan Rimnam Resort Banpong,"Jul 4, 2026, 12:00:00 AM",1
63634,The Farm House Hotel,"Aug 14, 2026, 12:00:00 AM",1
1999,Samui Verticolor,"Jul 11, 2026, 12:00:00 AM",1
181635,Blue Rabbit Hotel Chanthaburi,"Jul 24, 2026, 12:00:00 AM",1
4857587,O2 Hotel Sakonnakhon,"Jul 28, 2026, 12:00:00 AM",1
4922757,D-2 Home Chanthaburi,"Jul 23, 2026, 12:00:00 AM",1
2000265,The Journey Hotel Bangna,"Jul 16, 2026, 12:00:00 AM",1
43850,Ratchaphruek Pavilion,"Jul 1, 2026, 12:00:00 AM",1
4922712,One Chumphon Hotel,"Aug 23, 2026, 12:00:00 AM",1
5101678,Ta Phai Country House Resort & Restaurants,"Jul 4, 2026, 12:00:00 AM",1
4884787,Ananzitra Hotel,"Jul 22, 2026, 12:00:00 AM",1
4543042,Navakitel Design Hotel,"Jul 23, 2026, 12:00:00 AM",1
4636,Curve Boutique Hotel,"Nov 27, 2026, 12:00:00 AM",1
4795619,Petchngam Home Resort,"Jul 13, 2026, 12:00:00 AM",1
182944,Socool Grand Hotel Nang Rong Buriram,"Jul 1, 2026, 12:00:00 AM",1
1773,Topland Hotel Phitsanulok,"Jul 27, 2026, 12:00:00 AM",1
2012861,Leelawalai Rest Hotel Chum Phae,"Jul 27, 2026, 12:00:00 AM",1
25158,The Proud Exclusive Hotel,"Jul 7, 2026, 12:00:00 AM",1
183647,White House Hotel Tak,"Jul 14, 2026, 12:00:00 AM",1
22229,Poonsook Resident Hotel Phitsanulok,"Jul 28, 2026, 12:00:00 AM",1
500,La Petite Salil Sukhumvit Thonglor 1,"Aug 6, 2026, 12:00:00 AM",1
183245,Huern Nana Jomsawan,"Jul 5, 2026, 12:00:00 AM",1
2000186,Patikom Apartment,"Jul 23, 2026, 12:00:00 AM",1
2007725,Rider bedroom hostel and cafe,"Jul 28, 2026, 12:00:00 AM",1
4920336,Prathaiburi Hotel and Resort,"Jul 1, 2026, 12:00:00 AM",1
4918123,Lan Koon View Doi House Phrao,"Jul 9, 2026, 12:00:00 AM",1
21559,Jazzotel Bangkok,"Jul 6, 2026, 12:00:00 AM",1
63692,C.S. Pattani Hotel,"Sep 11, 2026, 12:00:00 AM",1
4252831,48 Ville Donmuang Airport,"Jul 3, 2026, 12:00:00 AM",1
5102203,PT HOTEL,"Jul 30, 2026, 12:00:00 AM",1
5102659,SP Garden Home,"Jul 22, 2026, 12:00:00 AM",1
2006938,RoomQuest Rimrabeang at Amphawa,"Aug 15, 2026, 12:00:00 AM",1
5102014,De Paris Hotel,"Jul 4, 2026, 12:00:00 AM",1
2010201,Anchalee Resort Bang Saphan,"Jul 19, 2026, 12:00:00 AM",1
182900,Alinda Resort,"Jul 4, 2026, 12:00:00 AM",1
4525878,Rangsiya Boutique Hotel,"Jul 27, 2026, 12:00:00 AM",1
4918105,Rodsarin Garden Resort 2,"Jul 18, 2026, 12:00:00 AM",1
65545,Bonito Chinos Hotel,"Jul 25, 2026, 12:00:00 AM",1
4920619,VST Punnawithi,"Aug 7, 2026, 12:00:00 AM",1
2000373,Panlaan Boutique Resort,"Jul 20, 2026, 12:00:00 AM",1
152914,Z Sleep Hotel Hatyai,"Jul 20, 2026, 12:00:00 AM",1
2005742,The Bliss Loei Living Hotel,"Jul 17, 2026, 12:00:00 AM",1
4598708,Nap Hotel Chiangrai,"Jul 24, 2026, 12:00:00 AM",1
4945,Napatra Hotel Chiangmai,"Aug 7, 2026, 12:00:00 AM",1
2091,Crystal Hotel Hat Yai,"Aug 3, 2026, 12:00:00 AM",1
2002543,Pakchong Hotel,"Jul 17, 2026, 12:00:00 AM",1
63692,C.S. Pattani Hotel,"Jul 16, 2026, 12:00:00 AM",1
1767,Ruean Phae Royal Park Hotel,"Jul 11, 2026, 12:00:00 AM",1
5102574,Chaolao Sea Breeze,"Nov 21, 2026, 12:00:00 AM",1
63672,Madina Hotel Rayong,"Jul 27, 2026, 12:00:00 AM",1
4936239,Kittrongvill Resort,"Jul 4, 2026, 12:00:00 AM",1
65661,Mantra Varee Hotel,"Jul 17, 2026, 12:00:00 AM",1
63697,JK Living Hotel and Service Apartment,"Jul 16, 2026, 12:00:00 AM",1
4711584,Tokyo Hotel Korat,"Nov 7, 2026, 12:00:00 AM",1
4885005,Parada Ayutthaya,"Jul 18, 2026, 12:00:00 AM",1
23104,Magic House Hostel,"Jul 31, 2026, 12:00:00 AM",1
5102444,Sandbox Hotel,"Jul 12, 2026, 12:00:00 AM",1
23104,Magic House Hostel,"Jul 18, 2026, 12:00:00 AM",1
2000320,Chunlee Grand Hotel,"Jul 22, 2026, 12:00:00 AM",1
2012247,Somerset Harbourview Sri Racha,"Jul 25, 2026, 12:00:00 AM",1
2010985,Submukda Grand Hotel,"Jul 26, 2026, 12:00:00 AM",1
4921378,Tonfern Hotel Khonkaen,"Jul 4, 2026, 12:00:00 AM",1
64952,Grand Vista Hotel Chiangrai,"Jul 4, 2026, 12:00:00 AM",1
63668,I Hotel Khonkaen,"Jul 18, 2026, 12:00:00 AM",1
5015793,Sun Moon Hotel,"Jul 11, 2026, 12:00:00 AM",1
138000,Suan Magmai Resort,"Jul 27, 2026, 12:00:00 AM",1
4921127,Rungthip Resort,"Jul 25, 2026, 12:00:00 AM",1
2000373,Panlaan Boutique Resort,"Jul 12, 2026, 12:00:00 AM",1
4921096,Suntree Residence Sakon Nakhon,"Jul 19, 2026, 12:00:00 AM",1
63609,Orchid Place Hotel,"Jul 18, 2026, 12:00:00 AM",1
4920985,Calinton Hotel,"Jul 23, 2026, 12:00:00 AM",1
5102444,Sandbox Hotel,"Jul 21, 2026, 12:00:00 AM",1
183647,White House Hotel Tak,"Jul 23, 2026, 12:00:00 AM",1
1767,Ruean Phae Royal Park Hotel,"Jul 22, 2026, 12:00:00 AM",1
65482,Lertnimit Hotel Chaiyaphum,"Jul 14, 2026, 12:00:00 AM",1
4920925,One Budget Hotel Chiangrai Soi Sawan,"Aug 8, 2026, 12:00:00 AM",1
63421,Nartsiri Hotel,"Jul 17, 2026, 12:00:00 AM",1
181621,Phavina Serviced Residence Rayong,"Aug 8, 2026, 12:00:00 AM",1
152374,Orchid Riverview Hotel,"Jul 24, 2026, 12:00:00 AM",1
4936650,Blu Monkey Hub and Hotel Krabi Town,"Jul 29, 2026, 12:00:00 AM",1
5101181,Greenview Resort Kohyor,"Jul 3, 2026, 12:00:00 AM",1
109844,Hataara Hua Hin,"Jul 19, 2026, 12:00:00 AM",1
4884787,Ananzitra Hotel,"Jul 7, 2026, 12:00:00 AM",1
2012247,Somerset Harbourview Sri Racha,"Jul 10, 2026, 12:00:00 AM",1
183078,The 28th Hotel,"Aug 31, 2026, 12:00:00 AM",1
5101523,The Kaset Hua Hin,"Jul 28, 2026, 12:00:00 AM",1
23559,The Riski Hotel @ Bangphlat Station,"Jul 10, 2026, 12:00:00 AM",1
2004219,Hisoplace Hotel,"Jul 18, 2026, 12:00:00 AM",1
182999,The U-Time Hotel,"Jul 27, 2026, 12:00:00 AM",1
22349,Welcome World Beachfront Resort & Spa,"Jul 17, 2026, 12:00:00 AM",1
4884643,Fun Hotel Rayong,"Jul 15, 2026, 12:00:00 AM",1
2000242,Khonkaen Residence,"Jul 25, 2026, 12:00:00 AM",1
2000299,Morage Hotel Phitsanulok,"Jul 28, 2026, 12:00:00 AM",1
183078,The 28th Hotel,"Jul 29, 2026, 12:00:00 AM",1
65430,Som O House Hotel,"Jul 28, 2026, 12:00:00 AM",1
43886,Prachuap Beach Hotel,"Jul 21, 2026, 12:00:00 AM",1
182820,S.22 Hotel Suratthani,"Jul 7, 2026, 12:00:00 AM",1
183075,ATM Service Apartment Yala,"Jul 9, 2026, 12:00:00 AM",1
1395,Twin Lotus Hotel Nakhon Si Thammarat,"Jul 25, 2026, 12:00:00 AM",1
5101156,Kanthiya Garden Hotel,"Jul 25, 2026, 12:00:00 AM",1
2004765,Phuket Seaview Resotel,"Jul 16, 2026, 12:00:00 AM",1
65661,Mantra Varee Hotel,"Jul 25, 2026, 12:00:00 AM",1
65452,Baan Issara Korat,"Jul 17, 2026, 12:00:00 AM",1
63444,M2 Hotel Phayao,"Jul 21, 2026, 12:00:00 AM",1
63676,Loft Mania Boutique Hotel,"Jul 16, 2026, 12:00:00 AM",1
65568,Samprasob Resort,"Jul 29, 2026, 12:00:00 AM",1
4883835,Blu Monkey Hub & Hotel Ranong,"Aug 1, 2026, 12:00:00 AM",1
21903,Monsane River Kwai Resort,"Jul 11, 2026, 12:00:00 AM",1
152425,Saveone Boutique Hotel Chumpae,"Jul 7, 2026, 12:00:00 AM",1
2011319,Hiso Potato Resort,"Jul 21, 2026, 12:00:00 AM",1
182858,Rajthani Hotel Suratthani,"Jul 22, 2026, 12:00:00 AM",1
4883835,Blu Monkey Hub & Hotel Ranong,"Jul 17, 2026, 12:00:00 AM",1
63634,The Farm House Hotel,"Sep 25, 2026, 12:00:00 AM",1
5060,Aster Hotel and Residence,"Nov 28, 2026, 12:00:00 AM",1
2000044,Maihom Resort Hotel Daowadung,"Jul 4, 2026, 12:00:00 AM",1
5102064,Louis Residence Hotel,"Jul 28, 2026, 12:00:00 AM",1
2002646,Thassanee Hotel,"Jul 11, 2026, 12:00:00 AM",1
182835,Nadee 10 Resort & Hotel,"Jul 31, 2026, 12:00:00 AM",1
43827,Buri Sriphu Hotel,"Jul 24, 2026, 12:00:00 AM",1
174257,The Charm Boutique Resort,"Aug 5, 2026, 12:00:00 AM",1
152976,Praiyanan Place Hotel,"Aug 7, 2026, 12:00:00 AM",1
5101906,Kokotel Rayong Beachfront,"Jul 12, 2026, 12:00:00 AM",1
2002144,Huaymuang Apartment,"Jul 17, 2026, 12:00:00 AM",1
5101058,The Navy House Hotel,"Aug 29, 2026, 12:00:00 AM",1
21253,S Ratchada Leisure Hotel,"Jul 28, 2026, 12:00:00 AM",1
4935523,Lithai Guest House Phitsanulok Hotel,"Jul 5, 2026, 12:00:00 AM",1
4848992,Xotel,"Jul 10, 2026, 12:00:00 AM",1
5102447,P2 Inn Bangsaphan,"Jul 29, 2026, 12:00:00 AM",1
4920991,Golden Nest Hotel Suvarnabhumi,"Jul 30, 2026, 12:00:00 AM",1
4921121,Sleep hotel Chachoengsao,"Jul 4, 2026, 12:00:00 AM",1
5101096,RoomQuest SPS Hotel and Residence,"Jul 18, 2026, 12:00:00 AM",1
2012244,Sann Hotel,"Jul 17, 2026, 12:00:00 AM",1
1875,First Residence Samui,"Aug 28, 2026, 12:00:00 AM",1
2006989,Orchid Residence Suratthani,"Jul 3, 2026, 12:00:00 AM",1
4932904,SJ Mansion Phetchaburi,"Aug 1, 2026, 12:00:00 AM",1
4854509,Heaven Hotel Chachoengsao,"Jul 14, 2026, 12:00:00 AM",1
2012549,2U Hotel Hatyai,"Jul 27, 2026, 12:00:00 AM",1
2000908,Na That Panom Place Hotel,"Jul 4, 2026, 12:00:00 AM",1
181579,The Perfect Room Resort Satun,"Jul 18, 2026, 12:00:00 AM",1
4581,Prajaktra City Hostel,"Oct 28, 2026, 12:00:00 AM",1
1875,First Residence Samui,"Jul 9, 2026, 12:00:00 AM",1
181597,P.A. Place Hotel Nakhonsawan,"Jul 25, 2026, 12:00:00 AM",1
25160,MT Place,"Jul 24, 2026, 12:00:00 AM",1
4920925,One Budget Hotel Chiangrai Soi Sawan,"Jul 23, 2026, 12:00:00 AM",1
4884784,VELA Dhi Udon Thani,"Jul 9, 2026, 12:00:00 AM",1
4885010,Sann Boutique Hotel,"Jul 22, 2026, 12:00:00 AM",1
63771,T.P. Place Hotel,"Jul 12, 2026, 12:00:00 AM",1
2007026,The Vista Hotel By Satit Group,"Jul 24, 2026, 12:00:00 AM",1
2010800,Comet Hotel Surat Thani,"Jul 15, 2026, 12:00:00 AM",1
4884787,Ananzitra Hotel,"Jul 20, 2026, 12:00:00 AM",1
4915675,The Gold Living Life,"Jul 5, 2026, 12:00:00 AM",1
25149,Fortune View Kong Nakhon Phanom,"Aug 3, 2026, 12:00:00 AM",1
5102389,Perfect Living,"Jul 17, 2026, 12:00:00 AM",1
65545,Bonito Chinos Hotel,"Jul 23, 2026, 12:00:00 AM",1
1068,iCheck inn Central Patong,"Jul 31, 2026, 12:00:00 AM",1
4885085,Blu Monkey Hub and Hotel Chanthaburi,"Jul 14, 2026, 12:00:00 AM",1
43855,Thara Cholapruek Resort,"Jul 25, 2026, 12:00:00 AM",1
152425,Saveone Boutique Hotel Chumpae,"Aug 1, 2026, 12:00:00 AM",1
4920368,A Day Hotel Roiet,"Jul 23, 2026, 12:00:00 AM",1
64952,Grand Vista Hotel Chiangrai,"Jul 16, 2026, 12:00:00 AM",1
1772,The Imperial Hotel and Convention Centre Phitsanulok,"Jul 11, 2026, 12:00:00 AM",1
4847587,The Cozy Hotel Phetchaburi,"Aug 4, 2026, 12:00:00 AM",1
21418,Metro point Bangkok,"Jul 18, 2026, 12:00:00 AM",1
4863481,Ocean Gold Card Ayutthaya,"Jul 3, 2026, 12:00:00 AM",1
183341,Rua Rasada Express,"Jul 26, 2026, 12:00:00 AM",1
4920973,VELA Dhi Nakhon Phanom,"Jul 14, 2026, 12:00:00 AM",1
4879476,CS Klongtoey Grand Resort,"Jul 25, 2026, 12:00:00 AM",1
4918038,M Resort Songkhla,"Jul 6, 2026, 12:00:00 AM",1
5101058,The Navy House Hotel,"Jul 30, 2026, 12:00:00 AM",1
5102091,Chez Nij Ryokan Onsen,"Aug 8, 2026, 12:00:00 AM",1
1370,AVANI Khon Kaen Hotel & Convention Centre,"Jul 10, 2026, 12:00:00 AM",1
4921059,Greenplace Sikhio,"Jul 23, 2026, 12:00:00 AM",1
2008893,The Pride Salaya,"Jul 11, 2026, 12:00:00 AM",1
63377,L Hotel Khon Kaen,"Jul 3, 2026, 12:00:00 AM",1
65457,Centric Place Hotel,"Jul 27, 2026, 12:00:00 AM",1
23548,Blue Carina Inn Hotel,"Jul 31, 2026, 12:00:00 AM",1
4853363,De Vine House,"Jul 18, 2026, 12:00:00 AM",1
182837,The Riche Boutique Hotel,"Jul 10, 2026, 12:00:00 AM",1
345,Gold Orchid Bangkok,"Jul 3, 2026, 12:00:00 AM",1
182,Furama Silom Bangkok,"Aug 22, 2026, 12:00:00 AM",1
21421,Siam Tara Palace Hotel,"Jul 24, 2026, 12:00:00 AM",1
4528906,Blue Lagoon Hotel,"Jul 10, 2026, 12:00:00 AM",1
65643,Tanzeno Hotel,"Jul 22, 2026, 12:00:00 AM",1
152893,168 Studio @Ubon Ratchathani,"Jul 27, 2026, 12:00:00 AM",1
4490199,Heritage Tropical Resort @ Muang Nakhon,"Jul 25, 2026, 12:00:00 AM",1
63652,Belleville Hotel Phetchabun,"Jul 9, 2026, 12:00:00 AM",1
4543050,New Wanchai Hotel Pakchong,"Dec 18, 2026, 12:00:00 AM",1
2000146,The Zleep Hotel Chonburi,"Jul 29, 2026, 12:00:00 AM",1
63707,Space59 Hotel,"Jul 13, 2026, 12:00:00 AM",1
4850501,Creston Grand,"Jul 26, 2026, 12:00:00 AM",1
4885023,Conbrio Resort & Sport Club,"Jul 11, 2026, 12:00:00 AM",1
4543017,K2 Green Hotel Suphan,"Jul 25, 2026, 12:00:00 AM",1
43659,Cbd Hotel Suratthani,"Jul 18, 2026, 12:00:00 AM",1
4921038,314 Art Hotel Nakhonsawan,"Jul 16, 2026, 12:00:00 AM",1
43828,Grand Park Hotel Nakhonsithammarat,"Jul 18, 2026, 12:00:00 AM",1
5031959,Aramis Hotel Kamphaengphet,"Jul 19, 2026, 12:00:00 AM",1
183638,The Resto Udonthani,"Jul 9, 2026, 12:00:00 AM",1
152409,The Chainato Boutique Apartment,"Jul 9, 2026, 12:00:00 AM",1
2000059,Tak Andaman Resort & Hotel,"Jul 25, 2026, 12:00:00 AM",1
4598762,B-tel Chom Thong Resort Chiang Mai,"Jul 20, 2026, 12:00:00 AM",1
2006989,Orchid Residence Suratthani,"Aug 13, 2026, 12:00:00 AM",1
4885092,Ranong Gable,"Jul 26, 2026, 12:00:00 AM",1
63732,Tharakiree Place Hotel,"Jul 22, 2026, 12:00:00 AM",1
2010153,The Kannas Hotel & Serviced Apartment Chiangmai,"Jul 14, 2026, 12:00:00 AM",1
5101177,Indigo Hotel Hatyai,"Aug 13, 2026, 12:00:00 AM",1
174253,The B Ranong Trend Hotel,"Aug 7, 2026, 12:00:00 AM",1
43913,U Place Korat,"Jul 11, 2026, 12:00:00 AM",1
25158,The Proud Exclusive Hotel,"Sep 11, 2026, 12:00:00 AM",1
4932332,S Club & Hotel,"Jul 26, 2026, 12:00:00 AM",1
63749,Leelawadee Resort Saraburi,"Jul 27, 2026, 12:00:00 AM",1
5101627,The Moon Kalasin,"Jul 15, 2026, 12:00:00 AM",1
63315,Siva Royal Hotel,"Jul 28, 2026, 12:00:00 AM",1
4883835,Blu Monkey Hub & Hotel Ranong,"Jul 26, 2026, 12:00:00 AM",1
183701,Nano Place Hotel Sriracha,"Jul 11, 2026, 12:00:00 AM",1
4525878,Rangsiya Boutique Hotel,"Jul 12, 2026, 12:00:00 AM",1
25158,The Proud Exclusive Hotel,"Jul 15, 2026, 12:00:00 AM",1
5101656,Green white Resort & Cafe,"Jul 14, 2026, 12:00:00 AM",1
2011773,Work Den Chiangrai,"Jul 10, 2026, 12:00:00 AM",1
5101597,The Horizon Groove Hotel,"Jul 5, 2026, 12:00:00 AM",1
5101058,The Navy House Hotel,"Jul 4, 2026, 12:00:00 AM",1
2004213,Sakun Place,"Jul 19, 2026, 12:00:00 AM",1
3014290,Chumphon Park Resort,"Jul 9, 2026, 12:00:00 AM",1
43834,Peamsuk Sweet Prachinburi,"Aug 30, 2026, 12:00:00 AM",1
4977974,Holiday Inn Express Rayong Map Ta Phut,"Jul 27, 2026, 12:00:00 AM",1
522,Club Mahindra Mac Boutique Hotel,"Jul 27, 2026, 12:00:00 AM",1
4793826,Metha Palace,"Jul 11, 2026, 12:00:00 AM",1
183071,Laekhon Nonbai,"Jul 17, 2026, 12:00:00 AM",1
4543042,Navakitel Design Hotel,"Jul 17, 2026, 12:00:00 AM",1
4920686,Mayuu Ayutthaya Hotel,"Jul 29, 2026, 12:00:00 AM",1
65648,Huen Hug Hod The Resort Chiang Mai,"Jul 13, 2026, 12:00:00 AM",1
4857645,B Hotel Khonkaen,"Dec 23, 2026, 12:00:00 AM",1
437,Convenient Park Bangkok Sukhumvit,"Jul 11, 2026, 12:00:00 AM",1
4920973,VELA Dhi Nakhon Phanom,"Jul 9, 2026, 12:00:00 AM",1
4920991,Golden Nest Hotel Suvarnabhumi,"Oct 23, 2026, 12:00:00 AM",1
43888,Kaewsamui Resort,"Jul 18, 2026, 12:00:00 AM",1
21884,Napalai Hotel Udonthani,"Jul 17, 2026, 12:00:00 AM",1
4738,Mayflower Grande Hotel Nimman,"Jul 2, 2026, 12:00:00 AM",1
4920643,The Model Garden Hotel,"Jul 29, 2026, 12:00:00 AM",1
5101537,Kokotel Pattaya North Beach,"Jul 11, 2026, 12:00:00 AM",1
4918010,The Cozy Hostel Loei Wang Saphung,"Jul 25, 2026, 12:00:00 AM",1
3014343,Napa Garden,"Jul 23, 2026, 12:00:00 AM",1
2000277,Bang Wua Garden Resort,"Jul 27, 2026, 12:00:00 AM",1
4921043,The Hub Hotel & Fitness Surin,"Jul 21, 2026, 12:00:00 AM",1
21421,Siam Tara Palace Hotel,"Jul 27, 2026, 12:00:00 AM",1
4862544,Mest Hotel,"Jul 14, 2026, 12:00:00 AM",1
1763,Ayara Grand Palace Hotel,"Aug 17, 2026, 12:00:00 AM",1
4581,Prajaktra City Hostel,"Aug 15, 2026, 12:00:00 AM",1
4204497,Aen Guy Boutique Hotel,"Jul 19, 2026, 12:00:00 AM",1
2007548,Benri sriracha Residence,"Jul 10, 2026, 12:00:00 AM",1
63698,Hansanan Hotel Phitsanulok,"Jul 21, 2026, 12:00:00 AM",1
5101177,Indigo Hotel Hatyai,"Aug 18, 2026, 12:00:00 AM",1
4926749,Nest n Rest Hotel,"Jul 14, 2026, 12:00:00 AM",1
181597,P.A. Place Hotel Nakhonsawan,"Jul 15, 2026, 12:00:00 AM",1
5101714,G9 Hotel Kanchanaburi,"Jul 29, 2026, 12:00:00 AM",1
4849575,L2 Hotel,"Jul 18, 2026, 12:00:00 AM",1
4884190,Dee Hotel Phayao,"Jul 27, 2026, 12:00:00 AM",1
4926749,Nest n Rest Hotel,"Jul 17, 2026, 12:00:00 AM",1
4918105,Rodsarin Garden Resort 2,"Jul 13, 2026, 12:00:00 AM",1
4921438,V Square Serviced Apartment,"Jul 19, 2026, 12:00:00 AM",1
43850,Ratchaphruek Pavilion,"Jul 18, 2026, 12:00:00 AM",1
63461,Phutawan Kan Resort,"Nov 22, 2026, 12:00:00 AM",1
63604,Phuglong Hotel Phayao,"Jul 27, 2026, 12:00:00 AM",1
1385,The Imperial Hotel and Convention Centre Korat,"Jul 25, 2026, 12:00:00 AM",1
4885080,Prem Mansion U Thong,"Jul 19, 2026, 12:00:00 AM",1
182999,The U-Time Hotel,"Jul 11, 2026, 12:00:00 AM",1
2010153,The Kannas Hotel & Serviced Apartment Chiangmai,"Jul 19, 2026, 12:00:00 AM",1
4857587,O2 Hotel Sakonnakhon,"Jul 24, 2026, 12:00:00 AM",1
152976,Praiyanan Place Hotel,"Aug 15, 2026, 12:00:00 AM",1
43917,Win D Hotel,"Jul 23, 2026, 12:00:00 AM",1
4922295,Sealight Hotel Songkhla,"Jul 18, 2026, 12:00:00 AM",1
183396,Beloft Hotel Nakhonsithammarat,"Jul 26, 2026, 12:00:00 AM",1
4826148,Mananchaya Resort,"Jul 3, 2026, 12:00:00 AM",1
5101972,GO Hotel Bangkok Suvarnabhumi Airport,"Jul 23, 2026, 12:00:00 AM",1
4817086,The Resort Kamphaengphet,"Jul 16, 2026, 12:00:00 AM",1
3014290,Chumphon Park Resort,"Jul 23, 2026, 12:00:00 AM",1
63692,C.S. Pattani Hotel,"Jul 17, 2026, 12:00:00 AM",1
5101972,GO Hotel Bangkok Suvarnabhumi Airport,"Jul 27, 2026, 12:00:00 AM",1
4918110,101 Hotel Roi Et,"Jul 27, 2026, 12:00:00 AM",1
63889,Krabi Seabass Hotel,"Jul 4, 2026, 12:00:00 AM",1
182835,Nadee 10 Resort & Hotel,"Jul 2, 2026, 12:00:00 AM",1
22189,The Heritage Pattaya Beachfront Resort,"Oct 17, 2026, 12:00:00 AM",1
4932904,SJ Mansion Phetchaburi,"Jul 18, 2026, 12:00:00 AM",1
63889,Krabi Seabass Hotel,"Jul 11, 2026, 12:00:00 AM",1
2009639,Hotel Together,"Jul 4, 2026, 12:00:00 AM",1
4857771,Maneesangkha Hotel Surin,"Jul 17, 2026, 12:00:00 AM",1
5101714,G9 Hotel Kanchanaburi,"Jul 18, 2026, 12:00:00 AM",1
4988854,PLAAI Plus Hotel Bowin,"Aug 1, 2026, 12:00:00 AM",1
21395,Laplaya Boutique Resort,"Jul 24, 2026, 12:00:00 AM",1
2008893,The Pride Salaya,"Jul 18, 2026, 12:00:00 AM",1
4607,Chainat Grand Hotel,"Jul 24, 2026, 12:00:00 AM",1
137905,Ananta Resort Phatthalung,"Aug 1, 2026, 12:00:00 AM",1
5102188,Phetara Hotel Mahachai by PCL,"Jul 12, 2026, 12:00:00 AM",1
4948369,Nara Pattra Hotel,"Jul 23, 2026, 12:00:00 AM",1
5101164,Ram Pueng Resort,"Jul 18, 2026, 12:00:00 AM",1
4920586,Baan Phitcha Pranburi,"Jul 13, 2026, 12:00:00 AM",1
2000063,Tanatnan Hotel,"Jul 31, 2026, 12:00:00 AM",1
4920762,Bosston Hotel,"Jul 22, 2026, 12:00:00 AM",1
2000277,Bang Wua Garden Resort,"Jul 25, 2026, 12:00:00 AM",1
4857640,Fortune Saengchan Beach Rayong,"Jul 24, 2026, 12:00:00 AM",1
4920410,Intra place Hotel Sakon Nakhon,"Oct 24, 2026, 12:00:00 AM",1
4920709,Kieng Loeng Resort,"Jul 25, 2026, 12:00:00 AM",1
63574,The Nest Hotel Phichit,"Jul 27, 2026, 12:00:00 AM",1
2000181,Tamsabai Hotel,"Jul 15, 2026, 12:00:00 AM",1
5102011,BB Hotel,"Jul 5, 2026, 12:00:00 AM",1
177848,Good Morning Hotel at Takuapa,"Jul 28, 2026, 12:00:00 AM",1
43911,Sritrakul Place,"Jul 4, 2026, 12:00:00 AM",1
5101761,Journeyhub Sukhumvit 26 Bangkok,"Jul 31, 2026, 12:00:00 AM",1
505,JC Kevin Sathorn Bangkok Hotel,"Jul 13, 2026, 12:00:00 AM",1
747,Baan Grood Arcadia Resort and Spa,"Jul 18, 2026, 12:00:00 AM",1
1875,First Residence Samui,"Aug 27, 2026, 12:00:00 AM",1
1395,Twin Lotus Hotel Nakhon Si Thammarat,"Sep 6, 2026, 12:00:00 AM",1
63391,Porn 3 Hotel Khonkaen,"Jul 22, 2026, 12:00:00 AM",1
4723,Sugar Marina Hotel-AVIATOR-Phuket Airport,"Dec 19, 2026, 12:00:00 AM",1
2011526,Darley Hotel Chiangmai,"Jul 18, 2026, 12:00:00 AM",1
5042341,N.J. Hotel That Phanom,"Jul 11, 2026, 12:00:00 AM",1
2002543,Pakchong Hotel,"Jul 12, 2026, 12:00:00 AM",1
2011049,Worita Cove Hotel,"Aug 29, 2026, 12:00:00 AM",1
4884948,Rabbit Hotel Phimai,"Jul 6, 2026, 12:00:00 AM",1
2000374,Fun-D City View,"Jul 15, 2026, 12:00:00 AM",1
3014259,Doth Hotel Ayutthaya,"Jul 9, 2026, 12:00:00 AM",1
2007470,The Smart Hotel Hatyai,"Aug 23, 2026, 12:00:00 AM",1
43856,Grand Pruksasiri Saraburi,"Jul 16, 2026, 12:00:00 AM",1
152425,Saveone Boutique Hotel Chumpae,"Jul 27, 2026, 12:00:00 AM",1
4611,PLAAI Prime Hotel Rayong,"Jul 16, 2026, 12:00:00 AM",1
63699,My Garden Serviced Apartment,"Jul 25, 2026, 12:00:00 AM",1
2012150,The C hotel Amnatcharoen,"Jul 12, 2026, 12:00:00 AM",1
4915645,Metro Ratchada 36,"Jul 17, 2026, 12:00:00 AM",1
182999,The U-Time Hotel,"Jul 6, 2026, 12:00:00 AM",1
4884270,Sweet Home Resort,"Jul 5, 2026, 12:00:00 AM",1
2052,Kantary Hotel Ayutthaya,"Jul 25, 2026, 12:00:00 AM",1
2007470,The Smart Hotel Hatyai,"Jul 17, 2026, 12:00:00 AM",1
5102270,"The Legacy V Beach Resort Ao Nang Krabi, Aspira Collection","Aug 9, 2026, 12:00:00 AM",1
2008496,Thongphaphum River,"Jul 23, 2026, 12:00:00 AM",1
3332,Ray Hotel Buriram,"Jul 26, 2026, 12:00:00 AM",1
4921438,V Square Serviced Apartment,"Jul 14, 2026, 12:00:00 AM",1
4896907,Ban Dung Grand Hotel,"Jul 27, 2026, 12:00:00 AM",1
2004373,Thongphaphum Place,"Jul 11, 2026, 12:00:00 AM",1
63698,Hansanan Hotel Phitsanulok,"Jul 8, 2026, 12:00:00 AM",1
64973,The Mercy Hotel,"Jul 27, 2026, 12:00:00 AM",1
4936650,Blu Monkey Hub and Hotel Krabi Town,"Dec 16, 2026, 12:00:00 AM",1
182820,S.22 Hotel Suratthani,"Aug 9, 2026, 12:00:00 AM",1
43660,STAR 3 Serviced Apartment,"Jul 11, 2026, 12:00:00 AM",1
5101658,Grand Pruksasiri Hotel Chaiyaphum,"Jul 24, 2026, 12:00:00 AM",1
21389,42C The Chic Hotel,"Nov 14, 2026, 12:00:00 AM",1
4884315,Lux Boutique Hotel,"Jul 15, 2026, 12:00:00 AM",1
1762,The Park Hotel Phitsanulok,"Aug 11, 2026, 12:00:00 AM",1
5021799,The Brillianest Gallery Hotel Hatyai,"Sep 21, 2026, 12:00:00 AM",1
4932370,99/9 Box Resort,"Jul 26, 2026, 12:00:00 AM",1
2010931,ZLEEP D Hotel,"Jul 25, 2026, 12:00:00 AM",1
4921150,JS Hotel,"Jul 5, 2026, 12:00:00 AM",1
183306,Supachai Inn,"Jul 18, 2026, 12:00:00 AM",1
181542,Satun Boutique Resort,"Jul 16, 2026, 12:00:00 AM",1
4857758,The Cape Boutique Hotel,"Jul 28, 2026, 12:00:00 AM",1
4884620,The Charlotte Smart Hotel Lopburi,"Jul 23, 2026, 12:00:00 AM",1
63676,Loft Mania Boutique Hotel,"Dec 18, 2026, 12:00:00 AM",1
21697,Dhevaraj Hotel,"Oct 23, 2026, 12:00:00 AM",1
2012009,I Residence Hotel Pathumthani,"Aug 7, 2026, 12:00:00 AM",1
63314,At Muangploy Resort,"Jul 25, 2026, 12:00:00 AM",1
5101043,The Way Hotel Ban Pong,"Jul 16, 2026, 12:00:00 AM",1
4922578,Red Heritage Hotel,"Jul 10, 2026, 12:00:00 AM",1
2011442,Uthaithani Resort,"Jul 19, 2026, 12:00:00 AM",1
23278,Dream D Residence Phetchaburi,"Jul 24, 2026, 12:00:00 AM",1
4848992,Xotel,"Jul 26, 2026, 12:00:00 AM",1
141893,Tempo Plus Mae Sot,"Jul 15, 2026, 12:00:00 AM",1
137995,Blu Monkey Hub & Hotel Phuket,"Jul 28, 2026, 12:00:00 AM",1
1559,Mood Hotel Pattaya,"Aug 19, 2026, 12:00:00 AM",1
137976,De V Loft Hotel,"Jul 18, 2026, 12:00:00 AM",1
2005490,Kavinburi Green Hotel,"Jul 11, 2026, 12:00:00 AM",1
182993,Star Convention Hotel Rayong,"Jul 11, 2026, 12:00:00 AM",1
2009631,Rimnam Photharam Resort,"Jul 18, 2026, 12:00:00 AM",1
65581,Anna Nava Pakkret Hotel,"Jul 16, 2026, 12:00:00 AM",1
4795635,Baan Rak Resort Samroiyot,"Jul 26, 2026, 12:00:00 AM",1
43917,Win D Hotel,"Jul 7, 2026, 12:00:00 AM",1
43886,Prachuap Beach Hotel,"Aug 26, 2026, 12:00:00 AM",1
4884544,Rangsit Residence,"Jul 31, 2026, 12:00:00 AM",1
183638,The Resto Udonthani,"Jul 23, 2026, 12:00:00 AM",1
4887250,The Garden Resort Lopburi,"Jul 4, 2026, 12:00:00 AM",1
862,Phuket Sea Resort,"Aug 25, 2026, 12:00:00 AM",1
4932685,Cottage Pine Rayong Resort & Cafe,"Jul 11, 2026, 12:00:00 AM",1
4977985,The Square Hotel Nakhon Phanom,"Jul 26, 2026, 12:00:00 AM",1
2000017,Luck Esan Loft,"Jul 18, 2026, 12:00:00 AM",1
5101678,Ta Phai Country House Resort & Restaurants,"Jul 23, 2026, 12:00:00 AM",1
2000181,Tamsabai Hotel,"Dec 2, 2026, 12:00:00 AM",1
43674,The Grace Residence Surin,"Jul 12, 2026, 12:00:00 AM",1
5102205,Nangnon Hill Hug,"Jul 15, 2026, 12:00:00 AM",1
2012150,The C hotel Amnatcharoen,"Jul 4, 2026, 12:00:00 AM",1
22229,Poonsook Resident Hotel Phitsanulok,"Jul 9, 2026, 12:00:00 AM",1
4932332,S Club & Hotel,"Jul 27, 2026, 12:00:00 AM",1
3014343,Napa Garden,"Jul 16, 2026, 12:00:00 AM",1
2000299,Morage Hotel Phitsanulok,"Jul 14, 2026, 12:00:00 AM",1
5101821,Minitel at Hatyai,"Jul 12, 2026, 12:00:00 AM",1
3014271,Palm Sweet Resort,"Jul 12, 2026, 12:00:00 AM",1
4861280,AK Terrace Hotel,"Jul 14, 2026, 12:00:00 AM",1
4920586,Baan Phitcha Pranburi,"Jul 9, 2026, 12:00:00 AM",1
4319602,Chill Chill Resort,"Jul 25, 2026, 12:00:00 AM",1
2006792,Rimbueng Resort Pranburi,"Jul 3, 2026, 12:00:00 AM",1
4847587,The Cozy Hotel Phetchaburi,"Jul 25, 2026, 12:00:00 AM",1
4606574,Lae IAoon Huahin,"Jul 4, 2026, 12:00:00 AM",1
182835,Nadee 10 Resort & Hotel,"Jul 29, 2026, 12:00:00 AM",1
65651,Yala Grand Palace Hotel,"Jul 4, 2026, 12:00:00 AM",1
4920363,Hotel MOCO Udon Thani,"Jul 27, 2026, 12:00:00 AM",1
4922724,GO Hotel Chonburi at Central Chonburi,"Aug 10, 2026, 12:00:00 AM",1
2010883,Neca Reiche Hotel,"Jul 11, 2026, 12:00:00 AM",1
63792,Win Hotel Phayao,"Jul 11, 2026, 12:00:00 AM",1
5102092,De Hom Hotel Mae Hong Son,"Jul 15, 2026, 12:00:00 AM",1
43888,Kaewsamui Resort,"Jul 20, 2026, 12:00:00 AM",1
65643,Tanzeno Hotel,"Jul 13, 2026, 12:00:00 AM",1
2008179,Come-Pang Hotel Ubonratchathani,"Jul 5, 2026, 12:00:00 AM",1
183500,Mosstel Phitsanulok,"Jul 23, 2026, 12:00:00 AM",1
21697,Dhevaraj Hotel,"Jul 5, 2026, 12:00:00 AM",1
21308,Suntara Wellness Resort and Hotel,"Jul 25, 2026, 12:00:00 AM",1
63697,JK Living Hotel and Service Apartment,"Jul 22, 2026, 12:00:00 AM",1
2000160,Wynnhouse Khaoyai,"Oct 10, 2026, 12:00:00 AM",1
4606575,Plu Luang Mansion,"Oct 31, 2026, 12:00:00 AM",1
183160,Aisana Hotel Korat,"Jul 4, 2026, 12:00:00 AM",1
152976,Praiyanan Place Hotel,"Jul 17, 2026, 12:00:00 AM",1
4884419,Bliq Hotel Chanthaburi,"Jul 13, 2026, 12:00:00 AM",1
4664624,House and Home Residence,"Jul 31, 2026, 12:00:00 AM",1
2003839,Thada Chateau Hotel Buriram,"Jul 26, 2026, 12:00:00 AM",1
80,iCheck inn Residence Sathorn,"Jul 25, 2026, 12:00:00 AM",1
5101870,Tha Uthen Rim Kong Hotel,"Jul 11, 2026, 12:00:00 AM",1
22229,Poonsook Resident Hotel Phitsanulok,"Oct 15, 2026, 12:00:00 AM",1
65536,Coco Beach Resort Bangsean,"Jul 16, 2026, 12:00:00 AM",1
5102262,Snooze Hotel Amata,"Jul 12, 2026, 12:00:00 AM",1
182944,Socool Grand Hotel Nang Rong Buriram,"Jul 13, 2026, 12:00:00 AM",1
4936652,Munruk Hostel,"Jul 28, 2026, 12:00:00 AM",1
183161,W Sotel Songkhla,"Sep 6, 2026, 12:00:00 AM",1
65458,Charoenchit House Khon Kaen,"Jul 7, 2026, 12:00:00 AM",1
63707,Space59 Hotel,"Jul 15, 2026, 12:00:00 AM",1
43648,Triple B Boutique Residence,"Jul 3, 2026, 12:00:00 AM",1
4885092,Ranong Gable,"Jul 5, 2026, 12:00:00 AM",1
63692,C.S. Pattani Hotel,"Jul 6, 2026, 12:00:00 AM",1
4884605,Palm Hug Resort,"Jul 6, 2026, 12:00:00 AM",1
4918024,Li CALLA Resort,"Jul 4, 2026, 12:00:00 AM",1
63692,C.S. Pattani Hotel,"Jul 10, 2026, 12:00:00 AM",1
63723,Mammoth Resort,"Jul 11, 2026, 12:00:00 AM",1
2000113,Yaibua Hotel,"Jul 14, 2026, 12:00:00 AM",1
5101080,Phong Phana Villa Det Udom,"Jul 22, 2026, 12:00:00 AM",1
43850,Ratchaphruek Pavilion,"Jul 10, 2026, 12:00:00 AM",1
5101906,Kokotel Rayong Beachfront,"Aug 31, 2026, 12:00:00 AM",1
5102345,Kastel Pattaya Hotel,"Jul 19, 2026, 12:00:00 AM",1
152411,Aoontawan Resort Songkhla,"Jul 18, 2026, 12:00:00 AM",1
1371,Glacier Hotel Khon Kaen,"Jul 9, 2026, 12:00:00 AM",1
2011750,Tanban Mansion,"Jul 4, 2026, 12:00:00 AM",1
4911848,Khampare Chiang Mai Hotel,"Jul 23, 2026, 12:00:00 AM",1
1385,The Imperial Hotel and Convention Centre Korat,"Jul 18, 2026, 12:00:00 AM",1
4936625,Suporn Grand Hotel,"Jul 11, 2026, 12:00:00 AM",1
4883900,KOCO Hotel,"Jul 30, 2026, 12:00:00 AM",1
2003448,Sailom Premium Resort Det Udom,"Jul 18, 2026, 12:00:00 AM",1
183003,Skyview Hotel & Resort Buriram,"Jul 18, 2026, 12:00:00 AM",1
5102560,Sugar Marina Hotel -POP- Kata Beach,"Jul 13, 2026, 12:00:00 AM",1
4606456,S.P. Garden Mansion,"Jul 13, 2026, 12:00:00 AM",1
4920890,The Finn Hotel,"Jul 11, 2026, 12:00:00 AM",1
2000386,Sasidara Resort,"Jul 6, 2026, 12:00:00 AM",1
4920876,Na Ingpha Resort And Camp,"Jul 30, 2026, 12:00:00 AM",1
4883884,Phangkhon Inn,"Jul 28, 2026, 12:00:00 AM",1
5101199,Thabli Resort,"Jul 24, 2026, 12:00:00 AM",1
5101649,Moose EASY Hotel,"Jul 18, 2026, 12:00:00 AM",1
4884213,Benjaphorn Grandview Hotel,"Jul 4, 2026, 12:00:00 AM",1
43886,Prachuap Beach Hotel,"Aug 29, 2026, 12:00:00 AM",1
5101861,Chapter Hotel Hatyai,"Aug 29, 2026, 12:00:00 AM",1
4921151,Asawin Grand Convention Hotel,"Jul 3, 2026, 12:00:00 AM",1
5101089,Hatyai Midtown Hotel,"Jul 12, 2026, 12:00:00 AM",1
4883900,KOCO Hotel,"Jul 27, 2026, 12:00:00 AM",1
2000146,The Zleep Hotel Chonburi,"Aug 8, 2026, 12:00:00 AM",1
4726,Trat City Hotel,"Jul 8, 2026, 12:00:00 AM",1
4920753,Mintara Phetburi,"Jul 9, 2026, 12:00:00 AM",1
137966,Blu Monkey Boutique Samkong (Formerly Blu Monkey Bed & Breakfast Phuket),"Jul 12, 2026, 12:00:00 AM",1
5101144,U-sabai Place Manchakhiri,"Jul 18, 2026, 12:00:00 AM",1
2003475,Get Link Hip Hotel,"Jul 4, 2026, 12:00:00 AM",1
25140,Amorn Sukhothai Hotel,"Jul 18, 2026, 12:00:00 AM",1
183170,Chanthaburi Center Hotel,"Jul 20, 2026, 12:00:00 AM",1
4884422,Panya Garden Resort,"Dec 1, 2026, 12:00:00 AM",1
2008649,Nata Resort Chanthaburi 2,"Jul 26, 2026, 12:00:00 AM",1
4920925,One Budget Hotel Chiangrai Soi Sawan,"Nov 28, 2026, 12:00:00 AM",1
4918122,Wiangkham Resort Photharam,"Jul 5, 2026, 12:00:00 AM",1
183396,Beloft Hotel Nakhonsithammarat,"Jul 18, 2026, 12:00:00 AM",1
2000041,Rattanachol Hotel,"Jul 2, 2026, 12:00:00 AM",1
4606475,Belle Grand Hotel Udon Thani,"Jul 29, 2026, 12:00:00 AM",1
65618,Tamarind Garden Hotel,"Oct 8, 2026, 12:00:00 AM",1
2007548,Benri sriracha Residence,"Jul 25, 2026, 12:00:00 AM",1
5101980,P&B Hotel Nakhon Phanom,"Jul 11, 2026, 12:00:00 AM",1
4795619,Petchngam Home Resort,"Jul 26, 2026, 12:00:00 AM",1
63889,Krabi Seabass Hotel,"Jul 15, 2026, 12:00:00 AM",1
4920366,Travelodge Phuket Town,"Jul 14, 2026, 12:00:00 AM",1
4918110,101 Hotel Roi Et,"Sep 20, 2026, 12:00:00 AM",1
25149,Fortune View Kong Nakhon Phanom,"Jul 12, 2026, 12:00:00 AM",1
4920401,Hill Hug Home Resort,"Jul 15, 2026, 12:00:00 AM",1
63649,Lee Hotel Suratthani,"Jul 17, 2026, 12:00:00 AM",1
4918110,101 Hotel Roi Et,"Jul 21, 2026, 12:00:00 AM",1
182820,S.22 Hotel Suratthani,"Aug 12, 2026, 12:00:00 AM",1
4850501,Creston Grand,"Jul 24, 2026, 12:00:00 AM",1
43913,U Place Korat,"Jul 18, 2026, 12:00:00 AM",1
183386,Mamuangpaa Hillside Resort,"Jul 18, 2026, 12:00:00 AM",1
2004765,Phuket Seaview Resotel,"Jul 23, 2026, 12:00:00 AM",1
4885080,Prem Mansion U Thong,"Jul 17, 2026, 12:00:00 AM",1
2006389,Eitanic Resort Ratchaburi,"Jul 28, 2026, 12:00:00 AM",1
4883158,Bluebed Hotel,"Jul 11, 2026, 12:00:00 AM",1
5102392,Fourium Pattaya Hotel & Serviced Residence,"Aug 7, 2026, 12:00:00 AM",1
43871,Vijit Nakorn Hotel,"Jul 27, 2026, 12:00:00 AM",1
5012128,Click Resort Bangsaphan,"Jul 15, 2026, 12:00:00 AM",1
4920693,Foxtail Resort Lam Plai Mat,"Jul 3, 2026, 12:00:00 AM",1
65648,Huen Hug Hod The Resort Chiang Mai,"Jul 30, 2026, 12:00:00 AM",1
4543017,K2 Green Hotel Suphan,"Jul 19, 2026, 12:00:00 AM",1
5101966,Aspira Central Patong Hotel,"Jul 14, 2026, 12:00:00 AM",1
4848992,Xotel,"Aug 18, 2026, 12:00:00 AM",1
4738,Mayflower Grande Hotel Nimman,"Jul 26, 2026, 12:00:00 AM",1
4543042,Navakitel Design Hotel,"Jul 20, 2026, 12:00:00 AM",1
4921042,GO Hotel Bowin at Robinson Lifestyle,"Oct 17, 2026, 12:00:00 AM",1
1876,Samui First House,"Jul 10, 2026, 12:00:00 AM",1
5031959,Aramis Hotel Kamphaengphet,"Jul 8, 2026, 12:00:00 AM",1
4918110,101 Hotel Roi Et,"Jul 16, 2026, 12:00:00 AM",1
4921453,Goodday Hotel Khon Kaen,"Jul 5, 2026, 12:00:00 AM",1
4932854,HOMA Si Racha,"Jul 30, 2026, 12:00:00 AM",1
65536,Coco Beach Resort Bangsean,"Aug 16, 2026, 12:00:00 AM",1
25158,The Proud Exclusive Hotel,"Jul 20, 2026, 12:00:00 AM",1
65482,Lertnimit Hotel Chaiyaphum,"Jul 19, 2026, 12:00:00 AM",1
4847954,Sook Hotel,"Jul 29, 2026, 12:00:00 AM",1
4930824,ONE Hotel Navanakorn,"Jul 7, 2026, 12:00:00 AM",1
4723,Sugar Marina Hotel-AVIATOR-Phuket Airport,"Jul 4, 2026, 12:00:00 AM",1
182960,The Linux Garden Yala,"Jul 24, 2026, 12:00:00 AM",1
4973324,Mountain & Sea Hotel Prachuap,"Jul 9, 2026, 12:00:00 AM",1
4920669,Nine River Hotel,"Jul 4, 2026, 12:00:00 AM",1
183459,Puranakhon Hotel,"Jul 5, 2026, 12:00:00 AM",1
183691,Boontawee Boutique Home,"Sep 2, 2026, 12:00:00 AM",1
5101673,Sai Yok Noi Resort,"Aug 15, 2026, 12:00:00 AM",1
4543072,PP Inn,"Sep 3, 2026, 12:00:00 AM",1
4876761,Tree Tara Hotel,"Jul 3, 2026, 12:00:00 AM",1
4730,Xen Hotel Nakhon Pathom,"Jul 25, 2026, 12:00:00 AM",1
5102037,Warm Beach Resort,"Jul 26, 2026, 12:00:00 AM",1
4857587,O2 Hotel Sakonnakhon,"Nov 21, 2026, 12:00:00 AM",1
21418,Metro point Bangkok,"Jul 17, 2026, 12:00:00 AM",1
4884620,The Charlotte Smart Hotel Lopburi,"Jul 25, 2026, 12:00:00 AM",1
2000216,The Room Hotel Kamphaengphet,"Jul 16, 2026, 12:00:00 AM",1
4921314,Morocc Hotel Chachoengsao,"Jul 9, 2026, 12:00:00 AM",1
181563,L Nimman Boutique Hotel,"Jul 26, 2026, 12:00:00 AM",1
138040,Golden House Hotel Sakaeo,"Jul 3, 2026, 12:00:00 AM",1
65502,The Heart of Pai Resort,"Jul 13, 2026, 12:00:00 AM",1
4543050,New Wanchai Hotel Pakchong,"Nov 28, 2026, 12:00:00 AM",1
4922703,GO Hotel Si Racha at Central Si Racha,"Aug 9, 2026, 12:00:00 AM",1
43906,Kwanruen Park Hotel,"Jul 4, 2026, 12:00:00 AM",1
4883900,KOCO Hotel,"Jul 3, 2026, 12:00:00 AM",1
5101190,Mr. Next Green One,"Jul 5, 2026, 12:00:00 AM",1
5101598,NARA Premium resort,"Jul 15, 2026, 12:00:00 AM",1
183209,Myrrh Hotel Chanthaburi,"Jul 23, 2026, 12:00:00 AM",1
43917,Win D Hotel,"Jul 26, 2026, 12:00:00 AM",1
182835,Nadee 10 Resort & Hotel,"Nov 28, 2026, 12:00:00 AM",1
181641,Rueanchorfa Hotel,"Aug 14, 2026, 12:00:00 AM",1
183410,Royal Land Maeklong Hotel,"Jul 5, 2026, 12:00:00 AM",1
65621,The Rice Hotel Roi Et,"Jul 28, 2026, 12:00:00 AM",1
21378,Hug Nimman Hotel Chiang Mai,"Jul 28, 2026, 12:00:00 AM",1
4921194,The Neuf Ratchada,"Aug 21, 2026, 12:00:00 AM",1
4921032,The Pride Hotel Phitsanulok,"Jul 10, 2026, 12:00:00 AM",1
4871630,Vanida Halal Resort,"Jul 17, 2026, 12:00:00 AM",1
174257,The Charm Boutique Resort,"Jul 14, 2026, 12:00:00 AM",1
4932309,Trattara Boutique Hotel,"Jul 6, 2026, 12:00:00 AM",1
4920639,Silver Place,"Jul 19, 2026, 12:00:00 AM",1
4726,Trat City Hotel,"Jul 18, 2026, 12:00:00 AM",1
4918063,Thongchen Residence,"Jul 6, 2026, 12:00:00 AM",1
4885132,Neo Hotel Khonkaen,"Jul 15, 2026, 12:00:00 AM",1
4884605,Palm Hug Resort,"Dec 29, 2026, 12:00:00 AM",1
4526151,Mybed Chonburi,"Jul 25, 2026, 12:00:00 AM",1
4603163,The Bed Hotel 101,"Jul 29, 2026, 12:00:00 AM",1
2000181,Tamsabai Hotel,"Sep 26, 2026, 12:00:00 AM",1
2005600,Baan Parinda (Pompom Home),"Jul 31, 2026, 12:00:00 AM",1
2010931,ZLEEP D Hotel,"Jul 20, 2026, 12:00:00 AM",1
4920925,One Budget Hotel Chiangrai Soi Sawan,"Jul 26, 2026, 12:00:00 AM",1
4918020,Rare Loei Hotel,"Jul 6, 2026, 12:00:00 AM",1
1999,Samui Verticolor,"Jul 7, 2026, 12:00:00 AM",1
5002714,Baan B&B Sukhothai,"Jul 9, 2026, 12:00:00 AM",1
675,Cross Vibe Chiang Mai Decem Hotel,"Jul 26, 2026, 12:00:00 AM",1
43897,Roma Hotel Khonkaen,"Jul 20, 2026, 12:00:00 AM",1
63591,The Resort Kabinburi,"Jul 15, 2026, 12:00:00 AM",1
4920737,The Bedrooms Maeklong Hotel and Serviced Apartment,"Dec 12, 2026, 12:00:00 AM",1
4914009,Hotel Scarlett,"Aug 22, 2026, 12:00:00 AM",1
5102473,Milton Hotel,"Jul 28, 2026, 12:00:00 AM",1
43888,Kaewsamui Resort,"Jul 25, 2026, 12:00:00 AM",1
3334,111 Resort and Spa,"Jul 23, 2026, 12:00:00 AM",1
43675,OMG Hotel Khonkean,"Jul 11, 2026, 12:00:00 AM",1
4933126,THE NINE PLACE Chaeng Sanit,"Jul 3, 2026, 12:00:00 AM",1
5102076,Songkamon Resort Dan sai,"Jul 11, 2026, 12:00:00 AM",1
4854509,Heaven Hotel Chachoengsao,"Jul 24, 2026, 12:00:00 AM",1
183404,O2 Hotel Lopburi,"Jul 13, 2026, 12:00:00 AM",1
4932309,Trattara Boutique Hotel,"Jul 27, 2026, 12:00:00 AM",1
65457,Centric Place Hotel,"Jul 18, 2026, 12:00:00 AM",1
2001054,Jasmine Resort Sriracha,"Jul 2, 2026, 12:00:00 AM",1
183020,Euro Boutique Hotel Chumphon,"Jul 28, 2026, 12:00:00 AM",1
22266,I Style Hua Hin Hotel,"Jul 5, 2026, 12:00:00 AM",1
4920737,The Bedrooms Maeklong Hotel and Serviced Apartment,"Jul 4, 2026, 12:00:00 AM",1
25158,The Proud Exclusive Hotel,"Aug 4, 2026, 12:00:00 AM",1
4528906,Blue Lagoon Hotel,"Nov 6, 2026, 12:00:00 AM",1
746,ibis Huahin,"Jul 17, 2026, 12:00:00 AM",1
1367,The Heritage Grand Khon Kaen Hotel and Convention,"Jul 14, 2026, 12:00:00 AM",1
181609,Green Hotel & Resort Khon Kaen,"Jul 18, 2026, 12:00:00 AM",1
5102406,Home Hug Cafe & Garden,"Jul 22, 2026, 12:00:00 AM",1
65054,AU Place Hotel,"Jul 4, 2026, 12:00:00 AM",1
63599,Korat Resort Hotel,"Jul 4, 2026, 12:00:00 AM",1
4920669,Nine River Hotel,"Jul 26, 2026, 12:00:00 AM",1
65427,Diamond Plaza Hotel Suratthani,"Jul 26, 2026, 12:00:00 AM",1
5102299,Deraya Hotel,"Jul 9, 2026, 12:00:00 AM",1
4738,Mayflower Grande Hotel Nimman,"Sep 26, 2026, 12:00:00 AM",1
4884948,Rabbit Hotel Phimai,"Jul 11, 2026, 12:00:00 AM",1
931,Kantary Bay Hotel Phuket,"Aug 4, 2026, 12:00:00 AM",1
4251694,The Singora Hotel,"Jul 24, 2026, 12:00:00 AM",1
43894,Wangtai Hotel,"Jul 21, 2026, 12:00:00 AM",1
43842,Rattana View Phitsanulok,"Aug 12, 2026, 12:00:00 AM",1
4543017,K2 Green Hotel Suphan,"Aug 14, 2026, 12:00:00 AM",1
5039123,Athena Glamping Khaoyai,"Jul 25, 2026, 12:00:00 AM",1
21435,Dara Hotel Phuket,"Aug 15, 2026, 12:00:00 AM",1
2000908,Na That Panom Place Hotel,"Jul 11, 2026, 12:00:00 AM",1
4921038,314 Art Hotel Nakhonsawan,"Jul 25, 2026, 12:00:00 AM",1
181465,Seth Thee Residence Khonkaen,"Aug 21, 2026, 12:00:00 AM",1
4876761,Tree Tara Hotel,"Jul 15, 2026, 12:00:00 AM",1
183431,Easy Planet Pattaya,"Jul 4, 2026, 12:00:00 AM",1
43851,Prime Time Hotel Bang Saen,"Jul 29, 2026, 12:00:00 AM",1
4921074,Smart Place,"Jul 10, 2026, 12:00:00 AM",1
5102159,Venus Resort,"Jul 5, 2026, 12:00:00 AM",1
181639,Phurinda Residence Saraburi,"Jul 17, 2026, 12:00:00 AM",1
5102037,Warm Beach Resort,"Jul 25, 2026, 12:00:00 AM",1
43937,P.A. Thani Hotel,"Jul 25, 2026, 12:00:00 AM",1
63634,The Farm House Hotel,"Jul 10, 2026, 12:00:00 AM",1
5102038,DAY & NIGHT HOTEL,"Jul 25, 2026, 12:00:00 AM",1
4543045,Kerd Larb Resort,"Jul 25, 2026, 12:00:00 AM",1
4935433,The Wish Hotel,"Nov 21, 2026, 12:00:00 AM",1
65011,Aziss Boutique Hotel,"Jul 18, 2026, 12:00:00 AM",1
2006938,RoomQuest Rimrabeang at Amphawa,"Jul 17, 2026, 12:00:00 AM",1
63591,The Resort Kabinburi,"Jul 20, 2026, 12:00:00 AM",1
4977974,Holiday Inn Express Rayong Map Ta Phut,"Jul 16, 2026, 12:00:00 AM",1
174257,The Charm Boutique Resort,"Jul 18, 2026, 12:00:00 AM",1
4896886,Baan Thamthong Lamnarai Resort,"Jul 18, 2026, 12:00:00 AM",1
2010817,Tarnsiri Boutique Resort,"Jul 23, 2026, 12:00:00 AM",1
4884190,Dee Hotel Phayao,"Jul 11, 2026, 12:00:00 AM",1
1395,Twin Lotus Hotel Nakhon Si Thammarat,"Oct 14, 2026, 12:00:00 AM",1
4921227,The Pillows Boutique Hotel,"Aug 16, 2026, 12:00:00 AM",1
2000293,The Target Hotel Chiangrai,"Aug 10, 2026, 12:00:00 AM",1
4543017,K2 Green Hotel Suphan,"Jul 18, 2026, 12:00:00 AM",1
4933763,FX Hotel Nana,"Jul 20, 2026, 12:00:00 AM",1
2091,Crystal Hotel Hat Yai,"Aug 30, 2026, 12:00:00 AM",1
4934085,La Pino Hotel,"Jul 18, 2026, 12:00:00 AM",1
63707,Space59 Hotel,"Jul 26, 2026, 12:00:00 AM",1
43626,Regent Lodge Lampang,"Jul 7, 2026, 12:00:00 AM",1
1999,Samui Verticolor,"Jul 14, 2026, 12:00:00 AM",1
5102449,Wish Resident Ubonratchathani,"Jul 25, 2026, 12:00:00 AM",1
2006319,Rain Tree Khao Yai Hotel,"Aug 8, 2026, 12:00:00 AM",1
23748,My Bed Ratchada Hotel,"Jul 25, 2026, 12:00:00 AM",1
4918047,Baan Kiita,"Jul 23, 2026, 12:00:00 AM",1
5101716,Coco Beach Hotel Jomtien,"Jul 26, 2026, 12:00:00 AM",1
137926,Feel@Home Place,"Jul 15, 2026, 12:00:00 AM",1
2008893,The Pride Salaya,"Aug 15, 2026, 12:00:00 AM",1
4920954,Newman Hotel Donmuaeng,"Jul 11, 2026, 12:00:00 AM",1
64955,Chiengrung Hotel Phan,"Jul 4, 2026, 12:00:00 AM",1
5102473,Milton Hotel,"Jul 13, 2026, 12:00:00 AM",1
4884620,The Charlotte Smart Hotel Lopburi,"Aug 11, 2026, 12:00:00 AM",1
177830,The Zeit Riverkwai,"Jul 20, 2026, 12:00:00 AM",1
25149,Fortune View Kong Nakhon Phanom,"Sep 19, 2026, 12:00:00 AM",1
1623,Centara Koh Chang Tropicana Resort,"Jul 26, 2026, 12:00:00 AM",1
4920904,Nature Nut Resort,"Jul 15, 2026, 12:00:00 AM",1
4918071,No.89 Boutique Hotel,"Jul 16, 2026, 12:00:00 AM",1
4528906,Blue Lagoon Hotel,"Aug 3, 2026, 12:00:00 AM",1
74,Easy Planet Bangkok Surawong,"Aug 1, 2026, 12:00:00 AM",1
180822,Zak Residence,"Jul 23, 2026, 12:00:00 AM",1
2001097,Rattana Pura Beach Resort,"Jul 28, 2026, 12:00:00 AM",1
4738,Mayflower Grande Hotel Nimman,"Jul 17, 2026, 12:00:00 AM",1
65482,Lertnimit Hotel Chaiyaphum,"Jul 26, 2026, 12:00:00 AM",1
2010385,Tinidee Hotel Bangkok Golf Club,"Aug 15, 2026, 12:00:00 AM",1
5101886,Nongbua Greenview Hotel,"Jul 18, 2026, 12:00:00 AM",1
4920844,Nalay Noi Boutique Resort,"Jul 4, 2026, 12:00:00 AM",1
43588,TM Land Hotel,"Jul 29, 2026, 12:00:00 AM",1
22266,I Style Hua Hin Hotel,"Jul 26, 2026, 12:00:00 AM",1
2000277,Bang Wua Garden Resort,"Jul 8, 2026, 12:00:00 AM",1
4932291,Cozy Blu Suvarnabhumi,"Nov 20, 2026, 12:00:00 AM",1
5101185,Himtong Coffee and Resort,"Jul 25, 2026, 12:00:00 AM",1
43850,Ratchaphruek Pavilion,"Jul 27, 2026, 12:00:00 AM",1
4915536,Toffyhome Petchaboon,"Jul 14, 2026, 12:00:00 AM",1
4398317,Montana Songkla,"Jul 30, 2026, 12:00:00 AM",1
4933244,Panda Home @ Cafe Songkhla,"Jul 10, 2026, 12:00:00 AM",1
4921194,The Neuf Ratchada,"Jul 23, 2026, 12:00:00 AM",1
4883158,Bluebed Hotel,"Jul 10, 2026, 12:00:00 AM",1
21395,Laplaya Boutique Resort,"Jul 28, 2026, 12:00:00 AM",1
4921096,Suntree Residence Sakon Nakhon,"Jul 23, 2026, 12:00:00 AM",1
4934152,Is Am Are Stay Boutique,"Jul 24, 2026, 12:00:00 AM",1
43913,U Place Korat,"Nov 20, 2026, 12:00:00 AM",1
3334,111 Resort and Spa,"Jul 20, 2026, 12:00:00 AM",1
4921150,JS Hotel,"Jul 27, 2026, 12:00:00 AM",1
4936650,Blu Monkey Hub and Hotel Krabi Town,"Jul 7, 2026, 12:00:00 AM",1
4920925,One Budget Hotel Chiangrai Soi Sawan,"Aug 22, 2026, 12:00:00 AM",1
4933126,THE NINE PLACE Chaeng Sanit,"Jul 27, 2026, 12:00:00 AM",1
5102645,DD House Yasothon,"Jul 16, 2026, 12:00:00 AM",1
65541,108 Hotel,"Jul 17, 2026, 12:00:00 AM",1
2006823,Sombat Resort,"Jul 25, 2026, 12:00:00 AM",1
2005052,The Choice Hotel - Adults Only,"Jul 7, 2026, 12:00:00 AM",1
4934365,Anandpura Riverside Hotel,"Jul 17, 2026, 12:00:00 AM",1
4920686,Mayuu Ayutthaya Hotel,"Sep 11, 2026, 12:00:00 AM",1
1369,Charoen Thani Khon Kean,"Jul 10, 2026, 12:00:00 AM",1
43850,Ratchaphruek Pavilion,"Jul 22, 2026, 12:00:00 AM",1
64973,The Mercy Hotel,"Jul 25, 2026, 12:00:00 AM",1
182999,The U-Time Hotel,"Sep 21, 2026, 12:00:00 AM",1
2000153,The Harbour Front Hotel,"Aug 11, 2026, 12:00:00 AM",1
183482,Recall Isaan Isan Concept at Khaoyai,"Jul 5, 2026, 12:00:00 AM",1
182820,S.22 Hotel Suratthani,"Jul 21, 2026, 12:00:00 AM",1
4921097,JB Grand Park Resort,"Sep 26, 2026, 12:00:00 AM",1
43888,Kaewsamui Resort,"Sep 19, 2026, 12:00:00 AM",1
182908,Synsiri Resort,"Jul 5, 2026, 12:00:00 AM",1
181551,Charisma Residence,"Jul 17, 2026, 12:00:00 AM",1
46,Chiva Bangkok Hotel,"Jul 10, 2026, 12:00:00 AM",1
4795615,Baan Nan B&B Hotel,"Jul 29, 2026, 12:00:00 AM",1
4606472,Three Bays Resort,"Jul 11, 2026, 12:00:00 AM",1
65581,Anna Nava Pakkret Hotel,"Jul 19, 2026, 12:00:00 AM",1
21378,Hug Nimman Hotel Chiang Mai,"Jul 27, 2026, 12:00:00 AM",1
1772,The Imperial Hotel and Convention Centre Phitsanulok,"Jul 9, 2026, 12:00:00 AM",1
4921120,Sananwan Hometel,"Jul 25, 2026, 12:00:00 AM",1
5101714,G9 Hotel Kanchanaburi,"Jul 31, 2026, 12:00:00 AM",1
43574,The River Hotel Nakhonphanom,"Jul 13, 2026, 12:00:00 AM",1
317,Avana Hotel and Convention Center,"Aug 2, 2026, 12:00:00 AM",1
43885,S Tara Grand Hotel,"Jul 24, 2026, 12:00:00 AM",1
5091475,One Budget Hotel Tak Maesot,"Jul 3, 2026, 12:00:00 AM",1
2009741,The Bed Kolok Resort,"Jul 11, 2026, 12:00:00 AM",1
5102541,Raspberry Mansion,"Jul 6, 2026, 12:00:00 AM",1
4922703,GO Hotel Si Racha at Central Si Racha,"Aug 1, 2026, 12:00:00 AM",1
4851257,Hotel Kuretakeso Thailand Sriracha,"Jul 16, 2026, 12:00:00 AM",1
4578,A-Te Chumphon Hotel,"Dec 13, 2026, 12:00:00 AM",1
25149,Fortune View Kong Nakhon Phanom,"Aug 1, 2026, 12:00:00 AM",1
5031959,Aramis Hotel Kamphaengphet,"Jul 31, 2026, 12:00:00 AM",1
2011731,Icon Park Hotel Chiang Mai,"Jul 19, 2026, 12:00:00 AM",1
43674,The Grace Residence Surin,"Jul 17, 2026, 12:00:00 AM",1
2011510,Amman Unique Hotel Udonthani,"Jul 25, 2026, 12:00:00 AM",1
182834,Siriburi Resort Khanom,"Aug 29, 2026, 12:00:00 AM",1
5012144,Baanpak Reun Mai Horm Sadao,"Jul 17, 2026, 12:00:00 AM",1
4606472,Three Bays Resort,"Jul 23, 2026, 12:00:00 AM",1
4636,Curve Boutique Hotel,"Nov 28, 2026, 12:00:00 AM",1
137898,BR Grand Hotel Hatyai,"Jul 10, 2026, 12:00:00 AM",1
65643,Tanzeno Hotel,"Jul 16, 2026, 12:00:00 AM",1
2011731,Icon Park Hotel Chiang Mai,"Jul 4, 2026, 12:00:00 AM",1
4858458,RedBike Resort,"Jul 4, 2026, 12:00:00 AM",1
4920997,Papa Q Suite Resort,"Jul 5, 2026, 12:00:00 AM",1
183156,Grand Fortune Hotel Nakhon Si Thammarat,"Jul 25, 2026, 12:00:00 AM",1
4920896,The Resort Hotel at Photharam,"Jul 10, 2026, 12:00:00 AM",1
5102541,Raspberry Mansion,"Jul 4, 2026, 12:00:00 AM",1
2007026,The Vista Hotel By Satit Group,"Aug 11, 2026, 12:00:00 AM",1
4922657,City Room Terminal 10,"Jul 19, 2026, 12:00:00 AM",1
4988854,PLAAI Plus Hotel Bowin,"Aug 2, 2026, 12:00:00 AM",1
43842,Rattana View Phitsanulok,"Aug 21, 2026, 12:00:00 AM",1
183359,At Sleep Nakhon Pathom,"Jul 2, 2026, 12:00:00 AM",1
5101074,Atta Hotel Surin,"Jul 21, 2026, 12:00:00 AM",1
4543060,Baan Mali Rimhkong,"Aug 1, 2026, 12:00:00 AM",1
152914,Z Sleep Hotel Hatyai,"Jul 6, 2026, 12:00:00 AM",1
2011049,Worita Cove Hotel,"Jul 26, 2026, 12:00:00 AM",1
2005082,Kanavera House,"Jul 4, 2026, 12:00:00 AM",1
5101041,GOOD Nakhonsawan,"Jul 10, 2026, 12:00:00 AM",1
2000379,RoomQuest Don Muang Airport,"Jul 3, 2026, 12:00:00 AM",1
4220974,U-Thong Hotel,"Jul 24, 2026, 12:00:00 AM",1
152386,Sinkiat Buri Hotel,"Jul 25, 2026, 12:00:00 AM",1
1647,The Dewa Koh Chang,"Jul 28, 2026, 12:00:00 AM",1
4772,Seeharaj Hotel Uttaradit,"Jul 12, 2026, 12:00:00 AM",1
183121,Chayapa Hotel Fang,"Jul 23, 2026, 12:00:00 AM",1
2091,Crystal Hotel Hat Yai,"Sep 12, 2026, 12:00:00 AM",1
4921096,Suntree Residence Sakon Nakhon,"Jul 18, 2026, 12:00:00 AM",1
181659,Baan Gon Chompu Suanphueng,"Jul 4, 2026, 12:00:00 AM",1
4915585,Huern Kan Thong Hotel,"Jul 21, 2026, 12:00:00 AM",1
4921074,Smart Place,"Jul 27, 2026, 12:00:00 AM",1
4921186,Best Western Plus Carapace Hotel Hua Hin,"Jul 15, 2026, 12:00:00 AM",1
317,Avana Hotel and Convention Center,"Oct 18, 2026, 12:00:00 AM",1
2012150,The C hotel Amnatcharoen,"Jul 2, 2026, 12:00:00 AM",1
5102014,De Paris Hotel,"Jul 24, 2026, 12:00:00 AM",1
5102452,Marquis Hotel,"Jul 12, 2026, 12:00:00 AM",1
4920736,Thapsakae Hotel,"Jul 13, 2026, 12:00:00 AM",1
4932806,Grand Sansook Omnoi,"Jul 14, 2026, 12:00:00 AM",1
4920835,JU Apartment,"Jul 25, 2026, 12:00:00 AM",1
181632,The Museum Hotel Nakhon Pathom,"Jul 10, 2026, 12:00:00 AM",1
181497,Martina Hotel Surin,"Jul 15, 2026, 12:00:00 AM",1
4536681,J2 Residence Chiang Rai,"Jul 11, 2026, 12:00:00 AM",1
183008,Southgate Residence Hotel Chumphon,"Jul 16, 2026, 12:00:00 AM",1
5101906,Kokotel Rayong Beachfront,"Jul 14, 2026, 12:00:00 AM",1
181525,Seven Bee Boutique Hotel,"Jul 29, 2026, 12:00:00 AM",1
4884787,Ananzitra Hotel,"Aug 10, 2026, 12:00:00 AM",1
2000292,Irin Beach Cha-am,"Aug 2, 2026, 12:00:00 AM",1
183404,O2 Hotel Lopburi,"Jul 26, 2026, 12:00:00 AM",1
181465,Seth Thee Residence Khonkaen,"Jul 18, 2026, 12:00:00 AM",1
5102053,The Bed's Rojana,"Jul 4, 2026, 12:00:00 AM",1
43871,Vijit Nakorn Hotel,"Jul 22, 2026, 12:00:00 AM",1
4936650,Blu Monkey Hub and Hotel Krabi Town,"Dec 13, 2026, 12:00:00 AM",1
4921438,V Square Serviced Apartment,"Jul 24, 2026, 12:00:00 AM",1
4931183,Khirisin Resort Chiang Rai,"Jul 22, 2026, 12:00:00 AM",1
174257,The Charm Boutique Resort,"Jul 21, 2026, 12:00:00 AM",1
63739,Tonwa Resort,"Jul 8, 2026, 12:00:00 AM",1
22359,Le Cassia Hotel,"Jul 27, 2026, 12:00:00 AM",1
183661,M one residence Hatyai,"Nov 28, 2026, 12:00:00 AM",1
182929,Lullaby Residence Phayakkhaphum Phisai,"Nov 17, 2026, 12:00:00 AM",1
43675,OMG Hotel Khonkean,"Jul 3, 2026, 12:00:00 AM",1
2012061,Casa Luxe Hotel & Resident,"Jul 11, 2026, 12:00:00 AM",1
4543060,Baan Mali Rimhkong,"Oct 22, 2026, 12:00:00 AM",1
2011600,Rommai Greenpark Boutique Hotel Resort,"Jul 28, 2026, 12:00:00 AM",1
2008893,The Pride Salaya,"Sep 3, 2026, 12:00:00 AM",1
4772,Seeharaj Hotel Uttaradit,"Jul 28, 2026, 12:00:00 AM",1
4918110,101 Hotel Roi Et,"Jul 26, 2026, 12:00:00 AM",1
65672,Infinity Seesun Resort,"Jul 19, 2026, 12:00:00 AM",1
4896913,ABIZZ Hotel Kwan Phayao,"Jul 4, 2026, 12:00:00 AM",1
4854509,Heaven Hotel Chachoengsao,"Jul 27, 2026, 12:00:00 AM",1
4921135,Chanapat Hotel,"Jul 4, 2026, 12:00:00 AM",1
43898,Baan Ma Feung Guest House,"Jul 2, 2026, 12:00:00 AM",1
65541,108 Hotel,"Jul 11, 2026, 12:00:00 AM",1
4884346,Thammachart Resort,"Jul 30, 2026, 12:00:00 AM",1
43842,Rattana View Phitsanulok,"Jul 7, 2026, 12:00:00 AM",1
5102159,Venus Resort,"Jul 11, 2026, 12:00:00 AM",1
4848992,Xotel,"Aug 9, 2026, 12:00:00 AM",1
183560,Kantary Hotel Amata Bangpakong,"Jul 11, 2026, 12:00:00 AM",1
4772,Seeharaj Hotel Uttaradit,"Jul 23, 2026, 12:00:00 AM",1
4606472,Three Bays Resort,"Jul 24, 2026, 12:00:00 AM",1
4920997,Papa Q Suite Resort,"Jul 6, 2026, 12:00:00 AM",1
4920622,Laguna Grand Hotel & Spa Songkhla,"Jul 12, 2026, 12:00:00 AM",1
183311,Prasobsuk Ville Hotel Kantharalak,"Jul 22, 2026, 12:00:00 AM",1
2000146,The Zleep Hotel Chonburi,"Nov 14, 2026, 12:00:00 AM",1
3323,Sand Dunes Chao Lao Beach Resort,"Jul 21, 2026, 12:00:00 AM",1
63676,Loft Mania Boutique Hotel,"Jul 1, 2026, 12:00:00 AM",1
4921074,Smart Place,"Jul 17, 2026, 12:00:00 AM",1
4921080,Centara Ubon,"Aug 28, 2026, 12:00:00 AM",1
43888,Kaewsamui Resort,"Jul 30, 2026, 12:00:00 AM",1
43661,Chada View Kalasin,"Jul 11, 2026, 12:00:00 AM",1
2010153,The Kannas Hotel & Serviced Apartment Chiangmai,"Jul 28, 2026, 12:00:00 AM",1
4884213,Benjaphorn Grandview Hotel,"Jul 10, 2026, 12:00:00 AM",1
183708,Wisdom Hotel Samutsongkham,"Jul 3, 2026, 12:00:00 AM",1
183500,Mosstel Phitsanulok,"Jul 27, 2026, 12:00:00 AM",1
4921032,The Pride Hotel Phitsanulok,"Jul 31, 2026, 12:00:00 AM",1
4920686,Mayuu Ayutthaya Hotel,"Jul 11, 2026, 12:00:00 AM",1
4543042,Navakitel Design Hotel,"Jul 18, 2026, 12:00:00 AM",1
4863481,Ocean Gold Card Ayutthaya,"Jul 4, 2026, 12:00:00 AM",1
43657,Saraburi Garden Resort,"Jul 23, 2026, 12:00:00 AM",1
4908057,Poolrada Boutique Hotel,"Dec 17, 2026, 12:00:00 AM",1
4578,A-Te Chumphon Hotel,"Sep 10, 2026, 12:00:00 AM",1
174257,The Charm Boutique Resort,"Jul 11, 2026, 12:00:00 AM",1
4896922,Kiirin House Banpong,"Jul 18, 2026, 12:00:00 AM",1
152419,Sixty-Six Place,"Jul 5, 2026, 12:00:00 AM",1
2077,Sukhothai Treasure Resort & Spa,"Jul 28, 2026, 12:00:00 AM",1
138054,Nithra Ratree Hotel,"Jul 17, 2026, 12:00:00 AM",1
43850,Ratchaphruek Pavilion,"Jul 31, 2026, 12:00:00 AM",1
182837,The Riche Boutique Hotel,"Aug 8, 2026, 12:00:00 AM",1
137995,Blu Monkey Hub & Hotel Phuket,"Jul 15, 2026, 12:00:00 AM",1
43888,Kaewsamui Resort,"Jul 19, 2026, 12:00:00 AM",1
1773,Topland Hotel Phitsanulok,"Jul 17, 2026, 12:00:00 AM",1
4258229,Prompiman Sisaket Hotel,"Jul 12, 2026, 12:00:00 AM",1
1068,iCheck inn Central Patong,"Jul 30, 2026, 12:00:00 AM",1
730,Hinn Namm Hotel,"Jul 3, 2026, 12:00:00 AM",1
183020,Euro Boutique Hotel Chumphon,"Jul 22, 2026, 12:00:00 AM",1
2000850,Thai Inter Hotel,"Oct 8, 2026, 12:00:00 AM",1
182835,Nadee 10 Resort & Hotel,"Aug 20, 2026, 12:00:00 AM",1
183159,Bangkok Boutique Resort Rangsit,"Aug 14, 2026, 12:00:00 AM",1
43850,Ratchaphruek Pavilion,"Sep 11, 2026, 12:00:00 AM",1
1530,Centara Pattaya Hotel,"Sep 26, 2026, 12:00:00 AM",1
4933763,FX Hotel Nana,"Jul 4, 2026, 12:00:00 AM",1
345,Gold Orchid Bangkok,"Aug 26, 2026, 12:00:00 AM",1
2002124,Central Place Hotel Rayong,"Jul 26, 2026, 12:00:00 AM",1
2000181,Tamsabai Hotel,"Jul 16, 2026, 12:00:00 AM",1
4933490,Grand BS Airport Hotel Suvarnabhumi,"Jul 24, 2026, 12:00:00 AM",1
183117,Ratchapruek Apartment Angthong,"Jul 9, 2026, 12:00:00 AM",1
2009795,Luck Swan Boutique,"Jul 4, 2026, 12:00:00 AM",1
4896922,Kiirin House Banpong,"Jul 2, 2026, 12:00:00 AM",1
2003274,Dang Ky Ploen Tharnnam Resort,"Jul 10, 2026, 12:00:00 AM",1
4920586,Baan Phitcha Pranburi,"Jul 8, 2026, 12:00:00 AM",1
5101656,Green white Resort & Cafe,"Jul 28, 2026, 12:00:00 AM",1
4920292,O.K. Resort Banpong Ratchaburi,"Jul 20, 2026, 12:00:00 AM",1
4921072,The Bedrooms Boutique Hotel Bangkok,"Dec 28, 2026, 12:00:00 AM",1
2004219,Hisoplace Hotel,"Jul 16, 2026, 12:00:00 AM",1
138060,Sino at Thungsong Hotel,"Jul 16, 2026, 12:00:00 AM",1
4885092,Ranong Gable,"Aug 8, 2026, 12:00:00 AM",1
183075,ATM Service Apartment Yala,"Jul 11, 2026, 12:00:00 AM",1
63568,Srivara place Phetchabun,"Jul 5, 2026, 12:00:00 AM",1
25131,R1 Nimman Hotel Chiangmai,"Jul 10, 2026, 12:00:00 AM",1
4883872,The Chess hotel,"Aug 2, 2026, 12:00:00 AM",1
4868069,T Park Pakchong,"Jul 18, 2026, 12:00:00 AM",1
2000277,Bang Wua Garden Resort,"Jul 7, 2026, 12:00:00 AM",1
2012549,2U Hotel Hatyai,"Jul 29, 2026, 12:00:00 AM",1
5101529,Chuleekorn Residence,"Jul 18, 2026, 12:00:00 AM",1
4921091,Google House Hotel Loeng Nok Tha Resort,"Jul 18, 2026, 12:00:00 AM",1
137898,BR Grand Hotel Hatyai,"Jul 30, 2026, 12:00:00 AM",1
63740,Gallery Lake View Hotel,"Aug 8, 2026, 12:00:00 AM",1
4536681,J2 Residence Chiang Rai,"Jul 2, 2026, 12:00:00 AM",1
2008288,SEAnery Beach Resort,"Jul 19, 2026, 12:00:00 AM",1
4920736,Thapsakae Hotel,"Jul 11, 2026, 12:00:00 AM",1
43897,Roma Hotel Khonkaen,"Nov 28, 2026, 12:00:00 AM",1
4723,Sugar Marina Hotel-AVIATOR-Phuket Airport,"Dec 27, 2026, 12:00:00 AM",1
65437,ABM Service Residence,"Oct 10, 2026, 12:00:00 AM",1
2003839,Thada Chateau Hotel Buriram,"Jul 30, 2026, 12:00:00 AM",1
137977,Regent Room Suratthani,"Sep 6, 2026, 12:00:00 AM",1
5101867,Jamsanor River Resort,"Jul 17, 2026, 12:00:00 AM",1
4921438,V Square Serviced Apartment,"Jul 3, 2026, 12:00:00 AM",1
5012140,First Inn Resort,"Jul 11, 2026, 12:00:00 AM",1
4543072,PP Inn,"Jul 22, 2026, 12:00:00 AM",1
5101068,D Hut Resort Chiangmai,"Jul 1, 2026, 12:00:00 AM",1
63714,Dahla the Resort,"Jul 12, 2026, 12:00:00 AM",1
182908,Synsiri Resort,"Jul 2, 2026, 12:00:00 AM",1
2007548,Benri sriracha Residence,"Jul 18, 2026, 12:00:00 AM",1
2000160,Wynnhouse Khaoyai,"Aug 9, 2026, 12:00:00 AM",1
4543042,Navakitel Design Hotel,"Jul 28, 2026, 12:00:00 AM",1
2012397,Southern Airport Hotel,"Jul 25, 2026, 12:00:00 AM",1
183672,Banana Resort Sadao,"Jul 6, 2026, 12:00:00 AM",1
4857645,B Hotel Khonkaen,"Jul 5, 2026, 12:00:00 AM",1
4883815,Tharin Hotel Ra Node,"Jul 27, 2026, 12:00:00 AM",1
4885005,Parada Ayutthaya,"Aug 19, 2026, 12:00:00 AM",1
4936650,Blu Monkey Hub and Hotel Krabi Town,"Jul 6, 2026, 12:00:00 AM",1
2000041,Rattanachol Hotel,"Jul 4, 2026, 12:00:00 AM",1
5101720,L2 Premium,"Jul 25, 2026, 12:00:00 AM",1
2005742,The Bliss Loei Living Hotel,"Jul 25, 2026, 12:00:00 AM",1
183594,Sabai at Chumphae,"Jul 26, 2026, 12:00:00 AM",1
43574,The River Hotel Nakhonphanom,"Aug 20, 2026, 12:00:00 AM",1
43648,Triple B Boutique Residence,"Jul 14, 2026, 12:00:00 AM",1
181657,Civilize Hotel Udon,"Jul 17, 2026, 12:00:00 AM",1
181542,Satun Boutique Resort,"Jul 12, 2026, 12:00:00 AM",1
4921347,S. Sriracha Hotel and Residence,"Dec 29, 2026, 12:00:00 AM",1
4804986,M Grand Hotel Roi Et,"Jul 9, 2026, 12:00:00 AM",1
5002714,Baan B&B Sukhothai,"Jul 27, 2026, 12:00:00 AM",1
2000386,Sasidara Resort,"Jul 25, 2026, 12:00:00 AM",1
4533067,Romruedee Resort,"Jul 10, 2026, 12:00:00 AM",1
183069,Holiday Inn Express Bangkok Soi Soonvijai,"Jul 25, 2026, 12:00:00 AM",1
4896866,The Beaf Bueng Sam Phan,"Jul 7, 2026, 12:00:00 AM",1
63638,Trat Center Hotel,"Jul 19, 2026, 12:00:00 AM",1
4604,Golden Dragon Resort,"Aug 1, 2026, 12:00:00 AM",1
2000315,130 Hotel & Residence Bangkok,"Jul 21, 2026, 12:00:00 AM",1
4862544,Mest Hotel,"Jul 3, 2026, 12:00:00 AM",1
21308,Suntara Wellness Resort and Hotel,"Jul 16, 2026, 12:00:00 AM",1
4973324,Mountain & Sea Hotel Prachuap,"Jul 18, 2026, 12:00:00 AM",1
65536,Coco Beach Resort Bangsean,"Jul 12, 2026, 12:00:00 AM",1
2003448,Sailom Premium Resort Det Udom,"Aug 1, 2026, 12:00:00 AM",1
2012247,Somerset Harbourview Sri Racha,"Jul 19, 2026, 12:00:00 AM",1
4920152,Dream Factory Hotel & Rooftop Bar,"Jul 18, 2026, 12:00:00 AM",1
65482,Lertnimit Hotel Chaiyaphum,"Jul 30, 2026, 12:00:00 AM",1
5101840,Unya Hotel Ubon,"Jul 2, 2026, 12:00:00 AM",1
65643,Tanzeno Hotel,"Jul 11, 2026, 12:00:00 AM",1
63676,Loft Mania Boutique Hotel,"Oct 9, 2026, 12:00:00 AM",1
4885132,Neo Hotel Khonkaen,"Jul 6, 2026, 12:00:00 AM",1
177901,Arden Hotel and Residence,"Jul 14, 2026, 12:00:00 AM",1
4884787,Ananzitra Hotel,"Sep 27, 2026, 12:00:00 AM",1
21697,Dhevaraj Hotel,"Aug 9, 2026, 12:00:00 AM",1
63698,Hansanan Hotel Phitsanulok,"Aug 1, 2026, 12:00:00 AM",1
181581,Namthong Nan Hotel,"Jul 23, 2026, 12:00:00 AM",1
5101774,Isbjorn Chiangdao,"Jul 10, 2026, 12:00:00 AM",1
63692,C.S. Pattani Hotel,"Jul 21, 2026, 12:00:00 AM",1
4996596,Baan Mai Spaghetti,"Jul 24, 2026, 12:00:00 AM",1
4921064,PT Grand Hotel,"Jul 12, 2026, 12:00:00 AM",1
4867257,Grand PL Hotel,"Jul 19, 2026, 12:00:00 AM",1
2003274,Dang Ky Ploen Tharnnam Resort,"Jul 13, 2026, 12:00:00 AM",1
4251694,The Singora Hotel,"Jul 17, 2026, 12:00:00 AM",1
4884874,NonNee Lampang Hotel,"Jul 5, 2026, 12:00:00 AM",1
43873,K Star Place,"Aug 23, 2026, 12:00:00 AM",1
2010085,Chic Living Hotel,"Jul 11, 2026, 12:00:00 AM",1
4920441,The Bliss Boutique Trang,"Jul 30, 2026, 12:00:00 AM",1
5101096,RoomQuest SPS Hotel and Residence,"Jul 4, 2026, 12:00:00 AM",1
22229,Poonsook Resident Hotel Phitsanulok,"Jul 29, 2026, 12:00:00 AM",1
750,Riche Hua Hin Hotel,"Jul 13, 2026, 12:00:00 AM",1
23923,HTel Resort,"Sep 3, 2026, 12:00:00 AM",1
4536036,T2 Ao Nang Krabi,"Oct 21, 2026, 12:00:00 AM",1
4603163,The Bed Hotel 101,"Jul 5, 2026, 12:00:00 AM",1
303,Woraburi Sukhumvit Hotel & Resort,"Jul 9, 2026, 12:00:00 AM",1
65009,White Inn Nongkhai,"Dec 21, 2026, 12:00:00 AM",1
4543160,Sitthinard Grandview Hotel,"Aug 14, 2026, 12:00:00 AM",1